# Blender 5.2.0 LTS
# www.blender.org
mtllib AeronESDLow.mtl
o SEAT-ARMPAD
usemtl SEAT-ARMPAD
v -0.298396 0.631381 -0.160616
v -0.310699 0.638558 -0.147876
v -0.251998 0.635210 -0.128992
v -0.268802 0.627185 -0.162040
v -0.342470 0.659638 0.032887
v -0.323752 0.666988 0.061780
v -0.251983 0.658375 0.038156
v -0.319006 0.658748 0.093827
v -0.325260 0.659506 0.090131
v -0.258570 0.654175 0.103239
v -0.321513 0.652318 0.104283
v -0.317731 0.648249 0.110397
v -0.331430 0.653219 0.098560
v -0.319664 0.625967 0.112632
v -0.261600 0.624955 0.111797
v -0.243464 0.645571 0.090739
v -0.258185 0.623484 0.012295
v -0.251539 0.619361 0.083897
v -0.266868 0.610865 -0.037820
v -0.295331 0.611386 0.093518
v -0.331911 0.619048 0.088162
v -0.343163 0.639656 0.098426
v -0.349199 0.641469 0.021134
v -0.338349 0.626864 0.031480
v -0.335472 0.636977 -0.091314
v -0.333255 0.601654 -0.091911
v -0.318943 0.614915 -0.148775
v -0.318846 0.614902 -0.148853
v -0.307575 0.612800 -0.161323
v -0.307501 0.599495 -0.158331
v -0.307576 0.612801 -0.161323
v -0.265054 0.604903 -0.052200
v -0.261824 0.603203 -0.061587
v -0.250823 0.599815 -0.140543
v -0.284447 0.600066 -0.166486
v 0.261601 0.624955 0.111797
v 0.319664 0.625967 0.112632
v 0.251983 0.658375 0.038156
v 0.251539 0.619361 0.083897
v 0.243464 0.645571 0.090739
v 0.349199 0.641469 0.021135
v 0.317731 0.648249 0.110397
v 0.343163 0.639656 0.098426
v 0.335472 0.636977 -0.091314
v 0.333255 0.601654 -0.091911
v 0.310699 0.638558 -0.147876
v 0.318943 0.614915 -0.148775
v 0.298396 0.631381 -0.160616
v 0.268802 0.627185 -0.162040
v 0.251998 0.635210 -0.128992
v 0.250823 0.599815 -0.140543
v 0.307501 0.599495 -0.158331
v 0.261824 0.603203 -0.061587
v 0.318846 0.614902 -0.148853
v 0.284447 0.600066 -0.166486
v 0.307576 0.612801 -0.161323
v 0.307576 0.612800 -0.161323
v 0.258185 0.623484 0.012295
v 0.266868 0.610865 -0.037820
v 0.331911 0.619048 0.088162
v 0.338349 0.626864 0.031480
v 0.265054 0.604903 -0.052200
v 0.295331 0.611386 0.093518
v 0.319006 0.658748 0.093827
v 0.321513 0.652318 0.104283
v 0.331430 0.653219 0.098560
v 0.325260 0.659506 0.090131
v 0.338730 0.665049 0.054863
v 0.258570 0.654175 0.103239
vn 0.1671 0.9192 -0.3565
vn 0.1205 0.9489 -0.2917
vn -0.1633 0.9762 -0.1425
vn 0.0974 0.9870 -0.1278
vn 0.0735 0.9879 -0.1369
vn 0.1441 0.9865 0.0782
vn -0.0325 0.9668 0.2534
vn 0.0353 0.9691 0.2440
vn 0.0497 0.8454 0.5318
vn -0.0197 0.8439 0.5362
vn -0.2030 0.8503 0.4857
vn -0.1817 0.8565 0.4832
vn -0.4990 0.4242 0.7556
vn -0.3141 0.6892 0.6529
vn 0.0160 0.0984 0.9950
vn 0.0888 0.2715 0.9583
vn 0.5589 0.8220 0.1096
vn 0.9841 -0.0481 -0.1711
vn 0.9578 -0.2678 -0.1043
vn 0.6776 0.1411 0.7217
vn 0.8516 -0.3615 0.3796
vn 0.2296 -0.9350 0.2703
vn -0.0053 -0.7983 0.6023
vn -0.2423 -0.8951 0.3744
vn -0.1984 0.8554 0.4785
vn -0.1893 0.8484 0.4943
vn -0.5693 0.8019 0.1813
vn -0.7539 0.6513 0.0864
vn -0.4575 0.1279 0.8800
vn -0.6405 -0.5928 0.4882
vn -0.6315 0.7435 0.2200
vn -0.9506 0.2995 0.0813
vn -0.8185 -0.5723 0.0505
vn -0.8706 -0.4909 0.0312
vn -0.4746 0.8608 -0.1838
vn -0.9008 0.4155 -0.1266
vn -0.8264 -0.5574 0.0798
vn -0.9911 -0.0602 -0.1186
vn -0.8716 0.3181 -0.3729
vn -0.9650 -0.0562 -0.2560
vn -0.8452 -0.4328 -0.3136
vn -0.7459 -0.1501 -0.6489
vn -0.6249 0.0203 -0.7804
vn -0.6245 0.2457 -0.7414
vn -0.6638 0.3530 -0.6594
vn -0.1560 0.1144 -0.9811
vn -0.0226 0.1745 -0.9844
vn 0.8570 0.1854 -0.4808
vn 0.6845 -0.6388 0.3512
vn -0.1735 -0.9475 0.2686
vn 0.9994 0.0348 -0.0049
vn 0.9688 -0.2336 0.0828
vn 0.7684 -0.6258 0.1339
vn 0.5953 -0.2166 -0.7737
vn -0.3215 -0.2094 -0.9235
vn 0.0146 -0.9995 -0.0286
vn -0.0041 -0.9995 0.0309
vn 0.0033 -0.9991 0.0433
vn -0.1007 -0.9530 0.2859
vn -0.0361 -0.6825 -0.7299
vn -0.0034 -0.9907 -0.1362
vn -0.0546 -0.9971 -0.0524
vn 0.0067 -0.9797 0.2004
vn -0.0745 -0.9639 0.2556
vn -0.0160 0.0984 0.9950
vn -0.0888 0.2715 0.9583
vn -0.9841 -0.0481 -0.1711
vn -0.9578 -0.2678 -0.1043
vn -0.6776 0.1411 0.7217
vn 0.4575 0.1279 0.8800
vn 0.8298 0.5444 -0.1230
vn 0.9911 -0.0602 -0.1186
vn 0.8716 0.3181 -0.3729
vn 0.9650 -0.0562 -0.2560
vn -0.8570 0.1854 -0.4808
vn 0.0041 -0.9995 0.0309
vn -0.0033 -0.9991 0.0433
vn 0.8452 -0.4328 -0.3136
vn 0.6254 0.0191 -0.7801
vn 0.3215 -0.2094 -0.9235
vn -0.5953 -0.2166 -0.7737
vn -0.0146 -0.9995 -0.0286
vn 0.7459 -0.1501 -0.6489
vn 0.6245 0.2457 -0.7414
vn 0.6637 0.3530 -0.6594
vn 0.1560 0.1144 -0.9811
vn 0.0226 0.1745 -0.9844
vn 0.0546 -0.9971 -0.0524
vn -0.0067 -0.9797 0.2004
vn 0.0745 -0.9639 0.2556
vn 0.8264 -0.5574 0.0798
vn 0.6405 -0.5928 0.4882
vn -0.9994 0.0348 -0.0049
vn -0.9688 -0.2336 0.0828
vn 0.1007 -0.9530 0.2858
vn -0.7684 -0.6258 0.1339
vn -0.6845 -0.6389 0.3512
vn 0.1735 -0.9475 0.2686
vn 0.2423 -0.8951 0.3744
vn -0.2296 -0.9350 0.2703
vn 0.0053 -0.7983 0.6023
vn 0.0361 -0.6825 -0.7300
vn 0.0034 -0.9907 -0.1362
vn 0.8185 -0.5723 0.0505
vn 0.8706 -0.4909 0.0312
vn -0.8516 -0.3615 0.3796
vn -0.1671 0.9192 -0.3565
vn -0.1205 0.9489 -0.2917
vn 0.1984 0.8554 0.4785
vn 0.1893 0.8484 0.4943
vn 0.2030 0.8503 0.4857
vn 0.1817 0.8565 0.4832
vn -0.0363 0.9893 0.1416
vn 0.4604 0.8698 -0.1773
vn 0.4454 0.8427 0.3025
vn 0.7252 0.6244 0.2902
vn 0.9489 0.3050 0.0813
vn -0.0542 0.9897 0.1326
vn -0.5589 0.8220 0.1096
vn 0.4990 0.4242 0.7556
vn 0.3141 0.6893 0.6529
vn -0.0497 0.8454 0.5318
vn 0.0197 0.8439 0.5362
vn -0.0938 0.9888 -0.1162
vn -0.0497 0.9893 -0.1371
vn -0.0905 0.9932 0.0732
s 0
usemtl SEAT-ARMPAD
f 2//1 3//1 1//1
f 1//2 3//2 4//2
f 2//3 5//3 6//3
f 3//4 2//4 6//4
f 3//5 6//5 7//5
f 7//6 6//6 10//6
f 8//7 6//7 9//7
f 6//8 8//8 10//8
f 8//9 11//9 12//9
f 8//10 12//10 10//10
f 9//11 13//11 11//11
f 9//12 11//12 8//12
f 13//13 22//13 12//13
f 13//14 12//14 11//14
f 12//15 14//15 15//15
f 12//16 15//16 10//16
f 7//17 10//17 16//17
f 17//18 7//18 16//18
f 17//19 16//19 18//19
f 16//20 10//20 15//20
f 16//21 15//21 18//21
f 18//22 15//22 20//22
f 20//23 15//23 14//23
f 14//24 21//24 20//24
f 13//25 11//25 8//25
f 13//26 8//26 9//26
f 13//27 9//27 6//27
f 13//28 6//28 22//28
f 14//29 12//29 22//29
f 21//30 14//30 22//30
f 6//31 5//31 22//31
f 22//32 5//32 23//32
f 22//33 23//33 24//33
f 22//34 24//34 21//34
f 5//35 2//35 25//35
f 5//36 25//36 23//36
f 23//37 26//37 24//37
f 25//38 26//38 23//38
f 25//39 2//39 27//39
f 25//40 27//40 26//40
f 30//41 26//41 27//41
f 28//42 29//42 30//42
f 30//43 27//43 28//43
f 28//44 2//44 1//44
f 28//45 1//45 31//45
f 31//46 1//46 35//46
f 1//47 4//47 35//47
f 34//48 4//48 3//48
f 19//49 32//49 33//49
f 19//50 33//50 17//50
f 34//51 3//51 7//51
f 34//52 7//52 17//52
f 17//53 33//53 34//53
f 35//54 4//54 34//54
f 30//55 31//55 35//55
f 35//56 34//56 30//56
f 26//57 30//57 34//57
f 26//58 34//58 33//58
f 26//59 33//59 19//59
f 20//60 21//60 18//60
f 18//61 21//61 24//61
f 17//62 18//62 24//62
f 17//63 24//63 26//63
f 17//64 26//64 19//64
f 36//65 37//65 42//65
f 36//66 42//66 69//66
f 40//67 38//67 58//67
f 40//68 58//68 39//68
f 69//69 40//69 36//69
f 43//70 42//70 37//70
f 41//71 44//71 68//71
f 45//72 44//72 41//72
f 47//73 46//73 44//73
f 47//74 44//74 45//74
f 50//75 49//75 51//75
f 51//76 52//76 45//76
f 51//77 45//77 53//77
f 45//78 52//78 47//78
f 54//79 47//79 52//79
f 55//80 56//80 52//80
f 51//81 49//81 55//81
f 51//82 55//82 52//82
f 57//83 54//83 52//83
f 48//84 46//84 54//84
f 48//85 54//85 56//85
f 48//86 56//86 55//86
f 49//87 48//87 55//87
f 61//88 39//88 58//88
f 61//89 58//89 45//89
f 45//90 58//90 59//90
f 45//91 41//91 61//91
f 43//92 37//92 60//92
f 38//93 50//93 51//93
f 38//94 51//94 58//94
f 59//95 53//95 45//95
f 51//96 53//96 58//96
f 53//97 62//97 59//97
f 53//98 59//98 58//98
f 63//99 60//99 37//99
f 36//100 39//100 63//100
f 37//101 36//101 63//101
f 39//102 60//102 63//102
f 60//103 39//103 61//103
f 61//104 41//104 43//104
f 61//105 43//105 60//105
f 36//106 40//106 39//106
f 50//107 46//107 48//107
f 49//108 50//108 48//108
f 64//109 65//109 66//109
f 64//110 66//110 67//110
f 65//111 66//111 67//111
f 65//112 67//112 64//112
f 68//113 64//113 67//113
f 44//114 46//114 68//114
f 68//115 67//115 66//115
f 68//116 66//116 43//116
f 68//117 43//117 41//117
f 69//118 64//118 68//118
f 69//119 38//119 40//119
f 42//120 43//120 66//120
f 42//121 66//121 65//121
f 42//122 65//122 64//122
f 42//123 64//123 69//123
f 68//124 46//124 50//124
f 68//125 50//125 38//125
f 68//126 38//126 69//126
o SEAT-BASE
usemtl SEAT-BASE
v 0.002402 0.042886 -0.022956
v -0.004354 0.042900 -0.022580
v 0.007096 0.042886 -0.023330
v 0.009357 0.042886 -0.020963
v 0.013609 0.042906 -0.018548
v 0.015720 0.037535 -0.021557
v -0.002600 0.037786 -0.024752
v -0.003001 0.038064 -0.027943
v -0.002775 0.205082 -0.026499
v 0.007798 0.205132 -0.025370
v 0.003216 0.206728 -0.029843
v 0.016164 0.206285 -0.022193
v 0.015569 0.205086 -0.021430
v 0.017839 0.206685 -0.024439
v 0.003242 0.178022 -0.031724
v 0.019752 0.175060 -0.026394
v 0.018928 0.155275 -0.026013
v -0.003358 0.155284 -0.032132
v 0.010358 0.173472 -0.033196
v 0.011203 0.141683 -0.037606
v 0.011616 0.139547 -0.031824
v 0.008032 0.107066 -0.032176
v 0.010790 0.143819 -0.043389
v 0.009968 0.118965 -0.224151
v 0.009575 0.112959 -0.253214
v 0.011879 0.115110 -0.250681
v 0.007399 0.105508 -0.272506
v 0.005510 0.101293 -0.257450
v 0.007407 0.091824 -0.285653
v 0.014988 0.101741 -0.312141
v 0.014365 0.103763 -0.306813
v 0.013095 0.085449 -0.318268
v 0.009566 0.081184 -0.317225
v 0.026557 0.166096 -0.036902
v 0.020007 0.163358 -0.048956
v -0.004447 0.105468 -0.343571
v 0.009202 0.102912 -0.344089
v 0.013090 0.109467 -0.300932
v 0.014639 0.151492 -0.028759
v 0.003736 0.104732 -0.035051
v 0.012575 0.155784 -0.047360
v 0.005749 0.065618 -0.355873
v 0.005290 0.095334 -0.353970
v 0.016160 0.088330 -0.346431
v 0.018550 0.065656 -0.343710
v 0.015109 0.065972 -0.324915
v 0.001206 0.075860 -0.316460
v 0.000729 0.065445 -0.318338
v 0.017867 0.094956 -0.329756
v 0.001955 0.078112 -0.312419
v 0.016097 0.097563 -0.335324
v 0.013270 0.104861 -0.302603
v 0.016696 0.155731 -0.054134
v 0.017099 0.159439 -0.033824
v 0.009412 0.103507 -0.029063
v 0.005532 0.100703 -0.029328
v 0.011404 0.106987 -0.028528
v 0.021362 0.159770 -0.044445
v 0.028126 0.159178 -0.034523
v 0.021597 0.160294 -0.029789
v 0.015709 0.153155 -0.028410
v -0.014468 0.042886 -0.019949
v -0.009357 0.042886 -0.020963
v -0.013495 0.042886 -0.018574
v -0.015376 0.037451 -0.021145
v -0.009018 0.207021 -0.028008
v -0.015570 0.205228 -0.021414
v -0.016350 0.178500 -0.027960
v -0.018755 0.155280 -0.025809
v -0.010239 0.173312 -0.034059
v -0.026866 0.166098 -0.036671
v -0.019288 0.163715 -0.050276
v -0.010678 0.102616 -0.341010
v -0.013769 0.104269 -0.323075
v -0.007871 0.065622 -0.354775
v -0.005491 0.097245 -0.353039
v -0.017852 0.065943 -0.345647
v -0.017249 0.088858 -0.342956
v -0.017939 0.095114 -0.329295
v -0.016049 0.065518 -0.326360
v -0.015006 0.084374 -0.322412
v -0.010702 0.080487 -0.318451
v -0.011275 0.095740 -0.349391
v -0.014894 0.102033 -0.311386
v -0.009275 0.082467 -0.313486
v -0.019773 0.159660 -0.050669
v -0.025039 0.161449 -0.039801
v -0.001165 0.105600 -0.034928
v -0.002495 0.100592 -0.029508
v 0.018553 0.153923 -0.025537
v -0.010790 0.143819 -0.043389
v -0.008608 0.109288 -0.031716
v -0.011616 0.139547 -0.031824
v -0.011203 0.141683 -0.037606
v -0.009197 0.108326 -0.275309
v -0.011502 0.108976 -0.277083
v -0.009968 0.118965 -0.224151
v -0.005510 0.101293 -0.257450
v -0.014653 0.151680 -0.028824
v -0.004978 0.104905 -0.035061
v -0.012408 0.155592 -0.047654
v -0.016655 0.156743 -0.030348
v -0.014298 0.103825 -0.306686
v -0.013344 0.105040 -0.301319
v -0.016529 0.156787 -0.050431
v -0.005556 0.100653 -0.029413
v -0.010440 0.105669 -0.028043
v -0.023300 0.159142 -0.036353
v -0.017065 0.160068 -0.032438
v 0.001169 0.105494 -0.034940
v 0.002497 0.100638 -0.029432
v -0.018553 0.153923 -0.025537
v -0.016018 0.152871 -0.028794
v -0.011558 0.042895 0.019997
v -0.018666 0.042897 0.013607
v -0.021912 0.042906 0.007006
v -0.024778 0.037545 0.007964
v -0.008096 0.037709 0.025524
v -0.020364 0.037992 0.018757
v -0.013196 0.205201 0.022833
v -0.021336 0.205190 0.015539
v -0.025072 0.205175 0.008163
v -0.027785 0.206347 0.012359
v -0.017459 0.206691 0.024871
v -0.021270 0.178022 0.023760
v -0.031643 0.178500 0.006910
v -0.030603 0.155275 0.009920
v -0.016169 0.155284 0.027969
v -0.025053 0.173712 0.024734
v -0.035556 0.173312 -0.000788
v -0.031167 0.141683 0.023839
v -0.028103 0.139547 0.018919
v -0.025410 0.107066 0.021310
v -0.034232 0.143819 0.028760
v -0.139817 0.118965 0.175483
v -0.156582 0.112960 0.199226
v -0.156957 0.115110 0.195824
v -0.166161 0.105508 0.216113
v -0.155783 0.101293 0.205043
v -0.173895 0.091824 0.226744
v -0.195598 0.101741 0.243717
v -0.191962 0.103763 0.239774
v -0.197667 0.085450 0.249787
v -0.194199 0.081184 0.251018
v -0.037469 0.168989 0.028459
v -0.043372 0.166104 0.014035
v -0.043582 0.165674 0.014264
v -0.044254 0.163505 0.026277
v -0.198349 0.105467 0.280570
v -0.209695 0.102912 0.272965
v -0.187475 0.109467 0.235767
v -0.028748 0.151492 0.014662
v -0.023625 0.104732 0.026161
v -0.038011 0.155784 0.030924
v -0.213835 0.065617 0.284513
v -0.212345 0.095337 0.283242
v -0.216700 0.088330 0.270770
v -0.217035 0.065656 0.267164
v -0.203204 0.065972 0.253981
v -0.186986 0.075860 0.255313
v -0.187704 0.065446 0.257112
v -0.208280 0.094956 0.256276
v -0.185217 0.078112 0.251603
v -0.210121 0.097563 0.261821
v -0.188602 0.104861 0.237012
v -0.092234 0.138468 0.101812
v -0.033715 0.159439 0.017313
v -0.043576 0.159414 0.025494
v -0.024697 0.103507 0.017980
v -0.021714 0.100703 0.020476
v -0.025994 0.106987 0.016377
v -0.044708 0.162578 0.014526
v -0.040652 0.159118 0.013202
v -0.034034 0.160027 0.011162
v -0.029408 0.153155 0.013750
v -0.000651 0.042886 0.024593
v -0.002402 0.042886 0.022956
v 0.000101 0.037476 0.025664
v -0.002730 0.205181 0.026277
v 0.002102 0.206742 0.030375
v 0.003393 0.178131 0.031657
v 0.000003 0.155280 0.031904
v -0.008474 0.175495 0.031538
v -0.021734 0.170387 0.042619
v 0.000191 0.166098 0.045461
v -0.013947 0.163715 0.052012
v -0.191802 0.102616 0.282159
v -0.178759 0.104269 0.269466
v -0.202164 0.065622 0.291646
v -0.203069 0.097244 0.288842
v -0.188724 0.065943 0.290127
v -0.187630 0.088858 0.287596
v -0.179042 0.095114 0.276949
v -0.178846 0.065518 0.273464
v -0.177369 0.084374 0.269657
v -0.178523 0.080487 0.263923
v -0.196245 0.095741 0.289291
v -0.170978 0.102034 0.260670
v -0.176759 0.082467 0.259067
v -0.013786 0.159660 0.052615
v -0.003139 0.161448 0.046917
v -0.019588 0.105600 0.028943
v -0.015325 0.100592 0.025339
v -0.030020 0.153923 0.009754
v -0.016774 0.143819 0.041444
v -0.011678 0.109288 0.030718
v -0.009309 0.139547 0.032574
v -0.013041 0.141683 0.037009
v -0.154382 0.108326 0.228135
v -0.153560 0.108976 0.230926
v -0.123689 0.118965 0.187201
v -0.146868 0.101293 0.211520
v -0.005088 0.151680 0.031932
v -0.016581 0.104905 0.031291
v -0.017973 0.155592 0.045846
v -0.004364 0.156743 0.034341
v -0.168698 0.103825 0.256518
v -0.166315 0.105040 0.251617
v -0.016270 0.156787 0.050515
v -0.005356 0.160094 0.036352
v -0.012794 0.100653 0.027061
v -0.008037 0.105669 0.028824
v -0.002518 0.159142 0.043106
v -0.000069 0.160370 0.036361
v -0.000099 0.160027 0.035817
v -0.021483 0.105494 0.027580
v -0.019320 0.100638 0.022343
v 0.000000 0.153923 0.031565
v -0.003965 0.152871 0.032710
v 0.011550 0.042886 0.019983
v 0.013928 0.042886 0.020279
v 0.004752 0.042886 0.022459
v 0.015037 0.037786 0.019585
v 0.014051 0.038001 0.024190
v -0.000063 0.038751 0.027552
v 0.010860 0.205134 0.024463
v 0.026229 0.206645 0.015438
v 0.012197 0.206089 0.028250
v 0.016024 0.178022 0.027571
v 0.019459 0.155279 0.025470
v 0.011139 0.173473 0.032942
v 0.013041 0.141683 0.037009
v 0.009309 0.139547 0.032574
v 0.012415 0.107066 0.030752
v 0.016774 0.143819 0.041444
v 0.123689 0.118965 0.187201
v 0.141089 0.112960 0.210482
v 0.137737 0.115110 0.209788
v 0.154189 0.105508 0.224810
v 0.146868 0.101293 0.211520
v 0.161910 0.091824 0.235452
v 0.171346 0.101741 0.261338
v 0.168719 0.103763 0.256661
v 0.176479 0.085449 0.265181
v 0.178722 0.081184 0.262263
v 0.012589 0.163358 0.051367
v 0.205544 0.105467 0.275341
v 0.194806 0.102912 0.283783
v 0.166294 0.109467 0.251154
v 0.005061 0.151492 0.031871
v 0.017580 0.104732 0.030553
v 0.017664 0.155784 0.045706
v 0.204543 0.065619 0.291284
v 0.203798 0.095332 0.289476
v 0.190554 0.088330 0.289767
v 0.187021 0.065656 0.288971
v 0.178757 0.065972 0.271743
v 0.185035 0.075860 0.256730
v 0.186525 0.065446 0.257969
v 0.179371 0.094956 0.277280
v 0.182053 0.078112 0.253901
v 0.184076 0.097563 0.280745
v 0.167131 0.104861 0.252613
v 0.074403 0.136969 0.126662
v 0.011935 0.159394 0.050175
v 0.006047 0.159439 0.037415
v 0.009468 0.103507 0.029044
v 0.012763 0.100703 0.026978
v 0.007543 0.106987 0.029783
v 0.003023 0.159854 0.045503
v 0.003990 0.153156 0.032216
v 0.018672 0.042886 0.013566
v 0.023188 0.042886 0.008219
v 0.022574 0.042886 0.004809
v 0.023943 0.037648 0.011587
v 0.021336 0.205190 0.015539
v 0.025071 0.205158 0.008060
v 0.026939 0.206709 0.008738
v 0.029662 0.178500 0.013010
v 0.030712 0.155280 0.009152
v 0.028298 0.173313 0.021540
v 0.043311 0.166097 0.013864
v 0.045156 0.163715 0.029337
v 0.209079 0.102615 0.269606
v 0.201037 0.104269 0.253280
v 0.214899 0.065622 0.282393
v 0.211953 0.097246 0.282386
v 0.217609 0.065943 0.269141
v 0.215539 0.088858 0.267319
v 0.208067 0.095114 0.255861
v 0.204813 0.065518 0.254598
v 0.201649 0.084374 0.252016
v 0.195839 0.080487 0.251342
v 0.214489 0.095740 0.276036
v 0.195077 0.102033 0.243162
v 0.191766 0.082467 0.248164
v 0.045780 0.159660 0.029370
v 0.043645 0.161437 0.017491
v 0.021473 0.105600 0.027573
v 0.019363 0.100592 0.022405
v 0.034232 0.143819 0.028760
v 0.025606 0.109288 0.020599
v 0.028103 0.139547 0.018919
v 0.031167 0.141683 0.023839
v 0.169263 0.108326 0.217324
v 0.172171 0.108976 0.217404
v 0.139817 0.118965 0.175483
v 0.155783 0.101293 0.205043
v 0.028797 0.151680 0.014706
v 0.024636 0.104905 0.025439
v 0.038048 0.155592 0.031260
v 0.031306 0.156731 0.014755
v 0.191833 0.103825 0.239710
v 0.187906 0.105041 0.235927
v 0.043015 0.156787 0.031084
v 0.021783 0.100653 0.020530
v 0.024930 0.105669 0.016551
v 0.040220 0.159142 0.015719
v 0.032863 0.160063 0.016192
v 0.019592 0.105494 0.028954
v 0.015280 0.100638 0.025279
v 0.030020 0.153923 0.009754
v 0.029883 0.152871 0.013879
v -0.022590 0.042895 -0.004813
v -0.018709 0.042897 -0.013548
v -0.013435 0.042906 -0.018675
v -0.015231 0.037546 -0.021105
v -0.024344 0.037786 -0.005176
v -0.024131 0.037992 -0.013571
v -0.023169 0.205136 -0.013387
v -0.020873 0.206711 -0.021683
v -0.030030 0.206704 -0.006484
v -0.029170 0.178022 -0.012887
v -0.031597 0.155284 -0.006736
v -0.028374 0.173473 -0.020103
v -0.032304 0.141683 -0.022275
v -0.026677 0.139547 -0.020881
v -0.028120 0.107066 -0.017581
v -0.037931 0.143819 -0.023669
v -0.210100 0.118965 -0.078747
v -0.237862 0.112959 -0.087354
v -0.234741 0.115110 -0.088762
v -0.256882 0.105508 -0.091245
v -0.243147 0.101293 -0.084797
v -0.269383 0.091824 -0.095316
v -0.292232 0.101741 -0.110711
v -0.287358 0.103763 -0.108473
v -0.298644 0.085449 -0.110804
v -0.298743 0.081184 -0.107125
v -0.040378 0.163358 -0.034157
v -0.328131 0.105467 -0.101941
v -0.324405 0.102912 -0.115081
v -0.282159 0.109467 -0.105442
v -0.022828 0.151492 -0.022810
v -0.032181 0.104732 -0.014384
v -0.041156 0.155784 -0.026594
v -0.336668 0.065617 -0.115448
v -0.334999 0.095336 -0.114424
v -0.324482 0.088331 -0.122422
v -0.321156 0.065656 -0.123854
v -0.304344 0.065972 -0.114774
v -0.300599 0.075860 -0.098938
v -0.302532 0.065446 -0.099065
v -0.308095 0.094956 -0.118893
v -0.296524 0.078112 -0.098402
v -0.313938 0.097563 -0.118930
v -0.283693 0.104861 -0.106131
v -0.134643 0.136969 -0.058739
v -0.039148 0.159394 -0.033577
v -0.026884 0.159439 -0.026715
v -0.024732 0.103507 -0.017932
v -0.026183 0.100703 -0.014324
v -0.023608 0.106987 -0.019661
v -0.029191 0.159854 -0.035036
v -0.022164 0.153156 -0.023718
v -0.023443 0.042886 0.007595
v -0.022828 0.042886 0.002421
v -0.021835 0.042886 0.007095
v -0.024862 0.037451 0.008090
v -0.027442 0.037997 0.000286
v -0.026395 0.205190 -0.000030
v -0.030065 0.155278 0.009769
v -0.053776 0.163715 0.002808
v -0.327619 0.102615 -0.095222
v -0.311517 0.104269 -0.086741
v -0.339844 0.065622 -0.102146
v -0.337458 0.097247 -0.103880
v -0.334247 0.065943 -0.089833
v -0.331501 0.088858 -0.089575
v -0.318721 0.095114 -0.084697
v -0.315346 0.065518 -0.085588
v -0.311269 0.084374 -0.085359
v -0.306172 0.080487 -0.088229
v -0.335775 0.095740 -0.097245
v -0.300748 0.102033 -0.082059
v -0.301009 0.082467 -0.088051
v -0.054300 0.159660 0.003148
v -0.044372 0.160054 0.011626
v -0.033579 0.105600 -0.009685
v -0.028835 0.100592 -0.006745
v -0.044599 0.143819 -0.003146
v -0.032823 0.109288 -0.001614
v -0.033856 0.139547 0.001213
v -0.039228 0.141683 -0.000967
v -0.264677 0.108326 -0.076328
v -0.267076 0.108976 -0.074684
v -0.216261 0.118965 -0.059787
v -0.246552 0.101293 -0.074316
v -0.031942 0.151680 0.005029
v -0.034883 0.104905 -0.006100
v -0.049156 0.155592 -0.002926
v -0.034009 0.156743 0.006462
v -0.296094 0.103825 -0.081173
v -0.290695 0.105040 -0.080421
v -0.053071 0.156787 0.000136
v -0.036228 0.160094 0.006140
v -0.029690 0.100653 -0.003805
v -0.029897 0.105669 0.001263
v -0.034407 0.160369 0.011072
v -0.032869 0.105494 -0.011909
v -0.027220 0.100638 -0.011470
v -0.032334 0.152871 0.006336
v 0.018672 0.042886 -0.013566
v 0.023590 0.042886 -0.006981
v 0.022574 0.042886 -0.004809
v 0.014458 0.042886 -0.019971
v 0.013447 0.042886 -0.018616
v 0.022737 0.037786 -0.010122
v 0.015311 0.037451 -0.021201
v 0.022290 0.037912 -0.015982
v 0.025875 0.205154 -0.005597
v 0.021336 0.205190 -0.015539
v 0.030482 0.206125 -0.006480
v 0.030576 0.178147 -0.009882
v 0.018519 0.155279 -0.025631
v 0.029513 0.155284 -0.013131
v 0.029778 0.173365 -0.019214
v 0.037931 0.143819 -0.023669
v 0.027503 0.109288 -0.017987
v 0.026677 0.139547 -0.020881
v 0.032304 0.141683 -0.022275
v 0.258993 0.108326 -0.093822
v 0.259967 0.108976 -0.096563
v 0.210100 0.118965 -0.078747
v 0.299558 0.080487 -0.108585
v 0.243147 0.101293 -0.084797
v 0.291543 0.102033 -0.110388
v 0.295277 0.082467 -0.105694
v 0.041855 0.163715 -0.033881
v 0.321020 0.102615 -0.115533
v 0.303007 0.104269 -0.112930
v 0.022885 0.151680 -0.022843
v 0.031806 0.104905 -0.015569
v 0.041488 0.155592 -0.026526
v 0.023716 0.156743 -0.025217
v 0.338601 0.065690 -0.112397
v 0.334058 0.097244 -0.114323
v 0.338284 0.095333 -0.104368
v 0.327130 0.065521 -0.122216
v 0.320841 0.088858 -0.122384
v 0.313376 0.065868 -0.122397
v 0.307635 0.095114 -0.118818
v 0.301995 0.084374 -0.113902
v 0.303453 0.065635 -0.111457
v 0.302982 0.065446 -0.097678
v 0.301344 0.075860 -0.096645
v 0.328807 0.095740 -0.118691
v 0.297732 0.078112 -0.094683
v 0.287257 0.103825 -0.108369
v 0.282447 0.105040 -0.105804
v 0.042855 0.156787 -0.031304
v 0.025700 0.160094 -0.026261
v 0.042079 0.159660 -0.034463
v 0.026257 0.100653 -0.014373
v 0.023445 0.105669 -0.018595
v 0.030046 0.161648 -0.036171
v 0.021133 0.160027 -0.028919
v 0.027517 0.038016 -0.003202
v 0.025744 0.205017 0.008336
v 0.034773 0.173472 -0.000412
v 0.052743 0.163358 0.003900
v 0.325379 0.105469 -0.110398
v 0.330092 0.102912 -0.097578
v 0.290249 0.109467 -0.080544
v 0.337952 0.065675 -0.095116
v 0.334469 0.088330 -0.091685
v 0.328181 0.065665 -0.086763
v 0.313711 0.065820 -0.086111
v 0.306737 0.085449 -0.085896
v 0.319138 0.094956 -0.084908
v 0.301495 0.101741 -0.082202
v 0.304655 0.081184 -0.088931
v 0.323887 0.097563 -0.088312
v 0.044210 0.159854 0.011187
v 0.033591 0.105494 -0.009685
v 0.028763 0.100638 -0.006721
v 0.022434 0.152871 -0.024132
v 0.039228 0.141683 -0.000967
v 0.033856 0.139547 0.001213
v 0.033083 0.107066 -0.002305
v 0.044599 0.143819 -0.003146
v 0.216261 0.118965 -0.059787
v 0.243779 0.112960 -0.069141
v 0.242084 0.115110 -0.066168
v 0.261455 0.105508 -0.077173
v 0.246552 0.101293 -0.074316
v 0.273961 0.091824 -0.081227
v 0.296236 0.103763 -0.081149
v 0.031875 0.151492 0.005036
v 0.034490 0.104732 -0.007278
v 0.048928 0.155784 -0.002676
v 0.291895 0.104861 -0.080889
v 0.143455 0.136969 -0.031620
v 0.051408 0.159394 0.004154
v 0.037452 0.159440 0.005810
v 0.030549 0.103507 -0.000029
v 0.029602 0.100703 -0.003802
v 0.030656 0.106987 0.002030
v 0.031872 0.153156 0.006161
v 0.032859 0.105600 -0.011902
v 0.027292 0.100592 -0.011492
vn -0.0067 -0.9964 -0.0846
vn -0.0000 1.0000 -0.0000
vn 0.0103 -0.9999 -0.0099
vn 0.4873 0.5646 -0.6661
vn -0.1709 0.0506 0.9840
vn -0.0602 0.3728 -0.9260
vn 0.0015 -0.9962 -0.0869
vn -0.3278 0.7321 0.5972
vn -0.3518 0.6205 0.7009
vn -0.0487 0.9890 0.1396
vn 0.3461 0.0617 -0.9362
vn 0.3189 0.0777 -0.9446
vn 0.3214 -0.0446 -0.9459
vn 0.2646 -0.0336 -0.9638
vn 0.3279 0.7133 -0.6194
vn 0.0363 0.3585 -0.9328
vn 0.9880 -0.1078 -0.1104
vn 0.5754 -0.8025 0.1580
vn 0.9908 -0.0936 0.0981
vn 0.9891 0.1314 0.0659
vn 0.6778 -0.7083 0.1971
vn 0.9586 -0.1970 0.2057
vn 0.7752 -0.5806 0.2487
vn 0.2475 0.8104 -0.5310
vn 0.3138 0.8748 -0.3692
vn 0.1716 0.9606 -0.2187
vn 0.5487 0.8149 -0.1870
vn 0.6933 0.7006 -0.1689
vn 0.9673 -0.2075 -0.1457
vn 0.8612 -0.0896 -0.5004
vn 0.9688 -0.1952 -0.1526
vn 0.5949 0.0605 -0.8015
vn 0.6888 -0.0144 -0.7248
vn 0.9868 0.0877 -0.1359
vn 0.9815 -0.0632 0.1807
vn 0.9311 -0.0279 0.3637
vn 0.5187 -0.2276 0.8241
vn 0.2990 -0.3415 0.8910
vn 0.4146 -0.1798 0.8920
vn 0.0831 0.7746 -0.6270
vn 0.1143 0.7438 -0.6586
vn 0.6843 0.4220 -0.5946
vn 0.9524 -0.1979 0.2319
vn 0.5275 -0.7800 0.3367
vn 0.9524 0.2371 -0.1917
vn -0.8149 -0.4479 0.3677
vn 0.7278 0.6652 -0.1666
vn 0.8927 0.4443 -0.0757
vn 0.9881 0.1082 0.1093
vn 0.9623 -0.0586 0.2655
vn 0.9613 -0.1876 0.2019
vn 0.5625 -0.8081 0.1746
vn 0.1744 -0.9651 0.1952
vn 0.9978 0.0532 -0.0388
vn 0.8941 -0.4410 0.0780
vn 0.4957 -0.6293 -0.5986
vn 0.6444 -0.3464 -0.6817
vn 0.6975 -0.2992 -0.6512
vn 0.7325 -0.0568 -0.6783
vn 0.8784 -0.2088 -0.4299
vn 0.6032 0.3559 -0.7138
vn 0.9136 -0.1366 -0.3830
vn 0.5571 -0.7150 -0.4224
vn 0.4472 -0.8814 0.1521
vn -0.0263 -0.9988 -0.0417
vn 0.0094 0.9761 -0.2172
vn 0.9053 -0.3740 -0.2016
vn 0.8419 -0.4979 -0.2083
vn 0.5961 -0.5957 -0.5384
vn 0.0045 0.9997 0.0223
vn -0.0001 -1.0000 -0.0001
vn -0.2691 0.2497 -0.9302
vn 0.2398 -0.3088 0.9204
vn 0.0016 -0.9962 -0.0869
vn -0.0995 0.3917 0.9147
vn 0.0644 0.9589 0.2763
vn 0.1761 0.8915 0.4174
vn 0.2186 0.8646 0.4523
vn -0.1465 0.0646 -0.9871
vn -0.1874 0.0465 -0.9812
vn -0.4698 0.1193 -0.8747
vn -0.4790 -0.0484 -0.8765
vn -0.3796 -0.0342 -0.9245
vn -0.1195 0.6940 -0.7100
vn -0.3294 0.8817 -0.3379
vn -0.5327 0.8246 -0.1907
vn -0.4733 0.8592 -0.1946
vn -0.0753 0.0603 -0.9953
vn -0.0801 0.0625 -0.9948
vn -0.5356 0.0121 -0.8444
vn -0.6705 0.0909 -0.7363
vn -0.7776 0.0935 -0.6218
vn -0.9972 0.0340 -0.0659
vn -0.9943 -0.0544 0.0918
vn -0.9326 -0.0238 0.3601
vn -0.7224 -0.1032 0.6838
vn -0.2240 -0.1630 0.9609
vn -0.4117 -0.3064 0.8583
vn -0.5107 0.6762 -0.5310
vn -0.5228 0.6770 -0.5180
vn -0.9685 -0.1274 0.2139
vn -0.3849 -0.7741 0.5026
vn -0.3614 -0.8258 0.4330
vn -0.8418 0.4452 -0.3052
vn -0.8602 0.4459 -0.2476
vn -0.8376 0.5116 -0.1915
vn -0.9908 0.1239 -0.0554
vn -0.9636 0.2552 -0.0803
vn -0.8800 0.1490 -0.4509
vn -0.8748 -0.0179 -0.4841
vn 0.0014 0.9768 -0.2141
vn -0.1604 -0.8301 -0.5341
vn 0.0253 -0.7374 -0.6750
vn 0.6365 -0.6149 -0.4656
vn 0.0483 -0.9985 0.0257
vn -0.0003 -1.0000 -0.0085
vn 0.0036 -1.0000 -0.0007
vn -0.0006 -1.0000 -0.0038
vn -0.0482 -0.9987 -0.0175
vn -0.0199 -0.9952 0.0956
vn 0.4321 -0.8980 0.0834
vn 0.4183 -0.9044 0.0844
vn 0.9974 -0.0712 0.0118
vn 0.8231 0.5528 -0.1301
vn 0.9536 -0.2991 0.0359
vn 0.9895 -0.1445 0.0095
vn 0.8724 -0.4810 0.0873
vn 0.5799 -0.7993 0.1579
vn 0.2031 -0.9603 0.1914
vn -0.9893 -0.0987 -0.1071
vn 0.0459 0.9418 0.3331
vn -0.9772 -0.1614 0.1382
vn -0.4176 -0.8817 0.2197
vn -0.9676 -0.2063 -0.1453
vn -0.8536 -0.0867 -0.5137
vn -0.9696 -0.1894 -0.1550
vn -0.8917 -0.4102 -0.1915
vn -0.9437 -0.2515 -0.2149
vn -0.7825 -0.3262 0.5304
vn -0.9858 0.1541 0.0663
vn -0.9053 0.4244 -0.0177
vn 0.2833 0.9582 -0.0395
vn -0.7702 0.6378 -0.0076
vn -0.9493 -0.2480 0.1932
vn -0.4364 -0.8823 0.1764
vn -0.6620 -0.7357 0.1433
vn -0.6908 -0.5419 -0.4787
vn -0.7836 -0.2001 -0.5882
vn -0.8545 -0.0869 -0.5121
vn -0.6431 -0.7420 -0.1894
vn -0.6364 -0.7499 -0.1807
vn -0.2085 -0.8582 -0.4691
vn 0.0328 -0.9831 0.1802
vn -0.0029 -0.7987 -0.6017
vn 0.0838 -0.7374 -0.6703
vn -0.7270 -0.4274 -0.5374
vn -0.7129 -0.4450 -0.5421
vn 0.6377 0.7242 0.2624
vn -0.3670 -0.9267 0.0804
vn -0.7435 -0.6656 0.0651
vn -0.9977 -0.0669 -0.0113
vn -0.9654 0.2599 -0.0225
vn -0.9373 -0.3437 0.0581
vn -0.9908 -0.1353 0.0024
vn -0.2757 -0.9419 0.1917
vn -0.2790 -0.9410 0.1914
vn -0.3924 -0.9021 0.1795
vn -0.7832 0.4876 0.3858
vn 0.7217 -0.1023 -0.6846
vn -0.6316 0.3274 0.7028
vn -0.0590 -0.9961 0.0654
vn 0.2153 0.9462 -0.2416
vn 0.7935 0.4560 -0.4030
vn 0.1664 0.9723 -0.1641
vn -0.7700 0.0778 0.6333
vn -0.8513 0.0153 0.5245
vn -0.9236 -0.0520 0.3799
vn -0.7808 -0.0211 0.6244
vn -0.9171 0.1348 0.3753
vn -0.6372 0.6521 0.4108
vn -0.8642 -0.1078 -0.4914
vn -0.3726 -0.8024 -0.4661
vn -0.7439 -0.0936 -0.6617
vn -0.7615 0.1314 -0.6347
vn -0.4325 -0.7083 -0.5579
vn -0.6546 -0.1970 -0.7298
vn -0.4810 -0.5807 -0.6569
vn -0.3649 0.9303 -0.0368
vn -0.4640 0.8679 0.1774
vn -0.8907 0.4535 0.0320
vn -0.6464 0.7545 0.1136
vn -0.3548 0.9350 0.0028
vn -0.2669 0.9608 0.0755
vn -0.5784 0.7925 -0.1932
vn -0.6617 0.6986 -0.2722
vn -0.8682 -0.2075 -0.4507
vn -0.9908 -0.0896 -0.1014
vn -0.8735 -0.1952 -0.4460
vn -0.9524 0.0605 0.2986
vn -0.9833 -0.0143 0.1813
vn -0.8782 0.0877 -0.4701
vn -0.6878 -0.0632 -0.7231
vn -0.5395 -0.0279 -0.8415
vn 0.0648 -0.2277 -0.9716
vn 0.2818 -0.3415 -0.8966
vn 0.1889 -0.1798 -0.9654
vn -0.4360 0.7744 0.4584
vn -0.4796 0.7438 0.4657
vn -0.9032 0.4221 0.0783
vn -0.6342 -0.1979 -0.7474
vn -0.2288 -0.7800 -0.5825
vn -0.8832 0.2371 -0.4047
vn 0.8755 -0.4479 0.1815
vn -0.6868 0.6652 -0.2930
vn -0.7667 0.4443 -0.4634
vn -0.7352 0.1083 -0.6692
vn -0.6225 -0.0585 -0.7804
vn -0.6590 -0.1876 -0.7284
vn -0.3525 -0.8081 -0.4719
vn 0.0048 -0.9712 -0.2380
vn -0.3822 -0.7996 -0.4632
vn -0.8307 0.0536 -0.5541
vn -0.6009 -0.5624 -0.5681
vn -0.8383 -0.0349 -0.5441
vn -0.7529 -0.6292 0.1929
vn -0.9220 -0.3464 0.1727
vn -0.9470 -0.2992 0.1168
vn -0.9914 -0.0568 0.1182
vn -0.9395 0.3423 0.0092
vn -0.9838 -0.1724 0.0485
vn -0.9802 -0.1910 0.0529
vn -0.2313 -0.9724 -0.0316
vn 0.0280 -0.9991 0.0307
vn 0.1051 -0.9894 -0.1000
vn -0.8509 -0.3740 -0.3690
vn -0.8035 -0.4979 -0.3263
vn -0.8276 -0.5612 -0.0107
vn 0.0015 1.0000 -0.0018
vn 0.3142 -0.5861 -0.7468
vn 0.0114 -0.1927 -0.9812
vn 0.1736 0.8346 -0.5227
vn 0.1152 0.9011 -0.4179
vn -0.5140 0.0351 0.8570
vn -0.2690 0.1266 0.9548
vn -0.0198 0.0439 0.9988
vn -0.0186 -0.0529 0.9984
vn -0.2363 -0.0364 0.9710
vn -0.4833 -0.0514 0.8740
vn -0.3738 0.5041 0.7786
vn -0.1907 0.9581 0.2135
vn 0.1003 0.8525 0.5130
vn 0.0984 0.8480 0.5208
vn 0.2435 0.8746 0.4193
vn 0.2685 0.8592 0.4356
vn -0.5250 0.0602 0.8490
vn -0.5205 0.0625 0.8516
vn -0.0629 0.0121 0.9979
vn 0.1096 0.0909 0.9898
vn 0.2636 0.0935 0.9601
vn 0.7680 0.0340 0.6395
vn 0.8583 -0.0544 0.5102
vn 0.9662 -0.0238 0.2568
vn 0.9863 -0.1032 -0.1286
vn 0.7460 -0.1630 -0.6457
vn 0.8376 -0.3064 -0.4524
vn 0.1010 0.6762 0.7298
vn 0.1185 0.6770 0.7264
vn 0.9093 -0.1274 0.3963
vn 0.6068 -0.7741 -0.1804
vn 0.5469 -0.8258 -0.1379
vn 0.5016 0.4452 0.7417
vn 0.5504 0.4459 0.7059
vn 0.5651 0.5116 0.6473
vn 0.7690 0.1238 0.6271
vn 0.7323 0.2552 0.6313
vn 0.4470 0.1489 0.8820
vn 0.4230 -0.0193 0.9059
vn -0.0914 0.9759 0.1984
vn -0.1842 -0.8301 0.5263
vn -0.4173 -0.7374 0.5312
vn -0.8331 -0.5527 0.0213
vn -0.0240 -0.9985 -0.0492
vn -0.0048 -1.0000 0.0070
vn -0.0033 -1.0000 -0.0016
vn -0.0017 -1.0000 0.0035
vn 0.0287 -0.9987 0.0425
vn 0.0723 -0.9952 -0.0657
vn -0.3005 -0.8980 -0.3214
vn -0.2888 -0.9044 -0.3141
vn -0.7999 -0.0712 -0.5958
vn -0.7424 0.5528 -0.3785
vn -0.7503 -0.2991 -0.5895
vn -0.7949 -0.1445 -0.5893
vn -0.6544 -0.4810 -0.5834
vn -0.3763 -0.7993 -0.4686
vn -0.0518 -0.9603 -0.2742
vn 0.7374 -0.0987 0.6682
vn 0.5205 0.8133 0.2602
vn 0.8718 -0.1614 0.4626
vn 0.4670 -0.8817 0.0677
vn 0.6974 -0.2063 0.6863
vn 0.3885 -0.0867 0.9173
vn 0.6933 -0.1894 0.6953
vn 0.6088 -0.4102 0.6791
vn 0.6375 -0.2489 0.7292
vn 0.9448 -0.3262 0.0309
vn 0.8365 0.1541 0.5258
vn 0.7220 0.4244 0.5465
vn -0.2525 0.9582 -0.1346
vn 0.6186 0.6379 0.4588
vn 0.8815 -0.2480 0.4017
vn 0.4568 -0.8823 0.1138
vn 0.6198 -0.7357 0.2731
vn 0.2775 -0.5419 0.7933
vn 0.2882 -0.2001 0.9364
vn 0.3903 -0.0869 0.9166
vn 0.4089 -0.7420 0.5313
vn 0.4087 -0.7499 0.5202
vn -0.1069 -0.8583 0.5018
vn 0.0763 -0.9824 -0.1705
vn 0.0517 -0.9857 -0.1606
vn 0.0433 -0.8463 0.5310
vn 0.0818 -0.4950 0.8651
vn -0.3513 -0.7987 0.4885
vn -0.4618 -0.7374 0.4930
vn 0.1527 -0.5633 0.8120
vn 0.2581 -0.4450 0.8576
vn -0.3617 0.7242 -0.5871
vn 0.3442 -0.9267 0.1507
vn 0.6398 -0.6656 0.3843
vn 0.8005 -0.0669 0.5956
vn 0.7678 0.2599 0.5856
vn 0.7924 -0.3437 0.5039
vn 0.8030 -0.1353 0.5804
vn 0.3452 -0.9384 0.0149
vn 0.3471 -0.9377 0.0166
vn 0.4232 -0.9020 0.0853
vn -0.0001 1.0000 -0.0001
vn -0.0001 1.0000 -0.0003
vn -0.0000 -1.0000 0.0001
vn -0.2766 -0.2235 -0.9346
vn -0.3774 0.0438 -0.9250
vn 0.0435 -0.9975 0.0559
vn 0.0905 -0.8215 0.5630
vn -0.0388 0.9481 -0.3155
vn 0.3079 0.0190 0.9512
vn 0.2090 0.0532 0.9765
vn 0.2297 -0.0365 0.9726
vn 0.3138 -0.0248 0.9491
vn -0.0511 0.1856 0.9813
vn 0.2471 0.6169 0.7472
vn 0.5189 0.3588 0.7759
vn -0.7344 -0.1078 0.6701
vn -0.7344 -0.1078 0.6700
vn -0.5584 -0.8024 0.2104
vn -0.8592 -0.0936 0.5030
vn -0.8389 0.1314 0.5281
vn -0.6642 -0.7083 0.2389
vn -0.8964 -0.1970 0.3971
vn -0.7734 -0.5807 0.2545
vn 0.0483 0.8416 0.5380
vn -0.0368 0.8748 0.4831
vn -0.0102 0.9606 0.2777
vn -0.3338 0.8150 0.4737
vn -0.4617 0.7006 0.5441
vn -0.6969 -0.2075 0.6865
vn -0.4025 -0.0896 0.9110
vn -0.6941 -0.1952 0.6929
vn -0.0100 0.0605 0.9981
vn -0.1309 -0.0144 0.9913
vn -0.7185 0.0877 0.6900
vn -0.9003 -0.0632 0.4307
vn -0.9671 -0.0279 0.2530
vn -0.9040 -0.2276 -0.3619
vn -0.7657 -0.3415 -0.5451
vn -0.8598 -0.1798 -0.4780
vn 0.3013 0.7748 0.5558
vn 0.2946 0.7438 0.5999
vn -0.2036 0.4219 0.8835
vn -0.9068 -0.1979 0.3722
vn -0.6247 -0.7800 0.0376
vn -0.6578 0.2371 0.7149
vn 0.4431 -0.4479 -0.7765
vn -0.4909 0.6652 0.5626
vn -0.6777 0.4443 0.5860
vn -0.8636 0.1083 0.4924
vn -0.9346 -0.0586 0.3508
vn -0.8964 -0.1876 0.4017
vn -0.5577 -0.8081 0.1894
vn -0.2985 -0.9541 -0.0235
vn -0.4277 -0.8999 0.0855
vn -0.6070 -0.7447 0.2775
vn -0.7845 0.0532 0.6179
vn -0.7989 -0.0483 0.5995
vn -0.0492 -0.6292 0.7756
vn -0.1207 -0.3465 0.9303
vn -0.1815 -0.2992 0.9368
vn -0.1939 -0.0568 0.9794
vn -0.4557 -0.1863 0.8704
vn -0.1439 0.3880 0.9104
vn -0.1854 -0.9475 0.2604
vn -0.0654 -0.9975 0.0266
vn 0.0907 -0.9923 0.0847
vn 0.1102 0.9700 0.2166
vn -0.6139 -0.3741 0.6951
vn -0.5590 -0.4973 0.6635
vn -0.2231 -0.5769 0.7857
vn 0.0001 -1.0000 0.0001
vn -0.0004 1.0000 -0.0003
vn 0.0001 -1.0000 -0.0000
vn -0.7900 -0.0892 -0.6066
vn -0.5841 -0.4969 -0.6418
vn 0.0326 -0.9980 0.0536
vn -0.5258 -0.5814 -0.6209
vn -0.2650 0.8613 -0.4336
vn -0.5516 0.7861 -0.2789
vn -0.2853 0.9582 -0.0210
vn 0.0944 0.9847 0.1461
vn 0.6708 0.0736 0.7379
vn 0.7291 0.0299 0.6838
vn 0.7853 -0.0430 0.6176
vn 0.8227 -0.0356 0.5673
vn 0.5140 0.6940 0.5042
vn 0.4648 0.8817 0.0803
vn 0.5429 0.8247 -0.1587
vn 0.4972 0.8592 -0.1208
vn 0.6467 0.0604 0.7603
vn 0.6501 0.0624 0.7573
vn 0.9296 0.0121 0.3684
vn 0.9752 0.0909 0.2016
vn 0.9946 0.0935 0.0460
vn 0.8455 0.0340 -0.5328
vn 0.7505 -0.0544 -0.6587
vn 0.5428 -0.0238 -0.8395
vn 0.1825 -0.1032 -0.9778
vn -0.3836 -0.1630 -0.9090
vn -0.1714 -0.3064 -0.9363
vn 0.7253 0.6762 0.1293
vn 0.7275 0.6770 0.1118
vn 0.6578 -0.1274 -0.7423
vn 0.0159 -0.7741 -0.6329
vn 0.0378 -0.8258 -0.5627
vn 0.8604 0.4452 -0.2479
vn 0.8414 0.4458 -0.3053
vn 0.7902 0.5116 -0.3374
vn 0.8341 0.1239 -0.5376
vn 0.8267 0.2552 -0.5014
vn 0.9769 0.1489 -0.1532
vn 0.9922 -0.0237 -0.1220
vn 0.1247 0.9768 0.1740
vn 0.4437 -0.8301 0.3378
vn 0.3763 -0.7374 0.5610
vn -0.2388 -0.5813 0.7779
vn -0.0542 -0.9985 0.0076
vn 0.0052 -1.0000 0.0067
vn -0.0024 -1.0000 0.0027
vn 0.0026 -1.0000 0.0028
vn 0.0493 -0.9987 -0.0142
vn -0.0401 -0.9952 -0.0891
vn -0.3986 -0.8980 0.1865
vn -0.3880 -0.9044 0.1776
vn -0.8139 -0.0712 0.5767
vn -0.5894 0.5528 0.5891
vn -0.7925 -0.2991 0.5314
vn -0.8061 -0.1445 0.5739
vn -0.7571 -0.4810 0.4421
vn -0.5619 -0.7993 0.2131
vn -0.2768 -0.9603 -0.0355
vn 0.8634 -0.0987 -0.4948
vn -0.0000 0.9430 -0.3328
vn 0.7093 -0.1614 -0.6862
vn 0.2087 -0.8817 -0.4232
vn 0.8683 -0.2063 -0.4512
vn 0.9925 -0.0867 -0.0861
vn 0.8755 -0.1894 -0.4445
vn 0.8338 -0.4106 -0.3690
vn 0.8898 -0.2515 -0.3808
vn 0.3213 -0.3262 -0.8890
vn 0.7586 0.1541 -0.6331
vn 0.7428 0.4244 -0.5178
vn -0.2060 0.9582 0.1985
vn 0.6276 0.6378 -0.4466
vn 0.6545 -0.2480 -0.7143
vn 0.2493 -0.8823 -0.3992
vn 0.4513 -0.7357 -0.5051
vn 0.8402 -0.5419 -0.0187
vn 0.9797 -0.2001 0.0152
vn 0.9923 -0.0869 -0.0880
vn 0.6318 -0.7419 -0.2245
vn 0.6205 -0.7504 -0.2279
vn 0.4434 -0.8591 0.2555
vn -0.1312 -0.9832 -0.1268
vn 0.3560 -0.7987 0.4850
vn 0.3262 -0.7374 0.5915
vn 0.9049 -0.4255 0.0062
vn 0.8954 -0.4449 0.0196
vn -0.6702 0.7242 0.1625
vn 0.2497 -0.9267 -0.2807
vn 0.5632 -0.6656 -0.4897
vn 0.8138 -0.0669 -0.5773
vn 0.7942 0.2599 -0.5493
vn 0.7241 -0.3437 -0.5980
vn 0.8001 -0.1353 -0.5844
vn 0.1086 -0.9425 -0.3161
vn 0.1115 -0.9416 -0.3178
vn 0.2120 -0.9021 -0.3758
vn -0.6089 0.4878 -0.6256
vn 0.8587 -0.1387 0.4934
vn -0.8645 0.3242 -0.3840
vn -0.0721 -0.9971 -0.0262
vn 0.2492 0.9365 0.2466
vn -0.8532 0.0891 -0.5139
vn -0.7619 0.0218 -0.6473
vn -0.6467 -0.0498 -0.7611
vn -0.8293 -0.0202 -0.5584
vn -0.5949 0.2110 -0.7756
vn -0.5857 0.6550 -0.4774
vn -0.8759 0.3588 -0.3227
vn 0.2003 -0.1078 -0.9738
vn 0.3281 -0.8024 -0.4984
vn 0.3995 -0.0936 -0.9120
vn 0.3683 0.1315 -0.9204
vn 0.3969 -0.7083 -0.5837
vn 0.4918 -0.1969 -0.8481
vn 0.4761 -0.5807 -0.6604
vn -0.3080 0.8585 -0.4101
vn -0.2542 0.8748 -0.4125
vn -0.1549 0.9606 -0.2307
vn -0.0084 0.8150 -0.5794
vn 0.0536 0.7006 -0.7116
vn 0.1603 -0.2075 -0.9650
vn -0.2098 -0.0896 -0.9736
vn 0.1543 -0.1952 -0.9686
vn -0.5784 0.0605 -0.8135
vn -0.4764 -0.0143 -0.8791
vn 0.1757 0.0877 -0.9805
vn 0.4752 -0.0632 -0.8776
vn 0.6336 -0.0279 -0.7731
vn 0.9441 -0.2276 -0.2386
vn 0.9398 -0.3415 -0.0090
vn 0.9765 -0.1798 -0.1187
vn -0.5707 0.7743 -0.2734
vn -0.5908 0.7440 -0.3122
vn -0.3536 0.4221 -0.8347
vn 0.5148 -0.1979 -0.8341
vn 0.4833 -0.7800 -0.3976
vn 0.1120 0.2371 -0.9650
vn 0.0979 -0.4479 0.8887
vn 0.0665 0.6652 -0.7437
vn 0.2038 0.4443 -0.8724
vn 0.4093 0.1082 -0.9060
vn 0.5499 -0.0586 -0.8332
vn 0.4891 -0.1876 -0.8518
vn 0.3399 -0.8081 -0.4810
vn 0.2553 -0.9541 -0.1564
vn 0.2958 -0.8999 -0.3205
vn 0.3280 -0.7447 -0.5813
vn 0.2715 0.0532 -0.9610
vn 0.2940 -0.0483 -0.9546
vn -0.4161 -0.6292 -0.6564
vn -0.4492 -0.3464 -0.8235
vn -0.4038 -0.2992 -0.8646
vn -0.4188 -0.0568 -0.9063
vn -0.1431 -0.1864 -0.9720
vn -0.4187 0.3881 -0.8210
vn -0.0032 -0.9474 -0.3201
vn 0.0372 -0.9975 -0.0600
vn -0.1232 -0.9923 -0.0152
vn -0.1039 0.9922 -0.0692
vn 0.0880 -0.3741 -0.9232
vn 0.0622 -0.4972 -0.8654
vn -0.3690 -0.6111 -0.7002
vn 0.0149 0.9999 0.0017
vn -0.0001 -1.0000 -0.0000
vn -0.9678 0.2498 -0.0315
vn 0.9424 -0.3283 0.0646
vn -0.1155 -0.9929 -0.0272
vn -0.1200 -0.9923 -0.0298
vn 0.9572 -0.1735 0.2319
vn 0.1955 0.9736 0.1182
vn 0.4994 0.8628 -0.0790
vn 0.3630 0.9315 -0.0256
vn -0.9923 -0.0021 -0.1240
vn -0.9863 0.1133 0.1197
vn -0.9494 -0.0463 0.3106
vn -0.9953 -0.0297 0.0923
vn -0.9715 -0.0483 -0.2321
vn -0.7122 0.6940 -0.1058
vn -0.4241 0.8820 0.2053
vn -0.3460 0.8246 0.4476
vn -0.3313 0.8592 0.3899
vn -0.9696 0.0602 -0.2370
vn -0.9708 0.0625 -0.2318
vn -0.9686 0.0121 0.2483
vn -0.9075 0.0910 0.4101
vn -0.8316 0.0935 0.5474
vn -0.3709 0.0340 0.9281
vn -0.2200 -0.0544 0.9740
vn 0.0543 -0.0238 0.9982
vn 0.4271 -0.1032 0.8983
vn 0.8446 -0.1630 0.5100
vn 0.6890 -0.3064 0.6568
vn -0.6629 0.6762 0.3215
vn -0.6542 0.6770 0.3372
vn -0.0959 -0.1274 0.9872
vn 0.3591 -0.7741 0.5213
vn 0.3001 -0.8258 0.4775
vn -0.5504 0.4452 0.7063
vn -0.5013 0.4459 0.7416
vn -0.4410 0.5116 0.7374
vn -0.3588 0.1239 0.9252
vn -0.3741 0.2552 0.8916
vn -0.6458 0.1462 0.7494
vn -0.7074 -0.1575 0.6890
vn -0.8900 0.2880 -0.3536
vn -0.2032 0.9768 -0.0674
vn -0.5575 -0.8301 -0.0126
vn -0.6342 -0.7374 -0.2327
vn -0.1886 -0.7129 -0.6754
vn 0.0393 -0.9985 -0.0380
vn -0.0081 -1.0000 -0.0024
vn 0.0005 -1.0000 -0.0037
vn -0.0039 -1.0000 -0.0006
vn -0.0316 -0.9987 0.0404
vn 0.0848 -0.9952 0.0485
vn 0.2128 -0.8980 -0.3852
vn 0.2095 -0.9044 -0.3718
vn 0.3195 -0.0712 -0.9449
vn 0.1306 0.5528 -0.8230
vn 0.3288 -0.2991 -0.8958
vn 0.3148 -0.1445 -0.9381
vn 0.3526 -0.4810 -0.8027
vn 0.3294 -0.7993 -0.5027
vn 0.2448 -0.9603 -0.1341
vn -0.4076 -0.0987 0.9078
vn 0.3537 0.9153 -0.1927
vn -0.1705 -0.1614 0.9721
vn 0.0799 -0.8817 0.4651
vn -0.4372 -0.2063 0.8754
vn -0.7524 -0.0867 0.6530
vn -0.4470 -0.1894 0.8742
vn -0.4577 -0.4102 0.7888
vn -0.4965 -0.2489 0.8316
vn 0.2626 -0.3262 0.9081
vn -0.2416 0.1542 0.9580
vn -0.2966 0.4244 0.8555
vn 0.0500 0.9582 -0.2817
vn -0.2452 0.6378 0.7301
vn -0.1096 -0.2480 0.9625
vn 0.0329 -0.8823 0.4696
vn -0.0682 -0.7357 0.6739
vn -0.6687 -0.5419 0.5090
vn -0.8015 -0.2001 0.5635
vn -0.7511 -0.0869 0.6545
vn -0.4227 -0.7357 0.5292
vn 0.1268 -0.9752 0.1813
vn 0.0340 -0.9985 0.0433
vn -0.0010 -0.8609 -0.5087
vn -0.8027 -0.5004 0.3244
vn -0.5731 -0.7987 -0.1832
vn -0.6116 -0.7374 -0.2868
vn -0.7235 -0.5716 0.3871
vn -0.7358 -0.4450 0.5105
vn 0.4466 0.7242 -0.5254
vn -0.0370 -0.9267 0.3739
vn -0.1678 -0.6656 0.7272
vn -0.3191 -0.0669 0.9454
vn -0.3197 0.2599 0.9112
vn -0.2343 -0.3437 0.9094
vn -0.3039 -0.1353 0.9431
vn 0.0925 -0.9384 0.3329
vn 0.0914 -0.9377 0.3353
vn 0.0496 -0.9020 0.4288
vn -0.0007 1.0000 0.0005
vn 0.0001 -1.0000 -0.0001
vn 0.8010 0.2490 -0.5444
vn -0.7994 -0.2124 0.5620
vn 0.0866 -0.9959 -0.0279
vn -0.8573 0.3328 0.3927
vn -0.2909 0.9183 0.2684
vn 0.8160 0.0847 -0.5718
vn 0.8282 0.0704 -0.5560
vn 0.6002 -0.0464 -0.7985
vn 0.7505 -0.0302 -0.6601
vn 0.9247 -0.0477 -0.3778
vn 0.4457 0.7807 -0.4381
vn -0.2038 -0.0987 -0.9740
vn 0.4472 -0.8944 -0.0000
vn -0.4334 -0.1614 -0.8866
vn -0.3380 -0.8817 -0.3293
vn 0.4291 0.8053 -0.4091
vn 0.2181 0.8881 -0.4047
vn 0.0303 0.8463 -0.5319
vn 0.0388 0.8591 -0.5103
vn -0.1608 -0.2063 -0.9652
vn 0.2248 -0.0867 -0.9705
vn -0.1522 -0.1894 -0.9700
vn -0.0934 -0.4102 -0.9072
vn -0.0872 -0.2489 -0.9646
vn 0.9223 0.1102 -0.3704
vn 0.6291 0.0555 -0.7753
vn 0.6492 0.0471 -0.7592
vn 0.3546 0.0889 -0.9308
vn 0.0130 -0.0037 -0.9999
vn -0.2270 0.0743 -0.9711
vn -0.6264 -0.0276 -0.7790
vn -0.8615 -0.1311 -0.4906
vn -0.7315 -0.1439 -0.6665
vn -0.9831 -0.1630 0.0839
vn -0.9684 -0.2469 -0.0365
vn 0.3470 0.6762 -0.6498
vn 0.3312 0.6770 -0.6573
vn -0.5027 -0.1274 -0.8550
vn -0.5970 -0.7741 -0.2107
vn -0.5235 -0.8258 -0.2099
vn -0.7462 -0.3262 -0.5803
vn 0.0302 0.4452 -0.8949
vn -0.0303 0.4458 -0.8946
vn -0.0767 0.5116 -0.8558
vn -0.3677 0.1542 -0.9171
vn -0.2629 0.4244 -0.8665
vn 0.1252 0.9582 0.2574
vn -0.2308 0.6378 -0.7348
vn -0.4771 -0.2480 -0.8431
vn -0.3027 -0.8823 -0.3605
vn -0.2535 0.1239 -0.9594
vn -0.2214 0.2552 -0.9412
vn -0.3409 -0.7357 -0.5853
vn 0.2418 -0.5419 -0.8049
vn 0.3172 -0.2000 -0.9270
vn 0.2230 -0.0869 -0.9709
vn 0.1631 0.1491 -0.9753
vn 0.1922 -0.0104 -0.9813
vn -0.0278 -0.7429 -0.6688
vn 0.0783 -0.5949 -0.8000
vn -0.1723 -0.9833 0.0584
vn -0.1139 -0.9905 0.0764
vn 0.1419 -0.9652 -0.2198
vn 0.4423 -0.4949 -0.7479
vn -0.0002 1.0000 -0.0000
vn -0.9869 -0.1591 -0.0261
vn -0.9898 0.1312 0.0558
vn 0.0883 -0.9957 -0.0280
vn 0.0621 -0.9980 -0.0098
vn -0.1617 -0.9868 -0.0112
vn -0.8203 0.5260 0.2246
vn 0.3537 0.9342 0.0465
vn 0.0741 0.9970 -0.0211
vn 0.9992 -0.0015 0.0399
vn 0.9769 0.1030 0.1871
vn 0.9710 -0.0510 0.2334
vn 0.9983 -0.0215 -0.0537
vn 0.9372 0.2108 0.2780
vn 0.7252 0.6883 0.0184
vn 0.9136 0.3248 -0.2446
vn 0.4898 0.8587 0.1507
vn 0.4482 0.8748 0.1838
vn 0.2610 0.9606 0.0956
vn 0.3473 0.8149 0.4639
vn 0.3748 0.7006 0.6072
vn 0.9993 0.0005 0.0375
vn 0.9380 0.0936 0.3338
vn 0.6497 -0.0152 0.7600
vn 0.4304 0.0759 0.8995
vn 0.0445 -0.0495 0.9978
vn -0.0559 -0.0308 0.9980
vn -0.6219 -0.2291 0.7489
vn -0.7546 -0.3421 0.5599
vn -0.7183 -0.1797 0.6721
vn 0.6216 0.7749 -0.1151
vn 0.6618 0.7436 -0.0950
vn 0.7772 0.4220 0.4667
vn 0.0738 -0.1979 0.9774
vn -0.1573 -0.7800 0.6058
vn 0.4766 0.2371 0.8465
vn -0.6016 -0.4479 -0.6614
vn 0.3834 0.6652 0.6407
vn 0.6874 -0.1865 0.7019
vn 0.8220 0.3853 0.4194
vn 0.1887 -0.9483 0.2551
vn 0.2058 0.9767 -0.0602
vn 0.5713 -0.7987 -0.1887
vn 0.6634 -0.7374 -0.1275
vn 0.3538 -0.5633 -0.7467
vn 0.2953 -0.4450 -0.8455
vn -0.0525 0.7242 0.6876
vn 0.0087 -0.9999 -0.0134
vn -0.0249 -0.9993 -0.0275
vn 0.0185 -0.9997 0.0152
vn 0.0058 -0.9999 0.0104
vn -0.0110 -0.9999 -0.0054
vn 0.0003 -1.0000 -0.0009
vn -0.1898 -0.9267 -0.3242
vn -0.2917 -0.6656 -0.6870
vn -0.2770 0.2599 -0.9251
vn -0.2975 -0.0669 -0.9524
vn -0.3449 -0.3437 -0.8734
vn -0.3085 -0.1353 -0.9416
vn -0.2705 -0.9384 -0.2150
vn -0.2710 -0.9377 -0.2175
vn -0.2922 -0.9020 -0.3178
vn 0.4103 -0.1078 0.9055
vn 0.4103 -0.1078 0.9056
vn 0.0275 -0.8025 0.5961
vn 0.2129 -0.0936 0.9726
vn 0.2430 0.1314 0.9611
vn 0.0220 -0.7083 0.7055
vn 0.1006 -0.1969 0.9752
vn 0.0031 -0.5807 0.8141
vn 0.4375 -0.2075 0.8749
vn 0.7420 -0.0896 0.6644
vn 0.4445 -0.1952 0.8743
vn 0.3479 0.4443 0.8256
vn 0.2014 0.1083 0.9735
vn 0.0448 -0.0586 0.9973
vn 0.1050 -0.1876 0.9766
vn 0.0078 -0.8081 0.5889
vn -0.1146 -0.9541 0.2766
vn -0.0509 -0.8999 0.4332
vn 0.0763 -0.7447 0.6630
vn 0.3452 0.0532 0.9370
vn 0.3233 -0.0483 0.9451
vn 0.7225 -0.6293 0.2865
vn 0.8475 -0.3465 0.4022
vn 0.8348 -0.2992 0.4621
vn 0.8715 -0.0568 0.4871
vn 0.0051 -0.9975 0.0704
vn 0.1086 -0.9923 -0.0601
vn 0.1239 0.9923 -0.0049
vn 0.4714 -0.3741 0.7986
vn 0.4583 -0.4973 0.7366
vn 0.7099 -0.6108 0.3505
vn 0.4584 -0.8301 -0.3176
vn 0.6498 -0.7374 -0.1845
vn 0.5506 -0.7119 0.4359
vn -0.0971 -0.9952 0.0106
vn 0.0542 -0.8980 0.4367
vn 0.0490 -0.9044 0.4239
vn 0.3781 0.5528 0.7426
vn 0.2970 -0.0712 0.9522
vn 0.2605 -0.2991 0.9180
vn 0.2967 -0.1445 0.9440
vn 0.1865 -0.4810 0.8567
vn 0.0290 -0.7993 0.6003
vn -0.1193 -0.9603 0.2524
s 0
usemtl SEAT-BASE
f 70//127 71//127 72//127
f 72//128 70//128 73//128
f 73//129 72//129 74//129
f 74//130 75//130 72//130
f 75//131 72//131 76//131
f 72//132 76//132 71//132
f 76//133 77//133 75//133
f 79//134 81//134 80//134
f 79//135 82//135 81//135
f 81//136 83//136 80//136
f 84//137 80//137 83//137
f 84//138 83//138 85//138
f 86//139 75//139 77//139
f 86//140 77//140 87//140
f 88//141 84//141 85//141
f 139//142 84//142 88//142
f 89//143 90//143 91//143
f 89//143 91//143 92//143
f 93//144 94//144 95//144
f 96//145 97//145 98//145
f 99//146 100//146 94//146
f 99//147 94//147 96//147
f 101//148 96//148 98//148
f 101//149 98//149 102//149
f 103//150 88//150 85//150
f 103//151 104//151 88//151
f 88//152 106//152 105//152
f 104//153 106//153 88//153
f 104//154 107//154 106//154
f 92//155 108//155 90//155
f 108//156 91//156 90//156
f 92//157 110//157 108//157
f 111//158 112//158 113//158
f 111//159 113//159 114//159
f 114//160 113//160 118//160
f 114//161 118//161 115//161
f 115//162 118//162 101//162
f 115//163 101//163 102//163
f 115//164 102//164 116//164
f 115//165 116//165 117//165
f 106//166 112//166 145//166
f 106//167 145//167 105//167
f 106//168 113//168 112//168
f 101//169 118//169 99//169
f 116//170 102//170 119//170
f 118//171 113//171 120//171
f 113//172 120//172 106//172
f 120//173 106//173 107//173
f 118//174 120//174 107//174
f 118//175 107//175 100//175
f 100//176 107//176 121//176
f 96//177 101//177 99//177
f 95//178 94//178 121//178
f 122//179 95//179 121//179
f 107//180 104//180 121//180
f 122//181 121//181 104//181
f 124//182 125//182 109//182
f 124//183 109//183 91//183
f 124//184 91//184 126//184
f 126//185 91//185 108//185
f 127//186 104//186 103//186
f 127//187 103//187 555//187
f 122//188 104//188 127//188
f 128//189 127//189 555//189
f 123//190 122//190 127//190
f 123//191 127//191 128//191
f 128//192 123//192 129//192
f 110//193 123//193 130//193
f 108//194 110//194 130//194
f 130//195 123//195 129//195
f 131//196 132//196 71//196
f 133//197 131//197 132//197
f 131//198 76//198 134//198
f 76//199 71//199 131//199
f 134//200 77//200 76//200
f 135//201 78//201 79//201
f 80//202 135//202 79//202
f 135//203 136//203 78//203
f 410//204 136//204 135//204
f 135//205 80//205 84//205
f 135//206 84//206 137//206
f 410//207 135//207 137//207
f 77//208 134//208 138//208
f 77//209 138//209 87//209
f 139//210 137//210 84//210
f 139//211 141//211 140//211
f 139//212 105//212 141//212
f 105//213 142//213 141//213
f 144//214 145//214 112//214
f 144//215 112//215 111//215
f 146//216 152//216 145//216
f 146//217 145//217 144//217
f 147//218 152//218 146//218
f 148//219 147//219 146//219
f 149//220 148//220 146//220
f 150//221 148//221 149//221
f 149//222 151//222 150//222
f 117//223 116//223 151//223
f 117//224 151//224 149//224
f 105//225 145//225 152//225
f 142//226 105//226 152//226
f 153//227 148//227 150//227
f 119//228 151//228 116//228
f 119//229 154//229 151//229
f 147//230 142//230 152//230
f 148//231 142//231 147//231
f 142//232 148//232 143//232
f 155//233 141//233 142//233
f 155//234 142//234 173//234
f 156//235 141//235 155//235
f 140//236 141//236 156//236
f 105//237 139//237 88//237
f 157//238 109//238 125//238
f 157//239 125//239 158//239
f 159//240 130//240 129//240
f 115//241 117//241 114//241
f 114//242 117//242 149//242
f 114//243 149//243 111//243
f 111//244 149//244 144//244
f 144//245 149//245 146//245
f 169//246 119//246 109//246
f 91//247 109//247 119//247
f 91//248 119//248 102//248
f 92//249 91//249 102//249
f 92//250 102//250 97//250
f 92//251 97//251 96//251
f 92//252 96//252 110//252
f 110//253 96//253 94//253
f 110//254 93//254 95//254
f 123//255 110//255 95//255
f 160//256 161//256 162//256
f 160//257 162//257 163//257
f 164//258 151//258 167//258
f 164//259 165//259 153//259
f 162//260 168//260 160//260
f 162//261 161//261 168//261
f 168//262 170//262 160//262
f 171//263 170//263 168//263
f 170//264 171//264 178//264
f 151//265 153//265 150//265
f 165//266 172//266 153//266
f 172//267 143//267 148//267
f 143//268 173//268 142//268
f 143//269 172//269 173//269
f 153//270 151//270 164//270
f 174//271 173//271 165//271
f 155//272 173//272 174//272
f 169//273 175//273 176//273
f 161//274 169//274 176//274
f 176//275 168//275 161//275
f 156//276 155//276 174//276
f 156//277 174//277 177//277
f 453//278 156//278 177//278
f 177//279 174//279 178//279
f 180//280 175//280 169//280
f 180//281 169//281 179//281
f 178//282 171//282 181//282
f 181//283 171//283 168//283
f 181//284 168//284 182//284
f 169//285 154//285 119//285
f 161//286 154//286 169//286
f 161//287 160//287 167//287
f 161//288 167//288 154//288
f 170//289 164//289 167//289
f 170//290 167//290 160//290
f 178//291 164//291 166//291
f 178//292 166//292 170//292
f 178//293 165//293 164//293
f 185//294 186//294 184//294
f 186//295 184//295 187//295
f 184//296 187//296 183//296
f 186//297 187//297 188//297
f 189//298 190//298 193//298
f 190//299 191//299 193//299
f 192//300 193//300 191//300
f 194//301 193//301 192//301
f 194//302 192//302 195//302
f 196//303 186//303 188//303
f 196//304 188//304 197//304
f 198//305 195//305 199//305
f 198//306 194//306 195//306
f 200//307 201//307 202//307
f 200//307 202//307 203//307
f 204//308 205//308 206//308
f 207//309 208//309 209//309
f 210//310 211//310 205//310
f 210//311 205//311 207//311
f 212//312 207//312 209//312
f 212//313 209//313 213//313
f 215//314 214//314 198//314
f 215//315 198//315 199//315
f 215//316 216//316 217//316
f 215//317 217//317 214//317
f 198//318 214//318 219//318
f 198//319 219//319 218//319
f 217//320 219//320 214//320
f 217//321 220//321 219//321
f 203//322 221//322 201//322
f 221//323 202//323 201//323
f 203//324 223//324 221//324
f 224//325 225//325 226//325
f 224//326 226//326 227//326
f 227//327 226//327 231//327
f 227//328 231//328 228//328
f 228//329 231//329 212//329
f 228//330 212//330 213//330
f 228//331 213//331 229//331
f 228//332 229//332 230//332
f 219//333 225//333 259//333
f 219//334 259//334 218//334
f 219//335 226//335 225//335
f 212//336 231//336 210//336
f 229//337 213//337 232//337
f 231//338 226//338 233//338
f 226//339 233//339 219//339
f 233//340 219//340 220//340
f 231//341 233//341 220//341
f 231//342 220//342 211//342
f 211//343 220//343 234//343
f 207//344 212//344 210//344
f 206//345 205//345 234//345
f 235//346 206//346 234//346
f 236//347 235//347 237//347
f 220//348 217//348 234//348
f 235//349 234//349 217//349
f 237//350 235//350 217//350
f 238//351 239//351 222//351
f 238//352 222//352 202//352
f 238//353 202//353 240//353
f 240//354 202//354 221//354
f 241//355 217//355 216//355
f 477//356 237//356 217//356
f 477//357 217//357 241//357
f 242//358 237//358 477//358
f 236//359 237//359 242//359
f 236//360 242//360 243//360
f 223//361 236//361 244//361
f 221//362 223//362 244//362
f 244//363 236//363 243//363
f 245//364 246//364 183//364
f 187//365 183//365 245//365
f 187//366 245//366 247//366
f 249//367 248//367 189//367
f 249//368 189//368 193//368
f 193//369 194//369 252//369
f 252//370 249//370 193//370
f 249//371 252//371 250//371
f 187//372 247//372 251//372
f 187//373 251//373 197//373
f 188//374 187//374 197//374
f 198//375 252//375 194//375
f 252//376 198//376 253//376
f 254//377 252//377 253//377
f 253//378 255//378 254//378
f 253//379 218//379 255//379
f 218//380 256//380 255//380
f 258//381 259//381 225//381
f 258//382 225//382 224//382
f 260//383 266//383 259//383
f 260//384 259//384 258//384
f 261//385 266//385 260//385
f 262//386 261//386 260//386
f 263//387 262//387 260//387
f 264//388 262//388 263//388
f 263//389 265//389 264//389
f 230//390 229//390 265//390
f 230//391 265//391 263//391
f 218//392 259//392 266//392
f 256//393 218//393 266//393
f 267//394 262//394 264//394
f 232//395 265//395 229//395
f 232//396 268//396 265//396
f 261//397 256//397 266//397
f 262//398 256//398 261//398
f 256//399 262//399 257//399
f 269//400 255//400 256//400
f 269//401 256//401 287//401
f 270//402 255//402 269//402
f 254//403 255//403 270//403
f 218//404 253//404 198//404
f 271//405 222//405 239//405
f 271//406 239//406 272//406
f 273//407 244//407 243//407
f 228//408 230//408 227//408
f 227//409 230//409 263//409
f 227//410 263//410 224//410
f 224//411 263//411 258//411
f 258//412 263//412 260//412
f 283//413 232//413 222//413
f 202//414 222//414 232//414
f 202//415 232//415 213//415
f 203//416 202//416 213//416
f 203//417 213//417 208//417
f 203//418 208//418 207//418
f 203//419 207//419 223//419
f 223//420 207//420 205//420
f 223//421 204//421 206//421
f 236//422 223//422 206//422
f 274//423 275//423 276//423
f 274//424 276//424 277//424
f 278//425 265//425 281//425
f 278//426 279//426 267//426
f 276//427 282//427 274//427
f 276//428 275//428 282//428
f 282//429 284//429 274//429
f 285//430 284//430 282//430
f 284//431 285//431 289//431
f 265//432 267//432 264//432
f 279//433 286//433 267//433
f 286//434 257//434 262//434
f 257//435 287//435 256//435
f 257//436 286//436 287//436
f 267//437 265//437 278//437
f 288//438 287//438 279//438
f 269//439 287//439 288//439
f 283//440 290//440 291//440
f 275//441 283//441 291//441
f 291//442 282//442 275//442
f 270//443 269//443 288//443
f 270//444 288//444 292//444
f 349//445 270//445 292//445
f 292//446 288//446 289//446
f 292//447 289//447 293//447
f 294//448 293//448 289//448
f 294//449 289//449 285//449
f 296//450 290//450 283//450
f 296//451 283//451 295//451
f 294//452 285//452 297//452
f 297//453 285//453 282//453
f 297//454 282//454 298//454
f 283//455 268//455 232//455
f 275//456 268//456 283//456
f 275//457 274//457 281//457
f 275//458 281//458 268//458
f 284//459 278//459 281//459
f 284//460 281//460 274//460
f 289//461 278//461 280//461
f 289//462 280//462 284//462
f 289//463 279//463 278//463
f 300//464 299//464 301//464
f 300//465 301//465 245//465
f 301//466 245//466 246//466
f 247//467 245//467 300//467
f 247//468 300//468 302//468
f 247//469 302//469 303//469
f 304//470 247//470 303//470
f 305//471 248//471 249//471
f 308//472 307//472 250//472
f 250//473 307//473 249//473
f 251//474 304//474 303//474
f 251//475 303//475 309//475
f 310//476 250//476 252//476
f 310//477 308//477 250//477
f 360//478 308//478 310//478
f 311//479 312//479 313//479
f 311//480 313//480 314//480
f 315//481 316//481 317//481
f 318//482 319//482 320//482
f 321//483 322//483 316//483
f 321//484 316//484 318//484
f 323//485 318//485 320//485
f 323//486 320//486 324//486
f 254//487 310//487 252//487
f 254//488 325//488 310//488
f 310//489 327//489 326//489
f 325//490 327//490 310//490
f 325//491 328//491 327//491
f 314//492 329//492 312//492
f 329//493 313//493 312//493
f 314//494 331//494 329//494
f 332//495 333//495 334//495
f 332//496 334//496 335//496
f 335//497 334//497 339//497
f 335//498 339//498 336//498
f 336//499 339//499 323//499
f 336//500 323//500 324//500
f 336//501 324//501 337//501
f 336//502 337//502 338//502
f 327//503 333//503 366//503
f 327//504 366//504 326//504
f 327//505 334//505 333//505
f 323//506 339//506 321//506
f 337//507 324//507 340//507
f 339//508 334//508 341//508
f 334//509 341//509 327//509
f 341//510 327//510 328//510
f 339//511 341//511 328//511
f 339//512 328//512 322//512
f 322//513 328//513 342//513
f 318//514 323//514 321//514
f 317//515 316//515 342//515
f 343//516 317//516 342//516
f 343//517 342//517 344//517
f 345//518 343//518 344//518
f 328//519 325//519 342//519
f 344//520 342//520 325//520
f 346//521 347//521 330//521
f 346//522 330//522 313//522
f 346//523 313//523 348//523
f 348//524 313//524 329//524
f 344//525 325//525 254//525
f 344//526 254//526 270//526
f 349//527 344//527 270//527
f 345//528 344//528 349//528
f 345//529 349//529 292//529
f 292//530 345//530 293//530
f 331//531 345//531 350//531
f 329//532 331//532 350//532
f 350//533 345//533 293//533
f 351//534 300//534 299//534
f 352//535 351//535 300//535
f 353//536 352//536 351//536
f 302//537 300//537 352//537
f 302//538 352//538 354//538
f 354//539 303//539 302//539
f 355//540 305//540 249//540
f 306//541 355//541 249//541
f 357//542 356//542 355//542
f 357//543 355//543 306//543
f 306//544 249//544 307//544
f 306//545 307//545 308//545
f 306//546 308//546 358//546
f 309//547 303//547 354//547
f 309//548 354//548 359//548
f 360//549 358//549 308//549
f 360//550 362//550 361//550
f 360//551 326//551 362//551
f 326//552 363//552 362//552
f 365//553 366//553 333//553
f 365//554 333//554 332//554
f 367//555 373//555 366//555
f 367//556 366//556 365//556
f 368//557 373//557 367//557
f 369//558 368//558 367//558
f 370//559 369//559 367//559
f 371//560 369//560 370//560
f 370//561 372//561 371//561
f 338//562 337//562 372//562
f 338//563 372//563 370//563
f 326//564 366//564 373//564
f 363//565 326//565 373//565
f 374//566 369//566 371//566
f 340//567 372//567 337//567
f 340//568 375//568 372//568
f 368//569 363//569 373//569
f 369//570 363//570 368//570
f 363//571 369//571 364//571
f 376//572 362//572 363//572
f 376//573 363//573 393//573
f 377//574 362//574 376//574
f 361//575 362//575 377//575
f 326//576 360//576 310//576
f 378//577 330//577 347//577
f 378//578 347//578 379//578
f 297//579 350//579 293//579
f 336//580 338//580 335//580
f 335//581 338//581 370//581
f 335//582 370//582 332//582
f 332//583 370//583 365//583
f 365//584 370//584 367//584
f 389//585 340//585 330//585
f 313//586 330//586 340//586
f 313//587 340//587 324//587
f 314//588 313//588 324//588
f 314//589 324//589 319//589
f 314//590 319//590 318//590
f 314//591 318//591 331//591
f 331//592 318//592 316//592
f 331//593 315//593 317//593
f 345//594 331//594 317//594
f 380//595 381//595 382//595
f 380//596 382//596 383//596
f 384//597 372//597 387//597
f 384//598 385//598 374//598
f 382//599 388//599 380//599
f 382//600 381//600 388//600
f 388//601 390//601 380//601
f 391//602 390//602 388//602
f 390//603 391//603 398//603
f 372//604 374//604 371//604
f 385//605 392//605 374//605
f 392//606 364//606 369//606
f 364//607 393//607 363//607
f 364//608 392//608 393//608
f 374//609 372//609 384//609
f 394//610 393//610 385//610
f 376//611 393//611 394//611
f 389//612 395//612 396//612
f 381//613 389//613 396//613
f 396//614 388//614 381//614
f 377//615 376//615 394//615
f 377//616 394//616 397//616
f 573//617 377//617 397//617
f 397//618 394//618 398//618
f 400//619 395//619 389//619
f 400//620 389//620 399//620
f 398//621 391//621 401//621
f 401//622 391//622 388//622
f 401//623 388//623 402//623
f 389//624 375//624 340//624
f 381//625 375//625 389//625
f 381//626 380//626 387//626
f 381//627 387//627 375//627
f 390//628 384//628 387//628
f 390//629 387//629 380//629
f 398//630 384//630 386//630
f 398//631 386//631 390//631
f 398//632 385//632 384//632
f 405//633 406//633 404//633
f 406//634 404//634 407//634
f 404//635 407//635 403//635
f 406//636 407//636 408//636
f 409//637 136//637 410//637
f 412//638 411//638 410//638
f 412//639 410//639 137//639
f 138//640 406//640 408//640
f 138//641 408//641 413//641
f 414//642 137//642 139//642
f 414//643 412//643 137//643
f 199//644 412//644 414//644
f 415//645 416//645 417//645
f 415//645 417//645 418//645
f 419//646 420//646 421//646
f 422//647 423//647 424//647
f 425//648 426//648 420//648
f 425//649 420//649 422//649
f 427//650 422//650 424//650
f 427//651 424//651 428//651
f 140//652 414//652 139//652
f 140//653 429//653 414//653
f 414//654 431//654 430//654
f 429//655 431//655 414//655
f 429//656 432//656 431//656
f 418//657 433//657 416//657
f 433//658 417//658 416//658
f 418//659 435//659 433//659
f 436//660 437//660 438//660
f 436//661 438//661 439//661
f 439//662 438//662 443//662
f 439//663 443//663 440//663
f 440//664 443//664 427//664
f 440//665 427//665 428//665
f 440//666 428//666 441//666
f 440//667 441//667 442//667
f 431//668 437//668 466//668
f 431//669 466//669 430//669
f 431//670 438//670 437//670
f 427//671 443//671 425//671
f 441//672 428//672 444//672
f 443//673 438//673 445//673
f 438//674 445//674 431//674
f 445//675 431//675 432//675
f 443//676 445//676 432//676
f 443//677 432//677 426//677
f 426//678 432//678 446//678
f 422//679 427//679 425//679
f 421//680 420//680 446//680
f 447//681 421//681 446//681
f 447//682 446//682 448//682
f 449//683 447//683 448//683
f 432//684 429//684 446//684
f 448//685 446//685 429//685
f 450//686 451//686 434//686
f 450//687 434//687 417//687
f 450//688 417//688 452//688
f 452//689 417//689 433//689
f 448//690 429//690 140//690
f 448//691 140//691 156//691
f 453//692 448//692 156//692
f 449//693 448//693 453//693
f 449//694 453//694 177//694
f 177//695 449//695 178//695
f 435//696 449//696 454//696
f 433//697 435//697 454//697
f 454//698 449//698 178//698
f 455//699 456//699 403//699
f 457//700 455//700 456//700
f 455//701 407//701 458//701
f 407//702 403//702 455//702
f 407//703 459//703 408//703
f 458//704 459//704 407//704
f 460//705 409//705 410//705
f 411//706 460//706 410//706
f 191//707 460//707 411//707
f 192//708 191//708 411//708
f 411//709 412//709 195//709
f 192//710 411//710 195//710
f 459//711 458//711 461//711
f 459//712 461//712 413//712
f 408//713 459//713 413//713
f 199//714 195//714 412//714
f 199//715 462//715 215//715
f 199//716 430//716 462//716
f 430//717 463//717 462//717
f 465//718 466//718 437//718
f 465//719 437//719 436//719
f 467//720 473//720 466//720
f 467//721 466//721 465//721
f 468//722 473//722 467//722
f 469//723 468//723 467//723
f 470//724 469//724 467//724
f 471//725 469//725 470//725
f 470//726 472//726 471//726
f 442//727 441//727 472//727
f 442//728 472//728 470//728
f 430//729 466//729 473//729
f 463//730 430//730 473//730
f 474//731 469//731 471//731
f 444//732 472//732 441//732
f 444//733 475//733 472//733
f 468//734 463//734 473//734
f 469//735 463//735 468//735
f 463//736 469//736 464//736
f 476//737 462//737 463//737
f 476//738 463//738 493//738
f 477//739 462//739 476//739
f 215//740 462//740 477//740
f 241//741 215//741 477//741
f 430//742 199//742 414//742
f 478//743 434//743 451//743
f 478//744 451//744 479//744
f 181//745 454//745 178//745
f 440//746 442//746 439//746
f 439//747 442//747 470//747
f 439//748 470//748 436//748
f 436//749 470//749 465//749
f 465//750 470//750 467//750
f 489//751 444//751 434//751
f 417//752 434//752 444//752
f 417//753 444//753 428//753
f 418//754 417//754 428//754
f 418//755 428//755 423//755
f 418//756 423//756 422//756
f 418//757 422//757 435//757
f 435//758 422//758 420//758
f 435//759 419//759 421//759
f 449//760 435//760 421//760
f 480//761 481//761 482//761
f 480//762 482//762 483//762
f 484//763 472//763 487//763
f 484//764 485//764 474//764
f 482//765 488//765 480//765
f 482//766 481//766 488//766
f 488//767 490//767 480//767
f 491//768 490//768 488//768
f 490//769 491//769 495//769
f 472//770 474//770 471//770
f 485//771 492//771 474//771
f 492//772 464//772 469//772
f 464//773 493//773 463//773
f 464//774 492//774 493//774
f 474//775 472//775 484//775
f 494//776 493//776 485//776
f 476//777 493//777 494//777
f 489//778 496//778 497//778
f 481//779 489//779 497//779
f 497//780 488//780 481//780
f 477//781 476//781 494//781
f 477//782 494//782 495//782
f 477//783 495//783 498//783
f 498//784 242//784 477//784
f 498//785 495//785 491//785
f 500//786 496//786 489//786
f 500//787 489//787 499//787
f 498//788 491//788 273//788
f 273//789 491//789 488//789
f 273//790 488//790 501//790
f 489//791 475//791 444//791
f 481//792 475//792 489//792
f 481//793 480//793 487//793
f 481//794 487//794 475//794
f 490//795 484//795 487//795
f 490//796 487//796 480//796
f 495//797 484//797 486//797
f 495//798 486//798 490//798
f 495//799 485//799 484//799
f 502//536 503//536 504//536
f 505//800 502//800 503//800
f 506//801 505//801 502//801
f 505//802 507//802 508//802
f 507//803 503//803 505//803
f 508//804 509//804 507//804
f 83//805 511//805 510//805
f 511//806 83//806 82//806
f 85//807 83//807 512//807
f 85//808 512//808 513//808
f 509//809 508//809 514//809
f 509//810 514//810 515//810
f 557//811 509//811 515//811
f 85//812 513//812 516//812
f 517//813 518//813 519//813
f 517//814 519//814 520//814
f 521//815 524//815 525//815
f 521//816 522//816 526//816
f 103//817 85//817 516//817
f 516//818 528//818 103//818
f 516//819 561//819 528//819
f 561//820 529//820 528//820
f 519//821 531//821 517//821
f 519//822 518//822 531//822
f 531//823 533//823 517//823
f 534//824 533//824 531//824
f 533//825 534//825 551//825
f 535//826 536//826 537//826
f 538//827 546//827 536//827
f 538//828 536//828 535//828
f 539//829 546//829 538//829
f 540//830 539//830 538//830
f 541//831 539//831 540//831
f 542//832 541//832 540//832
f 543//833 524//833 542//833
f 543//834 542//834 540//834
f 544//835 545//835 524//835
f 544//836 524//836 543//836
f 561//837 536//837 546//837
f 529//838 561//838 546//838
f 526//839 541//839 542//839
f 547//840 524//840 545//840
f 547//841 527//841 524//841
f 524//842 526//842 542//842
f 539//843 529//843 546//843
f 541//844 529//844 539//844
f 529//845 541//845 530//845
f 522//846 548//846 526//846
f 548//847 530//847 541//847
f 530//848 549//848 529//848
f 530//849 548//849 549//849
f 526//850 524//850 521//850
f 550//851 549//851 522//851
f 552//852 528//852 529//852
f 552//853 529//853 549//853
f 552//854 549//854 550//854
f 532//855 553//855 554//855
f 518//856 532//856 554//856
f 554//857 531//857 518//857
f 555//858 528//858 552//858
f 103//859 528//859 555//859
f 555//860 552//860 550//860
f 555//861 550//861 128//861
f 128//862 550//862 551//862
f 128//863 551//863 129//863
f 556//864 129//864 551//864
f 556//865 551//865 534//865
f 503//866 504//866 353//866
f 503//866 353//866 352//866
f 354//867 352//867 503//867
f 354//868 503//868 507//868
f 507//869 509//869 557//869
f 354//870 507//870 557//870
f 83//871 510//871 558//871
f 83//872 558//872 357//872
f 306//873 512//873 357//873
f 512//874 83//874 357//874
f 513//875 512//875 358//875
f 358//876 512//876 306//876
f 359//877 354//877 557//877
f 359//878 557//878 515//878
f 358//879 360//879 559//879
f 559//880 513//880 358//880
f 516//881 513//881 559//881
f 361//882 559//882 360//882
f 361//883 560//883 559//883
f 559//884 562//884 561//884
f 560//885 562//885 559//885
f 560//886 563//886 562//886
f 564//887 535//887 537//887
f 564//888 537//888 565//888
f 564//889 565//889 566//889
f 566//890 565//890 569//890
f 566//891 569//891 567//891
f 567//892 569//892 568//892
f 567//893 568//893 571//893
f 567//894 571//894 545//894
f 567//895 545//895 544//895
f 562//896 537//896 536//896
f 562//897 536//897 561//897
f 562//898 565//898 537//898
f 568//899 569//899 570//899
f 545//900 571//900 547//900
f 569//901 565//901 572//901
f 565//902 572//902 562//902
f 572//903 562//903 563//903
f 593//904 560//904 361//904
f 593//905 361//905 377//905
f 573//906 593//906 377//906
f 561//907 516//907 559//907
f 575//908 553//908 532//908
f 575//909 532//909 574//909
f 556//910 534//910 159//910
f 159//911 534//911 531//911
f 159//912 531//912 576//912
f 544//913 543//913 540//913
f 538//914 544//914 540//914
f 567//915 544//915 538//915
f 535//916 567//916 538//916
f 566//917 567//917 535//917
f 564//918 566//918 535//918
f 527//919 547//919 532//919
f 518//920 527//920 532//920
f 525//921 527//921 518//921
f 525//922 518//922 517//922
f 533//923 521//923 525//923
f 533//924 525//924 517//924
f 551//925 521//925 523//925
f 551//926 523//926 533//926
f 522//927 521//927 551//927
f 577//928 578//928 579//928
f 577//929 579//929 580//929
f 581//930 582//930 583//930
f 584//931 585//931 586//931
f 570//932 587//932 582//932
f 570//933 582//933 584//933
f 568//934 584//934 586//934
f 568//935 586//935 571//935
f 580//936 588//936 578//936
f 588//937 579//937 578//937
f 580//938 590//938 588//938
f 569//939 572//939 563//939
f 569//940 563//940 587//940
f 587//941 563//941 591//941
f 584//942 568//942 570//942
f 583//943 582//943 591//943
f 592//944 583//944 591//944
f 592//945 591//945 593//945
f 594//946 592//946 593//946
f 563//947 560//947 591//947
f 593//948 591//948 560//948
f 595//949 596//949 589//949
f 595//950 589//950 579//950
f 595//951 579//951 597//951
f 597//952 579//952 588//952
f 594//953 593//953 573//953
f 594//954 573//954 397//954
f 397//955 594//955 398//955
f 590//956 594//956 598//956
f 588//957 590//957 598//957
f 598//958 594//958 398//958
f 599//959 589//959 596//959
f 599//960 596//960 600//960
f 401//961 598//961 398//961
f 532//962 547//962 589//962
f 547//963 579//963 589//963
f 579//964 547//964 571//964
f 571//965 585//965 580//965
f 571//966 580//966 579//966
f 580//967 585//967 584//967
f 580//968 584//968 590//968
f 590//969 584//969 582//969
f 590//970 581//970 583//970
f 583//971 594//971 590//971
o SEAT-CASTER
usemtl SEAT-CASTER
v 0.018470 -0.004591 -0.354108
v 0.009922 0.031813 -0.332152
v 0.025797 0.064657 -0.378918
v 0.009922 0.031813 -0.395652
v -0.021034 0.018310 -0.395988
v -0.009128 0.031813 -0.395652
v -0.009128 0.031813 -0.332152
v -0.025003 0.066200 -0.347919
v -0.017066 0.002273 -0.346162
v -0.009128 0.047688 -0.390890
v -0.009128 0.059595 -0.379777
v 0.009922 0.047688 -0.390890
v 0.009922 0.059595 -0.379777
v -0.009128 0.063563 -0.363902
v 0.009922 0.063563 -0.363902
v -0.009128 0.059595 -0.348027
v -0.009128 0.047688 -0.336121
v 0.009922 0.059595 -0.348027
v 0.009922 0.047688 -0.336121
v 0.000640 0.071126 -0.354965
v -0.005620 0.069059 -0.356464
v -0.001277 0.057404 -0.344993
v -0.302687 -0.004591 -0.120749
v -0.311235 0.031813 -0.098793
v -0.295360 0.064657 -0.145559
v -0.311235 0.031813 -0.162293
v -0.342192 0.018310 -0.162629
v -0.330285 0.031813 -0.162293
v -0.330285 0.031813 -0.098793
v -0.346160 0.066200 -0.114560
v -0.338223 0.002273 -0.112803
v -0.330285 0.047688 -0.157531
v -0.330285 0.059595 -0.146418
v -0.311235 0.047688 -0.157531
v -0.311235 0.059595 -0.146418
v -0.330285 0.063563 -0.130543
v -0.311235 0.063563 -0.130543
v -0.330285 0.059595 -0.114668
v -0.330285 0.047688 -0.102762
v -0.311235 0.059595 -0.114668
v -0.311235 0.047688 -0.102762
v -0.320517 0.071126 -0.121606
v -0.326777 0.069059 -0.123105
v -0.322434 0.057404 -0.111634
v -0.180086 -0.004591 0.257086
v -0.188617 0.031814 0.279048
v -0.172779 0.064657 0.232270
v -0.188667 0.031814 0.215548
v -0.219623 0.018310 0.215236
v -0.207717 0.031814 0.215563
v -0.207667 0.031814 0.279063
v -0.223555 0.066200 0.263309
v -0.215616 0.002273 0.265060
v -0.207713 0.047689 0.220325
v -0.207704 0.059595 0.231438
v -0.188663 0.047689 0.220311
v -0.188654 0.059595 0.231423
v -0.207692 0.063564 0.247313
v -0.188642 0.063564 0.247298
v -0.207680 0.059595 0.263188
v -0.207670 0.047689 0.275094
v -0.188630 0.059595 0.263173
v -0.188620 0.047689 0.275079
v -0.197917 0.071126 0.256243
v -0.204178 0.069059 0.254749
v -0.199826 0.057404 0.266216
v 0.216808 -0.004591 0.256537
v 0.208304 0.031814 0.278510
v 0.224085 0.064657 0.231712
v 0.208176 0.031814 0.215010
v 0.177219 0.018310 0.214737
v 0.189126 0.031814 0.215048
v 0.189254 0.031814 0.278548
v 0.173347 0.066200 0.262814
v 0.181288 0.002273 0.264555
v 0.189135 0.047689 0.219811
v 0.189158 0.059595 0.230923
v 0.208185 0.047689 0.219772
v 0.208208 0.059595 0.230885
v 0.189190 0.063564 0.246798
v 0.208240 0.063564 0.246760
v 0.189222 0.059595 0.262673
v 0.189246 0.047689 0.274579
v 0.208272 0.059595 0.262635
v 0.208296 0.047689 0.274541
v 0.198976 0.071126 0.255716
v 0.192714 0.069059 0.254230
v 0.197080 0.057404 0.265692
v 0.339256 -0.004591 -0.121073
v 0.330707 0.031813 -0.099117
v 0.346583 0.064657 -0.145883
v 0.330707 0.031813 -0.162617
v 0.299751 0.018310 -0.162953
v 0.311657 0.031813 -0.162617
v 0.311657 0.031813 -0.099117
v 0.295783 0.066200 -0.114884
v 0.303720 0.002273 -0.113127
v 0.311657 0.047688 -0.157855
v 0.311657 0.059595 -0.146742
v 0.330707 0.047688 -0.157855
v 0.330707 0.059595 -0.146742
v 0.311657 0.063563 -0.130867
v 0.330707 0.063563 -0.130867
v 0.311657 0.059595 -0.114992
v 0.311657 0.047688 -0.103086
v 0.330707 0.059595 -0.114992
v 0.330707 0.047688 -0.103086
v 0.321426 0.071126 -0.121930
v 0.315166 0.069059 -0.123429
v 0.319509 0.057404 -0.111958
vn 0.8917 -0.2333 -0.3879
vn -0.7848 -0.0806 0.6145
vn 0.7271 -0.6346 -0.2621
vn 0.9923 -0.0844 0.0904
vn -0.9917 -0.1220 0.0397
vn -0.9908 -0.0924 0.0990
vn 0.9923 -0.1198 0.0300
vn 0.9683 -0.1765 -0.1765
vn -0.9804 -0.1703 -0.0993
vn -1.0000 -0.0000 -0.0000
vn 0.9901 -0.0404 0.1347
vn -0.9858 -0.0482 0.1606
vn 0.2865 0.6775 0.6775
vn -0.0000 0.7071 0.7071
vn 0.7547 0.4639 0.4639
vn -0.7898 0.4007 -0.4644
vn -0.7638 0.4404 -0.4719
vn -0.0000 0.6823 -0.7311
vn -0.1753 0.6718 -0.7197
vn 1.0000 -0.0000 -0.0000
vn -0.0000 -1.0000 -0.0000
vn 0.9205 0.0948 0.3790
vn 0.9424 0.0199 0.3339
vn 0.3834 0.2654 -0.8846
vn -0.0000 0.2425 0.9701
vn -0.4013 0.2221 0.8886
vn -0.0000 0.2873 -0.9578
vn -0.2863 0.2753 -0.9177
vn -0.2840 0.9302 -0.2325
vn 0.1605 0.9576 0.2394
vn -0.0000 0.9701 0.2425
vn -0.0000 0.9701 -0.2425
vn -0.0828 0.9668 -0.2417
vn 0.3756 0.8991 0.2248
vn -0.2864 0.2753 -0.9177
vn 0.8914 -0.2333 -0.3886
vn -0.7843 -0.0806 0.6151
vn 0.7269 -0.6346 -0.2627
vn 0.9924 -0.0844 0.0896
vn -0.9917 -0.1220 0.0405
vn -0.9907 -0.0924 0.0997
vn 0.9924 -0.1198 0.0292
vn 0.9682 -0.1765 -0.1772
vn -0.9805 -0.1703 -0.0986
vn -1.0000 -0.0000 0.0008
vn 0.9902 -0.0404 0.1339
vn -0.9857 -0.0482 0.1614
vn 0.2870 0.6775 0.6772
vn 0.0006 0.7071 0.7071
vn 0.7551 0.4639 0.4633
vn -0.7902 0.4007 -0.4638
vn -0.7641 0.4404 -0.4713
vn -0.0006 0.6823 -0.7311
vn -0.1758 0.6718 -0.7196
vn 1.0000 -0.0000 -0.0008
vn 0.9208 0.0948 0.3783
vn 0.9427 0.0199 0.3332
vn 0.3827 0.2654 -0.8849
vn 0.0008 0.2425 0.9701
vn -0.4006 0.2221 0.8889
vn -0.0007 0.2873 -0.9578
vn -0.2871 0.2753 -0.9175
vn -0.2842 0.9302 -0.2323
vn 0.1607 0.9576 0.2393
vn 0.0002 0.9701 0.2425
vn -0.0002 0.9701 -0.2425
vn -0.0830 0.9668 -0.2416
vn 0.3758 0.8991 0.2245
vn 0.8909 -0.2333 -0.3897
vn -0.7836 -0.0806 0.6161
vn 0.7265 -0.6346 -0.2636
vn 0.9925 -0.0844 0.0884
vn -0.9916 -0.1220 0.0417
vn -0.9906 -0.0924 0.1010
vn 0.9924 -0.1198 0.0280
vn 0.9680 -0.1765 -0.1785
vn -0.9806 -0.1703 -0.0974
vn -1.0000 -0.0000 0.0020
vn 0.9903 -0.0404 0.1327
vn -0.9855 -0.0482 0.1626
vn 0.2879 0.6775 0.6769
vn 0.0014 0.7071 0.7071
vn 0.7557 0.4639 0.4624
vn -0.7907 0.4007 -0.4628
vn -0.7647 0.4404 -0.4704
vn -0.0015 0.6823 -0.7311
vn -0.1767 0.6718 -0.7194
vn 1.0000 -0.0000 -0.0020
vn 0.9213 0.0948 0.3772
vn 0.9431 0.0199 0.3320
vn 0.3817 0.2654 -0.8854
vn 0.0020 0.2425 0.9701
vn -0.3995 0.2221 0.8894
vn -0.0019 0.2873 -0.9578
vn -0.2882 0.2753 -0.9171
vn -0.2845 0.9302 -0.2320
vn 0.1610 0.9576 0.2391
vn 0.0005 0.9701 0.2425
vn -0.0005 0.9701 -0.2425
vn -0.0833 0.9668 -0.2415
vn 0.3761 0.8991 0.2240
vn 0.7271 -0.6346 -0.2622
vn -0.2841 0.9302 -0.2325
s 0
usemtl SEAT-CASTER
f 603//972 601//972 604//972
f 607//973 608//973 609//973
f 605//974 606//974 609//974
f 609//975 610//975 611//975
f 605//976 609//976 608//976
f 612//977 601//977 613//977
f 609//978 611//978 614//978
f 609//979 614//979 607//979
f 613//980 601//980 602//980
f 613//981 602//981 615//981
f 609//982 606//982 610//982
f 604//983 601//983 612//983
f 616//984 608//984 617//984
f 618//985 616//985 617//985
f 618//985 617//985 619//985
f 603//986 618//986 619//986
f 610//987 605//987 608//987
f 610//988 608//988 611//988
f 612//989 610//989 611//989
f 612//989 611//989 613//989
f 603//990 612//990 613//990
f 607//991 614//991 616//991
f 607//991 616//991 617//991
f 615//981 602//981 619//981
f 615//981 619//981 618//981
f 602//992 607//992 606//992
f 602//992 606//992 604//992
f 603//993 619//993 602//993
f 603//994 602//994 601//994
f 603//995 604//995 612//995
f 619//996 617//996 607//996
f 619//996 607//996 602//996
f 617//997 608//997 607//997
f 604//998 606//998 610//998
f 604//998 610//998 612//998
f 606//999 605//999 610//999
f 603//1000 613//1000 615//1000
f 603//1001 615//1001 618//1001
f 615//1002 614//1002 616//1002
f 615//1002 616//1002 618//1002
f 613//1003 611//1003 614//1003
f 613//1003 614//1003 615//1003
f 611//1004 608//1004 614//1004
f 614//1005 608//1005 616//1005
f 625//972 623//972 626//972
f 629//973 630//973 631//973
f 627//974 628//974 631//974
f 631//975 632//975 633//975
f 627//976 631//976 630//976
f 634//977 623//977 635//977
f 631//978 633//978 636//978
f 631//979 636//979 629//979
f 635//980 623//980 624//980
f 635//981 624//981 637//981
f 631//982 628//982 632//982
f 626//983 623//983 634//983
f 638//984 630//984 639//984
f 640//985 638//985 639//985
f 640//985 639//985 641//985
f 625//986 640//986 641//986
f 632//987 627//987 630//987
f 632//988 630//988 633//988
f 634//989 632//989 633//989
f 634//989 633//989 635//989
f 625//990 634//990 635//990
f 629//991 636//991 638//991
f 629//991 638//991 639//991
f 637//981 624//981 641//981
f 637//981 641//981 640//981
f 624//992 629//992 628//992
f 624//992 628//992 626//992
f 625//993 641//993 624//993
f 625//994 624//994 623//994
f 625//995 626//995 634//995
f 641//996 639//996 629//996
f 641//996 629//996 624//996
f 639//997 630//997 629//997
f 626//998 628//998 632//998
f 626//998 632//998 634//998
f 628//1006 627//1006 632//1006
f 625//1000 635//1000 637//1000
f 625//1001 637//1001 640//1001
f 637//1002 636//1002 638//1002
f 637//1002 638//1002 640//1002
f 635//1003 633//1003 636//1003
f 635//1003 636//1003 637//1003
f 633//1004 630//1004 636//1004
f 636//1005 630//1005 638//1005
f 647//1007 645//1007 648//1007
f 651//1008 652//1008 653//1008
f 649//1009 650//1009 653//1009
f 653//1010 654//1010 655//1010
f 649//1011 653//1011 652//1011
f 656//1012 645//1012 657//1012
f 653//1013 655//1013 658//1013
f 653//1014 658//1014 651//1014
f 657//1015 645//1015 646//1015
f 657//1016 646//1016 659//1016
f 653//1017 650//1017 654//1017
f 648//1018 645//1018 656//1018
f 660//1019 652//1019 661//1019
f 662//1020 660//1020 661//1020
f 662//1020 661//1020 663//1020
f 647//1021 662//1021 663//1021
f 654//1022 649//1022 652//1022
f 654//1023 652//1023 655//1023
f 656//1024 654//1024 655//1024
f 656//1024 655//1024 657//1024
f 647//1025 656//1025 657//1025
f 651//1026 658//1026 660//1026
f 651//1026 660//1026 661//1026
f 659//1016 646//1016 663//1016
f 659//1016 663//1016 662//1016
f 646//992 651//992 650//992
f 646//992 650//992 648//992
f 647//1027 663//1027 646//1027
f 647//1028 646//1028 645//1028
f 647//1029 648//1029 656//1029
f 663//1030 661//1030 651//1030
f 663//1030 651//1030 646//1030
f 661//1031 652//1031 651//1031
f 648//1032 650//1032 654//1032
f 648//1032 654//1032 656//1032
f 650//1033 649//1033 654//1033
f 647//1034 657//1034 659//1034
f 647//1035 659//1035 662//1035
f 659//1036 658//1036 660//1036
f 659//1036 660//1036 662//1036
f 657//1037 655//1037 658//1037
f 657//1037 658//1037 659//1037
f 655//1038 652//1038 658//1038
f 658//1039 652//1039 660//1039
f 669//1040 667//1040 670//1040
f 673//1041 674//1041 675//1041
f 671//1042 672//1042 675//1042
f 675//1043 676//1043 677//1043
f 671//1044 675//1044 674//1044
f 678//1045 667//1045 679//1045
f 675//1046 677//1046 680//1046
f 675//1047 680//1047 673//1047
f 679//1048 667//1048 668//1048
f 679//1049 668//1049 681//1049
f 675//1050 672//1050 676//1050
f 670//1051 667//1051 678//1051
f 682//1052 674//1052 683//1052
f 684//1053 682//1053 683//1053
f 684//1053 683//1053 685//1053
f 669//1054 684//1054 685//1054
f 676//1055 671//1055 674//1055
f 676//1056 674//1056 677//1056
f 678//1057 676//1057 677//1057
f 678//1057 677//1057 679//1057
f 669//1058 678//1058 679//1058
f 673//1059 680//1059 682//1059
f 673//1059 682//1059 683//1059
f 681//1049 668//1049 685//1049
f 681//1049 685//1049 684//1049
f 668//992 673//992 672//992
f 668//992 672//992 670//992
f 669//1060 685//1060 668//1060
f 669//1061 668//1061 667//1061
f 669//1062 670//1062 678//1062
f 685//1063 683//1063 673//1063
f 685//1063 673//1063 668//1063
f 683//1064 674//1064 673//1064
f 670//1065 672//1065 676//1065
f 670//1065 676//1065 678//1065
f 672//1066 671//1066 676//1066
f 669//1067 679//1067 681//1067
f 669//1068 681//1068 684//1068
f 681//1069 680//1069 682//1069
f 681//1069 682//1069 684//1069
f 679//1070 677//1070 680//1070
f 679//1070 680//1070 681//1070
f 677//1071 674//1071 680//1071
f 680//1072 674//1072 682//1072
f 691//972 689//972 692//972
f 695//973 696//973 697//973
f 693//1073 694//1073 697//1073
f 697//975 698//975 699//975
f 693//976 697//976 696//976
f 700//977 689//977 701//977
f 697//978 699//978 702//978
f 697//979 702//979 695//979
f 701//980 689//980 690//980
f 701//981 690//981 703//981
f 697//982 694//982 698//982
f 692//983 689//983 700//983
f 704//984 696//984 705//984
f 706//985 704//985 705//985
f 706//985 705//985 707//985
f 691//986 706//986 707//986
f 698//987 693//987 696//987
f 698//988 696//988 699//988
f 700//989 698//989 699//989
f 700//989 699//989 701//989
f 691//990 700//990 701//990
f 695//991 702//991 704//991
f 695//991 704//991 705//991
f 703//981 690//981 707//981
f 703//981 707//981 706//981
f 690//992 695//992 694//992
f 690//992 694//992 692//992
f 691//993 707//993 690//993
f 691//994 690//994 689//994
f 691//995 692//995 700//995
f 707//996 705//996 695//996
f 707//996 695//996 690//996
f 705//997 696//997 695//997
f 692//998 694//998 698//998
f 692//998 698//998 700//998
f 694//1006 693//1006 698//1006
f 691//1074 701//1074 703//1074
f 691//1001 703//1001 706//1001
f 703//1002 702//1002 704//1002
f 703//1002 704//1002 706//1002
f 701//1003 699//1003 702//1003
f 701//1003 702//1003 703//1003
f 699//1004 696//1004 702//1004
f 702//1005 696//1005 704//1005
l 620 621
l 620 622
l 621 622
l 642 643
l 642 644
l 643 644
l 664 665
l 664 666
l 665 666
l 686 687
l 686 688
l 687 688
l 708 709
l 708 710
l 709 710
o SEAT-CHASSIS
usemtl SEAT-CHASSIS
v -0.272605 0.603567 -0.065400
v -0.259483 0.591516 -0.113278
v -0.258399 0.600306 -0.113712
v -0.312841 0.592247 -0.129974
v -0.314163 0.603834 -0.077875
v -0.308074 0.599762 -0.143915
v -0.306709 0.597347 -0.063341
v -0.274054 0.596933 -0.066364
v -0.260019 0.591574 -0.128607
v -0.270488 0.592013 -0.144423
v -0.256278 0.600309 -0.113795
v -0.294230 0.592677 -0.148537
v -0.289792 0.598114 -0.056604
v -0.290834 0.604618 -0.055339
v -0.296918 0.588027 -0.098242
v -0.273007 0.598708 -0.147763
v -0.214735 0.541782 -0.193924
v -0.214449 0.475805 -0.198067
v -0.213993 0.476874 -0.216683
v -0.214834 0.542490 -0.216954
v -0.242437 0.541201 -0.198865
v -0.264548 0.542566 -0.199536
v -0.270405 0.543907 -0.180670
v -0.280658 0.561921 -0.157993
v -0.281469 0.588931 -0.143313
v -0.289589 0.584011 -0.141037
v -0.258145 0.537366 -0.192402
v -0.277734 0.581659 -0.136482
v -0.202558 0.530584 -0.183278
v -0.201847 0.486094 -0.185737
v -0.201838 0.489446 -0.229004
v -0.202573 0.532757 -0.226984
v -0.264722 0.538441 -0.207099
v -0.283639 0.544614 -0.170218
v -0.230261 0.530840 -0.216296
v -0.215187 0.478849 -0.220278
v -0.230294 0.489273 -0.215952
v -0.245362 0.530028 -0.214117
v -0.245561 0.487922 -0.215131
v -0.229280 0.529217 -0.193383
v -0.243739 0.532502 -0.195388
v -0.243318 0.489131 -0.196644
v -0.228677 0.491105 -0.193914
v -0.265377 0.481938 -0.206710
v -0.291982 0.567705 -0.114388
v -0.286092 0.508997 -0.152401
v -0.278281 0.491372 -0.192186
v -0.252100 0.480700 -0.201622
v -0.256644 0.497172 -0.192077
v -0.228768 0.528056 -0.193294
v -0.270163 0.488724 -0.177857
v -0.280798 0.567624 -0.113181
v -0.280303 0.526843 -0.131400
v -0.288090 0.537106 -0.126159
v -0.278765 0.584905 -0.100314
v 0.288796 0.584011 -0.141037
v 0.291188 0.567705 -0.114388
v 0.312047 0.592247 -0.129975
v 0.293436 0.592677 -0.148537
v 0.257868 0.591009 -0.123471
v 0.269694 0.592013 -0.144423
v 0.276940 0.581659 -0.136482
v 0.287296 0.537106 -0.126159
v 0.285299 0.508997 -0.152401
v 0.279509 0.526843 -0.131400
v 0.279771 0.578277 -0.107794
v 0.282845 0.544613 -0.170219
v 0.307281 0.599762 -0.143916
v 0.272213 0.598708 -0.147763
v 0.256293 0.599629 -0.124601
v 0.269612 0.543907 -0.180670
v 0.279864 0.561921 -0.157993
v 0.257351 0.537366 -0.192402
v 0.263754 0.542566 -0.199536
v 0.201764 0.530584 -0.183278
v 0.213942 0.541782 -0.193924
v 0.263928 0.538441 -0.207099
v 0.214040 0.542490 -0.216954
v 0.201780 0.532757 -0.226984
v 0.213655 0.475805 -0.198067
v 0.213199 0.476874 -0.216683
v 0.241643 0.541201 -0.198865
v 0.227884 0.491105 -0.193913
v 0.229500 0.489273 -0.215952
v 0.229467 0.530840 -0.216296
v 0.228486 0.529217 -0.193383
v 0.244767 0.487922 -0.215131
v 0.244569 0.530028 -0.214117
v 0.264583 0.481938 -0.206710
v 0.214393 0.478849 -0.220278
v 0.201044 0.489446 -0.229004
v 0.251307 0.480700 -0.201622
v 0.255850 0.497172 -0.192077
v 0.242524 0.489131 -0.196644
v 0.201054 0.486094 -0.185737
v 0.227974 0.528056 -0.193294
v 0.277487 0.491372 -0.192186
v 0.269370 0.488724 -0.177857
v 0.242945 0.532502 -0.195388
v 0.280675 0.588931 -0.143313
v 0.298164 0.588314 -0.101500
v 0.305916 0.597347 -0.063340
v 0.288998 0.598114 -0.056604
v 0.290040 0.604618 -0.055339
v 0.313369 0.603834 -0.077875
v 0.273261 0.596933 -0.066364
v 0.281648 0.588886 -0.093376
v 0.271811 0.603567 -0.065400
v 0.109776 0.306411 0.076696
v 0.134650 0.300569 0.076696
v 0.134650 0.329749 0.057623
v 0.109776 0.277231 0.057623
v 0.134650 0.277661 0.055808
v 0.109776 0.327586 0.059415
v 0.109776 0.324876 0.036241
v 0.134650 0.317737 0.029102
v 0.109776 0.296355 0.024228
v 0.134650 0.290448 0.027567
v -0.134650 0.306411 0.076696
v -0.109776 0.300569 0.076696
v -0.109776 0.329749 0.057623
v -0.134650 0.327586 0.059415
v -0.134650 0.324876 0.036241
v -0.109776 0.317737 0.029102
v -0.134650 0.296355 0.024228
v -0.109776 0.290448 0.027567
v -0.134650 0.277231 0.057623
v -0.109776 0.277661 0.055808
v 0.168326 0.356767 -0.039703
v 0.179388 0.376036 -0.030868
v 0.186570 0.380598 -0.209306
v 0.181105 0.408358 -0.225628
v 0.191497 0.593820 -0.220172
v 0.191981 0.392203 -0.203371
v 0.195989 0.396375 -0.175768
v 0.194731 0.418765 -0.189612
v 0.193789 0.361264 -0.164506
v 0.178827 0.352664 -0.161542
v 0.192860 0.417903 -0.192617
v 0.280212 0.439704 -0.042144
v 0.281719 0.450588 -0.000468
v 0.181665 0.393866 -0.043071
v 0.166318 0.406151 0.021243
v 0.234233 0.419137 -0.003866
v 0.221587 0.386928 -0.040097
v 0.189587 0.380162 -0.050861
v 0.214977 0.391476 0.005424
v 0.286386 0.513006 -0.026014
v 0.288731 0.479612 -0.009867
v 0.210145 0.405270 -0.217760
v 0.214112 0.591581 -0.204691
v 0.209699 0.418797 -0.209663
v 0.147304 0.381690 0.033172
v 0.170719 0.387495 0.014710
v 0.137627 0.327596 0.060366
v 0.141563 0.316310 0.072630
v 0.153302 0.356986 0.044626
v 0.152325 0.369741 0.033154
v 0.203330 0.596090 -0.208493
v 0.173366 0.596420 -0.207489
v 0.168356 0.418077 -0.216590
v 0.198994 0.602651 -0.219641
v 0.167177 0.362170 -0.220493
v 0.192239 0.369790 -0.219228
v 0.279663 0.490930 0.005697
v 0.274930 0.452527 -0.001542
v 0.140414 0.328594 0.041124
v 0.158184 0.375027 0.055515
v 0.153869 0.321967 0.071800
v 0.155565 0.331982 0.047147
v 0.284615 0.463883 -0.038527
v 0.285441 0.465357 -0.009887
v 0.273993 0.476684 -0.040035
v 0.267013 0.468176 -0.038295
v 0.190931 0.403347 0.002977
v 0.176946 0.402193 0.011773
v 0.207950 0.581799 -0.199030
v 0.214760 0.596889 -0.212649
v 0.144450 0.364628 -0.211184
v 0.273943 0.479330 -0.005396
v 0.275122 0.470396 -0.025028
v 0.285374 0.473976 -0.030877
v 0.209342 0.396951 -0.188609
v 0.198509 0.595935 -0.188933
v 0.184352 0.377669 -0.037881
v 0.182296 0.375957 -0.038200
v 0.167812 0.403406 -0.210852
v 0.163003 0.361324 -0.220368
v 0.152097 0.363135 -0.220697
v 0.201935 0.599457 -0.185540
v 0.197635 0.404521 -0.185586
v 0.148581 0.309619 0.072938
v 0.279713 0.513508 -0.002064
v 0.175638 0.612611 -0.214420
v 0.182981 0.615353 -0.204804
v 0.275443 0.498743 -0.046540
v 0.278598 0.484574 -0.052173
v 0.146058 0.372062 0.075862
v 0.168625 0.364515 -0.207563
v 0.170460 0.360422 -0.209702
v 0.178778 0.410422 -0.212066
v 0.192030 0.409752 -0.206467
v 0.223082 0.400674 -0.039221
v 0.222854 0.401473 -0.039659
v 0.199879 0.392870 -0.049166
v 0.242051 0.406714 -0.043830
v 0.247218 0.411402 0.005613
v 0.240069 0.401266 0.000994
v 0.243006 0.396362 -0.041613
v 0.268180 0.423115 -0.000426
v 0.146445 0.378380 -0.221420
v 0.162299 0.370575 -0.223759
v 0.266814 0.470455 -0.006316
v 0.284665 0.464727 -0.022368
v 0.285156 0.481715 -0.002894
v 0.283997 0.480654 -0.003799
v 0.283636 0.503232 0.002268
v 0.283788 0.514783 -0.041655
v 0.275339 0.514027 -0.041371
v 0.283660 0.521195 -0.022644
v 0.200732 0.418044 -0.190306
v 0.212222 0.416101 -0.198690
v 0.213023 0.602488 -0.190867
v 0.264374 0.427522 0.003796
v 0.180607 0.402710 0.002927
v 0.259807 0.466220 -0.028203
v 0.258350 0.468990 -0.018462
v 0.207337 0.585457 -0.205140
v 0.196505 0.387707 -0.140502
v 0.188456 0.385039 -0.080561
v 0.150780 0.318245 0.030045
v 0.147374 0.357533 0.040315
v 0.173792 0.401984 0.002709
v 0.180621 0.599121 -0.218707
v 0.203535 0.427928 -0.212600
v 0.207592 0.581858 -0.198179
v 0.161871 0.395509 -0.208575
v 0.275576 0.482221 -0.000865
v 0.160588 0.399991 -0.219995
v 0.134650 0.311217 0.074208
v 0.152173 0.368642 0.076865
v 0.154857 0.399979 0.057741
v 0.262234 0.447655 -0.005140
v 0.242720 0.415689 -0.001353
v 0.170771 0.362077 -0.191053
v 0.138182 0.382666 -0.218776
v 0.156400 0.368140 -0.220776
v 0.192618 0.392205 -0.203511
v 0.192410 0.410391 -0.195158
v 0.198862 0.418604 -0.215172
v 0.192554 0.616575 -0.203253
v 0.202038 0.602168 -0.196847
v 0.140163 0.385085 -0.210701
v 0.240027 0.401292 0.001024
v 0.265439 0.474846 -0.038654
v 0.272691 0.433532 -0.043794
v 0.286720 0.479343 -0.039055
v 0.151840 0.311224 0.074203
v 0.152972 0.321826 0.071578
v 0.163019 0.400980 0.055417
v 0.201653 0.616134 -0.213861
v 0.147333 0.370895 0.032222
v 0.286693 0.506717 -0.009069
v 0.243054 0.411591 -0.038410
v 0.243406 0.410969 -0.039808
v 0.163807 0.375356 -0.220628
v 0.157942 0.387003 -0.220567
v 0.152186 0.386640 -0.220325
v 0.275128 0.520721 -0.020585
v 0.286771 0.503605 -0.041112
v 0.191599 0.374799 -0.143385
v 0.153466 0.328537 0.036827
v 0.203143 0.423850 -0.203799
v 0.259470 0.438826 -0.036796
v 0.221200 0.407187 -0.034518
v 0.168030 0.369166 -0.209617
v 0.172659 0.357661 -0.123842
v 0.197999 0.365553 -0.110837
v 0.176795 0.350656 -0.098459
v 0.279947 0.501256 -0.052226
v 0.200979 0.598958 -0.203050
v 0.196931 0.391486 -0.223795
v 0.185534 0.615256 -0.204947
v 0.243500 0.410752 -0.039699
v 0.168570 0.360634 -0.080122
v 0.206942 0.377529 -0.163117
v 0.206865 0.384830 -0.138882
v 0.189892 0.613090 -0.217741
v 0.168747 0.364648 -0.207590
v 0.148010 0.364862 -0.220634
v 0.192265 0.391721 -0.053424
v 0.154782 0.319923 0.069913
v 0.160412 0.318071 0.070530
v 0.134647 0.318507 0.028577
v 0.204986 0.425450 -0.209888
v 0.152673 0.327445 0.036723
v 0.160431 0.328411 0.049807
v 0.160412 0.327070 0.058144
v 0.280777 0.472204 -0.045357
v 0.207418 0.584591 -0.199378
v 0.160412 0.318071 0.030449
v 0.260352 0.426984 -0.037918
v 0.184009 0.396058 -0.035388
v 0.186920 0.397552 -0.026744
v 0.160412 0.311166 0.074048
v 0.152232 0.363468 -0.220660
v 0.194109 0.384435 -0.129006
v 0.194060 0.384423 -0.128999
v 0.191796 0.389297 -0.202479
v 0.155350 0.332000 0.047178
v 0.160412 0.323551 0.035929
v 0.167167 0.362163 -0.220506
v 0.173005 0.417609 -0.215067
v 0.182308 0.375968 -0.038191
v 0.160412 0.323551 0.065050
v 0.160412 0.327070 0.042834
v -0.186570 0.380598 -0.209306
v -0.179373 0.376037 -0.030835
v -0.186808 0.393721 -0.226836
v -0.198970 0.602615 -0.219690
v -0.176795 0.350656 -0.098459
v -0.192860 0.417903 -0.192617
v -0.198509 0.595935 -0.188933
v -0.191981 0.392203 -0.203371
v -0.266543 0.467122 -0.011607
v -0.260100 0.443818 -0.011383
v -0.286029 0.465373 -0.008674
v -0.285072 0.481373 -0.003121
v -0.176733 0.402901 0.011353
v -0.160144 0.406252 0.042718
v -0.169820 0.401637 0.002617
v -0.182283 0.395355 -0.035668
v -0.189887 0.403253 0.002962
v -0.242530 0.397117 -0.042015
v -0.240069 0.401266 0.000994
v -0.209811 0.418569 -0.209695
v -0.214284 0.591912 -0.205033
v -0.195989 0.396376 -0.175768
v -0.288731 0.479612 -0.009867
v -0.275256 0.471587 -0.028493
v -0.275785 0.504482 -0.005159
v -0.174465 0.608632 -0.214503
v -0.170719 0.387495 0.014710
v -0.158166 0.374979 0.055598
v -0.154234 0.326622 0.066783
v -0.143424 0.356067 0.076126
v -0.138070 0.329491 0.058095
v -0.240027 0.401292 0.001024
v -0.273968 0.476894 -0.040333
v -0.269232 0.435231 -0.038138
v -0.272361 0.426847 -0.010414
v -0.265599 0.421433 0.001260
v -0.284801 0.462448 -0.031422
v -0.266694 0.464805 -0.031491
v -0.278729 0.474406 -0.000792
v -0.172716 0.417982 -0.214149
v -0.162298 0.370576 -0.223760
v -0.212951 0.602562 -0.190867
v -0.212186 0.416106 -0.198664
v -0.142310 0.325542 0.036869
v -0.150067 0.362524 -0.211133
v -0.160909 0.394998 -0.210495
v -0.191599 0.374799 -0.143384
v -0.179235 0.375034 -0.070316
v -0.284448 0.463784 -0.040646
v -0.192528 0.389651 -0.054982
v -0.259028 0.468737 -0.016664
v -0.273969 0.478185 -0.005396
v -0.193324 0.361008 -0.165176
v -0.185473 0.366203 -0.218966
v -0.212804 0.604696 -0.213631
v -0.247232 0.411406 0.005611
v -0.209332 0.396945 -0.188588
v -0.197635 0.404521 -0.185586
v -0.194731 0.418765 -0.189612
v -0.201935 0.599457 -0.185540
v -0.284109 0.502127 -0.049355
v -0.276312 0.515680 -0.005508
v -0.274783 0.518032 -0.032406
v -0.245707 0.428403 -0.004986
v -0.250943 0.427985 -0.029834
v -0.245021 0.408311 -0.043532
v -0.170771 0.362077 -0.191054
v -0.170462 0.360422 -0.209701
v -0.192446 0.616621 -0.203514
v -0.185116 0.593573 -0.219417
v -0.167802 0.403386 -0.210850
v -0.156397 0.368140 -0.220778
v -0.145916 0.365681 -0.220596
v -0.189601 0.380178 -0.050870
v -0.221783 0.387040 -0.039833
v -0.182296 0.375957 -0.038200
v -0.222854 0.401473 -0.039659
v -0.223082 0.400674 -0.039221
v -0.263649 0.473525 -0.037736
v -0.149370 0.309929 0.073185
v -0.143100 0.311210 0.074766
v -0.274498 0.485284 -0.047823
v -0.192030 0.409752 -0.206467
v -0.242793 0.415781 -0.001390
v -0.275150 0.453161 -0.001628
v -0.263340 0.450266 -0.005213
v -0.200732 0.418044 -0.190306
v -0.151232 0.369354 0.026201
v -0.168326 0.356767 -0.039703
v -0.150780 0.318245 0.030045
v -0.269860 0.422660 -0.042347
v -0.146445 0.378380 -0.221439
v -0.157939 0.387006 -0.220567
v -0.163807 0.375356 -0.220628
v -0.151556 0.362682 -0.220087
v -0.167245 0.362032 -0.220587
v -0.283996 0.480654 -0.003799
v -0.286869 0.506607 -0.008389
v -0.284862 0.465380 -0.009933
v -0.180607 0.402710 0.002927
v -0.191432 0.384744 -0.105425
v -0.196505 0.387707 -0.140502
v -0.282546 0.514377 -0.004781
v -0.202084 0.602230 -0.196819
v -0.280045 0.516238 -0.042571
v -0.285306 0.512801 -0.016895
v -0.283910 0.521040 -0.020648
v -0.207592 0.581858 -0.198179
v -0.203535 0.427918 -0.212598
v -0.207313 0.585495 -0.205226
v -0.177708 0.410215 -0.212127
v -0.160412 0.327070 0.058144
v -0.160412 0.323551 0.065050
v -0.155547 0.332099 0.047133
v -0.173555 0.607499 -0.204634
v -0.200922 0.598935 -0.202970
v -0.196430 0.392144 -0.050044
v -0.266563 0.475677 -0.006316
v -0.192618 0.392205 -0.203511
v -0.192410 0.410391 -0.195158
v -0.198862 0.418604 -0.215172
v -0.238288 0.417096 -0.035700
v -0.273418 0.426667 -0.029617
v -0.279406 0.491901 -0.054361
v -0.140754 0.361760 0.055085
v -0.150374 0.365708 0.036375
v -0.139893 0.385291 -0.218729
v -0.137217 0.379748 -0.210891
v -0.187049 0.617628 -0.216030
v -0.166423 0.406162 -0.219862
v -0.209335 0.397581 -0.217998
v -0.286888 0.476073 -0.034061
v -0.279435 0.440225 -0.042584
v -0.223902 0.414241 -0.003469
v -0.207942 0.581794 -0.199047
v -0.152186 0.386640 -0.220325
v -0.163019 0.400980 0.055417
v -0.197862 0.365546 -0.110187
v -0.243407 0.410969 -0.039808
v -0.243054 0.411591 -0.038410
v -0.149163 0.385010 0.071342
v -0.152172 0.368643 0.076865
v -0.134650 0.323644 0.065192
v -0.134650 0.327231 0.058194
v -0.134622 0.311745 0.075508
v -0.282817 0.494524 0.004793
v -0.260556 0.441208 -0.036958
v -0.203144 0.423881 -0.203796
v -0.178828 0.352664 -0.161556
v -0.168625 0.364515 -0.207563
v -0.222606 0.402526 -0.036795
v -0.167743 0.369016 -0.209555
v -0.172659 0.357661 -0.123842
v -0.146950 0.378714 0.029373
v -0.152972 0.321826 0.071578
v -0.153095 0.327727 0.036385
v -0.243500 0.410752 -0.039699
v -0.168570 0.360634 -0.080122
v -0.206865 0.384830 -0.138882
v -0.206901 0.377337 -0.163521
v -0.276712 0.441089 0.001504
v -0.168747 0.364648 -0.207590
v -0.155275 0.331850 0.047201
v -0.204944 0.425408 -0.209951
v -0.185510 0.615230 -0.204815
v -0.276135 0.492254 0.004075
v -0.160412 0.318071 0.030449
v -0.153250 0.356732 0.044581
v -0.146959 0.357254 0.040161
v -0.134650 0.318170 0.030307
v -0.287424 0.506862 -0.038958
v -0.279502 0.471932 -0.045017
v -0.207418 0.584587 -0.199375
v -0.153465 0.328537 0.036827
v -0.184352 0.377669 -0.037881
v -0.160412 0.318071 0.070530
v -0.154687 0.319980 0.069949
v -0.203328 0.596073 -0.208254
v -0.273509 0.439682 -0.043494
v -0.265738 0.467802 -0.037617
v -0.214966 0.391473 0.005424
v -0.159940 0.327508 0.049680
v -0.160412 0.311166 0.074048
v -0.152232 0.363468 -0.220660
v -0.185525 0.615242 -0.204882
v -0.194109 0.384435 -0.129006
v -0.194060 0.384423 -0.128999
v -0.160412 0.323551 0.035929
v -0.152994 0.321801 0.071556
v -0.191796 0.389297 -0.202479
v -0.160412 0.327070 0.042834
v -0.167166 0.362170 -0.220493
v -0.182308 0.375968 -0.038191
v -0.173349 0.307614 0.047603
v -0.173781 0.298924 0.053574
v -0.173426 0.298901 0.053884
v -0.165290 0.312447 0.072581
v -0.165174 0.326475 0.049952
v -0.165361 0.307531 0.026659
v -0.164075 0.281140 0.039615
v -0.164074 0.286256 0.068406
v -0.134649 0.298192 0.076314
v -0.134649 0.300584 0.024280
v -0.134648 0.276332 0.049161
v 0.171341 0.312993 0.062271
v 0.172694 0.309615 0.046101
v 0.173607 0.298885 0.053639
v 0.173019 0.298947 0.053779
v 0.165177 0.326471 0.051036
v 0.165027 0.312644 0.028390
v 0.163861 0.293078 0.028994
v 0.165051 0.280697 0.043729
v 0.165026 0.294377 0.072589
v 0.160824 0.280142 0.062097
v 0.134650 0.287575 0.030327
v 0.134649 0.277681 0.055803
v 0.134650 0.296565 0.075226
v -0.023085 0.350578 -0.127358
v -0.021485 0.350440 -0.127211
v -0.021079 0.349953 -0.127896
v -0.023049 0.350181 -0.128029
v -0.106732 0.350706 0.054400
v -0.107906 0.305758 0.077037
v -0.102690 0.289309 0.018545
v -0.101692 0.290526 -0.008959
v -0.107005 0.288439 0.031008
v -0.102418 0.282935 0.037158
v -0.095915 0.299289 -0.068111
v -0.095934 0.294246 -0.042695
v -0.064576 0.334931 -0.120936
v -0.087968 0.337810 -0.114508
v -0.088338 0.336335 -0.106994
v -0.101438 0.307995 0.076260
v -0.094730 0.312447 -0.085099
v -0.091362 0.335591 -0.102557
v -0.107797 0.284068 0.037963
v -0.107786 0.280531 0.063839
v -0.102397 0.281183 0.066181
v -0.078886 0.335722 -0.111424
v -0.093696 0.294429 -0.043474
v -0.019931 0.348322 -0.132281
v -0.071193 0.352735 -0.123222
v -0.105624 0.291435 -0.016147
v -0.107939 0.291037 0.029039
v -0.026841 0.336460 -0.127300
v -0.026828 0.336137 -0.127023
v -0.079513 0.336628 -0.114371
v -0.092955 0.304368 -0.077150
v -0.026617 0.335009 -0.123245
v -0.020660 0.351773 -0.130769
v -0.040912 0.351739 -0.128486
v -0.093689 0.294806 -0.043140
v -0.092023 0.323181 -0.091921
v -0.050744 0.352337 -0.128378
v -0.106586 0.287303 0.031931
v -0.107417 0.288174 0.031400
v -0.092675 0.299557 -0.068537
v -0.091168 0.298331 -0.061932
v -0.090903 0.294930 -0.043064
v -0.096489 0.334076 -0.099127
v -0.100306 0.291790 -0.022432
v -0.021015 0.337786 -0.128097
v -0.081980 0.354046 -0.119921
v -0.096733 0.336106 -0.102400
v -0.093788 0.294448 -0.043468
v -0.096892 0.336114 -0.102525
v -0.092692 0.297959 -0.062239
v -0.100401 0.291920 -0.020987
v -0.102254 0.289771 0.008708
v -0.020223 0.350871 -0.130603
v -0.020803 0.351650 -0.129927
v -0.095551 0.323567 -0.092046
v -0.103303 0.361782 -0.072541
v -0.099471 0.362565 -0.073106
v -0.096699 0.359775 -0.089906
v -0.096850 0.355551 -0.111644
v -0.092925 0.354883 -0.109930
v -0.086320 0.353239 -0.116063
v -0.077754 0.353841 -0.121169
v -0.068427 0.352443 -0.122839
v -0.035976 0.352284 -0.127548
v -0.104060 0.355127 -0.067866
v -0.107145 0.349868 -0.014974
v -0.105073 0.346673 -0.050519
v -0.104256 0.349449 -0.060448
v -0.118613 0.300913 0.070465
v -0.107950 0.308866 0.071335
v -0.118619 0.321228 0.059261
v -0.107656 0.323695 0.048664
v -0.118598 0.316647 0.036690
v -0.107694 0.310267 0.032202
v -0.118576 0.294063 0.034036
v -0.118587 0.284274 0.054516
v -0.108162 0.284666 0.059387
v -0.089179 0.351536 -0.119830
v -0.057686 0.353151 -0.128926
v -0.101818 0.349955 0.054250
v -0.083724 0.354236 -0.118957
v -0.059119 0.352709 -0.126604
v 0.021488 0.350446 -0.127210
v 0.021078 0.349951 -0.127897
v 0.023085 0.350578 -0.127358
v 0.023049 0.350181 -0.128029
v 0.107911 0.315403 0.071096
v 0.107235 0.351411 0.022366
v 0.106501 0.350354 0.054338
v 0.092692 0.297959 -0.062239
v 0.101692 0.290526 -0.008959
v 0.102690 0.289309 0.018545
v 0.107005 0.288439 0.031008
v 0.095934 0.294246 -0.042695
v 0.079530 0.335879 -0.114946
v 0.096989 0.336292 -0.103130
v 0.088338 0.336335 -0.106994
v 0.101440 0.307844 0.076234
v 0.094741 0.312510 -0.085153
v 0.107971 0.277513 0.044913
v 0.102418 0.282935 0.037158
v 0.102397 0.281183 0.066181
v 0.091362 0.335591 -0.102557
v 0.078886 0.335722 -0.111424
v 0.093696 0.294429 -0.043474
v 0.019902 0.348294 -0.132266
v 0.068122 0.352609 -0.124157
v 0.070463 0.352788 -0.122883
v 0.106283 0.291205 -0.013075
v 0.107550 0.288453 0.030835
v 0.107866 0.289880 0.072130
v 0.026828 0.336137 -0.127023
v 0.026841 0.336460 -0.127300
v 0.092955 0.304368 -0.077150
v 0.096733 0.336106 -0.102400
v 0.092675 0.299557 -0.068537
v 0.064613 0.334888 -0.121000
v 0.026604 0.335006 -0.123258
v 0.041068 0.351625 -0.128433
v 0.020660 0.351773 -0.130769
v 0.093689 0.294806 -0.043140
v 0.092023 0.323181 -0.091921
v 0.050744 0.352337 -0.128378
v 0.106586 0.287303 0.031931
v 0.090903 0.294930 -0.043064
v 0.091168 0.298331 -0.061932
v 0.096539 0.334168 -0.099297
v 0.100306 0.291790 -0.022432
v 0.081980 0.354046 -0.119921
v 0.095787 0.299254 -0.068216
v 0.093788 0.294448 -0.043468
v 0.021421 0.337766 -0.127726
v 0.100401 0.291920 -0.020987
v 0.102254 0.289771 0.008708
v 0.020789 0.351649 -0.129923
v 0.020467 0.350765 -0.130596
v 0.095551 0.323567 -0.092046
v 0.103231 0.361939 -0.072793
v 0.099471 0.362558 -0.073096
v 0.096590 0.359786 -0.089895
v 0.092912 0.355247 -0.109699
v 0.094890 0.355991 -0.110359
v 0.089614 0.354915 -0.115674
v 0.086096 0.353529 -0.115976
v 0.077754 0.353841 -0.121169
v 0.036086 0.351540 -0.128485
v 0.104439 0.353701 -0.066843
v 0.107069 0.349570 -0.018003
v 0.105226 0.346650 -0.048355
v 0.104581 0.348232 -0.057758
v 0.118620 0.311647 0.068839
v 0.118611 0.322858 0.048543
v 0.107604 0.321142 0.040795
v 0.118585 0.306916 0.031880
v 0.107968 0.288177 0.037125
v 0.118576 0.286415 0.041696
v 0.108182 0.285519 0.061056
v 0.118600 0.289086 0.064255
v 0.095933 0.354010 -0.114314
v 0.066641 0.348769 -0.128465
v 0.101817 0.350033 0.054303
v 0.050565 0.352668 -0.128762
v 0.089914 0.354935 -0.115407
v 0.083724 0.354236 -0.118957
v -0.095413 0.288560 0.073133
v 0.000000 0.287666 0.052944
v -0.027528 0.288715 0.155276
v -0.016255 0.288597 0.009201
v 0.095413 0.288559 0.073133
v 0.090338 0.288675 0.155076
v 0.027532 0.288726 0.155282
v 0.000003 0.288359 0.045570
v -0.049629 0.285109 0.055191
v -0.099227 0.317267 0.066691
v -0.090338 0.288675 0.155076
v 0.099227 0.317267 0.066691
v 0.063365 0.288536 0.034234
v -0.095175 0.299332 0.175479
v -0.099713 0.302259 0.142873
v 0.035240 0.264215 -0.016935
v 0.094025 0.329436 0.178633
v 0.098948 0.303208 0.126075
v -0.063365 0.288536 0.034234
v 0.040421 0.298291 -0.031981
v 0.038558 0.287516 -0.036956
v 0.062988 0.288994 0.034701
v 0.059710 0.296698 -0.039321
v 0.087332 0.298687 -0.038592
v -0.097906 0.345231 0.101613
v 0.000002 0.300370 0.184761
v 0.029162 0.317606 0.175193
v 0.088222 0.298258 0.174720
v -0.088222 0.298258 0.174720
v -0.029162 0.317606 0.175193
v 0.017685 0.288600 -0.002042
v 0.007052 0.288602 0.017598
v -0.062988 0.288994 0.034701
v -0.059964 0.295131 -0.010808
v 0.059964 0.295131 -0.010808
v -0.098908 0.317705 0.127825
v -0.100651 0.317150 0.066765
v -0.098697 0.309774 0.126864
v -0.099312 0.317568 0.097260
v 0.003055 0.288603 -0.017279
v -0.032805 0.287776 -0.038210
v -0.038775 0.297938 -0.028852
v 0.099322 0.317695 0.127823
v 0.097389 0.344600 0.116249
v 0.099312 0.317568 0.097260
v 0.100651 0.317150 0.066765
v -0.042910 0.270067 -0.005220
v -0.061099 0.263003 -0.025138
v 0.042910 0.270067 -0.005220
v -0.034549 0.266029 -0.029715
v -0.034438 0.272901 -0.031872
v 0.008254 0.321143 -0.016122
v -0.010405 0.321143 0.016455
v 0.095848 0.293531 -0.020494
v 0.089437 0.295622 -0.008679
v -0.095848 0.293531 -0.020494
v -0.089448 0.295525 -0.008685
v 0.049630 0.285109 0.055191
v 0.036075 0.288827 -0.038903
v 0.032856 0.272469 -0.032222
v -0.026119 0.292206 -0.041702
v -0.095976 0.323057 0.151374
v -0.099502 0.325143 0.145285
v -0.062774 0.267422 -0.033814
v -0.058171 0.269670 -0.006207
v 0.058171 0.269670 -0.006207
v -0.035240 0.264215 -0.016935
v 0.090091 0.300374 0.157457
v 0.027534 0.299362 0.157559
v -0.098293 0.330944 0.171222
v -0.027534 0.299362 0.157559
v 0.016633 0.321143 0.009380
v 0.095365 0.288289 0.030986
v 0.099038 0.310269 0.031365
v 0.095959 0.288057 0.029362
v -0.095959 0.288057 0.029362
v -0.099038 0.310269 0.031365
v -0.095365 0.288289 0.030986
v -0.097900 0.279376 0.045830
v -0.098173 0.331043 0.171179
v -0.097899 0.342115 0.122048
v 0.068042 0.280362 -0.026804
v 0.070167 0.293256 -0.034884
v 0.087557 0.293715 -0.038556
v -0.087557 0.293715 -0.038556
v -0.070167 0.293256 -0.034884
v -0.068042 0.280362 -0.026804
v 0.091343 0.295701 0.007104
v -0.093357 0.296322 0.006759
v -0.027825 0.315365 0.174184
v -0.025984 0.299436 0.159059
v 0.025984 0.299436 0.159059
v 0.027825 0.315365 0.174184
v -0.067574 0.281032 -0.023600
v -0.067142 0.272671 -0.031668
v 0.062774 0.267422 -0.033814
v 0.067142 0.272671 -0.031668
v 0.034004 0.322897 0.176758
v 0.088600 0.324385 0.170926
v 0.091034 0.290320 0.165463
v -0.088600 0.324385 0.170926
v -0.034004 0.322897 0.176758
v -0.091034 0.290320 0.165463
v 0.034549 0.266029 -0.029715
v 0.033752 0.288528 -0.038795
v -0.097882 0.348611 0.071261
v 0.033710 0.279471 -0.019577
v 0.097892 0.307573 0.001401
v 0.094258 0.312228 -0.003352
v 0.095552 0.320763 0.005955
v -0.069446 0.289524 -0.006439
v 0.069446 0.289524 -0.006439
v -0.058993 0.279946 -0.010873
v -0.050413 0.279574 -0.003911
v 0.050413 0.279574 -0.003911
v 0.058993 0.279946 -0.010873
v -0.036606 0.289469 -0.039758
v -0.094258 0.312228 -0.003352
v -0.095432 0.320756 0.005973
v -0.096629 0.338537 0.013090
v -0.090000 0.326120 0.163024
v -0.090499 0.299861 0.159220
v 0.090499 0.299861 0.159220
v 0.090000 0.326120 0.163024
v -0.095959 0.306547 0.153229
v -0.067508 0.274182 -0.016577
v 0.067508 0.274182 -0.016577
v 0.036499 0.296575 -0.041239
v 0.036089 0.288188 -0.039416
v -0.027520 0.299370 0.158016
v 0.027520 0.299370 0.158016
v -0.033710 0.279471 -0.019577
v 0.090157 0.294429 -0.038827
v -0.069122 0.293657 -0.037851
v -0.090157 0.294429 -0.038827
v -0.059710 0.296698 -0.039321
v -0.087332 0.298687 -0.038592
v -0.098760 0.317680 0.127825
v 0.098760 0.317680 0.127825
v -0.097548 0.349496 0.027236
v -0.032856 0.272469 -0.032222
v -0.035951 0.288413 -0.039161
v -0.031604 0.287826 -0.003388
v -0.056981 0.295605 -0.006658
v -0.048951 0.295680 -0.004183
v -0.051391 0.290127 -0.005346
v 0.051391 0.290127 -0.005346
v 0.048951 0.295680 -0.004183
v 0.056981 0.295605 -0.006658
v -0.094645 0.299721 0.174390
v -0.096584 0.289860 0.164762
v 0.096352 0.289742 0.164595
v 0.094645 0.299721 0.174390
v 0.033343 0.294961 -0.041785
v -0.097883 0.307695 0.001263
v 0.096599 0.337242 0.012014
v 0.066816 0.271922 -0.000171
v -0.066816 0.271922 -0.000171
v 0.041972 0.290331 -0.011008
v 0.041145 0.295980 -0.009772
v -0.041051 0.295602 -0.009472
v -0.041972 0.290331 -0.011008
v -0.013580 0.288601 -0.010406
v -0.015509 0.321144 -0.009157
v -0.099438 0.310913 0.156694
v 0.099569 0.322554 0.154370
v 0.099910 0.313100 0.134004
v 0.099874 0.308367 0.135301
v -0.099911 0.314325 0.133310
v -0.098534 0.288794 0.067345
v -0.098125 0.285825 0.063655
v 0.096984 0.288349 0.073190
v 0.098125 0.285825 0.063655
v 0.098534 0.288794 0.067345
v 0.000002 0.324036 0.189188
v -0.093947 0.330123 0.179021
v -0.031166 0.327002 0.184519
v 0.040958 0.287915 0.040429
v 0.031178 0.288005 -0.006449
v -0.039357 0.263693 -0.030112
v 0.027404 0.292065 0.177282
v -0.036460 0.296546 -0.041243
v 0.097900 0.279376 0.045830
v -0.067302 0.264184 -0.024528
v 0.067302 0.264184 -0.024528
v 0.039357 0.263693 -0.030112
v -0.095995 0.315934 0.133559
v 0.041606 0.279982 -0.010895
v -0.041606 0.279982 -0.010895
v 0.031254 0.327006 0.184512
v -0.040961 0.287914 0.040425
v -0.000006 0.288191 0.046280
v -0.025105 0.292938 -0.040452
v 0.089781 0.310498 -0.033451
v 0.067574 0.281032 -0.023600
v 0.027902 0.319215 0.161618
v -0.027902 0.319215 0.161618
v 0.098119 0.291831 0.019020
v 0.098120 0.291831 0.019036
v -0.098119 0.291831 0.019020
v -0.098120 0.291831 0.019036
v -0.096370 0.350781 0.036368
v -0.096913 0.349343 0.085457
v -0.097684 0.350289 0.039305
v -0.095815 0.350690 0.040149
v -0.096004 0.345831 0.100021
v -0.097348 0.350279 0.036836
v -0.096489 0.349762 0.032497
v -0.028044 0.293053 0.177676
v 0.063210 0.287921 0.034709
v -0.063210 0.287921 0.034709
v -0.090561 0.299844 0.159221
v 0.090561 0.299844 0.159221
v -0.089781 0.310498 -0.033451
v -0.096984 0.288349 0.073190
v -0.069854 0.293755 -0.034782
v 0.069854 0.293755 -0.034782
v 0.069122 0.293657 -0.037851
v 0.023227 0.301629 -0.042884
v -0.022432 0.295686 -0.042538
v 0.096257 0.348804 0.072474
v 0.097014 0.350347 0.039172
v 0.096881 0.330117 0.176665
v 0.034438 0.272901 -0.031872
v -0.033957 0.288598 -0.038796
v -0.096957 0.330584 0.176828
v 0.095543 0.347043 0.024017
v -0.096053 0.303654 0.140523
v -0.022473 0.301618 -0.043555
v -0.097844 0.346963 0.088531
v -0.033344 0.294964 -0.041786
v -0.097643 0.340215 0.132760
v -0.097629 0.344703 0.106749
v -0.067362 0.281074 -0.023839
v 0.067362 0.281074 -0.023839
v 0.034380 0.273216 0.003524
v -0.034380 0.273216 0.003524
v 0.061099 0.263003 -0.025138
v 0.025018 0.293909 -0.041110
v 0.099882 0.304000 0.149361
v 0.099874 0.306813 0.152862
v -0.099127 0.304258 0.167932
v 0.097305 0.301027 0.173104
v 0.000038 0.326797 0.185044
v -0.000038 0.326797 0.185044
v -0.090091 0.300374 0.157457
v -0.090980 0.296295 0.007295
v 0.028041 0.299027 0.156024
v -0.028041 0.299027 0.156024
v -0.095646 0.348920 0.028716
v -0.097832 0.349699 0.054743
v -0.022095 0.295818 -0.041055
v -0.087569 0.293717 -0.038558
v 0.087569 0.293717 -0.038558
v -0.022259 0.301671 -0.042507
v 0.098396 0.288834 0.067303
v -0.098396 0.288834 0.067303
v 0.095171 0.299334 0.175473
v 0.095469 0.288650 0.029493
v -0.095469 0.288650 0.029493
v 0.099753 0.305224 0.151121
v 0.095428 0.288503 0.073149
v -0.095428 0.288503 0.073149
v 0.099771 0.311209 0.134373
vn 0.9524 -0.1032 0.2870
vn -0.9180 0.3816 -0.1082
vn -0.7736 -0.6225 0.1188
vn 0.9173 -0.2459 0.3133
vn 0.9383 -0.3441 -0.0341
vn 0.8338 0.0390 -0.5507
vn 0.8279 0.3660 -0.4250
vn -0.5195 -0.6653 -0.5362
vn 0.4769 -0.0936 0.8739
vn 0.5003 -0.2306 0.8346
vn -0.3507 -0.2326 0.9072
vn -0.5613 0.6094 0.5599
vn 0.0661 -0.9723 0.2242
vn 0.0531 0.9684 -0.2437
vn -0.4525 -0.8850 0.1094
vn 0.1554 -0.9747 0.1608
vn -0.0865 0.4203 -0.9033
vn 0.1459 -0.3970 -0.9061
vn 0.1102 -0.6605 -0.7427
vn 0.9997 0.0028 0.0247
vn 0.9999 0.0128 -0.0039
vn -0.0264 0.9992 0.0308
vn 0.0561 0.9862 0.1559
vn -0.4683 0.4111 -0.7822
vn 0.0335 0.8217 0.5689
vn 0.5487 0.8286 0.1115
vn 0.9328 0.1933 -0.3042
vn -0.1546 0.7383 -0.6565
vn -0.3551 0.0375 0.9341
vn -0.1540 0.5876 0.7943
vn 0.7219 -0.0200 0.6917
vn 0.6385 0.0114 0.7695
vn 0.6835 0.0511 -0.7281
vn 0.6778 0.0490 -0.7336
vn -0.1632 0.8677 -0.4695
vn -0.5291 0.7500 -0.3969
vn -0.0036 0.9974 -0.0720
vn -0.4966 0.5562 -0.6664
vn -0.3521 0.4190 -0.8370
vn -0.5629 0.0290 -0.8260
vn -0.3597 -0.0074 -0.9330
vn -0.3048 -0.0470 -0.9512
vn -0.2062 0.2191 -0.9537
vn -0.1519 0.4031 -0.9024
vn -0.3313 0.0243 -0.9432
vn -0.3906 -0.0018 -0.9205
vn -0.0432 0.9964 0.0724
vn 0.2385 0.9599 -0.1475
vn 0.9963 -0.0026 -0.0860
vn 0.9925 0.0131 -0.1213
vn -0.0909 0.9944 -0.0540
vn -0.1198 0.9901 -0.0735
vn -0.9973 0.0014 0.0731
vn -0.9990 -0.0164 0.0416
vn -0.1094 -0.9922 -0.0597
vn -0.2124 -0.4880 -0.8466
vn -0.3230 -0.8707 -0.3710
vn -0.0857 0.5846 -0.8068
vn -0.9906 -0.0576 -0.1242
vn -0.9893 -0.0048 -0.1459
vn -0.9829 -0.0236 -0.1825
vn -0.8777 0.1046 -0.4677
vn -0.7463 0.0041 -0.6656
vn -0.0073 -0.5029 0.8643
vn -0.1122 -0.4161 0.9024
vn 0.2848 -0.7971 -0.5325
vn -0.3555 -0.0165 0.9345
vn -0.3008 -0.0574 0.9519
vn -0.1558 -0.6742 0.7219
vn -0.2976 -0.0368 0.9540
vn 0.0428 -0.3764 -0.9255
vn 0.2938 0.3166 0.9019
vn 0.7147 0.0323 0.6987
vn 0.7017 0.0393 0.7114
vn 0.9889 0.0119 0.1481
vn 0.9893 0.0233 0.1441
vn 0.7604 -0.1556 0.6305
vn 0.9423 -0.1270 0.3099
vn -0.1665 -0.9657 0.1995
vn 0.0454 -0.7674 0.6396
vn -0.4026 -0.6398 0.6546
vn 0.1845 -0.3323 0.9249
vn -0.1009 -0.4068 0.9079
vn -0.4938 -0.8612 0.1206
vn -0.6210 -0.7545 0.2123
vn -0.9814 -0.1635 0.1004
vn -0.9883 0.1471 -0.0414
vn -0.1448 0.6021 0.7852
vn -0.1067 0.6511 0.7515
vn 0.5767 -0.7115 -0.4014
vn -0.4547 0.8858 -0.0925
vn -0.3155 0.9488 0.0146
vn -0.1997 -0.7202 -0.6644
vn 0.0910 0.5878 -0.8039
vn -0.0183 -0.6247 0.7807
vn 0.4925 0.7052 0.5101
vn -0.3192 -0.9471 0.0342
vn 0.9810 0.1132 0.1574
vn -0.1395 -0.9823 0.1252
vn -0.0766 0.2854 -0.9553
vn 0.3108 -0.0245 0.9502
vn 0.2080 0.0157 0.9780
vn -0.3488 -0.0823 0.9336
vn -0.4925 0.7052 0.5101
vn -0.6010 -0.7068 -0.3731
vn 0.9814 -0.1635 0.1004
vn 0.4026 -0.6398 0.6547
vn -0.9361 -0.1428 0.3215
vn 0.9906 -0.0576 -0.1242
vn 0.9893 -0.0048 -0.1459
vn -0.8695 0.0844 -0.4867
vn -0.8081 -0.2193 -0.5467
vn -0.9911 0.0111 0.1329
vn -0.9920 0.0686 0.1060
vn 0.0036 0.9974 -0.0720
vn 0.5291 0.7500 -0.3969
vn 0.1632 0.8677 -0.4695
vn -0.6835 0.0511 -0.7281
vn -0.6778 0.0490 -0.7336
vn -0.7219 -0.0200 0.6917
vn -0.6385 0.0114 0.7695
vn -0.5487 0.8286 0.1115
vn -0.0335 0.8217 0.5689
vn -0.9997 0.0028 0.0247
vn -0.9999 0.0128 -0.0039
vn 0.9973 0.0014 0.0731
vn 0.9990 -0.0164 0.0416
vn 0.3313 0.0243 -0.9432
vn 0.3906 -0.0018 -0.9205
vn 0.1094 -0.9922 -0.0596
vn 0.2124 -0.4880 -0.8466
vn 0.3230 -0.8707 -0.3710
vn 0.2062 0.2191 -0.9537
vn 0.1519 0.4031 -0.9024
vn 0.3521 0.4190 -0.8370
vn 0.0766 0.2854 -0.9553
vn 0.3597 -0.0074 -0.9330
vn 0.3048 -0.0470 -0.9512
vn 0.5629 0.0290 -0.8260
vn -0.2848 -0.7971 -0.5325
vn 0.0073 -0.5029 0.8643
vn 0.3555 -0.0165 0.9345
vn 0.3008 -0.0574 0.9519
vn 0.0909 0.9944 -0.0540
vn 0.1198 0.9901 -0.0735
vn 0.4938 -0.8612 0.1206
vn -0.7604 -0.1556 0.6305
vn 0.1395 -0.9823 0.1252
vn 0.1665 -0.9657 0.1995
vn 0.1558 -0.6742 0.7219
vn 0.2976 -0.0368 0.9540
vn 0.1122 -0.4161 0.9024
vn 0.6210 -0.7545 0.2123
vn -0.0454 -0.7674 0.6396
vn -0.7147 0.0323 0.6987
vn -0.7017 0.0393 0.7114
vn 0.9829 -0.0236 -0.1825
vn -0.3108 -0.0245 0.9502
vn -0.2080 0.0157 0.9780
vn -0.2938 0.3166 0.9019
vn 0.7463 0.0041 -0.6656
vn 0.8777 0.1046 -0.4677
vn -0.9963 -0.0026 -0.0860
vn -0.9925 0.0131 -0.1213
vn -0.0428 -0.3764 -0.9255
vn 0.3551 0.0375 0.9341
vn 0.1540 0.5876 0.7943
vn 0.0432 0.9964 0.0724
vn -0.2385 0.9599 -0.1475
vn 0.3488 -0.0823 0.9336
vn 0.5195 -0.6653 -0.5362
vn 0.4966 0.5562 -0.6664
vn 0.0264 0.9992 0.0308
vn -0.0561 0.9862 0.1559
vn 0.0857 0.5846 -0.8068
vn -0.9328 0.1933 -0.3042
vn 0.1546 0.7383 -0.6565
vn 0.1067 0.6511 0.7515
vn 0.4683 0.4111 -0.7821
vn 0.1448 0.6021 0.7852
vn -0.1102 -0.6605 -0.7427
vn 0.0865 0.4203 -0.9033
vn -0.1459 -0.3970 -0.9061
vn -0.9588 0.1958 0.2059
vn 0.0724 -0.9738 0.2158
vn 0.3507 -0.2326 0.9072
vn 0.4740 -0.8735 0.1105
vn 0.7736 -0.6225 0.1188
vn 0.3225 -0.9462 0.0266
vn 0.9180 0.3816 -0.1082
vn 0.5613 0.6095 0.5599
vn -0.3122 -0.9326 0.1809
vn -0.0491 0.9710 -0.2339
vn -0.0885 -0.9618 0.2591
vn -0.9299 -0.2433 0.2759
vn -0.6732 -0.5510 0.4931
vn -0.1845 -0.3323 0.9249
vn 0.1367 -0.4138 0.9001
vn 0.4707 0.8804 0.0573
vn 0.3437 -0.5788 0.7395
vn 0.3425 0.7349 -0.5853
vn -0.9554 -0.1405 0.2598
vn -0.4769 -0.0936 0.8739
vn -0.5003 -0.2306 0.8346
vn 0.1275 0.5427 0.8302
vn 0.0654 -0.6723 0.7373
vn -0.1275 -0.5427 0.8302
vn 0.0009 0.6323 0.7747
vn -0.0943 0.9888 -0.1156
vn 0.1513 0.9110 -0.3837
vn -0.1513 0.3837 -0.9110
vn 0.1458 0.0555 -0.9878
vn -0.1380 -0.8595 -0.4922
vn -0.0143 -0.9109 -0.4124
vn 0.7666 -0.5730 0.2899
vn -0.9898 0.0304 0.1391
vn -0.8508 0.0161 0.5252
vn 0.8940 -0.4404 0.0827
vn -0.9682 0.2496 0.0149
vn 0.9979 0.0633 -0.0140
vn -1.0000 -0.0038 -0.0089
vn 0.2270 0.9465 0.2293
vn 0.9944 -0.0283 0.1021
vn 0.9665 -0.1267 -0.2233
vn 0.0329 -0.0519 0.9981
vn 0.4098 0.0145 -0.9121
vn 0.1358 -0.2894 -0.9475
vn 0.9968 -0.0686 0.0407
vn 0.9841 -0.1763 -0.0193
vn -0.3634 0.9099 -0.2002
vn -0.7520 0.6082 -0.2542
vn -0.5866 0.7582 -0.2848
vn 0.2720 0.9618 -0.0311
vn -0.0562 -0.0526 0.9970
vn -0.9804 0.1959 -0.0201
vn -0.2359 0.8791 -0.4142
vn 0.9883 -0.1320 0.0760
vn 0.4705 -0.8698 -0.1488
vn 0.2352 -0.9677 -0.0910
vn 0.7730 -0.5824 0.2516
vn -0.0489 0.5069 0.8606
vn -0.0839 0.2418 0.9667
vn 0.1629 0.9859 -0.0375
vn -0.8032 0.2426 0.5441
vn -0.1644 -0.9861 0.0226
vn -0.1882 0.3196 0.9287
vn 0.0387 0.0272 -0.9989
vn -0.9999 0.0013 -0.0132
vn -0.7157 -0.4295 -0.5507
vn 0.9547 -0.1770 0.2392
vn -0.9437 0.3275 0.0463
vn -0.0612 -0.0267 0.9978
vn -0.3898 -0.0166 0.9207
vn -0.4623 0.3211 0.8266
vn 0.6125 -0.7794 0.1319
vn -0.1499 0.2933 -0.9442
vn -0.7222 0.5347 0.4387
vn -0.2802 0.1265 0.9516
vn 0.9971 -0.0757 0.0008
vn 0.4532 0.2381 -0.8590
vn 0.8278 0.4546 0.3286
vn 0.7770 -0.6183 -0.1183
vn 0.9665 -0.1829 0.1799
vn 0.5851 -0.0365 0.8102
vn 0.4462 0.3634 0.8178
vn 0.3498 -0.9343 0.0688
vn -0.0413 -0.0277 0.9988
vn -0.9374 0.3348 0.0960
vn -0.1527 0.9613 0.2291
vn 0.4388 -0.0265 0.8982
vn -0.6562 0.1371 -0.7420
vn -0.9651 0.2286 -0.1279
vn -0.0822 0.6280 -0.7738
vn 0.1992 0.9702 -0.1378
vn -0.1296 0.9916 0.0044
vn -0.0738 0.1222 -0.9898
vn -0.4665 -0.0306 0.8840
vn 0.5011 0.0167 -0.8652
vn 0.0066 -0.0380 0.9993
vn -0.9980 0.0056 -0.0625
vn -0.1042 0.0650 -0.9924
vn 0.1076 0.1581 0.9815
vn -0.1007 -0.0599 0.9931
vn 0.1814 0.4945 0.8500
vn 0.8894 0.0345 -0.4559
vn 0.9730 -0.2295 0.0248
vn 0.1279 -0.6345 0.7623
vn -0.7103 0.6916 -0.1309
vn -0.1897 0.2289 0.9548
vn -0.8417 -0.5398 -0.0118
vn -0.0472 0.0779 -0.9958
vn -0.7667 0.0816 0.6368
vn -0.6065 -0.3153 0.7299
vn 0.4032 0.0141 -0.9150
vn -0.0458 -0.0364 0.9983
vn -0.1612 -0.9865 0.0293
vn 0.2774 -0.9215 -0.2719
vn 0.6701 -0.7326 -0.1195
vn -0.9729 0.0390 -0.2278
vn 0.8315 -0.0689 -0.5512
vn 0.8059 -0.1704 -0.5670
vn 0.9981 -0.0243 0.0567
vn 0.9455 -0.0205 0.3249
vn 0.4777 0.8607 0.1763
vn 0.1732 -0.0089 -0.9848
vn 0.9663 -0.1839 0.1803
vn -0.0728 0.1168 -0.9905
vn 0.0398 -0.5175 -0.8547
vn 0.9554 0.2820 0.0874
vn -0.5871 0.6741 -0.4481
vn -0.1283 0.0840 -0.9882
vn -0.6379 0.7696 -0.0288
vn -0.5925 -0.3023 0.7467
vn 0.0519 -0.1665 0.9847
vn -0.3725 0.3302 0.8673
vn -0.3102 0.1110 0.9442
vn -0.7746 -0.2149 -0.5948
vn 0.9621 0.0054 0.2725
vn 0.6342 0.7719 0.0438
vn 0.8255 0.0201 -0.5641
vn 0.7804 0.5068 0.3662
vn 0.9681 -0.0505 0.2455
vn -0.2628 0.0183 -0.9647
vn -0.1646 -0.5113 -0.8435
vn -0.9823 0.0137 -0.1869
vn -0.2228 0.2802 -0.9337
vn 0.5406 0.6007 0.5890
vn 0.6309 -0.7570 0.1697
vn -0.5958 0.7831 0.1783
vn -0.9022 0.4262 -0.0666
vn -0.7741 0.6172 0.1409
vn 0.2106 0.3498 -0.9128
vn 0.4707 0.2676 -0.8407
vn -0.0291 -0.3460 -0.9378
vn 0.1688 -0.1915 -0.9669
vn -0.2591 0.7659 -0.5885
vn -0.4742 0.5794 0.6629
vn -0.9768 -0.1636 -0.1384
vn -0.7287 0.6752 -0.1141
vn 0.8953 0.3880 -0.2188
vn 0.9972 0.0747 0.0097
vn 0.9903 -0.1384 -0.0122
vn -0.6016 0.0314 -0.7982
vn -0.9352 -0.2574 -0.2432
vn -0.9354 -0.3536 0.0030
vn 0.3817 -0.9148 0.1324
vn -0.3859 -0.9072 -0.1678
vn 0.5185 -0.6295 0.5787
vn -0.9994 0.0086 0.0331
vn 0.4999 -0.2963 -0.8138
vn 0.0427 0.4302 0.9017
vn -0.8779 -0.1502 0.4547
vn -0.5632 0.6553 -0.5035
vn 0.0710 0.7612 -0.6446
vn -0.1841 -0.9524 0.2432
vn 0.7519 0.5452 0.3708
vn -0.2628 0.7345 -0.6257
vn -0.3210 0.5804 -0.7484
vn 0.6895 -0.7242 -0.0095
vn -0.9214 0.1686 0.3501
vn -0.9568 0.0964 0.2744
vn 0.0992 -0.9649 0.2430
vn 0.9598 -0.1780 0.2170
vn -0.1325 0.9106 0.3915
vn -0.1406 -0.0864 -0.9863
vn 0.7912 0.0415 0.6102
vn 0.3104 -0.9286 -0.2035
vn -0.8923 -0.4435 0.0836
vn -0.9222 -0.0246 -0.3860
vn -0.3027 0.1038 -0.9474
vn 0.7780 -0.6282 -0.0108
vn 0.4966 -0.8679 -0.0116
vn 0.9976 -0.0257 0.0642
vn 0.5372 0.8326 0.1351
vn 0.5885 0.1972 -0.7841
vn 0.9418 -0.3304 -0.0619
vn -0.5457 0.5727 -0.6117
vn -0.3023 0.1034 -0.9476
vn -0.7956 0.0624 -0.6026
vn 0.7953 -0.5422 0.2712
vn -0.7688 0.6239 -0.1402
vn -0.3435 -0.0415 0.9382
vn 0.9959 -0.0852 0.0288
vn 0.1912 0.9514 0.2414
vn -0.5492 0.8280 -0.1133
vn -0.3065 0.4694 0.8281
vn -0.7935 0.0884 -0.6021
vn -0.1528 -0.0623 0.9863
vn -0.7932 0.3303 0.5116
vn -0.9883 0.0991 0.1159
vn 0.4480 -0.3859 0.8065
vn -0.2979 0.9437 -0.1438
vn -0.9561 0.1246 0.2650
vn 0.0411 -0.0698 -0.9967
vn -0.9185 0.3223 -0.2290
vn -0.4937 -0.5236 -0.6943
vn 0.8277 0.2080 -0.5212
vn -0.0958 0.9772 -0.1897
vn 0.0338 0.9341 0.3554
vn -0.9832 0.1821 0.0124
vn 0.6299 -0.2880 -0.7213
vn 0.8825 -0.4383 -0.1708
vn 0.1002 0.1176 0.9880
vn 0.0191 0.4539 0.8908
vn -0.3709 0.3232 -0.8706
vn -0.5635 0.0285 -0.8256
vn -0.1330 -0.0834 -0.9876
vn 0.8263 0.5579 -0.0775
vn 0.7729 -0.5830 0.2504
vn 0.8713 -0.3495 0.3445
vn -0.4748 -0.1972 -0.8577
vn -0.5450 0.4689 -0.6950
vn -0.8084 0.1836 -0.5592
vn 0.5823 -0.8128 0.0193
vn 0.2752 -0.9519 0.1351
vn -0.6846 -0.7276 -0.0452
vn 0.2058 -0.0268 0.9782
vn 0.2528 -0.5432 0.8006
vn 0.8766 0.2877 0.3857
vn 0.2578 0.9597 -0.1118
vn 0.5557 -0.2726 0.7854
vn -0.8413 -0.4302 -0.3275
vn -0.8158 0.5550 -0.1623
vn -0.8192 0.4995 -0.2817
vn 0.4741 0.3276 0.8172
vn 0.1117 -0.0268 0.9934
vn -0.9492 0.2932 -0.1144
vn -0.9241 0.3714 -0.0904
vn -0.9349 0.0550 0.3507
vn -0.1846 -0.0420 0.9819
vn -0.9219 -0.0526 -0.3839
vn -0.2217 -0.1132 0.9685
vn -0.9040 0.3451 0.2523
vn 0.0423 0.7065 -0.7065
vn -0.0217 0.9743 -0.2241
vn 0.2597 0.6409 -0.7223
vn 0.8356 -0.0693 -0.5450
vn 0.1474 0.5119 0.8463
vn 0.2377 -0.9696 -0.0576
vn 0.3570 -0.5846 0.7285
vn -0.3655 0.0608 -0.9288
vn -0.0240 0.4582 -0.8885
vn 0.7246 0.0917 0.6831
vn 0.9641 0.2534 -0.0790
vn -0.2170 -0.0926 0.9718
vn -0.8461 -0.4006 0.3518
vn -0.0784 -0.0399 0.9961
vn -0.9352 -0.2028 0.2902
vn -0.2575 0.3602 0.8966
vn 0.3297 -0.8228 -0.4629
vn -0.2445 -0.9625 0.1177
vn 0.2370 0.9705 -0.0438
vn -0.1047 0.9859 -0.1308
vn 0.7578 -0.5758 0.3069
vn 0.1417 -0.9533 0.2666
vn 0.1163 -0.0357 0.9926
vn -0.3043 -0.7160 0.6283
vn 0.1342 0.0182 -0.9908
vn -0.0110 -0.0151 -0.9998
vn 0.9030 -0.3268 0.2791
vn -0.0751 0.9806 -0.1811
vn -0.1301 0.0913 0.9873
vn 0.4432 -0.5804 -0.6831
vn 0.1933 0.5500 -0.8125
vn 0.0059 -0.8837 0.4681
vn 0.0330 0.9567 0.2891
vn -0.2845 0.9562 -0.0694
vn 0.6269 -0.7721 0.1045
vn -0.9556 0.0232 -0.2938
vn 0.2225 -0.3686 0.9026
vn 0.0640 0.1694 0.9835
vn 0.9492 -0.3005 0.0935
vn 0.8059 -0.5898 0.0506
vn 0.9733 0.0659 -0.2200
vn -0.7769 -0.6279 -0.0467
vn 0.5978 -0.7631 0.2455
vn 0.1951 -0.9029 0.3829
vn 0.0375 -0.3414 -0.9392
vn 0.0732 0.9222 0.3797
vn -0.7676 -0.6409 0.0051
vn -0.9885 -0.1102 0.1038
vn -0.2284 0.2172 -0.9490
vn -0.4670 0.0907 -0.8796
vn -0.2113 -0.1692 -0.9627
vn -0.1841 0.9548 0.2334
vn 0.5404 -0.4724 -0.6963
vn -0.1418 0.7995 0.5837
vn -0.4528 0.2450 -0.8573
vn -0.1282 0.9753 -0.1801
vn -0.1169 0.9221 -0.3689
vn -0.5782 0.0881 -0.8111
vn 0.2901 -0.0991 -0.9518
vn 0.0189 0.9148 -0.4035
vn 0.4040 0.8603 0.3108
vn -0.4785 0.0741 0.8750
vn 0.9904 0.1204 -0.0677
vn 0.0615 0.1726 0.9831
vn -0.8226 -0.1374 0.5517
vn -0.1366 0.9628 -0.2330
vn -0.1033 0.8852 -0.4536
vn -0.9421 0.3236 0.0879
vn -0.3924 0.3475 0.8516
vn -0.9433 0.0130 0.3316
vn 0.1396 -0.2328 -0.9625
vn -0.0950 0.9473 -0.3060
vn -0.1064 0.9942 0.0141
vn 0.9994 0.0141 0.0315
vn 0.9163 -0.2856 -0.2808
vn 0.1479 -0.6152 0.7744
vn -0.1289 0.9394 -0.3177
vn 0.9976 -0.0080 -0.0687
vn -0.0807 0.9866 0.1415
vn -0.5984 0.7929 0.1154
vn -0.5213 0.8416 0.1410
vn -0.2909 0.9446 -0.1519
vn -0.1457 0.5512 -0.8216
vn 0.6751 0.5893 -0.4438
vn -0.9107 0.3979 -0.1104
vn -0.5784 0.6614 -0.4775
vn -0.6521 -0.7570 -0.0416
vn 0.7898 -0.1280 -0.5998
vn 0.9180 0.0470 -0.3938
vn 0.2449 0.8639 0.4402
vn 0.4874 0.6174 0.6174
vn -0.7101 0.0124 0.7040
vn 0.1842 -0.1895 -0.9644
vn 0.8109 0.5776 0.0938
vn 0.9968 -0.0019 0.0800
vn 0.7579 -0.6511 -0.0403
vn -0.9976 0.0677 0.0133
vn -0.8872 0.4488 0.1072
vn 0.9816 -0.0209 -0.1899
vn 0.3728 0.8268 -0.4213
vn 0.1934 0.9634 -0.1858
vn 0.4074 -0.9010 0.1492
vn 0.9657 -0.0876 0.2444
vn -0.7667 -0.5729 0.2898
vn 0.8508 0.0161 0.5252
vn 0.9898 0.0304 0.1391
vn -0.1443 -0.0494 -0.9883
vn 0.0284 0.9922 -0.1210
vn -0.9996 -0.0260 0.0084
vn -0.2270 0.9465 0.2293
vn 0.9994 -0.0078 0.0337
vn 0.9953 0.0418 -0.0869
vn -0.9822 -0.0125 -0.1876
vn -0.9548 -0.1765 0.2391
vn -0.9637 -0.0167 0.2666
vn 0.8057 0.5218 -0.2802
vn -0.3794 -0.9185 0.1112
vn 0.3167 0.9468 -0.0575
vn 0.2968 -0.0166 -0.9548
vn 0.1284 -0.9827 0.1333
vn 0.9947 0.0694 -0.0753
vn 0.7714 -0.2693 0.5766
vn 0.6338 -0.0360 0.7727
vn -0.9930 0.1181 0.0046
vn -0.8293 0.0200 -0.5585
vn -0.8382 -0.4772 0.2642
vn 0.1314 0.7713 0.6227
vn 0.0932 0.0115 0.9956
vn -0.2723 0.9616 -0.0332
vn 0.8812 0.3960 -0.2582
vn 0.6898 0.6801 -0.2485
vn -0.9972 -0.0578 -0.0464
vn 0.1058 -0.9878 0.1143
vn -0.4642 -0.8726 -0.1520
vn -0.1015 -0.0503 0.9936
vn -0.8312 -0.1161 -0.5437
vn -0.0573 0.9983 -0.0047
vn -0.0019 0.0441 0.9990
vn 0.0741 -0.0404 0.9964
vn 0.8997 0.3590 0.2483
vn -0.3390 -0.8039 -0.4887
vn -0.7730 -0.5824 0.2516
vn 0.4439 0.3299 0.8332
vn 0.9651 -0.2608 0.0230
vn 0.0116 0.9756 0.2191
vn -0.2385 -0.0311 0.9706
vn 0.3681 -0.0216 0.9295
vn 0.4830 0.5715 0.6634
vn -0.4412 -0.0265 0.8970
vn -0.6702 -0.7408 0.0446
vn 0.1223 0.2598 -0.9579
vn 0.5925 -0.3023 0.7467
vn -0.9660 -0.1892 0.1760
vn -0.7660 -0.6195 -0.1716
vn -0.5851 -0.0363 0.8102
vn -0.4456 0.3638 0.8180
vn 0.1001 -0.9944 -0.0343
vn -0.2358 -0.9488 -0.2100
vn -0.6152 -0.2029 -0.7618
vn -0.9812 -0.1931 -0.0032
vn 0.1258 0.9888 -0.0802
vn 0.9374 0.3348 0.0960
vn 0.0136 -0.2649 0.9642
vn 0.1574 0.9595 0.2338
vn -0.5042 0.0165 -0.8634
vn 0.4568 -0.0306 0.8890
vn 0.0604 0.0767 0.9952
vn -0.4953 0.7740 0.3944
vn -0.4624 -0.0486 -0.8853
vn 0.0030 -0.0268 0.9996
vn 0.9206 0.3134 -0.2331
vn 0.1683 0.1390 0.9759
vn 0.7667 0.0816 0.6368
vn 0.6065 -0.3153 0.7299
vn -0.0400 -0.0399 0.9984
vn 0.1044 0.0446 -0.9935
vn -0.1462 -0.2689 -0.9520
vn 0.8895 0.1742 -0.4224
vn 0.3722 0.0393 -0.9273
vn -0.9637 -0.0509 -0.2619
vn 0.1089 0.0847 -0.9904
vn -0.1971 0.9792 -0.0482
vn 0.8417 -0.5398 -0.0118
vn -0.6735 -0.7378 0.0440
vn -0.0586 0.9983 -0.0061
vn -0.7850 -0.5913 -0.1846
vn -0.9955 0.0195 0.0922
vn -0.1412 -0.1637 -0.9763
vn -0.8736 -0.4775 -0.0939
vn 0.3442 0.3036 0.8885
vn 0.5464 0.8275 -0.1290
vn -0.6738 -0.7282 -0.1252
vn -0.0521 -0.1689 0.9843
vn 0.1157 0.1476 -0.9822
vn -0.5561 0.8046 0.2082
vn 0.5969 0.6662 -0.4471
vn -0.0060 -0.0628 0.9980
vn 0.4984 0.7715 0.3955
vn 0.2228 0.3706 0.9017
vn 0.1337 0.0015 -0.9910
vn -0.9975 0.0678 0.0187
vn -0.6407 0.7671 0.0333
vn -0.9997 -0.0225 -0.0004
vn -0.9879 0.1268 -0.0892
vn 0.8922 -0.4439 0.0835
vn -0.2450 -0.9496 -0.1956
vn 0.1601 0.1884 -0.9690
vn -0.1748 -0.0318 -0.9841
vn -0.9586 -0.2152 0.1866
vn 0.3075 0.0802 0.9482
vn -0.5404 0.6008 0.5891
vn 0.9175 -0.3796 -0.1185
vn 0.9272 -0.1686 -0.3346
vn -0.6301 -0.7578 0.1696
vn -0.8381 0.0982 -0.5367
vn -0.7418 -0.6702 0.0226
vn -0.6108 -0.0785 0.7879
vn -0.5729 0.2200 -0.7895
vn 0.7742 0.6169 0.1414
vn 0.5774 0.7512 0.3198
vn 0.8982 0.4393 -0.0185
vn 0.8993 0.4329 -0.0621
vn 0.6587 0.0815 0.7480
vn 0.3649 0.7173 -0.5935
vn 0.7572 0.6082 -0.2380
vn 0.2068 -0.2041 -0.9569
vn -0.2528 -0.5434 0.8005
vn -0.6154 -0.7805 0.1105
vn 0.7287 0.6752 -0.1141
vn -0.1600 -0.1005 -0.9820
vn 0.2416 0.1423 -0.9599
vn 0.9397 -0.2943 -0.1741
vn 0.9159 -0.4014 -0.0006
vn 0.9994 0.0086 0.0331
vn 0.8091 0.3241 -0.4902
vn 0.6975 0.6589 0.2817
vn 0.8993 -0.4294 -0.0833
vn 0.5065 0.5829 -0.6354
vn -0.7546 0.5504 0.3573
vn 0.3641 0.7135 -0.5987
vn 0.3314 0.8759 -0.3506
vn 0.9434 0.2519 0.2155
vn 0.7735 -0.3942 -0.4963
vn 0.0359 0.0788 0.9962
vn 0.9397 0.2619 0.2198
vn 0.1285 0.2991 0.9455
vn 0.0293 -0.9887 0.1469
vn -0.9597 -0.1776 0.2176
vn -0.8016 -0.4286 -0.4169
vn 0.4001 0.2261 0.8881
vn 0.9585 0.2200 0.1811
vn -0.7899 0.0209 0.6129
vn -0.9316 -0.0324 -0.3620
vn 0.5294 0.1640 -0.8324
vn 0.0151 0.6736 -0.7390
vn -0.2398 0.6894 0.6836
vn 0.9579 -0.0018 0.2870
vn 0.9278 -0.0246 -0.3723
vn 0.9897 0.0672 0.1266
vn 0.2380 0.1241 -0.9633
vn -0.4966 -0.8679 -0.0116
vn -0.7694 -0.6386 -0.0108
vn -0.0518 0.0497 0.9974
vn 0.5456 0.5730 -0.6116
vn -0.6012 -0.0624 -0.7967
vn 0.9888 0.0563 -0.1383
vn 0.0757 0.9797 -0.1854
vn -0.9254 -0.2750 -0.2607
vn 0.1849 0.8891 0.4186
vn 0.2127 -0.0979 -0.9722
vn -0.5878 -0.7761 -0.2285
vn -0.7391 -0.5999 0.3063
vn 0.0052 -0.0179 0.9998
vn 0.7915 -0.5926 0.1494
vn 0.7527 0.6456 -0.1294
vn -0.2374 -0.9672 -0.0909
vn -0.0048 0.3041 0.9526
vn -0.4302 0.4122 0.8031
vn 0.3572 0.8927 -0.2749
vn 0.5873 0.7862 -0.1925
vn -0.1913 0.9514 0.2414
vn -0.9958 -0.0876 0.0281
vn -0.3914 -0.2705 -0.8795
vn -0.6824 -0.7295 0.0461
vn 0.5774 0.7465 0.3308
vn 0.0921 0.1175 0.9888
vn -0.3097 0.6516 0.6925
vn 0.9016 -0.3350 -0.2738
vn 0.1975 -0.9801 -0.0195
vn 0.4284 0.8977 0.1029
vn 0.9512 0.1914 0.2421
vn -0.3632 0.0136 -0.9316
vn -0.7458 0.2347 -0.6234
vn 0.0017 -0.0661 -0.9978
vn 0.3939 0.8774 -0.2740
vn -0.4447 -0.8824 0.1534
vn 0.9762 0.1158 -0.1836
vn 0.0001 0.9987 0.0517
vn 0.1197 0.4507 0.8846
vn -0.7730 -0.5826 0.2513
vn -0.0945 0.0114 -0.9955
vn -0.9400 -0.3361 0.0585
vn 0.5448 0.4681 -0.6958
vn -0.9466 -0.2945 0.1313
vn 0.0066 0.0525 0.9986
vn -0.5841 -0.8115 0.0188
vn 0.4055 0.3359 0.8502
vn 0.6845 -0.7276 -0.0452
vn -0.0106 0.4357 -0.9000
vn 0.8398 0.2544 -0.4796
vn -0.8766 0.2877 0.3857
vn 0.1826 -0.0573 0.9815
vn 0.4270 0.7968 0.4275
vn -0.1439 0.9079 0.3937
vn -0.1117 -0.0268 0.9934
vn -0.4738 0.3276 0.8174
vn 0.2265 0.1536 -0.9618
vn -0.9579 -0.0083 0.2869
vn 0.0599 0.9772 -0.2035
vn 0.3594 0.9256 -0.1185
vn 0.0506 0.1289 -0.9904
vn -0.9770 -0.2024 -0.0666
vn -0.8591 -0.1212 0.4973
vn 0.9468 0.3019 -0.1114
vn 0.9241 0.3714 -0.0904
vn -0.9587 -0.0609 -0.2780
vn -0.0423 0.7065 -0.7065
vn -0.9696 -0.0110 0.2443
vn 0.5655 -0.4328 0.7020
vn 0.9040 0.3451 0.2522
vn 0.2920 0.3802 -0.8776
vn 0.1468 0.9248 -0.3510
vn -0.2755 -0.9518 0.1347
vn -0.4545 0.8819 -0.1250
vn -0.2398 -0.9693 -0.0551
vn 0.4610 -0.8826 -0.0923
vn -0.3330 0.4893 -0.8061
vn -0.8739 -0.3455 0.3420
vn 0.4939 -0.1920 -0.8480
vn -0.4962 0.3581 0.7909
vn -0.3570 -0.5847 0.7285
vn 0.0230 0.4518 -0.8918
vn -0.2977 0.0477 0.9535
vn -0.6344 -0.0883 0.7680
vn 0.0366 -0.3803 -0.9241
vn -0.3021 0.4454 -0.8428
vn -0.4002 0.0081 -0.9164
vn -0.9911 0.0684 0.1139
vn 0.0142 0.4342 0.9007
vn -0.1025 -0.4212 -0.9012
vn 0.9969 0.0489 0.0610
vn 0.9933 0.0501 0.1040
vn 0.0453 -0.9901 -0.1331
vn -0.7578 -0.5757 0.3070
vn 0.0144 -0.0124 -0.9998
vn -0.5512 0.8331 0.0463
vn -0.1417 -0.9533 0.2667
vn -0.1619 0.6978 0.6978
vn -0.9786 0.0793 -0.1899
vn -0.9300 0.3377 -0.1454
vn -0.9150 -0.2980 0.2718
vn -0.8060 0.2985 0.5111
vn 0.2993 -0.8894 0.3455
vn -0.4651 -0.5115 -0.7225
vn -0.9793 -0.1438 -0.1425
vn 0.0625 0.7899 -0.6100
vn -0.3260 -0.1958 0.9249
vn -0.6269 -0.7721 0.1043
vn -0.7068 0.2693 -0.6541
vn -0.9487 -0.0040 0.3163
vn 0.7053 0.0912 0.7031
vn -0.0567 0.1914 0.9799
vn -0.2225 -0.3687 0.9025
vn -0.9482 -0.3034 0.0936
vn -0.9731 0.0679 -0.2200
vn 0.7769 -0.6279 -0.0467
vn -0.5978 -0.7631 0.2456
vn 0.5332 -0.3607 -0.7653
vn 0.3056 0.0327 -0.9516
vn -0.9920 -0.1263 -0.0026
vn 0.9765 0.0620 -0.2066
vn 0.8728 0.2141 -0.4386
vn 0.9994 -0.0070 0.0333
vn 0.5778 0.8152 0.0403
vn 0.7399 0.6719 -0.0323
vn 0.7675 -0.6411 0.0050
vn -0.1068 0.6512 0.7514
vn 0.9787 -0.1839 0.0912
vn -0.6812 0.7321 0.0001
vn 0.0437 0.0367 -0.9984
vn 0.2112 -0.1692 -0.9627
vn 0.1840 0.9548 0.2334
vn -0.9153 -0.4016 -0.0313
vn 0.4200 -0.0427 -0.9065
vn 0.8638 -0.2223 -0.4521
vn 0.1405 0.7971 0.5873
vn 0.4527 0.2447 -0.8574
vn 0.8348 0.5317 -0.1430
vn -0.1203 -0.4459 -0.8870
vn -0.0609 0.9879 -0.1423
vn 0.8239 0.1270 -0.5523
vn 0.6296 0.0307 -0.7763
vn -0.1581 -0.0759 -0.9845
vn 0.9400 0.3411 -0.0016
vn -0.5317 0.8435 0.0756
vn 0.4807 0.0841 0.8728
vn 0.2465 0.8783 -0.4096
vn -0.4853 -0.6224 0.6141
vn 0.8226 -0.1374 0.5517
vn 0.1512 0.9226 -0.3549
vn 0.9421 0.3236 0.0879
vn 0.2408 0.2144 0.9466
vn -0.1439 -0.2786 -0.9496
vn -0.4052 0.8146 -0.4151
vn 0.0969 0.9930 -0.0670
vn 0.8424 -0.3924 0.3693
vn -0.2460 -0.4010 -0.8824
vn 0.4326 0.8644 0.2561
vn -0.9970 -0.0288 -0.0718
vn 0.5984 0.7929 0.1154
vn 0.5201 0.8423 0.1414
vn 0.3058 0.9492 -0.0745
vn 0.1543 0.7705 -0.6184
vn 0.9130 0.3936 -0.1071
vn 0.6955 -0.7172 -0.0434
vn -0.0981 -0.0879 -0.9913
vn 0.9147 -0.3498 -0.2025
vn 0.7101 0.0124 0.7040
vn -0.6189 -0.3244 0.7154
vn -0.9627 0.2700 0.0197
vn -0.1871 -0.1727 -0.9671
vn -0.8069 0.5786 0.1188
vn -0.1258 -0.3864 -0.9137
vn 0.9976 0.0677 0.0133
vn 0.8872 0.4488 0.1072
vn 0.9839 0.0959 0.1508
vn -0.9816 -0.0209 -0.1900
vn -0.6821 0.6767 0.2771
vn -0.9431 0.1998 0.2656
vn -0.9045 0.3645 0.2213
vn -0.8517 0.4098 -0.3265
vn -0.9168 -0.1942 -0.3489
vn -0.9093 -0.2182 -0.3543
vn -0.5031 -0.6866 0.5249
vn -0.8484 -0.5211 0.0926
vn -0.8777 -0.1149 0.4652
vn -0.1471 0.4491 0.8813
vn -0.4599 0.6279 0.6279
vn -0.7987 0.5361 0.2732
vn -0.7094 0.6007 0.3687
vn -0.6199 0.6992 -0.3562
vn -0.8055 0.4629 -0.3700
vn -0.6943 0.5089 -0.5089
vn -0.3709 -0.6149 0.6960
vn -0.0577 0.0594 0.9966
vn -0.0605 0.4532 0.8894
vn 0.0369 0.7066 0.7066
vn 0.0707 0.7435 0.6649
vn -0.0064 0.8910 0.4540
vn -0.0022 0.0407 0.9992
vn -0.1078 0.9941 -0.0096
vn -0.0580 0.9835 -0.1714
vn 0.1400 0.9745 0.1751
vn -0.0742 0.8885 -0.4528
vn -0.0314 0.6462 -0.7626
vn -0.0066 0.7071 -0.7071
vn -0.0064 0.3242 -0.9460
vn 0.0033 0.3370 -0.9415
vn -0.1680 -0.4410 -0.8816
vn 0.1088 -0.7119 -0.6939
vn -0.2126 -0.9621 0.1710
vn 0.1459 -0.7706 0.6204
vn -0.1938 -0.1632 0.9674
vn 0.8413 0.4588 -0.2857
vn 0.9123 0.4095 -0.0092
vn 0.9331 -0.0665 -0.3533
vn 0.8811 -0.2193 -0.4189
vn 0.9159 -0.2679 -0.2990
vn 0.1445 -0.5250 0.8387
vn 0.8366 -0.4948 0.2353
vn 0.9241 -0.1107 0.3658
vn 0.7154 0.1370 0.6851
vn 0.6624 0.3401 0.6675
vn 0.6533 0.5353 0.5353
vn 0.6195 0.6994 0.3564
vn 0.6932 0.6214 0.3652
vn 0.8065 0.5268 -0.2684
vn 0.7114 0.5977 -0.3696
vn 0.4586 0.6284 -0.6284
vn 0.8931 -0.4061 0.1933
vn 0.0063 0.0693 0.9976
vn 0.0817 -0.0640 0.9946
vn 0.0925 0.1780 0.9797
vn 0.0064 0.4540 0.8910
vn -0.0092 0.7343 0.6787
vn 0.0127 0.7070 0.7070
vn 0.0647 0.8891 0.4530
vn 0.0612 0.9963 0.0605
vn 0.0158 0.9972 -0.0734
vn 0.0734 0.9968 0.0302
vn 0.1061 0.8860 -0.4514
vn 0.0595 0.7644 -0.6419
vn -0.0054 0.7071 -0.7071
vn 0.0730 0.4074 -0.9103
vn -0.0349 -0.0564 -0.9978
vn -0.0120 -0.0301 -0.9995
vn 0.1130 -0.7562 -0.6445
vn -0.0512 -0.9309 -0.3615
vn 0.0955 -0.9954 -0.0081
vn -0.0997 -0.7134 0.6936
vn 0.0264 -0.5982 0.8009
vn 0.9947 0.0784 0.0669
vn -0.1208 -0.8412 0.5270
vn 0.2667 -0.9478 -0.1746
vn -0.1392 -0.9891 -0.0488
vn -0.1372 -0.9889 -0.0566
vn -0.0770 -0.9776 -0.1957
vn -0.0930 -0.9697 -0.2259
vn -0.2418 -0.9517 -0.1890
vn -0.1554 -0.9679 -0.1976
vn -0.0624 -0.9802 -0.1877
vn -0.1277 -0.3547 -0.9262
vn -0.1006 -0.6502 -0.7530
vn -0.1291 -0.9552 -0.2664
vn -0.0966 -0.8491 -0.5194
vn 0.1985 -0.9651 -0.1709
vn -0.2141 -0.9750 -0.0587
vn 0.0477 -0.9682 -0.2455
vn 0.0149 0.9891 0.1466
vn 0.2301 -0.3496 0.9082
vn -0.3085 -0.6095 -0.7303
vn 0.4953 -0.5515 -0.6712
vn -0.2498 -0.8143 -0.5239
vn 0.0123 -0.9808 -0.1946
vn 0.0080 -0.8729 -0.4879
vn -0.5828 -0.7713 -0.2556
vn 0.0196 -0.9978 -0.0628
vn -0.0498 -0.9939 -0.0983
vn -0.0937 -0.9939 0.0577
vn 0.3025 -0.6884 0.6592
vn -0.3122 -0.4416 0.8412
vn 0.1758 -0.9753 -0.1334
vn -0.0321 -0.5605 -0.8276
vn -0.2060 -0.6447 -0.7361
vn -0.5356 -0.6491 -0.5401
vn 0.4972 -0.4287 -0.7544
vn 0.2310 -0.9713 -0.0566
vn -0.1011 -0.9848 -0.1412
vn -0.9270 -0.3716 -0.0508
vn 0.0092 -0.6629 0.7487
vn 0.6953 -0.7187 -0.0086
vn -0.0282 -0.5311 -0.8468
vn -0.0154 -0.9583 -0.2853
vn 0.1914 0.9799 -0.0565
vn 0.4032 0.6924 0.5984
vn 0.1520 0.9192 0.3633
vn 0.3139 0.7257 0.6122
vn 0.0883 0.9892 0.1168
vn 0.1327 0.7516 0.6462
vn 0.0617 0.9837 0.1688
vn -0.3963 0.4433 0.8040
vn 0.3255 0.7894 0.5205
vn -0.3819 0.9057 -0.1842
vn 0.1895 0.7606 -0.6209
vn -0.3225 0.1102 -0.9401
vn 0.1542 -0.2128 -0.9649
vn -0.5619 -0.7462 -0.3570
vn 0.0243 -0.9993 0.0283
vn -0.2971 -0.6610 0.6891
vn 0.2502 -0.4304 0.8673
vn -0.9987 0.0413 0.0301
vn -0.9994 0.0324 0.0083
vn -0.9997 0.0090 0.0228
vn -0.9943 -0.1053 -0.0140
vn -0.9980 -0.0328 0.0537
vn -0.9999 0.0039 0.0098
vn -0.8597 -0.4090 -0.3058
vn -0.9384 -0.2385 -0.2502
vn -0.9998 -0.0173 -0.0009
vn -0.9818 -0.1261 -0.1419
vn -0.9832 0.0792 0.1642
vn -0.9302 -0.1342 -0.3415
vn -0.9806 -0.1424 -0.1349
vn -0.9820 -0.1448 -0.1213
vn -0.9837 -0.1747 -0.0417
vn -0.9822 -0.0218 -0.1868
vn -0.7652 -0.2721 -0.5835
vn -0.7452 -0.2972 -0.5970
vn -0.2882 -0.3682 -0.8840
vn -0.2493 -0.3083 -0.9180
vn -0.0486 0.4503 0.8916
vn 0.0975 0.4630 0.8810
vn -0.9984 -0.0250 -0.0514
vn -0.9999 0.0128 -0.0008
vn -0.9998 0.0207 0.0057
vn -0.9987 0.0407 -0.0309
vn -0.2233 0.9562 -0.1892
vn -0.1588 0.9694 -0.1872
vn 0.2434 0.9518 -0.1866
vn -0.2684 0.7414 -0.6151
vn -0.2394 0.6608 -0.7114
vn 0.0652 0.9721 0.2254
vn 0.0942 0.9657 0.2421
vn 0.0877 0.9312 -0.3537
vn -0.1042 0.3806 -0.9188
vn 0.8583 0.3470 -0.3782
vn -0.1418 -0.3521 -0.9252
vn -0.0782 -0.2387 -0.9679
vn 0.1641 -0.9259 -0.3404
vn 0.1182 -0.8374 0.5337
vn 0.9983 0.0521 0.0246
vn -0.2667 -0.9478 -0.1746
vn 0.1041 -0.9934 -0.0478
vn 0.0974 -0.9686 -0.2287
vn 0.7043 -0.6453 0.2959
vn 0.2581 -0.9478 -0.1875
vn 0.0787 -0.9964 -0.0300
vn 0.0491 -0.9811 -0.1872
vn 0.0787 -0.3851 -0.9195
vn 0.5988 0.0314 0.8003
vn 0.0986 -0.6504 -0.7532
vn 0.0965 -0.8469 -0.5230
vn -0.1985 -0.9651 -0.1709
vn -0.6647 -0.7457 -0.0455
vn -0.0687 -0.9671 -0.2451
vn -0.0096 0.9892 0.1465
vn -0.3948 -0.3365 0.8549
vn 0.2934 -0.6131 -0.7335
vn -0.4941 -0.5519 -0.6717
vn 0.0891 -0.7852 -0.6128
vn 0.0040 -0.9980 -0.0627
vn -0.0599 -0.9906 0.1232
vn -0.0131 -0.9812 -0.1925
vn -0.0343 -0.8720 -0.4882
vn 0.5828 -0.7713 -0.2556
vn -0.0212 -0.9978 -0.0623
vn 0.0580 -0.9934 -0.0991
vn -0.1366 0.9841 0.1131
vn 0.0994 -0.9720 -0.2130
vn -0.3025 -0.6884 0.6592
vn 0.0329 -0.5664 -0.8235
vn 0.5349 -0.6490 -0.5410
vn -0.4972 -0.4287 -0.7544
vn -0.2310 -0.9713 -0.0565
vn 0.1360 -0.9796 -0.1481
vn -0.0092 -0.6629 0.7487
vn -0.6953 -0.7187 -0.0086
vn 0.0281 -0.5303 -0.8473
vn 0.0141 -0.9578 -0.2870
vn -0.3140 0.9417 0.1210
vn -0.3735 0.9145 0.1554
vn -0.3572 0.8026 0.4778
vn -0.1212 0.9600 0.2523
vn -0.2247 0.8821 0.4139
vn -0.0553 0.7613 0.6461
vn -0.0726 0.9689 0.2366
vn 0.2192 0.0391 0.9749
vn 0.3785 0.8103 0.4474
vn -0.2750 0.9441 0.1816
vn 0.3505 0.6764 -0.6478
vn -0.3698 0.2713 -0.8886
vn 0.8577 -0.5081 -0.0792
vn 0.3020 -0.4118 -0.8598
vn -0.1172 -0.9871 -0.1086
vn 0.2908 -0.9502 0.1122
vn 0.1997 -0.9098 0.3640
vn 0.5757 -0.1633 0.8012
vn 0.9999 0.0068 -0.0089
vn 0.9999 0.0030 -0.0151
vn 0.9964 -0.0497 -0.0684
vn 0.9999 -0.0069 -0.0097
vn 0.9124 -0.3713 0.1722
vn 0.9404 -0.2373 -0.2438
vn 0.9838 -0.0881 -0.1561
vn 0.9551 0.1967 0.2214
vn 0.9734 -0.1095 -0.2013
vn 0.9851 -0.1256 -0.1172
vn 0.9170 -0.1363 -0.3748
vn 0.9823 -0.1534 -0.1077
vn 0.9832 -0.1565 -0.0938
vn 0.4564 -0.3850 -0.8022
vn 0.5113 -0.4367 -0.7402
vn 0.3567 -0.4824 -0.8000
vn 0.1653 0.4537 0.8757
vn -0.0362 0.4309 0.9017
vn 0.9981 -0.0184 -0.0588
vn 0.9994 -0.0160 -0.0299
vn 1.0000 0.0044 -0.0043
vn 0.5580 0.7915 -0.2492
vn -0.3887 0.9112 -0.1367
vn 0.2210 0.9555 -0.1956
vn 0.1745 0.9658 -0.1917
vn 0.0762 0.2408 -0.9676
vn 0.2090 0.8953 -0.3933
vn 0.1971 0.9352 -0.2941
vn 0.2370 0.7753 -0.5854
vn 0.2092 0.6931 -0.6898
vn 0.1829 0.7018 -0.6885
vn -0.0648 0.7849 0.6162
vn 0.0503 0.3854 -0.9214
vn -0.9798 0.1955 0.0418
vn 0.1033 -0.4828 -0.8696
vn 0.1670 0.3988 -0.9017
vn -0.1946 -0.9192 -0.3422
vn -0.0076 -0.9999 0.0082
vn 0.0413 -0.9991 0.0108
vn -0.0008 -1.0000 0.0014
vn 0.0470 -0.9945 -0.0933
vn -0.9994 -0.0360 0.0018
vn 0.0006 -1.0000 0.0014
vn 0.9994 -0.0360 0.0018
vn 0.1491 -0.9888 -0.0017
vn 0.0507 -0.9098 0.4120
vn -0.1139 -0.1090 0.9875
vn -0.9729 -0.2312 0.0081
vn 0.1166 -0.0993 0.9882
vn 0.9865 -0.1635 0.0093
vn -0.1491 -0.9888 -0.0017
vn 0.0732 0.9958 0.0554
vn 0.9631 -0.0439 -0.2654
vn 0.9839 -0.0924 0.1533
vn -0.0732 0.9958 0.0554
vn -0.9973 0.0714 -0.0195
vn 0.0935 -0.1831 0.9786
vn -0.0934 -0.1831 0.9787
vn -0.4535 -0.8815 0.1311
vn -0.0339 -0.0792 -0.9963
vn 0.0513 -0.9984 0.0240
vn 0.0403 -0.0987 -0.9943
vn -0.0336 -0.9989 0.0321
vn -0.0221 -0.9998 0.0027
vn 0.0076 -0.9999 0.0083
vn 0.0318 -0.9852 -0.1685
vn -0.9839 -0.0924 0.1533
vn 0.9946 -0.1035 0.0032
vn -0.0507 -0.9098 0.4120
vn -0.9946 -0.1035 0.0032
vn -0.9994 0.0029 -0.0352
vn -0.9956 0.0833 0.0426
vn 0.0115 -0.9997 0.0199
vn -0.9767 0.0244 -0.2132
vn 0.9978 0.0627 -0.0208
vn 0.9972 0.0610 0.0430
vn 0.9579 0.0370 0.2848
vn 0.9853 0.0393 -0.1663
vn -0.9853 0.0393 -0.1663
vn -0.9579 0.0370 0.2848
vn 0.9950 -0.0995 0.0019
vn -0.7184 0.0902 0.6898
vn -0.0241 0.9943 0.1036
vn 0.0210 0.9941 0.1066
vn 0.1017 -0.9131 0.3948
vn -0.1017 -0.9131 0.3948
vn -0.0858 -0.5036 0.8597
vn 0.0305 -0.6538 -0.7561
vn -0.0364 -0.9522 0.3032
vn 0.0364 -0.9522 0.3032
vn 0.9906 -0.0376 -0.1318
vn 0.0780 -0.9113 0.4042
vn -0.9889 0.0222 -0.1468
vn -0.0780 -0.9113 0.4042
vn 0.0048 -0.1993 0.9799
vn 0.7646 -0.0673 0.6410
vn -0.8928 -0.0275 0.4496
vn -0.0048 -0.1993 0.9799
vn 0.9928 -0.0002 0.1197
vn -0.7928 -0.5727 -0.2085
vn 0.9768 -0.1193 -0.1781
vn -0.9768 -0.1193 -0.1781
vn 0.7928 -0.5727 -0.2085
vn -0.9920 0.1246 0.0225
vn 0.0124 -0.9999 -0.0121
vn -0.0123 -0.9999 -0.0118
vn -0.0013 -0.9915 -0.1301
vn 0.0013 -0.9915 -0.1301
vn -0.0142 -0.0115 -0.9998
vn -0.9936 -0.0079 -0.1127
vn 0.9955 -0.0299 -0.0897
vn -0.9991 -0.0140 -0.0390
vn 0.9991 -0.0140 -0.0390
vn 0.0142 -0.0115 -0.9998
vn -0.1013 -0.1415 -0.9847
vn -0.9624 -0.0254 -0.2705
vn 0.1013 -0.1415 -0.9847
vn 0.9624 -0.0254 -0.2705
vn 0.9801 0.1434 0.1375
vn -0.9605 0.1835 -0.2093
vn 0.9606 0.1846 -0.2080
vn -0.9801 0.1434 0.1375
vn -0.9987 0.0487 0.0130
vn 0.0504 -0.9987 -0.0003
vn -0.9973 -0.0727 -0.0089
vn 0.0638 -0.9371 0.3431
vn -0.0844 0.4783 -0.8741
vn -0.0638 -0.9371 0.3431
vn 0.0844 0.4783 -0.8741
vn -0.9716 -0.2341 -0.0352
vn 0.9722 -0.1316 -0.1938
vn -0.0013 0.0042 -1.0000
vn 0.0013 0.0042 -1.0000
vn -0.9832 -0.0179 -0.1816
vn 0.9986 -0.0257 0.0464
vn -0.9986 -0.0257 0.0464
vn -0.9839 -0.0055 -0.1786
vn -0.9899 -0.1399 0.0225
vn 0.9899 -0.1399 0.0225
vn 0.9217 -0.1250 -0.3672
vn -0.0005 -0.2848 -0.9586
vn 0.9976 0.0282 -0.0631
vn -0.0030 -0.2096 0.9778
vn -0.9997 0.0071 -0.0244
vn 0.0030 -0.2093 0.9778
vn 1.0000 -0.0003 0.0059
vn 0.0968 -0.1742 -0.9799
vn -0.0225 -0.4906 -0.8711
vn -0.0968 -0.1742 -0.9799
vn 0.0225 -0.4906 -0.8711
vn 0.3813 0.3013 -0.8740
vn 0.0213 0.0692 -0.9974
vn -0.0213 0.0692 -0.9974
vn -0.3813 0.3013 -0.8740
vn -0.9998 -0.0101 0.0181
vn 0.9998 0.0108 0.0180
vn -0.6146 -0.7103 0.3432
vn 0.0028 -0.9417 0.3364
vn 0.0588 0.1815 -0.9816
vn -0.0028 -0.9417 0.3364
vn -0.0588 0.1815 -0.9816
vn 0.9920 0.0404 -0.1199
vn 0.2932 0.0709 -0.9534
vn -0.2932 0.0709 -0.9534
vn -0.1889 -0.6668 0.7209
vn 0.1896 -0.6711 0.7167
vn -0.0330 -0.3419 -0.9392
vn 0.1574 -0.9875 0.0112
vn 0.0248 -0.7552 0.6551
vn -0.1685 -0.9856 0.0118
vn -0.0199 -0.7560 0.6543
vn 0.3818 -0.0128 0.9241
vn 0.0096 -0.9997 0.0230
vn 0.7009 -0.4443 -0.5580
vn 0.3481 0.4612 0.8161
vn 0.9945 -0.0131 -0.1044
vn -0.9832 -0.0041 -0.1823
vn -0.8993 -0.3839 0.2093
vn -0.9965 -0.0820 0.0171
vn 0.8994 -0.3839 0.2093
vn 0.9965 -0.0820 0.0171
vn -0.9973 -0.0639 0.0351
vn 0.5949 -0.2924 -0.7487
vn -0.5949 -0.2924 -0.7487
vn 0.9973 -0.0639 0.0351
vn 0.0115 -0.8074 -0.5898
vn 0.0120 -0.9297 0.3681
vn -0.9763 -0.0741 0.2035
vn -0.9950 -0.0995 0.0019
vn -0.1166 -0.9911 -0.0636
vn -0.9499 0.1189 -0.2890
vn 0.1166 -0.9911 -0.0636
vn 0.9499 0.1189 -0.2890
vn 0.2371 -0.3626 -0.9013
vn 0.0867 -0.4933 0.8655
vn -0.9762 0.1971 -0.0909
vn -0.2205 -0.8548 0.4698
vn 0.9798 -0.1981 -0.0252
vn -0.4234 -0.8903 0.1675
vn 0.4234 -0.8903 0.1675
vn 0.9973 0.0590 -0.0435
vn 0.9967 0.0806 -0.0133
vn -0.0020 -0.9984 -0.0558
vn 0.0020 -0.9984 -0.0558
vn -0.0391 -0.7045 -0.7086
vn -0.9972 0.0722 -0.0199
vn -0.0120 -0.9297 0.3682
vn 0.9742 -0.0866 0.2082
vn 0.9888 0.1485 -0.0168
vn -0.9936 -0.0792 -0.0803
vn -0.0308 -0.9851 -0.1691
vn 0.0575 -0.3755 -0.9250
vn 0.6956 0.4799 -0.5346
vn -0.6956 0.4799 -0.5346
vn 0.9954 -0.0936 -0.0226
vn -0.9954 -0.0936 -0.0226
vn 0.9803 0.1899 0.0538
vn 0.9969 -0.0522 -0.0595
vn 0.9905 -0.1350 -0.0258
vn 0.7685 -0.6358 -0.0715
vn 0.8739 0.3682 0.3174
vn -0.9969 -0.0518 -0.0595
vn -0.9905 -0.1349 -0.0265
vn -0.8736 0.3687 0.3175
vn -0.7685 -0.6358 -0.0715
vn 0.3019 -0.9530 -0.0246
vn 0.2203 0.9722 0.0796
vn -0.8900 0.3975 -0.2235
vn -0.0162 -0.9817 0.1898
vn 0.0614 -0.9852 0.1601
vn 0.9977 -0.0053 0.0677
vn -0.0806 -0.9836 0.1611
vn -0.9977 -0.0053 0.0677
vn -0.9001 0.4224 0.1066
vn 0.0212 -0.2193 -0.9754
vn -0.8711 0.1374 -0.4716
vn -0.0535 -0.9982 -0.0289
vn 0.9998 -0.0187 -0.0063
vn -0.1828 -0.8946 -0.4079
vn 0.1827 -0.8944 -0.4082
vn -0.9974 0.0571 -0.0431
vn -0.1432 0.3594 -0.9221
vn 0.9949 -0.1007 -0.0051
vn -0.9949 -0.1007 -0.0051
vn 0.2003 -0.3667 -0.9085
vn -0.2011 -0.9795 0.0084
vn -0.0179 -0.9040 0.4272
vn 0.7183 0.1854 -0.6706
vn -0.4909 0.8535 0.1750
vn -0.5866 0.7872 0.1903
vn -0.1322 -0.8549 0.5017
vn -0.0527 -0.9494 0.3096
vn 0.0527 -0.9494 0.3096
vn 0.1330 -0.8537 0.5036
vn -0.4559 0.8686 -0.1944
vn 0.9847 0.0408 -0.1694
vn -0.9847 0.0408 -0.1694
vn 0.9823 -0.0408 -0.1830
vn -0.9823 -0.0408 -0.1830
vn 0.0145 -0.1688 -0.9856
vn 0.9114 -0.4094 -0.0411
vn -0.0523 -0.7798 0.6239
vn 0.0526 -0.7779 0.6261
vn -0.2376 0.8727 0.4265
vn 0.2376 0.8727 0.4265
vn 0.0361 -0.9993 0.0047
vn 0.9894 0.0535 0.1350
vn 0.8494 0.5044 -0.1553
vn -0.8424 0.5160 -0.1549
vn -0.8470 0.5197 0.1124
vn 0.8984 -0.4345 -0.0645
vn 0.0189 0.9953 0.0950
vn 0.9920 -0.1266 -0.0013
vn -0.9923 -0.1225 0.0172
vn -0.7661 -0.5965 0.2393
vn 0.9952 0.0860 0.0467
vn 0.3352 0.1471 -0.9306
vn 0.0031 -1.0000 -0.0079
vn 0.9858 -0.1301 0.1066
vn -0.9191 -0.3382 0.2022
vn -0.9862 0.1649 -0.0141
vn -0.9986 0.0302 0.0444
vn 0.5765 -0.0636 0.8146
vn -0.9982 -0.0488 0.0354
vn -0.9999 -0.0158 -0.0061
vn 0.9999 -0.0158 -0.0061
vn 0.9982 -0.0488 0.0354
vn 0.3634 -0.9158 -0.1711
vn 0.1920 0.9671 0.1670
vn -0.0039 -0.8321 -0.5546
vn 0.1902 -0.3605 -0.9132
vn 0.2710 -0.4102 -0.8708
vn -0.2710 -0.4101 -0.8708
vn -0.1655 -0.3448 -0.9240
vn 0.0039 -0.8321 -0.5546
vn -0.9987 0.0512 -0.0033
vn 0.9974 0.0714 -0.0006
vn 0.2730 -0.2171 -0.9372
vn -0.2627 -0.1929 -0.9454
vn 0.9691 -0.0687 0.2370
vn -0.9691 -0.0687 0.2370
vn -0.9409 -0.2609 -0.2161
vn 0.9409 -0.2609 -0.2161
vn 0.6088 -0.1920 -0.7698
vn -0.6088 -0.1920 -0.7698
vn 0.7140 0.6984 0.0486
vn 0.5694 0.2545 -0.7817
vn -0.5246 0.3215 -0.7883
vn -0.1423 -0.9265 0.3483
vn 0.1423 -0.9265 0.3483
vn -0.0161 0.9757 -0.2183
vn 0.0161 0.9757 -0.2183
vn -0.0074 0.9928 -0.1197
vn 0.3072 0.9411 -0.1411
vn -0.0665 0.2267 -0.9717
vn 0.0665 0.2267 -0.9717
vn 0.0870 0.3389 -0.9368
vn -0.2094 -0.8871 -0.4114
vn 0.2094 -0.8871 -0.4114
vn -0.0394 -0.9724 -0.2298
vn -0.0478 -0.9958 -0.0784
vn -0.9791 0.2030 0.0081
vn 0.9791 0.2030 0.0081
vn -0.9944 -0.0801 -0.0688
vn 0.9944 -0.0801 -0.0688
vn -0.2248 0.9738 0.0350
vn 0.5584 -0.8292 -0.0263
vn -0.9980 -0.0628 -0.0120
vn -0.4830 0.3777 -0.7899
vn 0.4830 0.3777 -0.7899
vn 0.9985 0.0008 0.0541
vn -0.9985 0.0008 0.0541
vn 0.9961 -0.0304 -0.0830
vn 0.2712 0.8994 0.3427
vn -0.2375 0.9266 0.2914
vn 0.7059 -0.1059 -0.7003
vn -0.7035 -0.1031 -0.7032
vn -0.6850 -0.4653 0.5606
vn 0.5282 -0.2181 -0.8207
vn -0.0146 -0.9997 -0.0173
vn 0.0011 -0.6734 -0.7393
vn -0.1685 0.9780 0.1233
vn -0.5219 0.8288 -0.2020
vn 0.1523 -0.9569 0.2471
vn -0.8743 -0.0209 0.4849
vn -0.1277 -0.9913 -0.0331
vn -0.1341 -0.9885 -0.0695
vn 0.1341 -0.9885 -0.0701
vn -0.9856 0.1407 -0.0935
vn 0.2557 -0.7217 0.6432
vn 0.9625 -0.2697 -0.0294
vn 0.4626 0.7473 -0.4771
vn 0.0196 -0.2533 -0.9672
vn 0.8290 -0.5422 -0.1371
vn -0.8290 -0.5422 -0.1371
vn 0.5690 -0.7756 0.2734
vn -0.5690 -0.7756 0.2734
vn 0.0364 -0.2369 -0.9709
vn -0.0364 -0.2369 -0.9709
vn 0.9920 -0.1254 0.0148
vn -0.9920 -0.1254 0.0148
vn 0.9968 -0.0795 -0.0084
vn 0.9712 -0.0730 0.2269
vn -0.9968 -0.0795 -0.0084
vn -0.9712 -0.0730 0.2269
vn -0.9873 -0.0425 0.1529
vn 0.9873 -0.0425 0.1529
vn -0.2511 -0.9599 -0.1250
vn 0.2511 -0.9599 -0.1250
vn 0.9801 0.1430 0.1377
vn -0.9671 0.2339 0.1002
vn -0.9983 0.0362 -0.0463
vn -0.1292 -0.5479 -0.8265
vn -0.9762 -0.0491 0.2111
vn 0.9762 -0.0491 0.2111
vn 0.1297 -0.5479 -0.8264
vn -0.0490 -0.8600 -0.5080
vn 0.0490 -0.8600 -0.5080
vn 0.6481 0.7512 0.1253
vn 0.9438 0.2918 -0.1553
vn 0.0061 -0.3791 -0.9253
vn -0.4459 0.8876 0.1154
vn -0.9927 0.1192 0.0186
vn 0.9609 -0.0079 0.2769
vn 0.6533 0.5395 -0.5312
vn -0.6533 0.5395 -0.5312
vn -0.9983 0.0337 0.0475
vn 0.3052 0.4292 0.8501
vn -0.2968 0.3759 0.8778
vn 0.4415 -0.8914 -0.1027
vn -0.4415 -0.8914 -0.1027
vn 0.8758 0.2889 -0.3867
vn -0.8710 0.3029 -0.3867
vn -0.2908 0.5913 0.7522
vn -0.9882 -0.1050 -0.1119
vn 0.9955 -0.0937 0.0127
vn -0.9997 -0.0064 0.0239
vn -0.9820 -0.1882 -0.0140
vn 0.9820 -0.1882 -0.0140
vn -0.0309 -0.9936 -0.1090
vn -0.0856 -0.5960 -0.7984
vn 0.0309 -0.9936 -0.1090
vn 0.0856 -0.5960 -0.7984
vn 0.9497 -0.3112 -0.0359
vn -0.0315 -0.9710 -0.2370
vn 0.0315 -0.9710 -0.2370
vn -0.9991 -0.0360 -0.0224
vn -0.0152 0.9977 0.0657
vn -0.9970 -0.0773 -0.0081
vn 0.8544 -0.5187 -0.0316
vn -0.7492 -0.0747 -0.6581
vn 0.9177 -0.2834 0.2784
vn -0.9177 -0.2834 0.2784
vn 0.7516 -0.4163 -0.5116
vn -0.7516 -0.4163 -0.5116
vn -0.7631 0.5030 -0.4057
vn -0.9691 -0.2462 0.0131
vn 0.9706 -0.2402 0.0158
vn -0.0020 -0.9911 -0.1334
vn 0.0020 -0.9911 -0.1334
vn 0.5722 -0.3494 -0.7420
vn -0.5722 -0.3494 -0.7420
vn 0.5654 -0.5265 0.6349
vn -0.8687 -0.2479 0.4288
vn -0.9995 -0.0069 0.0302
vn 0.9995 -0.0066 0.0302
vn -0.2360 0.9622 0.1358
vn 0.2360 0.9622 0.1359
vn 0.4812 -0.8739 0.0689
vn -0.1965 0.9800 -0.0306
vn -0.9689 0.2088 -0.1326
vn 0.9973 0.0734 -0.0035
vn 0.9925 0.1191 -0.0289
vn -0.0989 -0.9950 0.0145
vn 0.0989 -0.9950 0.0160
vn -0.9826 -0.1818 0.0375
vn 0.0415 -0.9858 -0.1629
vn 0.1599 -0.9581 -0.2375
vn -0.0416 -0.9858 -0.1629
vn -0.1599 -0.9581 -0.2375
vn -0.9823 0.1862 0.0200
vn -0.8519 -0.5160 -0.0893
vn 0.8520 -0.5160 -0.0893
vn -0.7540 0.1790 0.6320
vn -0.0070 -0.6817 0.7316
vn 0.2804 -0.0788 0.9567
vn -0.3729 -0.9199 0.1218
vn -0.6751 0.7293 0.1115
vn -0.9408 -0.1389 0.3091
vn -0.2496 -0.1674 -0.9538
vn 0.0216 0.9987 -0.0461
vn -0.2645 0.7361 -0.6231
vn 0.2337 0.7828 -0.5767
vn 0.9976 0.0548 -0.0419
vn 0.9990 0.0230 -0.0376
vn -0.7905 -0.4973 0.3574
vn 0.9998 -0.0027 0.0180
vn 0.9954 0.0923 -0.0262
s 0
usemtl SEAT-CHASSIS
f 711//1075 712//1075 713//1075
f 714//1076 715//1076 716//1076
f 715//1077 714//1077 717//1077
f 712//1078 711//1078 718//1078
f 712//1079 719//1079 721//1079
f 719//1080 720//1080 726//1080
f 719//1081 726//1081 721//1081
f 722//1082 714//1082 716//1082
f 711//1083 724//1083 723//1083
f 711//1084 723//1084 718//1084
f 724//1085 717//1085 723//1085
f 715//1086 717//1086 724//1086
f 725//1087 718//1087 723//1087
f 723//1088 725//1088 717//1088
f 717//1089 714//1089 725//1089
f 712//1090 718//1090 725//1090
f 722//1091 716//1091 726//1091
f 720//1092 722//1092 726//1092
f 735//1093 722//1093 720//1093
f 727//1094 728//1094 729//1094
f 727//1095 729//1095 730//1095
f 731//1096 727//1096 730//1096
f 731//1097 730//1097 732//1097
f 735//1098 734//1098 736//1098
f 737//1099 731//1099 732//1099
f 737//1100 732//1100 733//1100
f 735//1101 738//1101 734//1101
f 734//1102 738//1102 733//1102
f 731//1103 750//1103 739//1103
f 731//1104 739//1104 727//1104
f 729//1105 741//1105 742//1105
f 729//1106 742//1106 730//1106
f 727//1107 739//1107 740//1107
f 727//1108 740//1108 728//1108
f 732//1109 730//1109 743//1109
f 732//1110 743//1110 744//1110
f 732//1111 744//1111 733//1111
f 734//1112 733//1112 744//1112
f 742//1113 745//1113 730//1113
f 742//1114 741//1114 746//1114
f 747//1115 745//1115 742//1115
f 747//1116 742//1116 746//1116
f 743//1117 730//1117 745//1117
f 743//1118 745//1118 748//1118
f 743//1119 748//1119 749//1119
f 743//1120 749//1120 754//1120
f 750//1121 745//1121 748//1121
f 750//1122 748//1122 751//1122
f 749//1123 748//1123 751//1123
f 749//1124 751//1124 752//1124
f 747//1125 749//1125 752//1125
f 747//1126 752//1126 753//1126
f 745//1127 747//1127 753//1127
f 745//1128 753//1128 750//1128
f 729//1129 728//1129 754//1129
f 729//1130 754//1130 749//1130
f 729//1131 749//1131 746//1131
f 734//1132 744//1132 736//1132
f 755//1133 736//1133 744//1133
f 755//1134 744//1134 756//1134
f 756//1135 744//1135 757//1135
f 757//1136 744//1136 743//1136
f 757//1137 743//1137 754//1137
f 759//1138 758//1138 752//1138
f 758//1139 753//1139 752//1139
f 741//1140 729//1140 746//1140
f 739//1141 760//1141 753//1141
f 739//1142 753//1142 740//1142
f 758//1143 728//1143 740//1143
f 758//1144 740//1144 753//1144
f 750//1145 751//1145 731//1145
f 751//1146 731//1146 737//1146
f 761//1147 759//1147 737//1147
f 761//1148 737//1148 733//1148
f 762//1149 761//1149 733//1149
f 762//1150 733//1150 738//1150
f 761//1151 758//1151 759//1151
f 763//1152 761//1152 762//1152
f 754//1153 758//1153 761//1153
f 756//1154 761//1154 763//1154
f 764//1155 756//1155 763//1155
f 755//1156 764//1156 763//1156
f 755//1157 763//1157 762//1157
f 754//1158 761//1158 757//1158
f 756//1159 757//1159 761//1159
f 756//1160 764//1160 755//1160
f 738//1161 762//1161 765//1161
f 722//1162 736//1162 735//1162
f 735//1163 738//1163 720//1163
f 738//1164 720//1164 719//1164
f 719//1165 738//1165 765//1165
f 719//1166 765//1166 712//1166
f 765//1167 725//1167 712//1167
f 765//1168 762//1168 755//1168
f 755//1169 765//1169 725//1169
f 722//1170 714//1170 736//1170
f 714//1171 736//1171 725//1171
f 736//1172 725//1172 755//1172
f 728//1173 758//1173 754//1173
f 747//1174 746//1174 749//1174
f 759//1175 752//1175 751//1175
f 759//1176 751//1176 737//1176
f 750//1177 760//1177 739//1177
f 766//1178 768//1178 769//1178
f 770//1179 771//1179 772//1179
f 773//1180 774//1180 767//1180
f 775//1181 774//1181 773//1181
f 808//1182 775//1182 776//1182
f 777//1183 766//1183 767//1183
f 777//1184 767//1184 774//1184
f 779//1185 771//1185 770//1185
f 779//1186 770//1186 780//1186
f 781//1187 808//1187 776//1187
f 781//1188 776//1188 772//1188
f 777//1189 784//1189 781//1189
f 787//1190 784//1190 777//1190
f 787//1191 788//1191 784//1191
f 805//1192 785//1192 786//1192
f 805//1193 786//1193 790//1193
f 789//1194 801//1194 791//1194
f 789//1195 791//1195 788//1195
f 781//1196 784//1196 783//1196
f 792//1197 783//1197 784//1197
f 791//1198 790//1198 786//1198
f 791//1199 786//1199 788//1199
f 793//1200 794//1200 795//1200
f 793//1201 795//1201 796//1201
f 797//1202 798//1202 787//1202
f 797//1203 787//1203 799//1203
f 799//1204 790//1204 791//1204
f 797//1205 799//1205 791//1205
f 797//1206 791//1206 800//1206
f 795//1207 788//1207 787//1207
f 795//1208 787//1208 798//1208
f 788//1209 795//1209 789//1209
f 800//1210 794//1210 797//1210
f 789//1211 795//1211 794//1211
f 789//1212 794//1212 800//1212
f 801//1213 789//1213 800//1213
f 791//1214 801//1214 800//1214
f 802//1215 803//1215 804//1215
f 793//1216 806//1216 785//1216
f 793//1217 785//1217 805//1217
f 804//1218 797//1218 794//1218
f 804//1219 794//1219 793//1219
f 808//1220 799//1220 807//1220
f 803//1221 802//1221 808//1221
f 802//1222 790//1222 799//1222
f 802//1223 799//1223 808//1223
f 805//1224 790//1224 802//1224
f 805//1225 802//1225 793//1225
f 804//1226 793//1226 802//1226
f 808//1227 807//1227 774//1227
f 808//1228 774//1228 775//1228
f 783//1229 803//1229 808//1229
f 783//1230 808//1230 781//1230
f 777//1231 774//1231 807//1231
f 809//1232 804//1232 803//1232
f 809//1233 803//1233 783//1233
f 783//1234 792//1234 809//1234
f 799//1235 787//1235 807//1235
f 777//1236 807//1236 787//1236
f 809//1237 798//1237 797//1237
f 809//1238 797//1238 804//1238
f 809//1239 796//1239 792//1239
f 785//1240 796//1240 792//1240
f 785//1241 792//1241 786//1241
f 798//1242 795//1242 796//1242
f 798//1243 796//1243 809//1243
f 785//1244 806//1244 796//1244
f 778//1245 768//1245 769//1245
f 777//1246 781//1246 782//1246
f 788//1247 786//1247 792//1247
f 788//1248 792//1248 784//1248
f 766//1249 777//1249 782//1249
f 772//1250 810//1250 782//1250
f 781//1251 772//1251 782//1251
f 772//1252 810//1252 771//1252
f 782//1253 810//1253 766//1253
f 810//1254 766//1254 769//1254
f 771//1255 769//1255 810//1255
f 778//1256 769//1256 779//1256
f 779//1257 769//1257 771//1257
f 767//1258 811//1258 766//1258
f 812//1259 817//1259 811//1259
f 813//1260 812//1260 814//1260
f 811//1261 768//1261 812//1261
f 768//1262 815//1262 812//1262
f 766//1263 768//1263 811//1263
f 815//1264 768//1264 778//1264
f 812//1265 815//1265 814//1265
f 817//1266 816//1266 770//1266
f 817//1267 813//1267 812//1267
f 816//1268 817//1268 813//1268
f 816//1269 818//1269 770//1269
f 770//1270 776//1270 817//1270
f 775//1271 773//1271 767//1271
f 775//1272 767//1272 776//1272
f 776//1273 772//1273 770//1273
f 811//1274 817//1274 767//1274
f 776//1275 817//1275 767//1275
f 780//1276 770//1276 818//1276
f 813//1277 814//1277 818//1277
f 813//1278 818//1278 816//1278
f 819//1279 820//1279 821//1279
f 822//1280 823//1280 820//1280
f 819//1281 822//1281 820//1281
f 824//1282 819//1282 821//1282
f 825//1283 824//1283 821//1283
f 825//1284 821//1284 826//1284
f 827//1285 825//1285 826//1285
f 827//1286 826//1286 828//1286
f 822//1287 827//1287 828//1287
f 822//1288 828//1288 823//1288
f 829//1279 830//1279 831//1279
f 832//1282 829//1282 831//1282
f 833//1283 832//1283 831//1283
f 833//1284 831//1284 834//1284
f 835//1285 833//1285 834//1285
f 835//1286 834//1286 836//1286
f 837//1287 835//1287 836//1287
f 837//1288 836//1288 838//1288
f 837//1280 838//1280 830//1280
f 829//1281 837//1281 830//1281
f 864//1289 839//1289 840//1289
f 844//1290 845//1290 846//1290
f 894//1291 849//1291 846//1291
f 850//1292 851//1292 920//1292
f 884//1293 984//1293 953//1293
f 980//1294 858//1294 859//1294
f 906//1295 979//1295 929//1295
f 939//1296 997//1296 845//1296
f 860//1297 861//1297 862//1297
f 867//1298 868//1298 878//1298
f 869//1299 870//1299 871//1299
f 888//1300 860//1300 872//1300
f 873//1301 922//1301 874//1301
f 878//1302 879//1302 880//1302
f 850//1303 881//1303 882//1303
f 985//1304 885//1304 854//1304
f 995//1305 863//1305 940//1305
f 940//1306 853//1306 852//1306
f 997//1307 939//1307 1001//1307
f 947//1308 889//1308 986//1308
f 884//1309 953//1309 923//1309
f 890//1310 891//1310 937//1310
f 892//1311 881//1311 967//1311
f 848//1312 874//1312 847//1312
f 855//1313 895//1313 856//1313
f 896//1314 839//1314 856//1314
f 885//1315 954//1315 854//1315
f 851//1316 876//1316 934//1316
f 939//1317 852//1317 1001//1317
f 871//1318 949//1318 897//1318
f 898//1319 889//1319 899//1319
f 903//1320 875//1320 927//1320
f 872//1321 842//1321 843//1321
f 979//1322 906//1322 891//1322
f 907//1323 1009//1323 883//1323
f 970//1324 878//1324 864//1324
f 908//1325 952//1325 863//1325
f 986//1326 889//1326 910//1326
f 911//1327 841//1327 912//1327
f 913//1328 914//1328 915//1328
f 918//1329 919//1329 920//1329
f 956//1330 977//1330 921//1330
f 923//1331 890//1331 937//1331
f 876//1332 890//1332 923//1332
f 924//1333 881//1333 892//1333
f 925//1334 926//1334 927//1334
f 903//1335 927//1335 930//1335
f 996//1336 847//1336 874//1336
f 997//1337 1001//1337 988//1337
f 931//1338 932//1338 933//1338
f 901//1339 893//1339 932//1339
f 936//1340 884//1340 923//1340
f 938//1341 862//1341 861//1341
f 845//1342 981//1342 939//1342
f 962//1343 900//1343 933//1343
f 900//1344 931//1344 933//1344
f 941//1345 877//1345 942//1345
f 877//1346 865//1346 942//1346
f 929//1347 928//1347 990//1347
f 853//1348 943//1348 852//1348
f 935//1349 886//1349 917//1349
f 843//1350 944//1350 872//1350
f 862//1351 938//1351 945//1351
f 983//1352 946//1352 932//1352
f 841//1353 947//1353 986//1353
f 890//1354 979//1354 891//1354
f 949//1355 977//1355 956//1355
f 866//1356 950//1356 902//1356
f 866//1357 902//1357 951//1357
f 970//1358 952//1358 908//1358
f 867//1359 878//1359 880//1359
f 882//1360 851//1360 850//1360
f 948//1361 925//1361 875//1361
f 984//1362 854//1362 953//1362
f 953//1363 854//1363 954//1363
f 989//1364 987//1364 955//1364
f 1000//1365 956//1365 957//1365
f 912//1366 841//1366 958//1366
f 846//1367 959//1367 844//1367
f 860//1368 992//1368 872//1368
f 871//1369 960//1369 869//1369
f 889//1370 898//1370 910//1370
f 874//1371 910//1371 898//1371
f 1010//1372 938//1372 861//1372
f 904//1373 871//1373 870//1373
f 1009//1374 881//1374 850//1374
f 907//1375 967//1375 1009//1375
f 924//1376 892//1376 926//1376
f 951//1377 968//1377 969//1377
f 853//1378 970//1378 886//1378
f 915//1379 919//1379 856//1379
f 856//1380 988//1380 1001//1380
f 872//1381 944//1381 998//1381
f 972//1382 868//1382 942//1382
f 858//1383 930//1383 973//1383
f 974//1384 1012//1384 975//1384
f 984//1385 1012//1385 985//1385
f 984//1386 985//1386 854//1386
f 976//1387 977//1387 922//1387
f 978//1388 921//1388 977//1388
f 953//1389 954//1389 876//1389
f 923//1390 953//1390 876//1390
f 936//1391 965//1391 884//1391
f 951//1392 879//1392 878//1392
f 983//1393 932//1393 862//1393
f 933//1394 932//1394 887//1394
f 930//1395 927//1395 973//1395
f 926//1396 973//1396 927//1396
f 984//1397 884//1397 883//1397
f 972//1398 942//1398 865//1398
f 972//1399 863//1399 995//1399
f 985//1400 1012//1400 974//1400
f 845//1401 893//1401 901//1401
f 988//1402 839//1402 989//1402
f 956//1403 897//1403 949//1403
f 894//1404 962//1404 991//1404
f 962//1405 894//1405 900//1405
f 872//1406 998//1406 971//1406
f 971//1407 888//1407 872//1407
f 899//1408 922//1408 898//1408
f 919//1409 916//1409 966//1409
f 974//1410 994//1410 985//1410
f 954//1411 917//1411 934//1411
f 940//1412 852//1412 939//1412
f 981//1413 987//1413 995//1413
f 930//1414 858//1414 980//1414
f 858//1415 973//1415 859//1415
f 860//1416 893//1416 996//1416
f 871//1417 904//1417 944//1417
f 910//1418 999//1418 986//1418
f 955//1419 987//1419 986//1419
f 919//1420 964//1420 857//1420
f 889//1421 1000//1421 899//1421
f 918//1422 920//1422 917//1422
f 844//1423 959//1423 912//1423
f 856//1424 1001//1424 915//1424
f 1002//1425 968//1425 1003//1425
f 994//1426 975//1426 916//1426
f 975//1427 1012//1427 916//1427
f 877//1428 941//1428 1004//1428
f 937//1429 936//1429 923//1429
f 983//1430 862//1430 1005//1430
f 985//1431 994//1431 916//1431
f 914//1432 985//1432 916//1432
f 878//1433 868//1433 864//1433
f 979//1434 948//1434 875//1434
f 903//1435 979//1435 875//1435
f 859//1436 926//1436 892//1436
f 878//1437 970//1437 951//1437
f 891//1438 883//1438 965//1438
f 965//1439 883//1439 884//1439
f 973//1440 926//1440 859//1440
f 848//1441 910//1441 874//1441
f 909//1442 910//1442 848//1442
f 946//1443 887//1443 932//1443
f 977//1444 842//1444 922//1444
f 988//1445 847//1445 996//1445
f 848//1446 847//1446 989//1446
f 888//1447 861//1447 860//1447
f 1007//1448 880//1448 1008//1448
f 942//1449 867//1449 1006//1449
f 892//1450 967//1450 859//1450
f 957//1451 976//1451 922//1451
f 842//1452 977//1452 949//1452
f 990//1453 907//1453 906//1453
f 839//1454 864//1454 868//1454
f 995//1455 940//1455 981//1455
f 951//1456 902//1456 968//1456
f 996//1457 893//1457 997//1457
f 997//1458 893//1458 845//1458
f 963//1459 897//1459 956//1459
f 897//1460 963//1460 947//1460
f 925//1461 875//1461 927//1461
f 870//1462 991//1462 905//1462
f 870//1463 905//1463 904//1463
f 883//1464 891//1464 906//1464
f 920//1465 934//1465 917//1465
f 1014//1466 885//1466 985//1466
f 890//1467 948//1467 979//1467
f 992//1468 922//1468 842//1468
f 936//1469 937//1469 965//1469
f 921//1470 957//1470 956//1470
f 1006//1471 941//1471 942//1471
f 1014//1472 852//1472 943//1472
f 979//1473 903//1473 930//1473
f 863//1474 865//1474 908//1474
f 874//1475 992//1475 860//1475
f 874//1476 860//1476 996//1476
f 841//1477 911//1477 947//1477
f 968//1478 1015//1478 1003//1478
f 949//1479 871//1479 842//1479
f 842//1480 871//1480 944//1480
f 980//1481 967//1481 928//1481
f 888//1482 971//1482 933//1482
f 856//1483 839//1483 988//1483
f 887//1484 861//1484 933//1484
f 861//1485 887//1485 1010//1485
f 1016//1486 957//1486 922//1486
f 990//1487 906//1487 929//1487
f 847//1488 988//1488 989//1488
f 840//1489 855//1489 857//1489
f 989//1490 955//1490 848//1490
f 925//1491 948//1491 876//1491
f 918//1492 917//1492 964//1492
f 901//1493 846//1493 845//1493
f 853//1494 886//1494 943//1494
f 920//1495 851//1495 934//1495
f 889//1496 956//1496 1000//1496
f 853//1497 863//1497 952//1497
f 940//1498 863//1498 853//1498
f 846//1499 901//1499 932//1499
f 846//1500 931//1500 900//1500
f 940//1501 939//1501 1017//1501
f 939//1502 981//1502 1018//1502
f 866//1503 908//1503 865//1503
f 908//1504 866//1504 951//1504
f 883//1505 906//1505 907//1505
f 969//1506 879//1506 951//1506
f 1019//1507 958//1507 841//1507
f 941//1508 1021//1508 1011//1508
f 852//1509 915//1509 1001//1509
f 986//1510 899//1510 1000//1510
f 907//1511 990//1511 967//1511
f 951//1512 970//1512 908//1512
f 840//1513 895//1513 855//1513
f 964//1514 917//1514 857//1514
f 984//1515 883//1515 1012//1515
f 885//1516 935//1516 917//1516
f 1002//1517 969//1517 968//1517
f 928//1518 930//1518 980//1518
f 991//1519 961//1519 993//1519
f 991//1520 962//1520 961//1520
f 947//1521 963//1521 889//1521
f 889//1522 963//1522 956//1522
f 1023//1523 871//1523 897//1523
f 919//1524 855//1524 856//1524
f 972//1525 839//1525 868//1525
f 995//1526 987//1526 972//1526
f 905//1527 961//1527 971//1527
f 839//1528 896//1528 840//1528
f 857//1529 864//1529 840//1529
f 843//1530 944//1530 842//1530
f 1002//1531 1003//1531 879//1531
f 872//1532 992//1532 842//1532
f 957//1533 1016//1533 1000//1533
f 886//1534 970//1534 864//1534
f 885//1535 1014//1535 943//1535
f 925//1536 876//1536 851//1536
f 942//1537 868//1537 867//1537
f 941//1538 1006//1538 1021//1538
f 870//1539 869//1539 991//1539
f 965//1540 937//1540 891//1540
f 1014//1541 985//1541 1013//1541
f 895//1542 896//1542 856//1542
f 972//1543 865//1543 863//1543
f 864//1544 857//1544 917//1544
f 917//1545 886//1545 864//1545
f 997//1546 988//1546 996//1546
f 1006//1547 982//1547 1020//1547
f 880//1548 982//1548 867//1548
f 989//1549 839//1549 987//1549
f 840//1550 1024//1550 895//1550
f 1022//1551 873//1551 898//1551
f 1022//1552 898//1552 922//1552
f 880//1553 879//1553 1008//1553
f 955//1554 909//1554 848//1554
f 955//1555 986//1555 999//1555
f 998//1556 944//1556 904//1556
f 966//1557 1012//1557 883//1557
f 844//1558 912//1558 958//1558
f 939//1559 1018//1559 1017//1559
f 966//1560 850//1560 919//1560
f 885//1561 917//1561 954//1561
f 999//1562 910//1562 909//1562
f 904//1563 905//1563 971//1563
f 971//1564 998//1564 904//1564
f 1009//1565 966//1565 883//1565
f 966//1566 1009//1566 850//1566
f 880//1567 1006//1567 1020//1567
f 961//1568 933//1568 971//1568
f 961//1569 962//1569 933//1569
f 924//1570 926//1570 882//1570
f 993//1571 905//1571 991//1571
f 849//1572 959//1572 846//1572
f 1013//1573 913//1573 852//1573
f 852//1574 913//1574 915//1574
f 981//1575 845//1575 844//1575
f 934//1576 876//1576 954//1576
f 948//1577 890//1577 876//1577
f 922//1578 992//1578 874//1578
f 979//1579 928//1579 929//1579
f 935//1580 943//1580 886//1580
f 893//1581 860//1581 862//1581
f 862//1582 932//1582 893//1582
f 874//1583 898//1583 873//1583
f 979//1584 930//1584 928//1584
f 980//1585 859//1585 967//1585
f 970//1586 853//1586 952//1586
f 841//1587 987//1587 981//1587
f 986//1588 987//1588 841//1588
f 915//1589 914//1589 916//1589
f 1013//1590 985//1590 913//1590
f 1006//1591 880//1591 1007//1591
f 981//1592 940//1592 1018//1592
f 1012//1593 966//1593 916//1593
f 839//1594 972//1594 987//1594
f 967//1595 881//1595 1009//1595
f 990//1596 928//1596 967//1596
f 879//1597 1025//1597 1008//1597
f 1003//1598 1025//1598 879//1598
f 846//1599 900//1599 894//1599
f 919//1600 915//1600 916//1600
f 862//1601 945//1601 1005//1601
f 933//1602 861//1602 888//1602
f 920//1603 919//1603 850//1603
f 981//1604 844//1604 1019//1604
f 981//1605 1019//1605 841//1605
f 946//1606 983//1606 1010//1606
f 1006//1607 1026//1607 1021//1607
f 1007//1608 1026//1608 1006//1608
f 857//1609 855//1609 919//1609
f 882//1610 925//1610 851//1610
f 1028//1611 1115//1611 1053//1611
f 1085//1612 1032//1612 1033//1612
f 1085//1613 1048//1613 1034//1613
f 1035//1614 1036//1614 1037//1614
f 1039//1615 1040//1615 1041//1615
f 1046//1616 1047//1616 1157//1616
f 1048//1617 1185//1617 1128//1617
f 1050//1618 1108//1618 1051//1618
f 1141//1619 1156//1619 1052//1619
f 1157//1620 1047//1620 1081//1620
f 1053//1621 1054//1621 1163//1621
f 1054//1622 1055//1622 1168//1622
f 1040//1623 1180//1623 1074//1623
f 1207//1624 1058//1624 1044//1624
f 1160//1625 1043//1625 1148//1625
f 1059//1626 1206//1626 1060//1626
f 1037//1627 1063//1627 1064//1627
f 1050//1628 1051//1628 1078//1628
f 1192//1629 1065//1629 1078//1629
f 1066//1630 1156//1630 1141//1630
f 1068//1631 1081//1631 1047//1631
f 1161//1632 1069//1632 1068//1632
f 1187//1633 1061//1633 1062//1633
f 1160//1634 1110//1634 1043//1634
f 1178//1635 1071//1635 1072//1635
f 1042//1636 1128//1636 1185//1636
f 1041//1637 1040//1637 1074//1637
f 1074//1638 1180//1638 1184//1638
f 1075//1639 1063//1639 1037//1639
f 1035//1640 1037//1640 1064//1640
f 1079//1641 1080//1641 1175//1641
f 1066//1642 1141//1642 1204//1642
f 1075//1643 1087//1643 1150//1643
f 1090//1644 1091//1644 1061//1644
f 1091//1645 1064//1645 1063//1645
f 1094//1646 1071//1646 1178//1646
f 1097//1647 1156//1647 1066//1647
f 1100//1648 1101//1648 1044//1648
f 1100//1649 1115//1649 1102//1649
f 1143//1650 1103//1650 1104//1650
f 1035//1651 1064//1651 1206//1651
f 1050//1652 1077//1652 1105//1652
f 1056//1653 1106//1653 1107//1653
f 1109//1654 1027//1654 1137//1654
f 1187//1655 1082//1655 1110//1655
f 1068//1656 1113//1656 1086//1656
f 1117//1657 1062//1657 1061//1657
f 1118//1658 1119//1658 1153//1658
f 1067//1659 1119//1659 1120//1659
f 1164//1660 1076//1660 1185//1660
f 1080//1661 1079//1661 1186//1661
f 1068//1662 1069//1662 1113//1662
f 1069//1663 1083//1663 1084//1663
f 1094//1664 1121//1664 1071//1664
f 1122//1665 1094//1665 1080//1665
f 1123//1666 1038//1666 1124//1666
f 1158//1667 1075//1667 1125//1667
f 1082//1668 1039//1668 1126//1668
f 1128//1669 1073//1669 1048//1669
f 1065//1670 1192//1670 1172//1670
f 1068//1671 1086//1671 1130//1671
f 1069//1672 1134//1672 1174//1672
f 1135//1673 1136//1673 1046//1673
f 1178//1674 1137//1674 1027//1674
f 1138//1675 1139//1675 1055//1675
f 1194//1676 1140//1676 1208//1676
f 1047//1677 1046//1677 1136//1677
f 1041//1678 1074//1678 1127//1678
f 1144//1679 1078//1679 1111//1679
f 1145//1680 1027//1680 1109//1680
f 1034//1681 1146//1681 1085//1681
f 1204//1682 1147//1682 1066//1682
f 1148//1683 1060//1683 1173//1683
f 1080//1684 1067//1684 1122//1684
f 1195//1685 1151//1685 1070//1685
f 1096//1686 1052//1686 1156//1686
f 1087//1687 1075//1687 1158//1687
f 1153//1688 1119//1688 1156//1688
f 1114//1689 1179//1689 1184//1689
f 1093//1690 1179//1690 1031//1690
f 1149//1691 1117//1691 1061//1691
f 1091//1692 1149//1692 1061//1692
f 1157//1693 1080//1693 1186//1693
f 1123//1694 1158//1694 1125//1694
f 1117//1695 1092//1695 1044//1695
f 1149//1696 1159//1696 1117//1696
f 1111//1697 1110//1697 1112//1697
f 1091//1698 1090//1698 1160//1698
f 1047//1699 1136//1699 1199//1699
f 1119//1700 1118//1700 1162//1700
f 1155//1701 1096//1701 1030//1701
f 1039//1702 1163//1702 1040//1702
f 1165//1703 1060//1703 1166//1703
f 1168//1704 1106//1704 1056//1704
f 1057//1705 1169//1705 1170//1705
f 1172//1706 1192//1706 1088//1706
f 1060//1707 1206//1707 1173//1707
f 1049//1708 1124//1708 1197//1708
f 1046//1709 1069//1709 1174//1709
f 1046//1710 1157//1710 1083//1710
f 1124//1711 1133//1711 1132//1711
f 1175//1712 1094//1712 1176//1712
f 1080//1713 1094//1713 1175//1713
f 1166//1714 1060//1714 1177//1714
f 1100//1715 1044//1715 1143//1715
f 1076//1716 1164//1716 1100//1716
f 1111//1717 1112//1717 1144//1717
f 1084//1718 1083//1718 1048//1718
f 1184//1719 1180//1719 1114//1719
f 1180//1720 1151//1720 1195//1720
f 1031//1721 1115//1721 1164//1721
f 1208//1722 1054//1722 1194//1722
f 1053//1723 1152//1723 1054//1723
f 1181//1724 1106//1724 1168//1724
f 1182//1725 1194//1725 1195//1725
f 1086//1726 1033//1726 1130//1726
f 1156//1727 1097//1727 1153//1727
f 1180//1728 1040//1728 1167//1728
f 1142//1729 1130//1729 1033//1729
f 1065//1730 1111//1730 1078//1730
f 1177//1731 1183//1731 1166//1731
f 1112//1732 1090//1732 1036//1732
f 1090//1733 1061//1733 1036//1733
f 1058//1734 1082//1734 1045//1734
f 1062//1735 1044//1735 1045//1735
f 1184//1736 1179//1736 1073//1736
f 1117//1737 1159//1737 1205//1737
f 1156//1738 1119//1738 1029//1738
f 1178//1739 1188//1739 1094//1739
f 1178//1740 1179//1740 1093//1740
f 1109//1741 1146//1741 1034//1741
f 1064//1742 1091//1742 1173//1742
f 1148//1743 1173//1743 1091//1743
f 1092//1744 1165//1744 1183//1744
f 1092//1745 1060//1745 1165//1745
f 1190//1746 1046//1746 1174//1746
f 1092//1747 1183//1747 1177//1747
f 1092//1748 1177//1748 1103//1748
f 1108//1749 1050//1749 1059//1749
f 1059//1750 1198//1750 1108//1750
f 1141//1751 1191//1751 1142//1751
f 1112//1752 1036//1752 1035//1752
f 1160//1753 1090//1753 1110//1753
f 1158//1754 1123//1754 1049//1754
f 1168//1755 1163//1755 1054//1755
f 1143//1756 1076//1756 1100//1756
f 1056//1757 1167//1757 1168//1757
f 1151//1758 1167//1758 1056//1758
f 1049//1759 1123//1759 1124//1759
f 1054//1760 1152//1760 1194//1760
f 1195//1761 1070//1761 1116//1761
f 1196//1762 1116//1762 1070//1762
f 1107//1763 1169//1763 1057//1763
f 1107//1764 1057//1764 1056//1764
f 1069//1765 1161//1765 1134//1765
f 1192//1766 1078//1766 1051//1766
f 1067//1767 1029//1767 1119//1767
f 1031//1768 1079//1768 1175//1768
f 1186//1769 1079//1769 1164//1769
f 1137//1770 1178//1770 1072//1770
f 1067//1771 1120//1771 1098//1771
f 1075//1772 1198//1772 1159//1772
f 1042//1773 1127//1773 1128//1773
f 1041//1774 1042//1774 1043//1774
f 1083//1775 1069//1775 1046//1775
f 1105//1776 1059//1776 1050//1776
f 1206//1777 1059//1777 1105//1777
f 1114//1778 1152//1778 1053//1778
f 1114//1779 1053//1779 1115//1779
f 1071//1780 1154//1780 1072//1780
f 1099//1781 1154//1781 1071//1781
f 1073//1782 1074//1782 1184//1782
f 1201//1783 1101//1783 1100//1783
f 1202//1784 1106//1784 1203//1784
f 1203//1785 1055//1785 1139//1785
f 1078//1786 1077//1786 1050//1786
f 1148//1787 1091//1787 1160//1787
f 1048//1788 1083//1788 1185//1788
f 1185//1789 1083//1789 1186//1789
f 1029//1790 1080//1790 1157//1790
f 1062//1791 1117//1791 1044//1791
f 1153//1792 1097//1792 1154//1792
f 1072//1793 1154//1793 1097//1793
f 1133//1794 1124//1794 1172//1794
f 1206//1795 1105//1795 1077//1795
f 1035//1796 1206//1796 1077//1796
f 1089//1797 1133//1797 1088//1797
f 1173//1798 1206//1798 1064//1798
f 1029//1799 1157//1799 1081//1799
f 1195//1800 1116//1800 1182//1800
f 1099//1801 1098//1801 1118//1801
f 1197//1802 1132//1802 1087//1802
f 1044//1803 1101//1803 1207//1803
f 1035//1804 1144//1804 1112//1804
f 1138//1805 1055//1805 1208//1805
f 1202//1806 1209//1806 1106//1806
f 1164//1807 1115//1807 1100//1807
f 1061//1808 1037//1808 1036//1808
f 1037//1809 1061//1809 1187//1809
f 1067//1810 1098//1810 1210//1810
f 1149//1811 1063//1811 1159//1811
f 1063//1812 1149//1812 1091//1812
f 1031//1813 1164//1813 1079//1813
f 1110//1814 1090//1814 1112//1814
f 1175//1815 1093//1815 1031//1815
f 1150//1816 1087//1816 1131//1816
f 1131//1817 1089//1817 1150//1817
f 1048//1818 1085//1818 1084//1818
f 1211//1819 1095//1819 1142//1819
f 1163//1820 1167//1820 1040//1820
f 1133//1821 1129//1821 1088//1821
f 1086//1822 1113//1822 1085//1822
f 1069//1823 1084//1823 1085//1823
f 1096//1824 1155//1824 1052//1824
f 1172//1825 1124//1825 1038//1825
f 1131//1826 1133//1826 1089//1826
f 1043//1827 1042//1827 1148//1827
f 1148//1828 1042//1828 1177//1828
f 1063//1829 1075//1829 1159//1829
f 1037//1830 1187//1830 1038//1830
f 1212//1831 1128//1831 1127//1831
f 1213//1832 1073//1832 1128//1832
f 1087//1833 1158//1833 1197//1833
f 1193//1834 1214//1834 1116//1834
f 1168//1835 1055//1835 1181//1835
f 1077//1836 1144//1836 1035//1836
f 1027//1837 1145//1837 1216//1837
f 1177//1838 1060//1838 1148//1838
f 1143//1839 1042//1839 1076//1839
f 1207//1840 1101//1840 1028//1840
f 1081//1841 1095//1841 1155//1841
f 1101//1842 1201//1842 1028//1842
f 1121//1843 1099//1843 1071//1843
f 1099//1844 1121//1844 1178//1844
f 1068//1845 1047//1845 1161//1845
f 1199//1846 1161//1846 1047//1846
f 1167//1847 1163//1847 1168//1847
f 1207//1848 1082//1848 1058//1848
f 1082//1849 1126//1849 1043//1849
f 1038//1850 1187//1850 1065//1850
f 1106//1851 1181//1851 1203//1851
f 1067//1852 1121//1852 1218//1852
f 1081//1853 1155//1853 1030//1853
f 1030//1854 1029//1854 1081//1854
f 1129//1855 1133//1855 1172//1855
f 1129//1856 1172//1856 1088//1856
f 1198//1857 1075//1857 1150//1857
f 1089//1858 1088//1858 1051//1858
f 1088//1859 1192//1859 1051//1859
f 1121//1860 1094//1860 1122//1860
f 1028//1861 1102//1861 1115//1861
f 1099//1862 1210//1862 1098//1862
f 1076//1863 1042//1863 1185//1863
f 1028//1864 1053//1864 1207//1864
f 1139//1865 1202//1865 1203//1865
f 1132//1866 1133//1866 1131//1866
f 1087//1867 1132//1867 1131//1867
f 1053//1868 1163//1868 1039//1868
f 1203//1869 1215//1869 1055//1869
f 1142//1870 1204//1870 1141//1870
f 1194//1871 1152//1871 1195//1871
f 1189//1872 1182//1872 1116//1872
f 1214//1873 1189//1873 1116//1873
f 1062//1874 1082//1874 1187//1874
f 1100//1875 1102//1875 1201//1875
f 1037//1876 1038//1876 1125//1876
f 1208//1877 1055//1877 1054//1877
f 1111//1878 1065//1878 1187//1878
f 1053//1879 1039//1879 1082//1879
f 1082//1880 1207//1880 1053//1880
f 1186//1881 1164//1881 1185//1881
f 1194//1882 1200//1882 1140//1882
f 1179//1883 1115//1883 1031//1883
f 1201//1884 1219//1884 1028//1884
f 1108//1885 1198//1885 1150//1885
f 1156//1886 1029//1886 1096//1886
f 1186//1887 1083//1887 1157//1887
f 1151//1888 1057//1888 1070//1888
f 1089//1889 1108//1889 1150//1889
f 1051//1890 1108//1890 1089//1890
f 1052//1891 1155//1891 1141//1891
f 1092//1892 1205//1892 1060//1892
f 1175//1893 1176//1893 1093//1893
f 1107//1894 1171//1894 1169//1894
f 1188//1895 1178//1895 1093//1895
f 1189//1896 1217//1896 1208//1896
f 1096//1897 1029//1897 1030//1897
f 1145//1898 1109//1898 1034//1898
f 1212//1899 1213//1899 1128//1899
f 1200//1900 1182//1900 1189//1900
f 1099//1901 1118//1901 1153//1901
f 1154//1902 1099//1902 1153//1902
f 1110//1903 1082//1903 1043//1903
f 1176//1904 1094//1904 1188//1904
f 1073//1905 1127//1905 1074//1905
f 1180//1906 1195//1906 1152//1906
f 1041//1907 1127//1907 1042//1907
f 1060//1908 1205//1908 1198//1908
f 1198//1909 1059//1909 1060//1909
f 1159//1910 1198//1910 1205//1910
f 1167//1911 1151//1911 1180//1911
f 1081//1912 1068//1912 1095//1912
f 1068//1913 1130//1913 1095//1913
f 1078//1914 1144//1914 1077//1914
f 1082//1915 1062//1915 1045//1915
f 1085//1916 1146//1916 1032//1916
f 1143//1917 1104//1917 1042//1917
f 1034//1918 1048//1918 1073//1918
f 1110//1919 1111//1919 1187//1919
f 1080//1920 1029//1920 1067//1920
f 1214//1921 1217//1921 1189//1921
f 1039//1922 1041//1922 1126//1922
f 1095//1923 1130//1923 1142//1923
f 1141//1924 1095//1924 1191//1924
f 1155//1925 1095//1925 1141//1925
f 1158//1926 1049//1926 1197//1926
f 1073//1927 1179//1927 1027//1927
f 1027//1928 1179//1928 1178//1928
f 1092//1929 1103//1929 1143//1929
f 1104//1930 1177//1930 1042//1930
f 1213//1931 1127//1931 1073//1931
f 1179//1932 1114//1932 1115//1932
f 1205//1933 1092//1933 1117//1933
f 1180//1934 1152//1934 1114//1934
f 1033//1935 1086//1935 1085//1935
f 1172//1936 1038//1936 1065//1936
f 1197//1937 1124//1937 1132//1937
f 1092//1938 1143//1938 1044//1938
f 1190//1939 1135//1939 1046//1939
f 1208//1940 1140//1940 1189//1940
f 1216//1941 1034//1941 1073//1941
f 1027//1942 1216//1942 1073//1942
f 1056//1943 1057//1943 1151//1943
f 1199//1944 1174//1944 1134//1944
f 1142//1945 1191//1945 1211//1945
f 1222//1946 1223//1946 1220//1946
f 1220//1947 1223//1947 1224//1947
f 1220//1948 1224//1948 1225//1948
f 1220//1949 1225//1949 1221//1949
f 1221//1950 1225//1950 1226//1950
f 1221//1951 1226//1951 1222//1951
f 1222//1952 1226//1952 1227//1952
f 1222//1953 1227//1953 1223//1953
f 1223//1954 1209//1954 1202//1954
f 1223//1955 1202//1955 1139//1955
f 1223//1956 1139//1956 1138//1956
f 1223//1957 1138//1957 1224//1957
f 1224//1958 1217//1958 1214//1958
f 1224//1959 1214//1959 1225//1959
f 1225//1960 1214//1960 1193//1960
f 1223//1961 1228//1961 1209//1961
f 1209//1962 1228//1962 1171//1962
f 1209//1963 1171//1963 1202//1963
f 1202//1964 1171//1964 1139//1964
f 1139//1965 1171//1965 1170//1965
f 1139//1966 1170//1966 1138//1966
f 1138//1967 1170//1967 1057//1967
f 1138//1968 1057//1968 1224//1968
f 1224//1969 1057//1969 1070//1969
f 1224//1970 1070//1970 1217//1970
f 1217//1971 1070//1971 1214//1971
f 1214//1972 1070//1972 1196//1972
f 1214//1973 1196//1973 1193//1973
f 1193//1974 1196//1974 1229//1974
f 1193//1975 1229//1975 1225//1975
f 1225//1976 1229//1976 1226//1976
f 1226//1977 1229//1977 1230//1977
f 1226//1978 1230//1978 1227//1978
f 1227//1979 1230//1979 1228//1979
f 1227//1980 1228//1980 1223//1980
f 1232//1981 1236//1981 1235//1981
f 1232//1982 1235//1982 1231//1982
f 1233//1983 1237//1983 1236//1983
f 1233//1984 1236//1984 1232//1984
f 1233//1985 1238//1985 1237//1985
f 1234//1986 1238//1986 1233//1986
f 1234//1987 1239//1987 1238//1987
f 1231//1988 1239//1988 1234//1988
f 1231//1989 1015//1989 1239//1989
f 1231//1990 1003//1990 1015//1990
f 1231//1991 1025//1991 1003//1991
f 1235//1992 1008//1992 1025//1992
f 1235//1993 1025//1993 1231//1993
f 1236//1994 1021//1994 1026//1994
f 1236//1995 1026//1995 1235//1995
f 1236//1996 1011//1996 1021//1996
f 1239//1997 1240//1997 1238//1997
f 1015//1998 950//1998 1243//1998
f 1015//1999 1243//1999 1239//1999
f 1003//2000 866//2000 950//2000
f 1003//2001 950//2001 1015//2001
f 1025//2002 865//2002 866//2002
f 1025//2003 866//2003 1003//2003
f 1008//2004 865//2004 1025//2004
f 1235//2005 877//2005 865//2005
f 1235//2006 865//2006 1008//2006
f 1026//2007 877//2007 1235//2007
f 1021//2008 877//2008 1026//2008
f 1011//2009 1004//2009 877//2009
f 1011//2010 877//2010 1021//2010
f 1236//2011 1004//2011 1011//2011
f 1237//2012 1241//2012 1004//2012
f 1237//2013 1004//2013 1236//2013
f 1238//2014 1241//2014 1237//2014
f 1238//2015 1242//2015 1241//2015
f 1240//2016 1242//2016 1238//2016
f 1240//2017 1243//2017 1242//2017
f 1239//2018 1243//2018 1240//2018
f 1234//2019 1232//2019 1231//2019
f 1246//2020 1245//2020 1244//2020
f 1284//2021 1285//2021 1293//2021
f 1250//2022 1269//2022 1251//2022
f 1273//2023 1257//2023 1256//2023
f 1257//2024 1258//2024 1292//2024
f 1292//2025 1258//2025 1261//2025
f 1254//2026 1255//2026 1269//2026
f 1265//2027 1258//2027 1257//2027
f 1266//2028 1254//2028 1293//2028
f 1322//2029 1267//2029 1288//2029
f 1271//2030 1272//2030 1256//2030
f 1265//2031 1257//2031 1273//2031
f 1290//2032 1261//2032 1286//2032
f 1293//2033 1285//2033 1266//2033
f 1262//2034 1253//2034 1264//2034
f 1283//2035 1293//2035 1254//2035
f 1297//2036 1276//2036 1277//2036
f 1264//2037 1259//2037 1249//2037
f 1279//2038 1286//2038 1261//2038
f 1279//2039 1274//2039 1260//2039
f 1262//2040 1282//2040 1253//2040
f 1254//2041 1266//2041 1255//2041
f 1254//2042 1274//2042 1283//2042
f 1250//2043 1253//2043 1252//2043
f 1252//2044 1269//2044 1250//2044
f 1287//2045 1251//2045 1269//2045
f 1292//2046 1261//2046 1290//2046
f 1278//2047 1255//2047 1291//2047
f 1263//2048 1264//2048 1249//2048
f 1262//2049 1264//2049 1263//2049
f 1298//2050 1286//2050 1279//2050
f 1282//2051 1270//2051 1281//2051
f 1254//2052 1260//2052 1274//2052
f 1253//2053 1281//2053 1252//2053
f 1278//2054 1294//2054 1255//2054
f 1255//2055 1287//2055 1269//2055
f 1270//2056 1269//2056 1252//2056
f 1266//2057 1285//2057 1278//2057
f 1295//2058 1251//2058 1294//2058
f 1298//2059 1279//2059 1260//2059
f 1272//2060 1275//2060 1256//2060
f 1304//2061 1302//2061 1303//2061
f 1304//2062 1289//2062 1302//2062
f 1289//2063 1304//2063 1305//2063
f 1268//2064 1305//2064 1304//2064
f 1268//2065 1304//2065 1306//2065
f 1297//2066 1307//2066 1246//2066
f 1277//2067 1280//2067 1268//2067
f 1312//2068 1313//2068 1314//2068
f 1314//2069 1313//2069 1315//2069
f 1314//2070 1315//2070 1316//2070
f 1316//2071 1315//2071 1317//2071
f 1316//2072 1317//2072 1318//2072
f 1318//2073 1317//2073 1262//2073
f 1318//2074 1262//2074 1319//2074
f 1319//2075 1262//2075 1320//2075
f 1319//2076 1320//2076 1312//2076
f 1312//2077 1320//2077 1313//2077
f 1313//2078 1249//2078 1248//2078
f 1313//2079 1248//2079 1315//2079
f 1317//2080 1270//2080 1262//2080
f 1262//2081 1263//2081 1320//2081
f 1320//2082 1263//2082 1249//2082
f 1320//2083 1249//2083 1313//2083
f 1282//2084 1262//2084 1270//2084
f 1286//2085 1260//2085 1254//2085
f 1286//2086 1254//2086 1302//2086
f 1254//2087 1299//2087 1302//2087
f 1286//2088 1302//2088 1292//2088
f 1308//2089 1299//2089 1254//2089
f 1308//2090 1254//2090 1311//2090
f 1311//2091 1254//2091 1310//2091
f 1309//2092 1310//2092 1254//2092
f 1309//2093 1254//2093 1269//2093
f 1292//2094 1302//2094 1321//2094
f 1292//2095 1321//2095 1257//2095
f 1257//2096 1321//2096 1256//2096
f 1256//2097 1321//2097 1322//2097
f 1248//2098 1249//2098 1259//2098
f 1248//2099 1259//2099 1323//2099
f 1309//2100 1269//2100 1270//2100
f 1309//2101 1270//2101 1317//2101
f 1248//2102 1309//2102 1317//2102
f 1248//2103 1317//2103 1315//2103
f 1302//2104 1299//2104 1300//2104
f 1302//2105 1300//2105 1301//2105
f 1302//2106 1301//2106 1303//2106
f 1321//2107 1302//2107 1324//2107
f 1322//2108 1321//2108 1289//2108
f 1322//2109 1268//2109 1325//2109
f 1322//2110 1325//2110 1280//2110
f 1267//2111 1322//2111 1277//2111
f 1267//2112 1277//2112 1276//2112
f 1267//2113 1276//2113 1296//2113
f 1271//2114 1256//2114 1322//2114
f 1271//2115 1322//2115 1288//2115
f 1288//2116 1275//2116 1271//2116
f 1328//2117 1326//2117 1327//2117
f 1330//2118 1331//2118 1332//2118
f 1333//2119 1368//2119 1369//2119
f 1334//2120 1352//2120 1335//2120
f 1346//2121 1340//2121 1339//2121
f 1354//2122 1345//2122 1343//2122
f 1352//2123 1337//2123 1373//2123
f 1338//2124 1340//2124 1347//2124
f 1333//2125 1373//2125 1348//2125
f 1375//2126 1349//2126 1403//2126
f 1354//2127 1330//2127 1341//2127
f 1360//2128 1355//2128 1356//2128
f 1370//2129 1346//2129 1358//2129
f 1348//2130 1368//2130 1333//2130
f 1345//2131 1344//2131 1343//2131
f 1373//2132 1333//2132 1359//2132
f 1362//2133 1363//2133 1378//2133
f 1354//2134 1341//2134 1345//2134
f 1346//2135 1370//2135 1365//2135
f 1342//2136 1357//2136 1365//2136
f 1344//2137 1353//2137 1343//2137
f 1353//2138 1336//2138 1352//2138
f 1340//2139 1338//2139 1339//2139
f 1337//2140 1348//2140 1373//2140
f 1359//2141 1357//2141 1373//2141
f 1336//2142 1344//2142 1335//2142
f 1335//2143 1352//2143 1336//2143
f 1352//2144 1334//2144 1371//2144
f 1351//2145 1372//2145 1350//2145
f 1358//2146 1346//2146 1339//2146
f 1374//2147 1337//2147 1364//2147
f 1365//2148 1370//2148 1380//2148
f 1357//2149 1342//2149 1373//2149
f 1336//2150 1367//2150 1344//2150
f 1337//2151 1376//2151 1364//2151
f 1352//2152 1371//2152 1337//2152
f 1364//2153 1368//2153 1348//2153
f 1376//2154 1334//2154 1377//2154
f 1342//2155 1365//2155 1380//2155
f 1360//2156 1361//2156 1355//2156
f 1384//2157 1385//2157 1386//2157
f 1384//2158 1386//2158 1387//2158
f 1387//2159 1386//2159 1372//2159
f 1388//2160 1387//2160 1372//2160
f 1351//2161 1387//2161 1388//2161
f 1327//2162 1389//2162 1378//2162
f 1350//2163 1366//2163 1362//2163
f 1394//2164 1330//2164 1354//2164
f 1395//2165 1330//2165 1394//2165
f 1395//2166 1396//2166 1330//2166
f 1397//2167 1396//2167 1395//2167
f 1397//2168 1353//2168 1396//2168
f 1397//2169 1398//2169 1353//2169
f 1399//2170 1398//2170 1397//2170
f 1399//2171 1400//2171 1398//2171
f 1401//2172 1400//2172 1399//2172
f 1401//2173 1354//2173 1400//2173
f 1394//2174 1354//2174 1401//2174
f 1396//2175 1331//2175 1330//2175
f 1353//2176 1331//2176 1396//2176
f 1398//2177 1343//2177 1353//2177
f 1400//2178 1343//2178 1398//2178
f 1400//2179 1354//2179 1343//2179
f 1342//2180 1370//2180 1373//2180
f 1370//2181 1402//2181 1381//2181
f 1370//2182 1339//2182 1402//2182
f 1373//2183 1392//2183 1352//2183
f 1373//2184 1370//2184 1381//2184
f 1373//2185 1381//2185 1390//2185
f 1393//2186 1373//2186 1390//2186
f 1392//2187 1373//2187 1393//2187
f 1338//2188 1403//2188 1402//2188
f 1338//2189 1402//2189 1339//2189
f 1360//2190 1403//2190 1338//2190
f 1404//2191 1341//2191 1330//2191
f 1404//2192 1330//2192 1332//2192
f 1352//2193 1392//2193 1391//2193
f 1353//2194 1352//2194 1391//2194
f 1391//2195 1331//2195 1353//2195
f 1385//2196 1381//2196 1402//2196
f 1384//2197 1383//2197 1385//2197
f 1385//2198 1383//2198 1382//2198
f 1381//2199 1385//2199 1382//2199
f 1349//2200 1405//2200 1403//2200
f 1402//2201 1406//2201 1385//2201
f 1386//2202 1406//2202 1402//2202
f 1402//2203 1407//2203 1386//2203
f 1403//2204 1350//2204 1402//2204
f 1405//2205 1350//2205 1403//2205
f 1363//2206 1362//2206 1405//2206
f 1363//2207 1405//2207 1349//2207
f 1349//2208 1379//2208 1363//2208
f 1375//2209 1403//2209 1360//2209
f 1375//2210 1360//2210 1356//2210
f 1375//2211 1356//2211 1361//2211
f 1408//2212 1409//2212 1410//2212
f 1550//2213 1411//2213 1598//2213
f 1412//2214 1413//2214 1414//2214
f 1415//2215 1409//2215 1416//2215
f 1417//2216 1484//2216 1486//2216
f 1410//2217 1418//2217 1408//2217
f 1590//2218 1481//2218 1419//2218
f 1519//2219 1461//2219 1420//2219
f 1472//2220 1618//2220 1565//2220
f 1421//2221 1582//2221 1583//2221
f 1422//2222 1622//2222 1558//2222
f 1424//2223 1582//2223 1665//2223
f 1559//2224 1579//2224 1425//2224
f 1426//2225 1463//2225 1518//2225
f 1544//2226 1441//2226 1543//2226
f 1427//2227 1593//2227 1428//2227
f 1429//2228 1564//2228 1519//2228
f 1430//2229 1442//2229 1431//2229
f 1432//2230 1484//2230 1417//2230
f 1665//2231 1582//2231 1433//2231
f 1433//2232 1582//2232 1421//2232
f 1414//2233 1588//2233 1409//2233
f 1588//2234 1434//2234 1435//2234
f 1409//2235 1588//2235 1410//2235
f 1436//2236 1437//2236 1616//2236
f 1586//2237 1438//2237 1447//2237
f 1585//2238 1439//2238 1586//2238
f 1414//2239 1409//2239 1412//2239
f 1598//2240 1415//2240 1416//2240
f 1518//2241 1565//2241 1440//2241
f 1471//2242 1543//2242 1441//2242
f 1564//2243 1617//2243 1473//2243
f 1442//2244 1430//2244 1503//2244
f 1432//2245 1443//2245 1470//2245
f 1444//2246 1445//2246 1446//2246
f 1512//2247 1447//2247 1448//2247
f 1524//2248 1587//2248 1449//2248
f 1573//2249 1450//2249 1451//2249
f 1452//2250 1425//2250 1453//2250
f 1596//2251 1569//2251 1454//2251
f 1455//2252 1441//2252 1472//2252
f 1473//2253 1442//2253 1645//2253
f 1456//2254 1566//2254 1595//2254
f 1539//2255 1644//2255 1474//2255
f 1438//2256 1459//2256 1447//2256
f 1431//2257 1442//2257 1462//2257
f 1464//2258 1441//2258 1544//2258
f 1617//2259 1585//2259 1473//2259
f 1472//2260 1598//2260 1618//2260
f 1436//2261 1616//2261 1433//2261
f 1524//2262 1468//2262 1646//2262
f 1472//2263 1565//2263 1591//2263
f 1592//2264 1564//2264 1473//2264
f 1593//2265 1427//2265 1456//2265
f 1456//2266 1643//2266 1423//2266
f 1454//2267 1449//2267 1587//2267
f 1474//2268 1644//2268 1454//2268
f 1475//2269 1476//2269 1413//2269
f 1630//2270 1665//2270 1650//2270
f 1649//2271 1421//2271 1477//2271
f 1418//2272 1478//2272 1653//2272
f 1650//2273 1573//2273 1630//2273
f 1590//2274 1480//2274 1482//2274
f 1481//2275 1590//2275 1482//2275
f 1483//2276 1486//2276 1484//2276
f 1483//2277 1485//2277 1486//2277
f 1487//2278 1488//2278 1470//2278
f 1411//2279 1415//2279 1598//2279
f 1585//2280 1415//2280 1439//2280
f 1490//2281 1491//2281 1519//2281
f 1518//2282 1492//2282 1493//2282
f 1569//2283 1596//2283 1441//2283
f 1616//2284 1497//2284 1498//2284
f 1499//2285 1500//2285 1588//2285
f 1591//2286 1501//2286 1502//2286
f 1504//2287 1602//2287 1592//2287
f 1442//2288 1595//2288 1566//2288
f 1505//2289 1506//2289 1435//2289
f 1506//2290 1507//2290 1435//2290
f 1436//2291 1508//2291 1509//2291
f 1436//2292 1510//2292 1508//2292
f 1525//2293 1544//2293 1621//2293
f 1463//2294 1562//2294 1621//2294
f 1601//2295 1515//2295 1461//2295
f 1601//2296 1431//2296 1516//2296
f 1443//2297 1432//2297 1446//2297
f 1448//2298 1411//2298 1550//2298
f 1527//2299 1432//2299 1513//2299
f 1416//2300 1409//2300 1408//2300
f 1444//2301 1417//2301 1486//2301
f 1412//2302 1409//2302 1465//2302
f 1590//2303 1419//2303 1453//2303
f 1514//2304 1643//2304 1586//2304
f 1571//2305 1460//2305 1411//2305
f 1520//2306 1441//2306 1596//2306
f 1595//2307 1442//2307 1523//2307
f 1449//2308 1589//2308 1524//2308
f 1528//2309 1510//2309 1529//2309
f 1530//2310 1507//2310 1531//2310
f 1569//2311 1449//2311 1454//2311
f 1518//2312 1533//2312 1565//2312
f 1564//2313 1534//2313 1519//2313
f 1536//2314 1535//2314 1427//2314
f 1646//2315 1536//2315 1524//2315
f 1456//2316 1427//2316 1566//2316
f 1478//2317 1418//2317 1410//2317
f 1616//2318 1537//2318 1410//2318
f 1414//2319 1413//2319 1476//2319
f 1414//2320 1538//2320 1588//2320
f 1503//2321 1430//2321 1625//2321
f 1430//2322 1540//2322 1625//2322
f 1541//2323 1543//2323 1471//2323
f 1541//2324 1542//2324 1543//2324
f 1540//2325 1431//2325 1601//2325
f 1431//2326 1540//2326 1430//2326
f 1543//2327 1542//2327 1544//2327
f 1621//2328 1544//2328 1542//2328
f 1446//2329 1445//2329 1545//2329
f 1546//2330 1425//2330 1452//2330
f 1514//2331 1586//2331 1631//2331
f 1454//2332 1644//2332 1472//2332
f 1472//2333 1521//2333 1454//2333
f 1473//2334 1643//2334 1456//2334
f 1456//2335 1522//2335 1473//2335
f 1549//2336 1550//2336 1458//2336
f 1551//2337 1552//2337 1553//2337
f 1554//2338 1555//2338 1556//2338
f 1557//2339 1558//2339 1436//2339
f 1435//2340 1559//2340 1560//2340
f 1646//2341 1561//2341 1536//2341
f 1559//2342 1413//2342 1412//2342
f 1559//2343 1435//2343 1507//2343
f 1408//2344 1418//2344 1558//2344
f 1510//2345 1436//2345 1558//2345
f 1570//2346 1447//2346 1571//2346
f 1447//2347 1570//2347 1448//2347
f 1469//2348 1572//2348 1470//2348
f 1422//2349 1635//2349 1594//2349
f 1450//2350 1574//2350 1425//2350
f 1445//2351 1576//2351 1443//2351
f 1577//2352 1578//2352 1622//2352
f 1444//2353 1486//2353 1578//2353
f 1579//2354 1580//2354 1581//2354
f 1580//2355 1590//2355 1453//2355
f 1472//2356 1441//2356 1520//2356
f 1520//2357 1521//2357 1472//2357
f 1473//2358 1522//2358 1523//2358
f 1523//2359 1442//2359 1473//2359
f 1583//2360 1584//2360 1582//2360
f 1585//2361 1643//2361 1473//2361
f 1643//2362 1585//2362 1586//2362
f 1423//2363 1643//2363 1514//2363
f 1492//2364 1518//2364 1463//2364
f 1542//2365 1463//2365 1621//2365
f 1461//2366 1519//2366 1491//2366
f 1601//2367 1461//2367 1540//2367
f 1524//2368 1549//2368 1587//2368
f 1433//2369 1588//2369 1435//2369
f 1568//2370 1449//2370 1569//2370
f 1458//2371 1550//2371 1539//2371
f 1550//2372 1644//2372 1539//2372
f 1454//2373 1587//2373 1474//2373
f 1423//2374 1593//2374 1456//2374
f 1515//2375 1563//2375 1481//2375
f 1481//2376 1563//2376 1451//2376
f 1522//2377 1595//2377 1523//2377
f 1520//2378 1596//2378 1521//2378
f 1582//2379 1597//2379 1424//2379
f 1432//2380 1527//2380 1484//2380
f 1472//2381 1644//2381 1598//2381
f 1550//2382 1598//2382 1644//2382
f 1566//2383 1427//2383 1567//2383
f 1631//2384 1586//2384 1512//2384
f 1465//2385 1599//2385 1585//2385
f 1524//2386 1638//2386 1600//2386
f 1642//2387 1602//2387 1504//2387
f 1502//2388 1501//2388 1641//2388
f 1500//2389 1499//2389 1603//2389
f 1604//2390 1498//2390 1497//2390
f 1630//2391 1573//2391 1451//2391
f 1461//2392 1515//2392 1605//2392
f 1481//2393 1482//2393 1515//2393
f 1461//2394 1606//2394 1482//2394
f 1515//2395 1482//2395 1606//2395
f 1607//2396 1562//2396 1463//2396
f 1562//2397 1483//2397 1484//2397
f 1608//2398 1483//2398 1562//2398
f 1483//2399 1608//2399 1463//2399
f 1609//2400 1610//2400 1611//2400
f 1612//2401 1513//2401 1613//2401
f 1527//2402 1614//2402 1615//2402
f 1616//2403 1410//2403 1588//2403
f 1418//2404 1510//2404 1558//2404
f 1510//2405 1418//2405 1619//2405
f 1559//2406 1507//2406 1413//2406
f 1620//2407 1413//2407 1507//2407
f 1431//2408 1462//2408 1495//2408
f 1626//2409 1646//2409 1627//2409
f 1439//2410 1479//2410 1438//2410
f 1586//2411 1439//2411 1438//2411
f 1563//2412 1629//2412 1451//2412
f 1436//2413 1421//2413 1557//2413
f 1560//2414 1665//2414 1435//2414
f 1484//2415 1527//2415 1562//2415
f 1527//2416 1526//2416 1562//2416
f 1458//2417 1539//2417 1474//2417
f 1423//2418 1514//2418 1631//2418
f 1448//2419 1549//2419 1632//2419
f 1549//2420 1448//2420 1550//2420
f 1524//2421 1536//2421 1512//2421
f 1428//2422 1536//2422 1427//2422
f 1633//2423 1610//2423 1487//2423
f 1477//2424 1633//2424 1487//2424
f 1412//2425 1465//2425 1579//2425
f 1465//2426 1590//2426 1579//2426
f 1622//2427 1486//2427 1416//2427
f 1622//2428 1416//2428 1408//2428
f 1532//2429 1635//2429 1422//2429
f 1471//2430 1441//2430 1455//2430
f 1645//2431 1442//2431 1503//2431
f 1508//2432 1510//2432 1528//2432
f 1531//2433 1507//2433 1506//2433
f 1627//2434 1636//2434 1626//2434
f 1610//2435 1637//2435 1513//2435
f 1436//2436 1433//2436 1421//2436
f 1665//2437 1433//2437 1435//2437
f 1442//2438 1566//2438 1554//2438
f 1553//2439 1569//2439 1441//2439
f 1570//2440 1411//2440 1448//2440
f 1571//2441 1411//2441 1570//2441
f 1516//2442 1515//2442 1601//2442
f 1621//2443 1562//2443 1525//2443
f 1639//2444 1488//2444 1487//2444
f 1640//2445 1637//2445 1610//2445
f 1637//2446 1613//2446 1513//2446
f 1453//2447 1425//2447 1579//2447
f 1622//2448 1445//2448 1444//2448
f 1470//2449 1594//2449 1469//2449
f 1526//2450 1496//2450 1525//2450
f 1439//2451 1411//2451 1460//2451
f 1439//2452 1415//2452 1411//2452
f 1647//2453 1648//2453 1559//2453
f 1547//2454 1527//2454 1615//2454
f 1516//2455 1495//2455 1517//2455
f 1487//2456 1470//2456 1649//2456
f 1665//2457 1630//2457 1424//2457
f 1565//2458 1533//2458 1591//2458
f 1533//2459 1501//2459 1591//2459
f 1592//2460 1602//2460 1534//2460
f 1592//2461 1534//2461 1564//2461
f 1639//2462 1488//2462 1610//2462
f 1640//2463 1488//2463 1639//2463
f 1651//2464 1597//2464 1582//2464
f 1549//2465 1548//2465 1587//2465
f 1457//2466 1587//2466 1548//2466
f 1467//2467 1593//2467 1511//2467
f 1593//2468 1467//2468 1466//2468
f 1584//2469 1652//2469 1582//2469
f 1417//2470 1446//2470 1432//2470
f 1452//2471 1451//2471 1450//2471
f 1536//2472 1561//2472 1535//2472
f 1589//2473 1638//2473 1524//2473
f 1653//2474 1619//2474 1418//2474
f 1413//2475 1620//2475 1475//2475
f 1471//2476 1623//2476 1541//2476
f 1625//2477 1624//2477 1503//2477
f 1504//2478 1503//2478 1624//2478
f 1623//2479 1471//2479 1502//2479
f 1628//2480 1451//2480 1629//2480
f 1555//2481 1566//2481 1567//2481
f 1568//2482 1569//2482 1552//2482
f 1591//2483 1455//2483 1472//2483
f 1473//2484 1645//2484 1592//2484
f 1475//2485 1655//2485 1476//2485
f 1478//2486 1656//2486 1653//2486
f 1614//2487 1612//2487 1615//2487
f 1657//2488 1615//2488 1612//2488
f 1437//2489 1436//2489 1509//2489
f 1505//2490 1435//2490 1434//2490
f 1517//2491 1563//2491 1515//2491
f 1455//2492 1591//2492 1471//2492
f 1503//2493 1592//2493 1645//2493
f 1585//2494 1599//2494 1415//2494
f 1465//2495 1409//2495 1599//2495
f 1565//2496 1618//2496 1440//2496
f 1429//2497 1617//2497 1564//2497
f 1501//2498 1533//2498 1518//2498
f 1519//2499 1534//2499 1602//2499
f 1658//2500 1612//2500 1611//2500
f 1610//2501 1658//2501 1611//2501
f 1658//2502 1611//2502 1527//2502
f 1553//2503 1552//2503 1569//2503
f 1566//2504 1555//2504 1554//2504
f 1458//2505 1474//2505 1457//2505
f 1511//2506 1423//2506 1631//2506
f 1574//2507 1575//2507 1425//2507
f 1499//2508 1588//2508 1538//2508
f 1537//2509 1616//2509 1498//2509
f 1434//2510 1588//2510 1500//2510
f 1497//2511 1616//2511 1437//2511
f 1428//2512 1466//2512 1536//2512
f 1593//2513 1466//2513 1428//2513
f 1512//2514 1586//2514 1447//2514
f 1512//2515 1448//2515 1524//2515
f 1637//2516 1640//2516 1613//2516
f 1609//2517 1615//2517 1614//2517
f 1657//2518 1609//2518 1615//2518
f 1583//2519 1477//2519 1421//2519
f 1477//2520 1583//2520 1633//2520
f 1660//2521 1492//2521 1463//2521
f 1461//2522 1491//2522 1661//2522
f 1470//2523 1443//2523 1576//2523
f 1594//2524 1470//2524 1576//2524
f 1559//2525 1425//2525 1647//2525
f 1532//2526 1422//2526 1572//2526
f 1646//2527 1468//2527 1627//2527
f 1440//2528 1426//2528 1518//2528
f 1519//2529 1420//2529 1429//2529
f 1590//2530 1580//2530 1579//2530
f 1622//2531 1578//2531 1486//2531
f 1542//2532 1541//2532 1492//2532
f 1491//2533 1625//2533 1540//2533
f 1504//2534 1624//2534 1489//2534
f 1494//2535 1623//2535 1502//2535
f 1453//2536 1663//2536 1580//2536
f 1579//2537 1663//2537 1453//2537
f 1578//2538 1664//2538 1444//2538
f 1444//2539 1664//2539 1622//2539
f 1501//2540 1623//2540 1494//2540
f 1489//2541 1624//2541 1602//2541
f 1542//2542 1660//2542 1463//2542
f 1461//2543 1661//2543 1540//2543
f 1496//2544 1544//2544 1525//2544
f 1516//2545 1431//2545 1495//2545
f 1622//2546 1422//2546 1445//2546
f 1507//2547 1530//2547 1620//2547
f 1475//2548 1530//2548 1531//2548
f 1528//2549 1529//2549 1653//2549
f 1619//2550 1529//2550 1510//2550
f 1617//2551 1480//2551 1590//2551
f 1486//2552 1485//2552 1618//2552
f 1544//2553 1496//2553 1464//2553
f 1629//2554 1563//2554 1634//2554
f 1467//2555 1512//2555 1466//2555
f 1432//2556 1640//2556 1637//2556
f 1470//2557 1488//2557 1432//2557
f 1648//2558 1573//2558 1559//2558
f 1553//2559 1441//2559 1551//2559
f 1556//2560 1442//2560 1554//2560
f 1572//2561 1649//2561 1470//2561
f 1548//2562 1549//2562 1458//2562
f 1631//2563 1512//2563 1467//2563
f 1587//2564 1457//2564 1474//2564
f 1423//2565 1511//2565 1593//2565
f 1516//2566 1517//2566 1515//2566
f 1562//2567 1526//2567 1525//2567
f 1576//2568 1422//2568 1594//2568
f 1576//2569 1445//2569 1422//2569
f 1559//2570 1573//2570 1650//2570
f 1649//2571 1572//2571 1422//2571
f 1623//2572 1501//2572 1518//2572
f 1519//2573 1602//2573 1624//2573
f 1461//2574 1482//2574 1420//2574
f 1480//2575 1617//2575 1420//2575
f 1426//2576 1483//2576 1463//2576
f 1426//2577 1618//2577 1485//2577
f 1610//2578 1488//2578 1640//2578
f 1420//2579 1666//2579 1480//2579
f 1485//2580 1667//2580 1426//2580
f 1487//2581 1639//2581 1610//2581
f 1513//2582 1612//2582 1658//2582
f 1513//2583 1658//2583 1527//2583
f 1513//2584 1658//2584 1610//2584
f 1469//2585 1532//2585 1572//2585
f 1489//2586 1642//2586 1504//2586
f 1502//2587 1641//2587 1494//2587
f 1504//2588 1592//2588 1503//2588
f 1471//2589 1591//2589 1502//2589
f 1668//2590 1648//2590 1647//2590
f 1412//2591 1669//2591 1559//2591
f 1558//2592 1670//2592 1408//2592
f 1490//2593 1625//2593 1491//2593
f 1492//2594 1541//2594 1493//2594
f 1456//2595 1595//2595 1522//2595
f 1521//2596 1596//2596 1454//2596
f 1559//2597 1650//2597 1560//2597
f 1557//2598 1649//2598 1558//2598
f 1478//2599 1410//2599 1537//2599
f 1538//2600 1414//2600 1476//2600
f 1664//2601 1577//2601 1622//2601
f 1579//2602 1581//2602 1663//2602
f 1611//2603 1614//2603 1609//2603
f 1612//2604 1614//2604 1611//2604
f 1611//2605 1614//2605 1527//2605
f 1451//2606 1452//2606 1419//2606
f 1419//2607 1481//2607 1451//2607
f 1559//2608 1669//2608 1579//2608
f 1622//2609 1670//2609 1558//2609
f 1649//2610 1422//2610 1558//2610
f 1618//2611 1598//2611 1416//2611
f 1486//2612 1618//2612 1416//2612
f 1465//2613 1585//2613 1617//2613
f 1465//2614 1617//2614 1590//2614
f 1513//2615 1432//2615 1637//2615
f 1519//2616 1624//2616 1490//2616
f 1493//2617 1623//2617 1518//2617
f 1574//2618 1671//2618 1575//2618
f 1588//2619 1433//2619 1616//2619
f 1459//2620 1571//2620 1447//2620
f 1547//2621 1657//2621 1615//2621
f 1640//2622 1432//2622 1488//2622
f 1438//2623 1479//2623 1459//2623
f 1439//2624 1460//2624 1479//2624
f 1464//2625 1496//2625 1654//2625
f 1321//2626 1324//2626 1289//2626
f 1402//2627 1372//2627 1407//2627
f 1647//2628 1425//2628 1648//2628
f 1573//2629 1648//2629 1425//2629
f 1573//2630 1425//2630 1575//2630
f 1573//2631 1575//2631 1574//2631
f 1573//2632 1574//2632 1450//2632
l 1287 1294
l 1378 1379
l 1353 1367
l 1268 1289
l 1632 1524
l 1327 1329
l 1348 1374
l 1246 1247
l 1296 1297
l 1498 1478
l 1266 1291
l 1499 1476
l 1371 1376
l 1659 1662
l 1335 1377
l 1250 1295
l 1366 1405
l 1600 1659
o SEAT-FABRIC
usemtl SEAT-FABRIC
v -0.190214 0.460878 -0.126874
v -0.229122 0.475116 -0.053769
v -0.088790 0.447145 -0.163130
v -0.222537 0.477898 0.196282
v -0.191241 0.457474 0.253432
v -0.182260 0.457830 0.255981
v -0.164337 0.450561 0.269245
v -0.165325 0.452081 0.264851
v -0.127316 0.439331 0.283802
v -0.050698 0.444467 -0.166751
v 0.015025 0.443324 -0.168100
v 0.000000 0.442667 -0.168686
v 0.028108 0.431392 0.291017
v 0.208669 0.467233 0.240827
v 0.083289 0.447186 -0.162752
v 0.168881 0.456733 -0.139576
v 0.226680 0.473121 -0.079675
v 0.182260 0.457830 0.255981
v 0.165325 0.452081 0.264851
v 0.164337 0.450561 0.269245
v 0.145861 0.443888 0.278549
vn 0.1690 0.9425 0.2882
vn -0.2211 0.6979 0.6813
vn 0.3603 0.9074 -0.2163
vn 0.0023 0.8152 -0.5791
vn -0.0026 0.6976 -0.7165
vn -0.1690 0.9425 0.2882
vn -0.1746 0.9436 0.2813
vn -0.2915 0.9510 0.1032
vn -0.0121 0.9395 0.3424
vn -0.0044 0.8531 0.5217
vn -0.0000 0.9904 -0.1385
vn -0.0000 0.8769 0.4806
vn -0.0000 0.8126 0.5828
vn -0.0014 0.7901 0.6130
vn 0.0022 0.6958 0.7182
vn 0.0227 0.9995 0.0196
vn 0.0037 0.9999 -0.0112
vn -0.0068 0.9809 -0.1946
vn 0.0017 0.9641 -0.2655
vn -0.0019 0.9334 -0.3589
vn 0.0006 0.9238 -0.3829
vn 0.0012 0.7876 -0.6162
s 0
usemtl SEAT-FABRIC
f 1678//2633 1679//2633 1677//2633
f 1678//2634 1677//2634 1676//2634
f 1678//2635 1680//2635 1676//2635
f 1681//2636 1674//2636 1682//2636
f 1681//2637 1682//2637 1683//2637
f 1689//2638 1690//2638 1691//2638
f 1689//2639 1691//2639 1685//2639
f 1685//2640 1692//2640 1691//2640
f 1685//2641 1675//2641 1676//2641
f 1689//2642 1685//2642 1676//2642
f 1689//2643 1676//2643 1677//2643
f 1689//2644 1677//2644 1678//2644
f 1689//2644 1678//2644 1691//2644
f 1692//2645 1691//2645 1678//2645
f 1692//2646 1678//2646 1680//2646
f 1684//2647 1692//2647 1680//2647
f 1675//2648 1685//2648 1688//2648
f 1675//2649 1688//2649 1673//2649
f 1672//2650 1673//2650 1688//2650
f 1672//2651 1688//2651 1687//2651
f 1674//2652 1672//2652 1687//2652
f 1674//2653 1687//2653 1686//2653
f 1683//2654 1674//2654 1686//2654
l 1682 1686
o SEAT-FABRICBACK
usemtl SEAT-FABRICBACK
v -0.168244 0.425911 -0.191896
v 0.168465 0.426702 -0.194259
v -0.176231 0.625573 -0.167062
v 0.176998 0.628231 -0.167133
v 0.215941 0.731153 -0.197845
v -0.215949 0.731138 -0.197943
v 0.156157 0.401901 -0.188149
v -0.157046 0.402561 -0.187384
v -0.024599 0.392136 -0.207630
v -0.253303 0.861911 -0.245080
v 0.263109 0.907288 -0.255552
v -0.263343 0.911121 -0.253824
v 0.259148 0.940772 -0.262919
v -0.259157 0.940671 -0.263109
v -0.227748 0.970640 -0.279121
v 0.227688 0.970710 -0.279098
v -0.106690 0.992417 -0.315782
v 0.113478 0.992214 -0.313997
vn 0.0073 -0.1231 0.9924
vn 0.0012 -0.1334 0.9911
vn -0.0020 0.2866 0.9580
vn -0.0002 0.2807 0.9598
vn 0.0063 0.2362 0.9717
vn 0.0028 0.1910 0.9816
vn -0.0008 -0.8911 0.4538
vn -0.0002 0.3390 0.9408
vn -0.0083 0.3133 0.9496
vn 0.0045 0.1758 0.9844
vn 0.0048 0.2154 0.9765
vn -0.0004 0.2998 0.9540
vn -0.0004 0.4716 0.8818
vn -0.0001 0.4753 0.8798
vn -0.0002 0.8600 0.5103
vn -0.0035 0.8461 0.5330
s 0
usemtl SEAT-FABRICBACK
f 1695//2655 1693//2655 1694//2655
f 1695//2656 1694//2656 1696//2656
f 1695//2657 1696//2657 1697//2657
f 1695//2658 1697//2658 1698//2658
f 1699//2659 1694//2659 1693//2659
f 1699//2660 1693//2660 1700//2660
f 1699//2661 1700//2661 1701//2661
f 1702//2662 1698//2662 1697//2662
f 1702//2663 1697//2663 1703//2663
f 1702//2664 1703//2664 1704//2664
f 1704//2665 1703//2665 1705//2665
f 1704//2666 1705//2666 1706//2666
f 1707//2667 1706//2667 1705//2667
f 1707//2668 1705//2668 1708//2668
f 1709//2669 1707//2669 1708//2669
f 1709//2670 1708//2670 1710//2670
o SEAT-FRAME
usemtl SEAT-FRAME
v -0.095819 0.320282 0.151359
v -0.095819 0.311036 0.153869
v -0.095819 0.322731 0.142097
v -0.095592 0.318214 0.136356
v -0.095819 0.310975 0.135361
v -0.095819 0.304223 0.142158
v -0.095592 0.305264 0.149388
v -0.178264 0.316108 0.154362
v -0.177950 0.323876 0.144684
v -0.177950 0.313562 0.134216
v -0.178264 0.303725 0.142001
v -0.178264 0.306348 0.151757
v -0.185294 0.328055 0.158885
v -0.185470 0.313564 0.164507
v -0.185471 0.333385 0.144529
v -0.185295 0.327763 0.130037
v -0.185471 0.313407 0.124707
v -0.185295 0.298915 0.130329
v -0.185471 0.293585 0.144686
v -0.185294 0.299207 0.159177
v -0.243997 0.311554 0.141742
v -0.237395 0.315087 0.162066
v -0.242831 0.321122 0.142162
v -0.238167 0.301012 0.156696
v -0.235711 0.326541 0.157978
v -0.235711 0.331593 0.139985
v -0.235529 0.322672 0.128856
v -0.235711 0.308863 0.126500
v -0.235529 0.297734 0.135420
v -0.235711 0.295378 0.149229
v -0.243105 0.519160 -0.220563
v -0.242748 0.507242 -0.225274
v -0.242963 0.524120 -0.192213
v -0.243032 0.528030 -0.208948
v -0.242966 0.506182 -0.186363
v -0.232132 0.519721 -0.188844
v -0.242713 0.492052 -0.198941
v -0.243202 0.494140 -0.213976
v -0.237331 0.493586 -0.215090
v -0.231955 0.491566 -0.200753
v -0.231695 0.528640 -0.202123
v -0.231042 0.520290 -0.221766
v -0.251506 0.477438 -0.222843
v -0.231557 0.494184 -0.213995
v -0.231471 0.508070 -0.225011
v -0.222624 0.476201 -0.224031
v -0.250590 0.471953 -0.225261
v -0.239794 0.462959 -0.223672
v -0.228438 0.466150 -0.223471
v -0.231519 0.519170 -0.220582
v -0.231689 0.504238 -0.186888
v 0.230763 0.519160 -0.220563
v 0.231120 0.507242 -0.225274
v 0.230906 0.524120 -0.192213
v 0.230837 0.528030 -0.208948
v 0.230903 0.506182 -0.186363
v 0.241737 0.519721 -0.188844
v 0.231156 0.492052 -0.198941
v 0.230667 0.494140 -0.213976
v 0.236538 0.493586 -0.215090
v 0.241914 0.491566 -0.200753
v 0.242174 0.528640 -0.202123
v 0.242827 0.520290 -0.221766
v 0.222363 0.477438 -0.222843
v 0.242312 0.494184 -0.213995
v 0.242397 0.508070 -0.225011
v 0.251244 0.476201 -0.224031
v 0.223278 0.471953 -0.225261
v 0.234074 0.462959 -0.223672
v 0.245431 0.466150 -0.223471
v 0.242349 0.519170 -0.220582
v 0.242180 0.504238 -0.186888
v -0.173649 0.377666 -0.215390
v -0.175550 0.371399 -0.209713
v -0.173937 0.365600 -0.213738
v -0.166842 0.371794 -0.215769
v -0.165920 0.364294 -0.216117
v -0.201015 0.597446 -0.189118
v -0.202350 0.598167 -0.205105
v -0.200260 0.604146 -0.198300
v -0.191872 0.612948 -0.204171
v -0.190567 0.612975 -0.203751
v -0.203966 0.599799 -0.186724
v -0.201224 0.592457 -0.182839
v -0.198025 0.591444 -0.188327
v 0.197231 0.591444 -0.188327
v 0.197115 0.585005 -0.193519
v 0.194309 0.424413 -0.200681
v 0.195640 0.415601 -0.193487
v 0.171471 0.368715 -0.210801
v 0.174757 0.371399 -0.209713
v 0.172855 0.377666 -0.215390
v 0.166048 0.371794 -0.215769
v 0.193771 0.610875 -0.202639
v 0.189774 0.612975 -0.203751
v -0.068359 0.424416 0.300427
v 0.028493 0.422781 0.301146
v 0.026195 0.431672 0.290780
v -0.056592 0.432653 0.289888
v 0.008442 0.452589 -0.180257
v -0.069356 0.455420 -0.176574
v -0.009223 0.442478 -0.169305
v -0.145810 0.445683 0.275920
v -0.165301 0.451117 0.265219
v -0.182260 0.457830 0.255981
v -0.195642 0.463712 0.244212
v -0.206005 0.467755 0.229678
v -0.212717 0.472795 0.213710
v -0.221535 0.477992 0.183747
v -0.224898 0.483551 0.148879
v -0.228264 0.483090 0.095920
v -0.228385 0.479153 -0.025706
v -0.230106 0.480724 0.017057
v -0.224773 0.475792 -0.057532
v -0.220992 0.472491 -0.077146
v -0.212172 0.469472 -0.097098
v -0.200132 0.467312 -0.113249
v -0.186918 0.462258 -0.126193
v -0.168593 0.458683 -0.137435
v -0.107829 0.451601 -0.156813
v -0.157872 0.445332 0.210378
v -0.184499 0.450665 0.199069
v -0.202729 0.460597 0.172645
v -0.212202 0.462901 -0.016887
v -0.199950 0.451524 -0.072726
v -0.164886 0.440268 -0.114695
v -0.102451 0.435881 -0.138991
v -0.081756 0.433234 -0.146291
v -0.207148 0.459011 0.138260
v -0.154745 0.439539 0.208309
v -0.179471 0.443268 0.199817
v -0.202598 0.449470 0.175239
v -0.125950 0.418978 -0.130180
v -0.165179 0.425973 -0.117359
v -0.157178 0.436585 0.211781
v -0.154476 0.439617 0.208114
v -0.187630 0.441059 0.197803
v -0.212661 0.458123 0.140569
v -0.216704 0.458042 -0.010023
v -0.199695 0.440296 -0.080098
v -0.125733 0.419638 -0.133313
v -0.191385 0.435053 -0.097073
v -0.164337 0.450561 0.269245
v -0.240533 0.487007 -0.036161
v -0.264246 0.531276 -0.021220
v -0.240993 0.493140 0.042235
v -0.253408 0.508657 0.145903
v -0.269286 0.529900 -0.053220
v -0.230200 0.481840 -0.087154
v -0.264101 0.514675 -0.104729
v -0.236764 0.487924 -0.145699
v -0.200519 0.472657 -0.131450
v -0.207194 0.475351 -0.145191
v -0.073584 0.456074 -0.182677
v -0.189309 0.468459 -0.150505
v -0.163292 0.464962 -0.153615
v -0.208490 0.474423 -0.146281
v -0.209127 0.472990 -0.146528
v -0.247330 0.486739 -0.149125
v -0.264986 0.525345 0.063133
v -0.262688 0.507717 0.143514
v -0.249542 0.472604 0.228896
v -0.213933 0.452777 0.269484
v -0.226139 0.446490 0.263421
v -0.192933 0.431259 0.282516
v -0.172773 0.436573 0.288557
v -0.145627 0.420195 0.295182
v -0.141267 0.436016 0.290039
v -0.185216 0.449810 0.275174
v -0.214971 0.466302 0.248000
v -0.246043 0.482123 0.218337
v -0.232641 0.485907 0.196376
v -0.237995 0.493144 0.133362
v -0.270654 0.513489 -0.090887
v -0.273111 0.527751 -0.044060
v -0.269138 0.522405 0.056280
v -0.243351 0.458508 0.239445
v -0.269831 0.519785 -0.049360
v -0.243317 0.482998 -0.143757
v -0.170531 0.454005 -0.157018
v -0.229497 0.474466 -0.112665
v -0.198730 0.464271 -0.143121
v -0.233491 0.464131 -0.087197
v -0.126424 0.441839 -0.166061
v -0.190569 0.449218 -0.140780
v -0.213636 0.458594 -0.122789
v -0.215224 0.453486 -0.107059
v -0.125738 0.428240 -0.156993
v -0.179774 0.434255 -0.141136
v -0.203980 0.451327 -0.123557
v -0.250339 0.474802 -0.057279
v -0.221189 0.461899 -0.036961
v -0.255735 0.482811 0.191735
v -0.263915 0.507215 0.123929
v -0.272249 0.525372 -0.000878
v -0.243793 0.482939 0.194635
v -0.169466 0.429030 0.274809
v -0.140243 0.420130 0.279127
v -0.176836 0.431882 0.271781
v -0.162371 0.439754 0.264370
v -0.190904 0.450959 0.245506
v -0.194682 0.439057 0.264539
v -0.223325 0.457281 0.243315
v -0.255018 0.503355 0.126193
v -0.241566 0.480382 0.183759
v -0.242476 0.469912 0.035643
v -0.262926 0.517462 0.005759
v -0.253072 0.479830 0.009514
v -0.220117 0.456662 0.221613
v -0.208185 0.458800 0.216577
v -0.236135 0.469049 0.161146
v -0.217977 0.468813 0.147681
v -0.222863 0.465343 -0.002922
v -0.240756 0.460479 -0.025627
v 0.000018 0.453055 -0.186466
v -0.093687 0.427522 -0.147434
v 0.008782 0.422108 -0.155633
v 0.010567 0.429743 -0.151391
v -0.000003 0.434665 -0.183651
v 0.000002 0.428697 -0.165692
v -0.050698 0.430174 -0.166206
v -0.091924 0.438730 -0.176547
v 0.000010 0.429786 -0.165654
v -0.093896 0.429021 -0.151644
v -0.050691 0.431050 -0.163818
v -0.050698 0.430786 -0.163824
v -0.050618 0.445781 -0.165562
v 0.016406 0.444265 -0.167374
v -0.086600 0.433319 -0.159086
v -0.092106 0.433594 -0.158087
v -0.086593 0.433533 -0.159087
v 0.026226 0.408294 0.306067
v -0.056163 0.408842 0.304368
v -0.011560 0.404720 0.295650
v -0.051033 0.410969 0.288665
v -0.089118 0.427162 0.281218
v 0.029284 0.422370 0.283569
v -0.072143 0.424925 0.268533
v -0.056416 0.433689 0.288958
v 0.044556 0.434468 0.289244
v 0.026126 0.430331 0.272263
v 0.030211 0.427711 0.227737
v -0.065836 0.437554 0.228286
v 0.027904 0.435827 0.229826
v -0.059981 0.429044 0.226771
v 0.000000 0.432894 0.290210
v -0.114425 0.441104 0.282981
v -0.093474 0.428538 -0.137208
v -0.091190 0.433208 -0.143046
v -0.099307 0.399475 -0.109954
v -0.095430 0.392044 -0.112646
v -0.122230 0.392770 -0.111029
v -0.117044 0.393102 -0.111435
v -0.117946 0.434481 -0.133185
v -0.126785 0.435573 -0.129484
v -0.089249 0.445238 -0.178674
v -0.101908 0.446655 -0.175606
v -0.117909 0.448430 -0.171842
v -0.119857 0.391409 -0.126668
v -0.128925 0.449818 -0.169315
v -0.096591 0.391326 -0.127954
v -0.272482 0.487578 -0.008641
v -0.252870 0.477187 -0.011477
v -0.272614 0.477637 -0.019871
v -0.272400 0.483407 -0.038390
v -0.252198 0.482320 -0.041167
v -0.092405 0.434104 -0.158304
v -0.113949 0.439476 0.283786
v -0.158825 0.447196 0.272734
v -0.114687 0.450204 -0.156331
v -0.180833 0.459581 -0.132358
v -0.208390 0.467352 -0.105282
v -0.223293 0.472394 -0.072522
v -0.231119 0.479730 0.008989
v -0.228991 0.482377 0.096610
v -0.225924 0.481124 0.150548
v -0.222410 0.477306 0.183260
v -0.210139 0.468619 0.223944
v -0.196623 0.460370 0.247071
v -0.183375 0.454930 0.259553
v 0.240993 0.493140 0.042235
v 0.228991 0.482377 0.096610
v 0.222863 0.465343 -0.002922
v 0.242476 0.469912 0.035643
v 0.212661 0.458123 0.140569
v 0.216704 0.458042 -0.010023
v 0.207148 0.459011 0.138260
v 0.253408 0.508657 0.145903
v 0.255018 0.503355 0.126193
v 0.262926 0.517462 0.005759
v 0.228264 0.483090 0.095920
v 0.230106 0.480724 0.017057
v 0.269138 0.522405 0.056281
v 0.264986 0.525345 0.063133
v 0.000042 0.450650 -0.188179
v 0.039585 0.430785 -0.163826
v 0.039585 0.430786 -0.163824
v 0.039585 0.430174 -0.166206
v 0.085589 0.457236 -0.180303
v 0.180833 0.459581 -0.132358
v 0.200519 0.472657 -0.131450
v 0.163292 0.464962 -0.153615
v 0.099525 0.448192 -0.160714
v 0.085766 0.456982 -0.173557
v 0.215224 0.453486 -0.107059
v 0.221189 0.461899 -0.036961
v 0.250339 0.474802 -0.057279
v 0.233491 0.464131 -0.087197
v 0.199950 0.451524 -0.072726
v 0.212202 0.462901 -0.016887
v 0.228385 0.479153 -0.025706
v 0.164886 0.440268 -0.114695
v 0.200132 0.467312 -0.113249
v 0.168593 0.458683 -0.137435
v 0.213636 0.458594 -0.122789
v 0.170531 0.454005 -0.157018
v 0.186918 0.462258 -0.126193
v 0.198730 0.464271 -0.143121
v 0.190569 0.449218 -0.140780
v 0.240756 0.460479 -0.025627
v 0.252870 0.477187 -0.011477
v 0.252198 0.482320 -0.041167
v 0.191385 0.435053 -0.097073
v 0.179774 0.434255 -0.141136
v 0.199695 0.440296 -0.080098
v 0.165179 0.425973 -0.117359
v 0.203980 0.451327 -0.123557
v 0.119682 0.391411 -0.126669
v 0.117935 0.448433 -0.171836
v 0.128927 0.449818 -0.169316
v 0.096414 0.391325 -0.127952
v 0.101922 0.446656 -0.175602
v 0.102465 0.435880 -0.138985
v 0.099137 0.399475 -0.109954
v 0.089249 0.445236 -0.178678
v 0.095252 0.392047 -0.112644
v 0.093474 0.428538 -0.137208
v 0.116866 0.393102 -0.111434
v 0.117946 0.434481 -0.133185
v 0.122052 0.392772 -0.111028
v 0.126785 0.435573 -0.129484
v 0.092332 0.436665 -0.170691
v 0.086599 0.433318 -0.159086
v 0.091190 0.433208 -0.143046
v 0.087206 0.448006 -0.160959
v 0.114823 0.451730 -0.154955
v 0.089655 0.434685 -0.144105
v 0.093932 0.427720 -0.148811
v 0.092112 0.433565 -0.158091
v 0.092405 0.434104 -0.158304
v 0.125738 0.428240 -0.156993
v 0.126424 0.441839 -0.166061
v 0.125733 0.419638 -0.133313
v 0.125950 0.418978 -0.130180
v 0.086593 0.433533 -0.159087
v 0.230200 0.481840 -0.087154
v 0.208390 0.467352 -0.105282
v 0.264101 0.514675 -0.104729
v 0.236764 0.487924 -0.145699
v 0.247330 0.486739 -0.149125
v 0.269831 0.519785 -0.049360
v 0.229497 0.474466 -0.112665
v 0.270654 0.513489 -0.090887
v 0.243317 0.482998 -0.143757
v 0.212172 0.469472 -0.097098
v 0.269286 0.529900 -0.053220
v 0.189309 0.468459 -0.150505
v 0.207194 0.475351 -0.145191
v 0.209127 0.472990 -0.146528
v 0.208490 0.474423 -0.146281
v 0.264246 0.531276 -0.021220
v 0.273111 0.527751 -0.044060
v 0.253072 0.479830 0.009514
v 0.272482 0.487578 -0.008641
v 0.272249 0.525372 -0.000878
v 0.272400 0.483407 -0.038390
v 0.240533 0.487007 -0.036161
v 0.223293 0.472394 -0.072522
v 0.231119 0.479730 0.008989
v 0.224773 0.475792 -0.057532
v 0.272614 0.477637 -0.019871
v 0.220992 0.472491 -0.077146
v 0.214971 0.466302 0.248000
v 0.210139 0.468619 0.223944
v 0.236135 0.469049 0.161146
v 0.241566 0.480382 0.183759
v 0.202729 0.460597 0.172645
v 0.224898 0.483551 0.148879
v 0.217977 0.468813 0.147681
v 0.212717 0.472795 0.213710
v 0.206005 0.467755 0.229678
v 0.243351 0.458508 0.239445
v 0.249542 0.472604 0.228896
v 0.243793 0.482939 0.194636
v 0.223325 0.457281 0.243315
v 0.213933 0.452777 0.269484
v 0.246043 0.482123 0.218337
v 0.156668 0.436909 0.210956
v 0.154745 0.439539 0.208309
v 0.208185 0.458800 0.216577
v 0.220117 0.456662 0.221613
v 0.190904 0.450959 0.245506
v 0.154107 0.445242 0.212629
v 0.165301 0.451117 0.265219
v 0.162371 0.439754 0.264370
v 0.168638 0.439751 0.215650
v 0.195642 0.463712 0.244212
v 0.184499 0.450665 0.199069
v 0.188765 0.441529 0.196679
v 0.179471 0.443268 0.199817
v 0.202598 0.449470 0.175239
v 0.154476 0.439617 0.208114
v 0.192933 0.431259 0.282516
v 0.153057 0.427957 0.294929
v 0.176836 0.431882 0.271781
v 0.158825 0.447196 0.272734
v 0.183375 0.454930 0.259553
v 0.185216 0.449810 0.275174
v 0.194682 0.439057 0.264539
v 0.169466 0.429030 0.274809
v 0.182260 0.457830 0.255981
v 0.226139 0.446490 0.263421
v 0.196623 0.460370 0.247071
v 0.139881 0.420342 0.279039
v 0.138033 0.417516 0.293976
v 0.138874 0.435384 0.290632
v 0.113973 0.439489 0.283775
v 0.106514 0.429745 0.278184
v 0.114425 0.441104 0.282981
v 0.145395 0.445481 0.276016
v 0.164337 0.450561 0.269245
v 0.232641 0.485907 0.196376
v 0.262688 0.507717 0.143514
v 0.263915 0.507215 0.123929
v 0.237995 0.493144 0.133362
v 0.225924 0.481124 0.150548
v 0.255735 0.482810 0.191735
v 0.222410 0.477306 0.183260
v 0.221535 0.477992 0.183747
v 0.280517 0.494875 -0.019245
v 0.272579 0.495815 -0.019272
v 0.280517 0.499882 -0.027367
v 0.272579 0.499930 -0.026650
v 0.272579 0.490340 -0.027087
v 0.280517 0.490334 -0.026368
v -0.272312 0.494875 -0.019245
v -0.280249 0.495815 -0.019272
v -0.272312 0.490334 -0.026368
v -0.280249 0.490340 -0.027087
v -0.272312 0.499882 -0.027367
v -0.280249 0.499930 -0.026650
v -0.073150 1.014086 -0.320150
v -0.009552 1.003360 -0.317249
v 0.008639 1.003154 -0.316898
v 0.000002 0.374328 -0.197720
v -0.052969 0.374643 -0.195197
v -0.000016 0.385413 -0.200575
v -0.083960 0.388068 -0.198039
v 0.000004 0.385741 -0.200816
v -0.037823 0.974294 -0.313530
v -0.000004 0.985697 -0.319786
v -0.000009 0.942682 -0.336639
v -0.109140 0.947014 -0.328717
v -0.087630 0.981504 -0.316937
v -0.087069 0.990045 -0.322179
v -0.043042 1.001216 -0.336707
v 0.000000 0.993559 -0.325318
v -0.086902 1.015363 -0.332360
v -0.000000 1.018293 -0.336231
v -0.055330 1.015750 -0.322740
v -0.052144 0.991796 -0.323563
v -0.000000 1.020373 -0.336950
v -0.046049 1.000408 -0.315512
v 0.000000 0.414156 -0.234190
v -0.072084 0.417284 -0.227703
v 0.011127 0.406922 -0.227650
v -0.000001 0.409224 -0.233223
v 0.000014 0.360488 -0.203187
v -0.000000 0.355491 -0.204610
v -0.047179 0.363135 -0.202764
v -0.000003 0.348271 -0.206514
v -0.045216 0.347731 -0.202369
v -0.059096 0.353824 -0.205494
v 0.000005 0.352666 -0.207199
v -0.000003 0.416152 -0.231297
v -0.000003 0.372113 -0.195563
v 0.000000 0.351736 -0.196385
v -0.045176 0.350730 -0.196582
v -0.002044 0.391960 -0.214537
v 0.022217 0.397001 -0.215925
v -0.075454 0.405332 -0.205551
v 0.048034 0.410241 -0.216494
v 0.000022 0.390368 -0.203738
v -0.220889 0.987582 -0.286876
v -0.203524 0.981386 -0.286339
v -0.185943 0.610893 -0.162864
v -0.172516 0.600324 -0.172860
v -0.178374 0.635387 -0.170344
v -0.194926 0.681104 -0.178327
v -0.200983 0.661162 -0.169024
v -0.204645 0.996351 -0.296751
v -0.198784 0.953573 -0.294637
v -0.183909 0.949978 -0.309413
v -0.187133 0.961901 -0.301987
v -0.186914 0.954621 -0.313061
v -0.216512 0.948579 -0.302112
v -0.212915 0.987029 -0.311015
v -0.214573 0.964342 -0.291727
v -0.192895 1.000599 -0.312727
v -0.178885 0.730535 -0.249113
v -0.199441 0.803527 -0.266239
v -0.221544 0.828391 -0.272430
v -0.234457 0.839260 -0.256522
v -0.227343 0.842028 -0.255063
v -0.190269 0.707902 -0.194870
v -0.168617 0.705108 -0.214410
v -0.181797 0.683122 -0.196827
v -0.187195 0.626093 -0.187935
v -0.170832 0.623135 -0.188562
v -0.199067 0.663415 -0.192685
v -0.193056 0.670205 -0.194352
v -0.173216 0.644117 -0.174089
v -0.188915 0.569438 -0.165804
v -0.187781 0.541092 -0.174401
v -0.186454 0.619412 -0.204822
v -0.191569 0.610158 -0.205201
v -0.176886 0.609477 -0.205210
v -0.175566 0.601579 -0.206607
v -0.203556 0.604919 -0.199350
v -0.195067 0.610200 -0.205165
v -0.185852 0.407397 -0.179407
v -0.188096 0.383092 -0.187747
v -0.170916 0.370075 -0.182783
v -0.191931 0.401756 -0.182130
v -0.184334 0.380741 -0.202810
v -0.187451 0.383949 -0.202077
v -0.181135 0.378034 -0.215845
v -0.171510 0.698032 -0.221621
v -0.163762 0.703674 -0.246300
v -0.169542 0.488586 -0.197261
v -0.181844 0.503045 -0.186266
v -0.171007 0.607419 -0.194203
v -0.153366 0.635672 -0.204461
v -0.150268 0.629527 -0.196918
v -0.150331 0.555414 -0.202663
v -0.153770 0.587862 -0.191846
v -0.154311 0.630557 -0.193615
v -0.160129 0.596475 -0.193525
v -0.160262 0.632724 -0.197880
v -0.166113 0.513179 -0.194781
v -0.164597 0.613443 -0.178430
v -0.161454 0.710172 -0.241004
v -0.163432 0.631174 -0.203277
v -0.163246 0.591418 -0.199993
v -0.126563 0.391558 -0.188758
v -0.059368 0.410861 -0.232444
v -0.126786 0.417457 -0.220464
v -0.131251 0.424613 -0.215248
v -0.121121 0.418892 -0.208665
v -0.106228 0.410379 -0.216553
v -0.113110 0.363078 -0.194308
v -0.044976 0.364092 -0.211927
v -0.133798 0.385646 -0.207255
v -0.052208 0.383378 -0.219097
v -0.045268 0.347390 -0.202008
v -0.133838 0.360067 -0.185163
v -0.177756 0.546247 -0.215112
v -0.173703 0.472635 -0.217828
v -0.170576 0.542047 -0.211810
v -0.161082 0.491821 -0.216344
v -0.154507 0.503561 -0.218868
v -0.160997 0.523310 -0.209414
v -0.156785 0.476814 -0.207572
v -0.152969 0.514487 -0.208424
v -0.173140 0.551379 -0.214894
v -0.154164 0.394115 -0.216317
v -0.159411 0.396625 -0.215338
v -0.162816 0.400107 -0.215922
v -0.164215 0.403925 -0.217697
v -0.146714 0.389731 -0.217067
v -0.140981 0.387115 -0.216944
v -0.140727 0.382603 -0.217378
v -0.140624 0.373333 -0.217898
v -0.144925 0.387601 -0.217160
v -0.139114 0.371590 -0.206231
v -0.147521 0.364335 -0.218719
v -0.162710 0.363452 -0.217853
v -0.168123 0.361540 -0.192995
v -0.169010 0.378779 -0.216227
v -0.161809 0.360168 -0.215948
v -0.164982 0.362987 -0.217642
v -0.146714 0.366169 -0.218096
v -0.171975 0.377791 -0.217207
v -0.152020 0.399396 -0.185345
v -0.140133 0.380590 -0.184285
v -0.137366 0.425599 -0.204177
v -0.146777 0.405663 -0.199778
v -0.114134 0.398842 -0.203496
v -0.147752 0.394985 -0.204832
v -0.147552 0.418964 -0.206760
v -0.139286 0.395464 -0.203801
v -0.135040 0.371917 -0.199553
v -0.139526 0.367450 -0.197673
v -0.155510 0.418246 -0.189793
v -0.126489 0.368207 -0.193156
v -0.148578 0.361939 -0.195426
v -0.144127 0.361866 -0.194777
v -0.139565 0.367496 -0.197630
v -0.174593 0.405351 -0.181760
v -0.164063 0.414750 -0.186923
v -0.154063 0.381131 -0.180792
v -0.166976 0.458825 -0.195801
v -0.155673 0.461705 -0.206894
v -0.168779 0.455025 -0.218348
v -0.157147 0.436753 -0.211936
v -0.163841 0.413712 -0.207117
v -0.154403 0.431435 -0.210761
v -0.152565 0.447149 -0.220211
v -0.149045 0.452343 -0.216575
v -0.167653 0.406025 -0.216861
v -0.180463 0.450098 -0.187368
v -0.169869 0.453086 -0.191927
v -0.153315 0.595325 -0.199238
v -0.157657 0.596600 -0.196421
v -0.174985 0.607406 -0.198939
v -0.180378 0.602033 -0.204575
v -0.174946 0.590061 -0.202911
v -0.179758 0.584606 -0.211356
v -0.150722 0.700691 -0.240036
v -0.152846 0.704577 -0.234835
v -0.157584 0.644227 -0.206061
v -0.158970 0.707881 -0.244822
v -0.062100 1.002756 -0.314858
v -0.119687 0.972641 -0.305142
v -0.125896 0.995567 -0.305627
v -0.137310 1.007888 -0.311242
v -0.104366 1.013163 -0.318560
v -0.067634 0.999044 -0.313224
v -0.231736 0.737132 -0.197939
v -0.256218 0.830999 -0.233012
v -0.211167 0.719746 -0.195899
v -0.286517 0.895363 -0.256544
v -0.236402 0.732653 -0.195196
v -0.273522 0.830251 -0.242312
v -0.230455 0.683321 -0.190464
v -0.212914 0.673335 -0.191593
v -0.256172 0.868082 -0.263676
v -0.205509 0.616035 -0.196606
v -0.203025 0.581089 -0.184997
v -0.198022 0.577212 -0.188534
v -0.215121 0.600179 -0.189377
v -0.211907 0.585355 -0.185558
v -0.197354 0.577452 -0.193007
v -0.204083 0.624491 -0.177342
v -0.215061 0.607750 -0.172026
v -0.200207 0.557672 -0.170903
v -0.199537 0.502232 -0.188820
v -0.195580 0.482648 -0.181398
v -0.195299 0.414370 -0.192972
v -0.190948 0.410460 -0.192647
v -0.195608 0.411554 -0.193112
v -0.218692 0.648128 -0.181533
v -0.190987 0.624625 -0.161143
v -0.207488 0.614981 -0.160079
v -0.203164 0.590027 -0.163558
v -0.196693 0.595404 -0.160624
v -0.189055 0.564393 -0.167783
v -0.202351 0.563966 -0.185910
v -0.203975 0.701943 -0.187445
v -0.287203 0.927568 -0.268709
v -0.268023 0.957306 -0.269857
v -0.273365 0.955158 -0.284152
v -0.280855 0.917859 -0.253951
v -0.264974 0.847267 -0.236755
v -0.283509 0.874495 -0.256003
v -0.264647 0.862922 -0.264520
v -0.267071 0.925794 -0.276422
v -0.288691 0.894838 -0.261227
v -0.245660 0.974100 -0.277083
v -0.240682 0.963052 -0.271774
v -0.252302 0.976431 -0.281264
v -0.231181 0.989815 -0.301775
v -0.243942 0.974191 -0.277841
v -0.253737 0.974080 -0.295811
v -0.244241 0.938346 -0.276920
v -0.214452 0.944738 -0.296019
v -0.220891 0.953631 -0.290397
v -0.232652 0.930995 -0.288399
v -0.220447 0.961027 -0.278949
v -0.230475 0.939801 -0.279670
v -0.236088 0.932347 -0.275902
v -0.247421 0.883516 -0.276111
v -0.238868 0.876328 -0.274090
v -0.219279 0.833525 -0.271231
v -0.246057 0.895009 -0.263797
v -0.246143 0.854868 -0.243421
v -0.242355 0.924024 -0.271695
v -0.254173 0.920227 -0.259555
v -0.271352 0.887691 -0.248237
v -0.271932 0.886598 -0.248653
v -0.258574 0.890954 -0.251047
v -0.269726 0.871578 -0.243474
v -0.243004 0.829965 -0.235324
v -0.252800 0.888461 -0.266734
v -0.259163 0.827952 -0.229917
v -0.268935 0.948304 -0.264803
v -0.258128 0.961545 -0.271186
v -0.266687 0.949949 -0.266224
v -0.263395 0.932629 -0.258603
v -0.253566 0.918647 -0.270057
v -0.245763 0.922103 -0.285273
v -0.244137 0.906187 -0.278413
v -0.274701 0.932719 -0.259822
v -0.275984 0.918604 -0.255864
v -0.273591 0.934136 -0.260542
v -0.276013 0.909277 -0.252820
v -0.274067 0.900107 -0.251216
v -0.015604 0.938426 -0.331839
v 0.045176 0.350730 -0.196582
v -0.000005 0.348305 -0.201317
v 0.045216 0.347731 -0.202369
v -0.000002 0.373605 -0.198324
v 0.057543 0.372122 -0.193221
v 0.072084 0.417284 -0.227703
v 0.057612 0.358743 -0.201384
v 0.057763 0.352536 -0.205747
v -0.000001 0.361648 -0.204235
v 0.181796 0.683122 -0.196827
v 0.212914 0.673335 -0.191593
v 0.199067 0.663415 -0.192685
v 0.215061 0.607750 -0.172026
v 0.211907 0.585355 -0.185558
v 0.215121 0.600179 -0.189377
v 0.203025 0.581089 -0.184997
v 0.202351 0.563966 -0.185910
v 0.230455 0.683321 -0.190464
v 0.187781 0.541092 -0.174401
v 0.195580 0.482648 -0.181398
v 0.200207 0.557672 -0.170903
v 0.199537 0.502232 -0.188820
v 0.204083 0.624491 -0.177342
v 0.205509 0.616035 -0.196606
v 0.186455 0.619412 -0.204822
v 0.187195 0.626093 -0.187935
v 0.203556 0.604919 -0.199350
v 0.198022 0.577212 -0.188534
v 0.195067 0.610200 -0.205165
v 0.236402 0.732653 -0.195196
v 0.286517 0.895363 -0.256544
v 0.231736 0.737132 -0.197939
v 0.243004 0.829965 -0.235324
v 0.203975 0.701943 -0.187445
v 0.211167 0.719746 -0.195899
v 0.190269 0.707902 -0.194870
v 0.273522 0.830251 -0.242312
v 0.256218 0.830999 -0.233012
v 0.170832 0.623135 -0.188562
v 0.173216 0.644117 -0.174089
v 0.164597 0.613443 -0.178430
v 0.160129 0.596475 -0.193525
v 0.181844 0.503045 -0.186266
v 0.185943 0.610893 -0.162864
v 0.172516 0.600324 -0.172860
v 0.171510 0.698032 -0.221621
v 0.169542 0.488586 -0.197261
v 0.163432 0.631174 -0.203277
v 0.161454 0.710172 -0.241004
v 0.160262 0.632724 -0.197880
v 0.166113 0.513179 -0.194781
v 0.168617 0.705108 -0.214410
v 0.227343 0.842028 -0.255063
v 0.187133 0.961901 -0.301987
v 0.096745 0.957270 -0.324308
v 0.102451 1.002472 -0.332031
v 0.116672 0.988427 -0.321286
v 0.170916 0.370075 -0.182784
v 0.188096 0.383092 -0.187747
v 0.185852 0.407397 -0.179407
v 0.192895 1.000599 -0.312727
v 0.086902 1.015363 -0.332360
v 0.104366 1.013163 -0.318560
v 0.204645 0.996351 -0.296751
v 0.137310 1.007888 -0.311242
v 0.220889 0.987582 -0.286876
v 0.203524 0.981386 -0.286339
v 0.125896 0.995567 -0.305627
v 0.179752 0.950126 -0.311081
v 0.198784 0.953573 -0.294637
v 0.093370 0.973078 -0.309730
v 0.220447 0.961027 -0.278949
v 0.178885 0.730535 -0.249113
v 0.163762 0.703674 -0.246300
v 0.176886 0.609477 -0.205210
v 0.180463 0.450098 -0.187368
v 0.174593 0.405351 -0.181760
v 0.181135 0.378034 -0.215845
v 0.199441 0.803527 -0.266239
v 0.175752 0.601452 -0.205529
v 0.191569 0.610158 -0.205201
v 0.221544 0.828391 -0.272430
v 0.234457 0.839260 -0.256522
v 0.256172 0.868082 -0.263676
v 0.197354 0.577452 -0.193007
v 0.187451 0.383949 -0.202077
v 0.190948 0.410460 -0.192647
v 0.195299 0.414370 -0.192972
v 0.184334 0.380741 -0.202810
v 0.191931 0.401756 -0.182130
v 0.195608 0.411554 -0.193112
v 0.268023 0.957306 -0.269857
v 0.266687 0.949949 -0.266224
v 0.273591 0.934136 -0.260542
v 0.268935 0.948304 -0.264803
v 0.274701 0.932719 -0.259822
v 0.263395 0.932629 -0.258603
v 0.271932 0.886598 -0.248653
v 0.271352 0.887691 -0.248237
v 0.274067 0.900107 -0.251216
v 0.276013 0.909277 -0.252820
v 0.258574 0.890954 -0.251047
v 0.269726 0.871578 -0.243474
v 0.280855 0.917859 -0.253951
v 0.273365 0.955158 -0.284152
v 0.253737 0.974080 -0.295811
v 0.267071 0.925794 -0.276422
v 0.252302 0.976431 -0.281264
v 0.264647 0.862922 -0.264520
v 0.288691 0.894838 -0.261227
v 0.264974 0.847267 -0.236755
v 0.287203 0.927568 -0.268709
v 0.283509 0.874495 -0.256003
v 0.275984 0.918604 -0.255864
v 0.244241 0.938346 -0.276920
v 0.253566 0.918647 -0.270057
v 0.242355 0.924024 -0.271695
v 0.236088 0.932347 -0.275902
v 0.232652 0.930995 -0.288399
v 0.238868 0.876328 -0.274090
v 0.246057 0.895009 -0.263797
v 0.247421 0.883516 -0.276111
v 0.252800 0.888461 -0.266734
v 0.244137 0.906187 -0.278413
v 0.219279 0.833525 -0.271231
v 0.230475 0.939801 -0.279670
v 0.254173 0.920227 -0.259555
v 0.243942 0.974191 -0.277841
v 0.231181 0.989815 -0.301775
v 0.245660 0.974100 -0.277083
v 0.220891 0.953631 -0.290397
v 0.224387 0.983345 -0.307321
v 0.214573 0.964342 -0.291727
v 0.214452 0.944738 -0.296019
v 0.216512 0.948579 -0.302112
v 0.245763 0.922103 -0.285273
v 0.186914 0.954621 -0.313061
v 0.240682 0.963052 -0.271774
v 0.246143 0.854868 -0.243421
v 0.259163 0.827952 -0.229917
v 0.258128 0.961545 -0.271186
v 0.059368 0.410861 -0.232444
v 0.108262 0.410510 -0.215705
v 0.047030 0.363722 -0.210788
v 0.121121 0.418892 -0.208665
v 0.120503 0.404760 -0.195960
v 0.083960 0.388068 -0.198039
v 0.126563 0.391558 -0.188758
v 0.088036 0.376304 -0.192247
v 0.154063 0.381131 -0.180792
v 0.133838 0.360067 -0.185163
v 0.045268 0.347390 -0.202008
v 0.113110 0.363078 -0.194308
v 0.050330 0.382936 -0.219304
v 0.152969 0.514487 -0.208424
v 0.150331 0.555414 -0.202663
v 0.160997 0.523310 -0.209414
v 0.177755 0.546247 -0.215112
v 0.173140 0.551379 -0.214894
v 0.170576 0.542047 -0.211810
v 0.161082 0.491821 -0.216344
v 0.157657 0.596600 -0.196421
v 0.154507 0.503561 -0.218868
v 0.168123 0.361540 -0.192995
v 0.156785 0.476814 -0.207572
v 0.149045 0.452343 -0.216575
v 0.163841 0.413712 -0.207117
v 0.146777 0.405663 -0.199778
v 0.147752 0.394985 -0.204832
v 0.168779 0.455025 -0.218348
v 0.148578 0.361939 -0.195426
v 0.139565 0.367496 -0.197630
v 0.144127 0.361866 -0.194777
v 0.137366 0.425599 -0.204177
v 0.113669 0.398805 -0.203322
v 0.147552 0.418964 -0.206760
v 0.135040 0.371917 -0.199553
v 0.139526 0.367450 -0.197673
v 0.126999 0.368288 -0.193206
v 0.173703 0.472635 -0.217828
v 0.126786 0.417457 -0.220464
v 0.131251 0.424613 -0.215248
v 0.133798 0.385646 -0.207255
v 0.139286 0.395464 -0.203801
v 0.139114 0.371590 -0.206231
v 0.152565 0.447149 -0.220211
v 0.167653 0.406025 -0.216861
v 0.164215 0.403925 -0.217697
v 0.154403 0.431435 -0.210761
v 0.162710 0.363452 -0.217853
v 0.161809 0.360168 -0.215948
v 0.164982 0.362987 -0.217642
v 0.146714 0.366169 -0.218096
v 0.147521 0.364335 -0.218719
v 0.140624 0.373333 -0.217898
v 0.169010 0.378779 -0.216227
v 0.154164 0.394115 -0.216317
v 0.140727 0.382603 -0.217378
v 0.146714 0.389731 -0.217067
v 0.162816 0.400107 -0.215922
v 0.159411 0.396625 -0.215338
v 0.171975 0.377791 -0.217207
v 0.140981 0.387115 -0.216944
v 0.144925 0.387601 -0.217160
v 0.157147 0.436753 -0.211936
v 0.146816 0.383765 -0.182984
v 0.152536 0.447053 -0.202153
v 0.164063 0.414750 -0.186923
v 0.152020 0.399396 -0.185345
v 0.169869 0.453086 -0.191927
v 0.166976 0.458825 -0.195801
v 0.156749 0.470612 -0.207406
v 0.158970 0.707881 -0.244822
v 0.154311 0.630557 -0.193615
v 0.157584 0.644227 -0.206061
v 0.153366 0.635672 -0.204461
v 0.150722 0.700691 -0.240036
v 0.152846 0.704577 -0.234835
v 0.150268 0.629527 -0.196918
v 0.175535 0.588132 -0.211532
v 0.175879 0.597322 -0.206140
v 0.180378 0.602033 -0.204575
v 0.179758 0.584606 -0.211356
v 0.175059 0.587823 -0.210788
v 0.174946 0.590061 -0.202911
v 0.174985 0.607406 -0.198939
v 0.163246 0.591418 -0.199993
v 0.171007 0.607419 -0.194203
v 0.153770 0.587862 -0.191846
v 0.153315 0.595325 -0.199238
v 0.000000 0.386177 -0.203071
v 0.000006 0.973540 -0.322301
v 0.087630 0.981505 -0.316937
v 0.085220 0.944766 -0.332406
v 0.066534 1.014710 -0.321120
v 0.052144 0.991796 -0.323563
v 0.061957 1.002746 -0.314745
v 0.101730 1.011587 -0.315915
v 0.067634 0.999044 -0.313224
v 0.178374 0.635387 -0.170344
v 0.194926 0.681104 -0.178327
v 0.193056 0.670205 -0.194352
v 0.189055 0.564393 -0.167783
v 0.218692 0.648128 -0.181533
v 0.200983 0.661162 -0.169024
v 0.190987 0.624625 -0.161143
v 0.207488 0.614981 -0.160079
v 0.203164 0.590027 -0.163558
v 0.188915 0.569438 -0.165805
v 0.196693 0.595404 -0.160624
v -0.288238 0.453435 -0.015761
v -0.292950 0.441519 -0.015365
v -0.259889 0.458376 -0.016216
v -0.276623 0.462283 -0.016395
v -0.254039 0.440474 -0.015080
v -0.256519 0.453301 -0.026748
v -0.266616 0.426356 -0.014440
v -0.281651 0.428471 -0.014084
v -0.282765 0.427547 -0.019908
v -0.268429 0.425192 -0.025146
v -0.269799 0.462175 -0.027748
v -0.289441 0.453800 -0.027872
v -0.290656 0.407988 -0.004278
v -0.281671 0.427779 -0.025709
v -0.292687 0.441633 -0.026671
v -0.291717 0.405711 -0.033129
v -0.293004 0.407560 -0.005190
v -0.291552 0.396944 -0.018010
v -0.288258 0.452713 -0.027325
v -0.254563 0.437822 -0.026212
v 0.095692 0.360263 0.112436
v 0.095530 0.365270 0.042395
v 0.024624 0.369076 0.079680
v 0.023591 0.370590 -0.029722
v 0.097361 0.348837 0.084915
v -0.022419 0.370118 -0.030209
v 0.024619 0.368010 0.037251
v -0.023239 0.340915 -0.047568
v 0.017910 0.325971 0.186824
v 0.013440 0.326259 0.189897
v 0.025042 0.340685 -0.046269
v 0.025036 0.340619 -0.030431
v -0.023485 0.352825 0.164995
v 0.023279 0.354253 0.160887
v 0.096943 0.351030 0.036538
v 0.024931 0.358464 0.019387
v 0.024578 0.358270 -0.013063
v 0.026082 0.354101 -0.022071
v 0.095748 0.359088 0.028113
v 0.095278 0.346606 0.172639
v 0.093488 0.329335 0.179149
v 0.088310 0.359824 0.021023
v 0.097147 0.348814 0.029173
v -0.040466 0.326783 0.187144
v -0.024620 0.363891 0.117476
v -0.095530 0.365270 0.042395
v -0.095692 0.360263 0.112436
v -0.096873 0.350721 0.039827
v -0.024459 0.371657 0.047543
v -0.025036 0.340619 -0.030431
v -0.023210 0.340482 -0.046620
v -0.097094 0.343469 0.119110
v -0.024578 0.358270 -0.013063
v -0.024678 0.360010 0.018596
v -0.026082 0.354101 -0.022071
v -0.096249 0.359080 0.028155
v -0.092716 0.358959 0.026113
v -0.095294 0.346903 0.171919
v -0.096962 0.329847 0.177134
v -0.089475 0.359836 0.021081
v -0.096315 0.348429 0.029007
v -0.024588 0.358471 0.019515
v -0.070243 0.328431 0.182675
v -0.025393 0.359817 0.019120
v -0.059759 0.327603 0.183288
v -0.093611 0.329491 0.178932
v -0.022726 0.353941 -0.041269
v 0.031676 0.307824 -0.098742
v 0.021621 0.328610 -0.111781
v 0.088422 0.321395 -0.089750
v -0.038182 0.307867 -0.098542
v 0.081194 0.322127 -0.096434
v 0.072368 0.305298 -0.091110
v -0.063589 0.308720 -0.104234
v -0.082592 0.307336 -0.097400
v 0.088800 0.302217 -0.080238
v 0.089694 0.321822 -0.090283
v 0.096138 0.329062 -0.095301
v 0.094975 0.306432 -0.080577
v -0.018921 0.354503 -0.123247
v 0.000000 0.353181 -0.123302
v -0.090735 0.304434 -0.088846
v 0.083979 0.306972 -0.097198
v -0.092895 0.299266 -0.068645
v -0.091196 0.303896 -0.088513
v -0.085068 0.303157 -0.084388
v 0.094123 0.300751 -0.074773
v 0.091404 0.299033 -0.063416
v 0.090324 0.321040 -0.076414
v 0.024578 0.335789 -0.124368
v 0.058261 0.335021 -0.123702
v 0.092195 0.304826 -0.088813
v 0.018435 0.350648 -0.126082
v 0.019537 0.350058 -0.128765
v 0.019363 0.350233 -0.132843
v 0.019565 0.348138 -0.129220
v 0.093365 0.300577 -0.069492
v 0.094623 0.299649 -0.068242
v 0.093018 0.300527 -0.069243
v 0.022783 0.336012 -0.126893
v 0.048940 0.336739 -0.124520
v -0.095664 0.299499 -0.068820
v 0.092463 0.299555 -0.069940
v 0.020012 0.340112 -0.127716
v -0.000000 0.347573 -0.132989
v 0.076141 0.330404 -0.104320
v 0.075762 0.331545 -0.105681
v 0.095440 0.336611 -0.107068
v 0.093100 0.302813 -0.073744
v 0.045862 0.311140 -0.109860
v 0.070390 0.329053 -0.105587
v 0.086281 0.337982 -0.115053
v 0.089995 0.336872 -0.109475
v -0.000000 0.334138 -0.126623
v 0.094644 0.328917 -0.095265
v 0.093935 0.324267 -0.094423
v 0.047617 0.328386 -0.110509
v 0.019073 0.352942 -0.122870
v -0.092794 0.299173 -0.068265
v -0.092804 0.298239 -0.063860
v -0.092513 0.298827 -0.068845
v -0.042750 0.309861 -0.107933
v 0.091182 0.298909 -0.063580
v 0.094128 0.335731 -0.103647
v 0.007164 0.308057 -0.098747
v 0.082618 0.307246 -0.098857
v 0.019576 0.346790 -0.130926
v 0.091269 0.303700 -0.079381
v 0.033793 0.310258 -0.108537
v 0.019994 0.310437 -0.109071
v 0.085511 0.336643 -0.112508
v -0.000572 0.328291 -0.110284
v -0.040344 0.334883 -0.126429
v -0.089351 0.320863 -0.081999
v -0.088394 0.302082 -0.080054
v -0.077419 0.328471 -0.101467
v -0.080781 0.322676 -0.095365
v -0.084705 0.303379 -0.084705
v -0.092760 0.304771 -0.087837
v -0.047735 0.329146 -0.110455
v -0.059957 0.306176 -0.094849
v -0.089694 0.321822 -0.090283
v -0.071035 0.328970 -0.103837
v -0.019607 0.352835 -0.122784
v -0.024578 0.335789 -0.124368
v -0.022783 0.336012 -0.126893
v -0.075361 0.336547 -0.118547
v -0.091231 0.298599 -0.064075
v -0.071277 0.307500 -0.102278
v -0.019381 0.350286 -0.132764
v -0.018378 0.350631 -0.126097
v -0.020120 0.349250 -0.129136
v -0.093365 0.300577 -0.069492
v -0.092628 0.299270 -0.068715
v -0.045678 0.336208 -0.124713
v -0.068403 0.328206 -0.104266
v -0.091792 0.336950 -0.110980
v 0.000000 0.346702 -0.132693
v -0.093234 0.307354 -0.080731
v -0.096806 0.334564 -0.100761
v -0.094786 0.333262 -0.099533
v -0.093151 0.303063 -0.073774
v -0.092437 0.302479 -0.071489
v -0.042935 0.310005 -0.107872
v -0.072991 0.328790 -0.105285
v -0.068456 0.328375 -0.104459
v -0.092160 0.336589 -0.107613
v -0.086160 0.337030 -0.114230
v -0.020974 0.328198 -0.111855
v -0.093343 0.300566 -0.069501
v -0.019063 0.353867 -0.123038
v -0.020012 0.340112 -0.127716
v -0.090601 0.299717 -0.068425
v -0.056283 0.306568 -0.095908
v -0.017705 0.352773 -0.123052
v -0.085294 0.306316 -0.096997
v -0.091483 0.321349 -0.081034
v -0.019576 0.346790 -0.130926
v -0.091269 0.303700 -0.079381
v -0.085511 0.336643 -0.112508
v -0.107534 0.365155 -0.036548
v -0.105127 0.346499 -0.052250
v -0.106919 0.348283 -0.030504
v -0.106626 0.351603 0.008413
v -0.106797 0.350384 0.053393
v -0.107500 0.367561 0.007100
v -0.100273 0.363074 -0.073320
v -0.104233 0.352171 -0.065254
v -0.020933 0.364814 -0.081399
v -0.104371 0.360197 -0.071887
v -0.092180 0.355150 -0.112514
v -0.070326 0.352097 -0.123572
v -0.020124 0.351537 -0.108925
v -0.020305 0.351302 -0.108886
v -0.020315 0.355751 -0.086472
v -0.020136 0.355927 -0.086476
v -0.015000 0.357253 -0.080273
v -0.015001 0.357006 -0.080058
v 0.000000 0.357007 -0.080056
v 0.000000 0.357253 -0.080272
v -0.027845 0.369927 0.043181
v -0.099166 0.366116 0.046035
v -0.101449 0.349928 0.054154
v -0.096640 0.359646 -0.089688
v -0.058072 0.353066 -0.126086
v -0.021175 0.353354 -0.129438
v -0.020158 0.352537 -0.128311
v -0.020344 0.350697 -0.126512
v -0.021037 0.352092 -0.128775
v -0.036975 0.352416 -0.128039
v -0.033935 0.352227 -0.128219
v -0.092188 0.354985 -0.110630
v -0.036119 0.351032 -0.129141
v 0.098216 0.349190 0.055914
v 0.096746 0.330860 0.175294
v -0.025190 0.326152 0.186031
v -0.027669 0.373682 0.041266
v -0.026770 0.370424 -0.035091
v -0.107592 0.368512 0.044905
v -0.105221 0.370172 -0.012157
v -0.023832 0.366055 -0.036406
v 0.025061 0.365855 -0.035959
v -0.027647 0.366001 -0.033470
v -0.028566 0.368895 0.008381
v -0.019301 0.356165 -0.082096
v -0.021028 0.358291 -0.110027
v 0.107415 0.365007 -0.038552
v 0.106939 0.350980 0.003718
v 0.104950 0.346993 -0.050777
v 0.107237 0.350133 0.053517
v 0.107500 0.367561 0.007100
v 0.104369 0.349317 -0.060560
v 0.100616 0.363044 -0.073243
v 0.020956 0.364708 -0.081626
v 0.103945 0.359348 -0.071165
v 0.093069 0.355631 -0.110067
v 0.059478 0.353251 -0.125726
v 0.020136 0.355927 -0.086476
v 0.020315 0.355751 -0.086472
v 0.020305 0.351302 -0.108886
v 0.020124 0.351537 -0.108925
v 0.015001 0.357006 -0.080058
v 0.015000 0.357253 -0.080273
v 0.098883 0.366337 0.046024
v 0.027824 0.369783 0.043114
v 0.101511 0.349981 0.053993
v 0.096616 0.359630 -0.089658
v 0.083719 0.354631 -0.117945
v 0.070761 0.352491 -0.123377
v 0.020884 0.352707 -0.128677
v 0.020751 0.350361 -0.126401
v 0.020020 0.352019 -0.127667
v 0.021037 0.352092 -0.128775
v 0.036975 0.352416 -0.128039
v 0.033935 0.352227 -0.128219
v 0.092122 0.354928 -0.110855
v 0.035902 0.351266 -0.129133
v 0.028191 0.375025 0.039764
v 0.026987 0.370838 -0.035359
v 0.107521 0.368485 0.045081
v 0.106098 0.369068 -0.018833
v 0.028062 0.366495 -0.032343
v 0.021023 0.356400 -0.118204
v 0.019516 0.356066 -0.082454
v 0.020727 0.358299 -0.111200
v 0.020019 0.353888 -0.122978
v 0.020071 0.352713 -0.115952
v 0.015307 0.385917 -0.098170
v 0.014545 0.315721 -0.071805
v -0.007064 0.286136 -0.061110
v -0.017114 0.327078 -0.098067
v -0.017172 0.378421 -0.121790
v 0.028603 0.383774 -0.123508
v 0.033193 0.413991 -0.118463
v -0.051419 0.291088 -0.084766
v 0.051416 0.291087 -0.084837
v 0.043260 0.285232 -0.060782
v -0.043289 0.285141 -0.060644
v 0.026181 0.403021 -0.090730
v -0.027127 0.411876 -0.102250
v -0.096951 0.413877 -0.080187
v -0.034374 0.388256 -0.098115
v 0.043150 0.308084 -0.068541
v 0.082498 0.415036 -0.102570
v 0.079892 0.386310 -0.098645
v 0.044456 0.300066 -0.025180
v 0.057425 0.292426 -0.041341
v -0.055864 0.303627 -0.036574
v -0.056899 0.293865 -0.044836
v -0.057425 0.292426 -0.041341
v -0.044432 0.299891 -0.024847
v -0.019213 0.322561 -0.100693
v -0.051912 0.305672 -0.092492
v -0.076647 0.318306 -0.092338
v -0.085610 0.295675 -0.047419
v 0.112227 0.390289 -0.128837
v 0.112337 0.387569 -0.085757
v 0.017324 0.394613 -0.091911
v 0.034637 0.388257 -0.098073
v 0.090858 0.393787 -0.070459
v -0.112242 0.389780 -0.076577
v -0.112192 0.390394 -0.129220
v -0.112380 0.415695 -0.092221
v -0.102000 0.415365 -0.101497
v -0.103176 0.385416 -0.099361
v 0.017179 0.378417 -0.121749
v 0.016053 0.325920 -0.098705
v 0.112304 0.413794 -0.110837
v 0.102041 0.415347 -0.101598
v 0.085637 0.295662 -0.047297
v 0.085766 0.298263 -0.061999
v 0.076647 0.318306 -0.092338
v 0.051912 0.305672 -0.092492
v 0.017246 0.324461 -0.101707
v -0.031147 0.309578 -0.071025
v -0.042254 0.309058 -0.070778
v -0.010659 0.316341 -0.072289
v -0.014466 0.383551 -0.098245
v -0.024270 0.393885 -0.090839
v -0.083099 0.301998 -0.079110
v 0.057172 0.263156 -0.025205
v 0.044399 0.263366 -0.025048
v 0.044764 0.280985 -0.045299
v 0.044421 0.285352 -0.015310
v 0.056183 0.286303 -0.014719
v -0.085750 0.298249 -0.061998
v -0.080180 0.415399 -0.103253
v -0.000656 0.388765 -0.126105
v -0.028622 0.383767 -0.123624
v -0.024667 0.413561 -0.119928
v -0.044500 0.268212 -0.014051
v -0.056482 0.268131 -0.013869
v -0.044430 0.263320 -0.025156
v -0.043588 0.276468 -0.018570
v -0.043505 0.280146 -0.025503
v -0.043443 0.267485 -0.021916
v -0.043542 0.271245 -0.029065
v -0.056076 0.289796 -0.015925
v 0.015528 0.318048 -0.078252
v 0.014753 0.320596 -0.087533
v 0.113296 0.400211 -0.115102
v -0.113296 0.400211 -0.115102
v -0.014753 0.320596 -0.087533
v -0.015529 0.318048 -0.078251
v -0.055151 0.281970 -0.046432
v 0.055147 0.282017 -0.046592
v 0.083141 0.301993 -0.079066
v 0.055187 0.302488 -0.083213
v 0.043506 0.280146 -0.025502
v 0.043590 0.276468 -0.018569
v 0.043542 0.271245 -0.029065
v 0.043444 0.267484 -0.021915
v 0.055750 0.303943 -0.036173
v 0.042067 0.309201 -0.071029
v 0.079670 0.319138 -0.088690
v 0.052828 0.321646 -0.097891
v 0.031145 0.309579 -0.071024
v -0.044765 0.281016 -0.045345
v 0.113168 0.393263 -0.122097
v 0.102886 0.397065 -0.126936
v 0.102754 0.396247 -0.114803
v 0.104174 0.392713 -0.130216
v 0.104117 0.404941 -0.130714
v 0.112425 0.404752 -0.130667
v -0.104107 0.404951 -0.130685
v -0.102888 0.397068 -0.126934
v -0.102754 0.396247 -0.114803
v -0.104400 0.392825 -0.130408
v 0.057767 0.277882 -0.028383
v -0.057812 0.264956 -0.024655
v -0.057764 0.277880 -0.028384
v -0.057821 0.269312 -0.019700
v -0.044397 0.285369 -0.014992
v -0.112322 0.406681 -0.129597
v -0.102939 0.405184 -0.121357
v 0.102939 0.405184 -0.121357
v -0.084828 0.311067 -0.077375
v -0.085061 0.316380 -0.079818
v -0.045000 0.303567 -0.036660
v 0.048387 0.304441 -0.091636
v 0.053629 0.289731 -0.077018
v -0.025952 0.388278 -0.099436
v -0.054092 0.299126 -0.081492
v -0.053629 0.289731 -0.077018
v 0.056793 0.293554 -0.047749
v 0.057634 0.269457 -0.017519
v -0.111757 0.400739 -0.070227
v -0.090589 0.386795 -0.094498
v 0.102055 0.385933 -0.096504
v 0.085061 0.316380 -0.079818
v 0.084758 0.311014 -0.077512
v 0.044564 0.268287 -0.013896
v 0.027645 0.315654 -0.080704
v 0.041924 0.309357 -0.071089
v -0.048387 0.304441 -0.091636
v 0.044178 0.283816 -0.033264
v 0.044265 0.283820 -0.033263
v -0.113168 0.393263 -0.122097
v 0.086747 0.307733 -0.064318
v 0.091930 0.413835 -0.081198
v -0.085998 0.304659 -0.048597
v -0.084306 0.303217 -0.037188
v -0.021958 0.403848 -0.092430
v 0.084782 0.303247 -0.037385
v 0.086423 0.307380 -0.064175
v 0.086572 0.304717 -0.048049
v -0.086600 0.307428 -0.064211
v -0.039603 0.312462 -0.078856
v -0.057737 0.278573 -0.020555
v 0.057728 0.278575 -0.020560
v 0.057754 0.267706 -0.024328
v -0.017394 0.324652 -0.101978
v -0.052828 0.321646 -0.097891
v 0.025904 0.317550 -0.077936
v 0.056538 0.314049 -0.081481
v 0.099678 0.401866 -0.067844
v -0.092052 0.393239 -0.070452
v -0.098424 0.405576 -0.070150
v -0.079670 0.319138 -0.088690
v 0.113222 0.403911 -0.124366
v -0.113222 0.403911 -0.124366
v -0.022830 0.316865 -0.072873
v -0.027115 0.316833 -0.078567
v 0.021373 0.411701 -0.103497
v -0.044178 0.283816 -0.033264
v 0.057400 0.292440 -0.041370
v 0.112472 0.412553 -0.080648
v -0.044265 0.283820 -0.033263
v 0.112231 0.393431 -0.072431
v -0.048513 0.304342 -0.091797
v 0.048513 0.304342 -0.091797
v -0.017345 0.314693 -0.071657
v -0.086423 0.307380 -0.064175
v 0.025965 0.388210 -0.099428
v 0.025969 0.388202 -0.099467
v -0.025969 0.388202 -0.099467
v 0.022910 0.312597 -0.071434
v -0.022910 0.312597 -0.071434
v -0.043787 0.309387 -0.068598
v 0.053623 0.289736 -0.077043
v -0.053623 0.289736 -0.077043
v -0.015472 0.320313 -0.094392
v 0.015472 0.320313 -0.094392
v -0.083250 0.304839 -0.046238
vn 0.0219 0.2619 0.9648
vn -0.0167 0.7800 0.6255
vn 0.0215 0.9666 0.2555
vn -0.0122 0.7123 -0.7018
vn -0.0283 0.7850 -0.6188
vn 0.0181 0.1356 -0.9906
vn -0.0086 -0.6204 -0.7842
vn 0.0056 -0.7094 -0.7047
vn 0.0053 -0.9657 0.2597
vn -0.0089 -0.9897 0.1429
vn 0.0146 -0.6129 0.7901
vn -0.0101 -0.2579 0.9661
vn 0.7672 0.2239 0.6011
vn 0.8622 0.3810 0.3338
vn 0.7640 0.6078 0.2163
vn 0.7661 0.6023 -0.2244
vn 0.8714 0.3494 -0.3443
vn 0.7640 0.2163 -0.6078
vn 0.7661 -0.2244 -0.6023
vn 0.8624 -0.3308 -0.3831
vn 0.7685 -0.6029 -0.2144
vn 0.8230 -0.5328 0.1967
vn 0.7821 -0.6018 0.1618
vn 0.8001 -0.2001 0.5654
vn 0.8234 -0.1464 0.5482
vn -0.0342 0.3404 0.9397
vn -0.0276 0.3619 0.9318
vn -0.0338 0.9622 0.2701
vn -0.0648 0.9352 0.3480
vn -0.0006 0.9323 -0.3617
vn -0.0642 0.7782 -0.6248
vn 0.0061 0.1681 -0.9857
vn -0.0648 0.3480 -0.9352
vn -0.0006 -0.3617 -0.9323
vn -0.0642 -0.6248 -0.7782
vn 0.0061 -0.9857 -0.1681
vn -0.0648 -0.9352 -0.3480
vn -0.0006 -0.9323 0.3617
vn -0.0552 -0.8057 0.5898
vn -0.0559 -0.3533 0.9339
vn -0.0542 -0.3481 0.9359
vn -0.9511 0.1032 0.2911
vn -0.9451 -0.0700 0.3192
vn -0.9121 0.2500 0.3249
vn -0.8000 0.5777 0.1622
vn -0.7986 0.4632 -0.3843
vn -0.8774 0.0919 -0.4708
vn -0.8620 0.1266 -0.4909
vn -0.8509 -0.3370 -0.4031
vn -0.8675 -0.4883 -0.0948
vn -0.8965 -0.4415 0.0383
vn -0.9994 -0.0343 0.0110
vn -1.0000 0.0022 0.0046
vn -0.1674 0.3057 0.9373
vn -0.1181 -0.9841 -0.1328
vn -0.0643 -0.9912 -0.1156
vn -1.0000 0.0026 0.0074
vn -0.9997 0.0201 -0.0168
vn -0.9988 -0.0416 0.0267
vn -0.0798 -0.6636 0.7439
vn 0.1798 0.9074 -0.3798
vn -0.1337 0.7880 -0.6010
vn -0.1864 0.9565 0.2243
vn 0.0155 -0.4814 0.8764
vn 0.0032 -0.4701 0.8826
vn 0.0466 -0.0178 -0.9988
vn 0.0237 -0.0056 -0.9997
vn -0.0396 0.0784 0.9961
vn 0.0401 -0.0248 0.9989
vn 0.0572 -0.0885 -0.9944
vn -0.4654 -0.4210 0.7786
vn 0.0499 -0.1154 -0.9921
vn -0.0053 0.3675 -0.9300
vn -0.0019 0.3706 -0.9288
vn -0.7399 0.1642 -0.6523
vn -0.9079 0.2913 0.3014
vn 0.9996 -0.0148 0.0230
vn 1.0000 0.0007 0.0092
vn 0.0679 0.1270 0.9896
vn 0.1363 -0.9726 -0.1882
vn 1.0000 -0.0018 0.0055
vn 0.9995 0.0297 0.0087
vn 0.9988 -0.0442 0.0213
vn 0.0799 -0.7366 0.6716
vn 0.9558 -0.2579 0.1414
vn 0.1595 0.8171 0.5540
vn 0.9046 0.2615 0.3367
vn -0.1181 -0.9841 -0.1329
vn 0.9396 0.0243 0.3415
vn 0.1664 0.1298 0.9775
vn 0.2830 -0.0098 0.9591
vn 0.9678 -0.2344 -0.0914
vn 0.7797 -0.5693 0.2607
vn 0.7497 0.5037 0.4292
vn -0.7496 -0.5059 -0.4268
vn 0.8046 0.4516 0.3855
vn -0.9998 0.0174 0.0008
vn -0.9825 0.0034 0.1860
vn -0.5850 0.4398 0.6814
vn -0.4417 0.4624 0.7688
vn 0.0080 0.7599 0.6500
vn 0.0027 0.7865 0.6176
vn 0.0593 0.6839 0.7271
vn 0.3066 0.9439 0.1231
vn -0.1194 0.9313 0.3441
vn 0.0699 0.9861 0.1505
vn 0.3536 0.9349 -0.0306
vn 0.1053 0.9939 -0.0323
vn -0.0671 0.9817 -0.1782
vn -0.0598 0.9826 -0.1760
vn 0.1052 -0.8853 0.4530
vn 0.2985 0.9525 -0.0600
vn 0.4072 0.9124 -0.0411
vn 0.2747 0.9397 -0.2038
vn 0.5860 0.8055 -0.0882
vn 0.5821 0.8072 -0.0982
vn 0.7316 0.6813 -0.0244
vn 0.7352 0.6771 -0.0317
vn 0.7157 0.6979 -0.0273
vn 0.7057 0.7084 0.0105
vn 0.7003 0.7138 0.0041
vn 0.7495 0.6180 0.2374
vn 0.5899 0.7533 0.2908
vn 0.5494 0.6909 0.4699
vn 0.2784 0.7681 0.5766
vn 0.2760 0.7606 0.5876
vn -0.3010 -0.7584 -0.5781
vn 0.5955 -0.8024 -0.0395
vn 0.3490 0.4766 -0.8069
vn 0.4161 0.1930 -0.8886
vn 0.7891 0.5003 -0.3564
vn 0.6998 -0.1544 -0.6975
vn 0.9918 -0.0179 -0.1266
vn -0.2761 0.1815 -0.9438
vn -0.6974 0.1451 -0.7018
vn 0.6428 -0.4102 0.6470
vn 0.0822 -0.7970 -0.5983
vn 0.3242 -0.4285 -0.8434
vn 0.3404 -0.7846 -0.5182
vn -0.8672 0.4152 -0.2749
vn 0.7036 -0.7094 -0.0407
vn 0.0487 -0.9657 -0.2551
vn 0.1575 -0.9875 -0.0037
vn 0.9502 -0.1557 0.2701
vn -0.2394 -0.9466 -0.2160
vn -0.1664 -0.9622 0.2157
vn -0.7782 -0.6273 -0.0301
vn -0.6641 -0.7464 0.0429
vn -0.2268 -0.9707 -0.0797
vn 0.8764 0.4804 -0.0324
vn 0.8392 0.5435 0.0191
vn 0.6998 0.7140 -0.0231
vn 0.8480 0.5067 -0.1553
vn 0.8064 0.5821 0.1044
vn 0.7234 0.6785 -0.1277
vn 0.6967 0.7174 -0.0036
vn 0.3691 0.9277 0.0550
vn 0.3914 0.9202 -0.0097
vn 0.1139 0.9931 0.0274
vn 0.1583 0.9549 0.2510
vn 0.1142 0.9822 -0.1492
vn 0.3615 0.9324 0.0073
vn 0.2486 -0.1588 0.9555
vn 0.0700 0.7166 -0.6939
vn 0.1409 -0.2291 0.9631
vn 0.1744 0.3733 -0.9112
vn -0.2255 -0.4648 0.8562
vn 0.0701 0.8560 -0.5122
vn -0.5624 0.8251 0.0531
vn 0.6609 0.7482 0.0584
vn -0.1533 0.9643 0.2159
vn -0.1842 0.9167 0.3545
vn -0.6601 0.6535 0.3704
vn -0.5684 0.4233 0.7055
vn -0.3341 0.2278 0.9146
vn -0.2716 -0.0616 0.9604
vn -0.0211 0.7010 0.7129
vn -0.0764 0.6725 0.7361
vn -0.0183 0.8457 0.5333
vn -0.2592 0.7585 0.5979
vn -0.0810 0.8417 0.5338
vn 0.2039 0.9363 0.2858
vn 0.2499 0.9171 0.3106
vn 0.7169 0.6969 0.0191
vn -0.6888 0.6734 -0.2684
vn -0.9012 0.1206 -0.4163
vn -0.3945 0.9175 0.0505
vn -0.6470 0.7596 0.0661
vn -0.7366 0.6559 0.1649
vn -0.7764 0.1218 0.6184
vn -0.4727 0.0707 0.8784
vn -0.8096 0.5483 -0.2095
vn -0.9011 -0.4258 0.0824
vn -0.7090 -0.7041 0.0395
vn -0.3606 -0.8699 -0.3366
vn -0.1112 -0.4740 -0.8735
vn -0.2885 -0.6269 -0.7237
vn -0.5062 -0.2920 -0.8115
vn 0.2759 -0.0734 0.9584
vn -0.6463 -0.7525 0.1269
vn -0.6602 -0.7458 0.0888
vn -0.3850 -0.9193 -0.0812
vn -0.2950 -0.4387 -0.8488
vn -0.5181 -0.3986 -0.7568
vn -0.6557 -0.4498 -0.6064
vn -0.7176 -0.3238 -0.6166
vn -0.7648 -0.5463 -0.3416
vn -0.6946 -0.6607 -0.2847
vn -0.5541 -0.7737 -0.3072
vn -0.2917 -0.5408 -0.7889
vn -0.3050 -0.5060 -0.8068
vn -0.5318 -0.3655 -0.7640
vn -0.7113 -0.5015 -0.4925
vn -0.7047 -0.5832 -0.4040
vn -0.6514 -0.7457 -0.1402
vn -0.4483 -0.8915 0.0655
vn 0.1465 -0.9806 0.1302
vn -0.9285 -0.3675 0.0538
vn -0.9780 0.0908 0.1879
vn 0.9867 0.1485 -0.0656
vn -0.9963 -0.0580 0.0639
vn -0.9903 -0.1307 0.0471
vn 0.0943 -0.9330 -0.3472
vn -0.2683 -0.9245 -0.2708
vn -0.2781 -0.9564 -0.0893
vn -0.1647 -0.9606 -0.2238
vn -0.2046 -0.9104 -0.3597
vn -0.2126 -0.9038 -0.3714
vn 0.0920 0.6626 0.7433
vn 0.1458 -0.7379 -0.6589
vn -0.1101 -0.8327 -0.5426
vn -0.2299 0.8450 0.4828
vn -0.3004 -0.8854 -0.3548
vn 0.0637 -0.8080 -0.5857
vn 0.0387 -0.8772 -0.4786
vn -0.3416 -0.9145 -0.2168
vn 0.1249 -0.8706 -0.4759
vn -0.7731 -0.6342 -0.0092
vn -0.8220 -0.5684 -0.0347
vn -0.8994 -0.4356 0.0363
vn -0.9220 -0.3870 0.0152
vn -0.9308 -0.2142 0.2962
vn -0.3721 -0.9217 -0.1092
vn -0.6251 -0.7789 -0.0502
vn 0.0810 -0.9720 -0.2206
vn 0.0495 -0.9561 -0.2887
vn 0.0727 -0.9854 0.1538
vn -0.7738 -0.6289 0.0751
vn -0.7542 -0.6563 0.0206
vn -0.8840 -0.4658 0.0394
vn -0.8541 -0.5057 0.1217
vn 0.3761 0.9264 -0.0187
vn 0.5968 0.7963 -0.0991
vn 0.4000 0.9165 0.0094
vn 0.3241 0.8387 -0.4377
vn 0.0419 0.9990 0.0181
vn 0.0400 0.9961 0.0790
vn 0.0435 -0.4930 0.8689
vn 0.0424 -0.2804 0.9589
vn -0.0244 -0.9487 -0.3152
vn -0.0738 -0.8928 -0.4444
vn -0.0828 -0.1507 -0.9851
vn -0.0607 -0.2750 -0.9595
vn -0.0773 -0.8229 -0.5629
vn -0.0341 -0.9592 -0.2808
vn -0.0762 -0.9405 -0.3312
vn 0.0307 0.9681 -0.2486
vn 0.0637 0.7861 0.6148
vn 0.0350 0.7333 0.6790
vn -0.0392 -0.2959 -0.9544
vn 0.1784 0.6675 0.7229
vn -0.1346 -0.9574 -0.2556
vn -0.0948 -0.9615 -0.2580
vn -0.1313 -0.7908 -0.5978
vn 0.1946 0.0009 0.9809
vn -0.0195 -0.9386 0.3444
vn -0.0138 -0.9294 0.3689
vn 0.0013 -0.4154 -0.9096
vn -0.0425 -0.9921 0.1181
vn -0.0016 0.3218 0.9468
vn -0.0185 0.2316 0.9726
vn -0.0069 0.9732 -0.2297
vn 0.0132 0.1841 -0.9828
vn 0.0206 0.2547 -0.9668
vn -0.0072 0.6638 0.7479
vn 0.0174 0.9980 0.0609
vn 0.0667 0.9891 0.1309
vn -0.0109 -0.9954 -0.0954
vn -0.0136 -0.9947 -0.1021
vn 0.2149 0.3126 -0.9253
vn 0.2073 0.4264 -0.8804
vn 0.0374 -0.7740 -0.6321
vn 0.0884 0.9959 -0.0216
vn -0.0795 0.2578 0.9629
vn -0.0291 0.5592 0.8285
vn 0.0757 -0.2642 -0.9615
vn 0.1060 -0.5185 -0.8485
vn -0.1135 -0.9870 -0.1142
vn -0.1145 -0.9928 -0.0343
vn -0.0140 -0.7832 -0.6216
vn -0.0767 0.1877 0.9792
vn 0.1266 0.9910 0.0435
vn 0.1106 0.9831 0.1458
vn -0.1602 -0.9863 -0.0405
vn -0.0592 -0.9916 -0.1151
vn -0.1640 -0.9855 0.0432
vn 0.3904 0.6383 0.6634
vn 0.3502 0.6024 0.7173
vn 0.8417 0.2697 0.4678
vn 0.0395 0.4656 0.8841
vn 0.3956 0.3988 0.8273
vn -0.2501 -0.5960 -0.7631
vn 0.0710 -0.9927 0.0972
vn 0.9787 -0.1945 -0.0651
vn 0.9938 0.0204 0.1095
vn -0.9879 -0.1441 -0.0570
vn -0.9854 -0.1497 -0.0810
vn -0.8695 -0.4859 0.0887
vn -0.2474 -0.6458 -0.7223
vn 0.7989 -0.5818 -0.1529
vn 0.9735 -0.1615 -0.1619
vn 0.9996 0.0275 0.0109
vn -0.9625 -0.2407 -0.1251
vn -0.9950 -0.0980 0.0184
vn -0.8926 -0.0712 -0.4452
vn -0.2870 -0.7156 0.6368
vn -0.0920 -0.9504 -0.2972
vn 0.0495 -0.9844 -0.1691
vn -1.0000 0.0046 0.0077
vn -0.9998 -0.0003 0.0199
vn -0.9997 -0.0182 -0.0173
vn -0.1455 -0.2762 -0.9500
vn -0.8621 -0.4547 -0.2238
vn -0.8464 -0.5212 -0.1092
vn -0.7780 -0.6243 0.0711
vn -0.0349 0.2013 -0.9789
vn 0.7342 0.4137 -0.5383
vn -0.9677 -0.2512 0.0223
vn 0.1330 -0.9854 0.1062
vn 0.9067 0.4125 -0.0879
vn -0.9216 -0.2872 -0.2611
vn -0.2149 0.8753 -0.4332
vn -0.2777 -0.9030 -0.3280
vn -0.1734 -0.9582 -0.2274
vn -0.3840 -0.9194 -0.0846
vn -0.7747 -0.6021 -0.1932
vn -0.5436 -0.8340 -0.0949
vn -0.6774 -0.7350 0.0306
vn 0.3249 -0.0628 0.9437
vn 0.3563 -0.0835 0.9306
vn -0.3595 0.0210 -0.9329
vn -0.0192 -0.9591 -0.2825
vn -0.1812 -0.9250 -0.3340
vn -0.1623 -0.9554 -0.2466
vn 0.2467 -0.6577 0.7118
vn 0.9089 -0.4164 0.0224
vn 0.0317 0.7701 0.6372
vn 0.0331 0.8063 0.5906
vn 0.0146 0.8466 0.5321
vn 0.1242 0.8575 0.4992
vn 0.2407 0.6621 0.7097
vn 0.2950 0.9404 0.1690
vn 0.3580 0.4836 0.7987
vn 0.5345 0.7825 0.3194
vn 0.6993 0.6298 0.3380
vn 0.6427 0.7452 0.1777
vn 0.7395 0.6681 0.0822
vn 0.6363 0.7714 -0.0083
vn 0.7441 0.6663 -0.0478
vn 0.7738 0.6329 -0.0255
vn 0.6979 0.7152 -0.0386
vn 0.7231 0.6903 -0.0251
vn 0.6873 0.7259 0.0250
vn 0.6564 0.7542 0.0175
vn 0.6263 0.7793 -0.0225
vn 0.4555 0.8728 0.1755
vn 0.3110 0.9381 0.1528
vn 0.3101 0.9245 0.2216
vn 0.0865 0.9436 0.3195
vn 0.1228 0.9387 0.3222
vn 0.1288 0.8874 0.4426
vn -0.8673 -0.4962 0.0404
vn -0.2188 -0.9758 0.0043
vn 0.0040 -0.9997 0.0229
vn -0.8505 -0.5228 0.0577
vn -0.4917 -0.8694 -0.0479
vn -0.1077 -0.9859 -0.1280
vn -0.5091 -0.8592 -0.0507
vn -0.8007 -0.5984 0.0268
vn -0.2321 -0.0236 -0.9724
vn -0.7738 0.6329 -0.0255
vn -0.6979 0.7152 -0.0386
vn 0.2188 -0.9758 0.0043
vn -0.0040 -0.9997 0.0229
vn 0.7542 -0.6563 0.0206
vn 0.8840 -0.4658 0.0394
vn 0.8673 -0.4962 0.0404
vn -0.5955 -0.8024 -0.0395
vn -0.7036 -0.7094 -0.0407
vn -0.1575 -0.9875 -0.0037
vn -0.8392 0.5435 0.0191
vn 0.8994 -0.4356 0.0363
vn 0.9220 -0.3870 0.0152
vn -0.3536 0.9349 -0.0306
vn -0.1053 0.9939 -0.0323
vn -0.7352 0.6771 -0.0317
vn -0.7157 0.6979 -0.0273
vn 0.3721 -0.9217 -0.1092
vn 0.6251 -0.7789 -0.0502
vn 0.9903 -0.1307 0.0471
vn -0.6609 0.7482 0.0584
vn -0.0890 0.7992 0.5944
vn -0.0393 0.9678 -0.2485
vn 0.0313 -0.9485 -0.3152
vn 0.2357 -0.0594 -0.9700
vn -0.2627 -0.1158 0.9579
vn -0.2644 0.9580 0.1114
vn -0.3487 0.4687 0.8116
vn -0.2511 0.6521 0.7153
vn -0.1465 -0.9806 0.1302
vn 0.6514 -0.7457 -0.1402
vn 0.4483 -0.8915 0.0655
vn -0.7057 0.7084 0.0105
vn -0.7003 0.7138 0.0041
vn -0.5494 0.6909 0.4699
vn 0.6946 -0.6607 -0.2847
vn -0.5899 0.7533 0.2908
vn 0.0303 0.5801 -0.8140
vn -0.0593 0.9862 0.1545
vn -0.0601 0.9974 0.0392
vn -0.2759 -0.0734 0.9584
vn 0.5181 -0.3986 -0.7568
vn 0.6557 -0.4498 -0.6064
vn 0.7176 -0.3238 -0.6166
vn -0.7495 0.6180 0.2374
vn -0.1330 -0.9854 0.1062
vn 0.8464 -0.5212 -0.1092
vn 0.7747 -0.6021 -0.1932
vn 0.6974 0.1451 -0.7018
vn 0.1664 -0.9622 0.2157
vn 0.5436 -0.8340 -0.0949
vn 0.6774 -0.7350 0.0306
vn 0.5318 -0.3655 -0.7640
vn 0.7113 -0.5015 -0.4925
vn 0.7047 -0.5832 -0.4040
vn 0.5541 -0.7737 -0.3072
vn 0.2500 -0.5965 -0.7627
vn 0.9872 -0.1485 -0.0583
vn 0.9849 -0.1535 -0.0796
vn -0.9793 -0.1916 -0.0653
vn -0.9933 0.0270 0.1121
vn 0.2476 -0.6463 -0.7218
vn -0.3510 0.6032 0.7162
vn -0.8423 0.2721 0.4653
vn -0.9739 -0.1585 -0.1624
vn -0.9994 0.0324 0.0120
vn -0.0397 0.4657 0.8840
vn -0.3955 0.4002 0.8267
vn 0.9619 -0.2432 -0.1246
vn 0.9946 -0.1028 0.0167
vn 0.8690 -0.4868 0.0889
vn -0.0708 -0.9927 0.0971
vn -0.0984 0.7689 0.6317
vn 0.1191 -0.6536 -0.7474
vn 0.0771 -0.9092 -0.4091
vn 0.0996 -0.9681 -0.2300
vn -0.7989 -0.5817 -0.1528
vn 0.0192 -0.9591 -0.2825
vn 0.1812 -0.9250 -0.3340
vn 0.1089 -0.2712 -0.9564
vn 0.0686 -0.1133 -0.9912
vn -0.7525 -0.6172 0.2297
vn -0.3902 0.6384 0.6634
vn -0.8963 -0.4434 -0.0041
vn -0.3794 0.2455 0.8920
vn 0.1579 -0.9668 -0.2009
vn -0.3563 -0.0838 0.9306
vn 0.2917 -0.5408 -0.7889
vn 0.2761 0.1815 -0.9438
vn 0.3050 -0.5060 -0.8068
vn 0.2777 -0.9030 -0.3280
vn 0.1734 -0.9582 -0.2274
vn 0.3840 -0.9194 -0.0846
vn 0.3595 0.0210 -0.9329
vn 0.2394 -0.9466 -0.2160
vn 0.3137 -0.7222 -0.6164
vn -0.2784 0.7681 0.5766
vn -0.2727 0.7497 0.6030
vn 0.1443 -0.9882 -0.0506
vn 0.2951 -0.4388 -0.8488
vn -0.1068 0.7550 0.6470
vn -0.0976 0.7739 0.6258
vn -0.1501 0.0035 0.9887
vn 0.0315 -0.9681 0.2486
vn 0.0009 -0.8858 0.4641
vn 0.0378 -0.9985 0.0384
vn 0.0844 -0.7539 -0.6515
vn 0.0985 -0.8332 -0.5441
vn -0.0388 -0.4784 0.8773
vn -0.0392 -0.5759 0.8166
vn -0.6428 -0.4102 0.6470
vn 0.8672 0.4152 -0.2749
vn -0.9502 -0.1557 0.2701
vn 0.7782 -0.6273 -0.0301
vn 0.6641 -0.7464 0.0429
vn -0.6993 0.6298 0.3380
vn -0.6967 0.7174 -0.0036
vn -0.3691 0.9277 0.0550
vn -0.0701 0.8560 -0.5122
vn 0.6463 -0.7525 0.1269
vn 0.6602 -0.7458 0.0888
vn 0.7648 -0.5463 -0.3416
vn 0.6888 0.6734 -0.2684
vn 0.5062 -0.2920 -0.8115
vn -0.1142 0.9822 -0.1492
vn 0.9012 0.1206 -0.4163
vn 0.7090 -0.7041 0.0395
vn 0.3850 -0.9193 -0.0812
vn -0.3914 0.9202 -0.0097
vn 0.2255 -0.4648 0.8562
vn 0.3606 -0.8699 -0.3366
vn 0.1112 -0.4740 -0.8735
vn -0.1744 0.3733 -0.9112
vn 0.2885 -0.6269 -0.7237
vn -0.1409 -0.2291 0.9631
vn -0.3615 0.9324 0.0073
vn -0.0700 0.7166 -0.6939
vn -0.5345 0.7825 0.3194
vn -0.1052 -0.8853 0.4530
vn -0.1190 0.9921 0.0405
vn -0.1557 0.9630 0.2200
vn 0.9997 -0.0182 -0.0173
vn -0.8480 0.5067 -0.1553
vn -0.8064 0.5821 0.1044
vn -0.7234 0.6785 -0.1277
vn 0.8926 -0.0712 -0.4452
vn 0.1455 -0.2762 -0.9500
vn 0.8621 -0.4547 -0.2238
vn 0.9308 -0.2142 0.2962
vn 0.9677 -0.2512 0.0223
vn -0.8764 0.4804 -0.0324
vn 1.0000 0.0046 0.0077
vn 0.9998 -0.0003 0.0199
vn 0.0349 0.2013 -0.9789
vn -0.7342 0.4137 -0.5383
vn -0.6363 0.7714 -0.0083
vn 0.0920 -0.9504 -0.2972
vn -0.0495 -0.9844 -0.1691
vn -0.7395 0.6681 0.0822
vn -0.6427 0.7452 0.1777
vn 0.9216 -0.2872 -0.2611
vn 0.2149 0.8753 -0.4332
vn 0.0671 0.9817 -0.1782
vn 0.0598 0.9826 -0.1760
vn -0.9067 0.4125 -0.0879
vn 0.2870 -0.7156 0.6368
vn -0.7441 0.6663 -0.0478
vn 0.7780 -0.6243 0.0711
vn -0.0727 -0.9854 0.1538
vn 0.7738 -0.6289 0.0751
vn 0.8096 0.5483 -0.2095
vn 0.9011 -0.4258 0.0824
vn 0.3944 0.9175 0.0505
vn 0.6470 0.7596 0.0661
vn 0.5624 0.8251 0.0531
vn 0.4917 -0.8694 -0.0479
vn 0.8505 -0.5228 0.0577
vn 0.9285 -0.3675 0.0538
vn -0.0387 -0.8772 -0.4786
vn -0.1249 -0.8706 -0.4759
vn 0.7731 -0.6342 -0.0092
vn -0.5821 0.8072 -0.0982
vn -0.7316 0.6813 -0.0244
vn 0.2592 0.7585 0.5979
vn 0.0810 0.8417 0.5338
vn -0.0810 -0.9720 -0.2206
vn -0.0495 -0.9562 -0.2887
vn -0.1435 0.2083 -0.9675
vn -0.1446 0.1519 -0.9778
vn -0.3939 0.9177 -0.0507
vn 0.4006 -0.8486 0.3455
vn -0.4336 0.9010 -0.0149
vn -0.2942 0.9547 -0.0440
vn -0.3943 0.9188 -0.0187
vn -0.2610 0.9427 -0.2080
vn -0.5860 0.8055 -0.0882
vn 0.8541 -0.5057 0.1217
vn -0.7891 0.5003 -0.3564
vn -0.6998 -0.1544 -0.6975
vn -0.3202 -0.8024 -0.5037
vn 0.8007 -0.5984 0.0268
vn 0.1077 -0.9859 -0.1280
vn -0.6042 0.7910 -0.0969
vn -0.0487 -0.9657 -0.2551
vn -0.9918 -0.0179 -0.1266
vn -0.4289 0.2026 -0.8803
vn -0.8887 -0.3359 0.3120
vn -0.1028 -0.7585 -0.6435
vn -0.3543 -0.2881 -0.8897
vn 0.1890 -0.9759 0.1090
vn -0.3449 0.5419 -0.7664
vn 0.2126 -0.9038 -0.3714
vn -0.1228 0.9387 0.3222
vn -0.1458 -0.7379 -0.6589
vn 0.1101 -0.8327 -0.5426
vn -0.3066 0.9439 0.1231
vn 0.0763 0.6045 0.7929
vn 0.0996 0.5826 0.8066
vn 0.2299 0.8450 0.4828
vn 0.0183 0.8457 0.5333
vn 0.2683 -0.9245 -0.2708
vn 0.3004 -0.8854 -0.3548
vn -0.0637 -0.8080 -0.5857
vn 0.4727 0.0707 0.8784
vn 0.2606 0.3012 0.9173
vn -0.3110 0.9381 0.1528
vn -0.3101 0.9245 0.2216
vn -0.0865 0.9436 0.3195
vn 0.5684 0.4233 0.7055
vn 0.7764 0.1218 0.6184
vn 0.5091 -0.8592 -0.0507
vn 0.1194 0.9313 0.3441
vn 0.2590 -0.9544 -0.1485
vn 0.1795 -0.9450 -0.2733
vn 0.2046 -0.9104 -0.3597
vn -0.0241 0.7562 0.6539
vn -0.0260 0.8133 0.5813
vn -0.0431 -0.1387 -0.9894
vn -0.0442 -0.2448 -0.9686
vn 0.0782 -0.9925 -0.0937
vn 0.0900 -0.9935 -0.0695
vn -0.1206 -0.5057 -0.8542
vn -0.0888 0.6640 0.7425
vn 0.0342 0.3166 0.9479
vn 0.0203 0.5295 0.8481
vn 0.2950 -0.4989 0.8149
vn 0.0023 -0.7389 -0.6739
vn 0.0855 -0.9958 0.0314
vn 0.0819 -0.9811 -0.1755
vn 0.1254 -0.2676 0.9553
vn -0.0109 0.8401 0.5423
vn -0.0607 0.9443 0.3235
vn -0.1219 0.9866 -0.1081
vn -0.0567 0.9904 0.1259
vn -0.1253 0.9919 -0.0210
vn 0.1085 -0.9485 0.2977
vn -0.1288 0.8876 0.4422
vn 0.2321 -0.9695 -0.0783
vn 0.1820 -0.9830 0.0235
vn -0.4555 0.8728 0.1755
vn -0.2039 0.9363 0.2858
vn -0.6998 0.7140 -0.0231
vn 0.7366 0.6559 0.1649
vn 0.9963 -0.0580 0.0639
vn -0.7231 0.6903 -0.0251
vn 0.1842 0.9167 0.3545
vn 0.6601 0.6535 0.3704
vn 0.9780 0.0908 0.1879
vn -0.0944 -0.9330 -0.3472
vn -0.9867 0.1485 -0.0656
vn -0.6873 0.7259 0.0250
vn -0.6564 0.7542 0.0175
vn -0.2499 0.9171 0.3106
vn 0.8220 -0.5684 -0.0347
vn -0.0699 0.9861 0.1505
vn -0.6263 0.7793 -0.0225
vn -0.7169 0.6969 0.0191
vn 0.3416 -0.9145 -0.2168
vn 0.1533 0.9643 0.2159
vn 0.0493 0.8722 0.4866
vn 0.0984 0.8472 0.5221
vn -0.0896 0.0453 -0.9949
vn 0.0896 -0.1037 -0.9906
vn -0.0984 -0.8150 0.5710
vn -0.0493 -0.8422 0.5370
vn 0.0053 0.2905 0.9569
vn 0.0476 0.2492 0.9673
vn 0.0381 0.2903 0.9562
vn 0.0430 0.5909 0.8056
vn -0.0530 0.3643 -0.9298
vn -0.0471 0.3490 -0.9359
vn 0.0115 -0.8092 -0.5874
vn -0.0491 0.1512 -0.9873
vn -0.0017 -0.5371 -0.8435
vn -0.0081 -0.5755 -0.8178
vn -0.0000 0.8413 0.5405
vn 0.0038 0.9465 0.3227
vn 0.0211 0.0823 0.9964
vn 0.0292 -0.0782 0.9965
vn -0.0540 0.5216 -0.8515
vn -0.0303 -0.9437 -0.3293
vn 0.0067 0.2739 -0.9617
vn -0.0315 -0.1539 -0.9876
vn -0.0080 0.6756 -0.7372
vn -0.0154 0.8232 -0.5676
vn 0.0382 0.6972 0.7159
vn 0.0197 -0.9460 0.3236
vn 0.0527 -0.8868 0.4591
vn 0.0072 0.8796 0.4757
vn 0.0293 0.9575 0.2871
vn -0.0034 -0.3496 -0.9369
vn 0.0427 0.5333 0.8449
vn 0.0524 0.3766 0.9249
vn 0.0630 0.4269 0.9021
vn 0.0067 0.2735 -0.9619
vn -0.0680 -0.5735 -0.8164
vn -0.0442 -0.6702 -0.7408
vn -0.0437 -0.8187 -0.5725
vn -0.0027 -0.9945 -0.1045
vn 0.6203 0.0474 0.7830
vn 0.2821 0.1994 0.9384
vn 0.3840 0.2920 0.8760
vn 0.0223 0.7291 0.6841
vn -0.3511 0.7792 -0.5192
vn 0.0231 -0.2222 -0.9747
vn -0.8197 -0.4437 -0.3623
vn 0.6717 0.4498 0.5886
vn 0.6278 0.4565 0.6304
vn -0.0966 -0.1558 -0.9830
vn -0.0454 -0.1497 -0.9877
vn -0.0645 -0.1478 -0.9869
vn 0.5085 0.3866 0.7694
vn 0.2495 0.2535 0.9346
vn 0.0706 -0.2869 0.9553
vn 0.1224 -0.0790 0.9893
vn 0.0013 0.0403 -0.9992
vn -0.2341 0.1313 -0.9633
vn -0.0302 -0.7176 -0.6958
vn 0.3478 -0.0104 0.9375
vn 0.5286 0.0907 0.8440
vn -0.4907 -0.3420 0.8014
vn -0.2520 -0.1868 0.9495
vn 0.2283 0.1505 0.9619
vn -0.7616 -0.6439 -0.0728
vn -0.6792 -0.7332 0.0334
vn -0.6029 -0.7978 -0.0057
vn 0.5448 -0.1710 0.8209
vn -0.5240 -0.6162 -0.5880
vn 0.8364 0.4511 0.3112
vn 0.7820 0.4381 0.4433
vn 0.2710 -0.1469 -0.9513
vn 0.6448 0.3871 0.6591
vn -0.7960 -0.4859 -0.3610
vn 0.5419 -0.1655 0.8240
vn 0.5021 -0.1651 0.8489
vn 0.5742 0.6603 -0.4841
vn 0.0250 0.3375 -0.9410
vn 0.7564 0.6189 -0.2117
vn 0.7204 0.6935 0.0107
vn 0.9080 -0.0527 -0.4157
vn 0.6383 0.0399 0.7688
vn 0.9223 -0.0306 0.3852
vn -0.2069 0.0379 0.9776
vn 0.5702 -0.1607 0.8056
vn 0.9313 -0.0723 0.3569
vn 0.7010 -0.1251 0.7021
vn 0.8994 0.1934 0.3921
vn 0.9420 0.1743 0.2869
vn -0.8830 -0.0427 -0.4674
vn -0.8057 -0.2453 -0.5392
vn -0.8464 -0.2214 -0.4843
vn -0.0055 0.3379 -0.9412
vn 0.1361 0.2250 0.9648
vn -0.1172 0.4291 -0.8956
vn -0.1087 0.5405 -0.8343
vn 0.2020 0.8716 0.4467
vn -0.1162 0.4135 -0.9031
vn -0.1264 -0.1081 -0.9861
vn -0.1299 -0.9231 -0.3618
vn -0.0781 -0.9894 -0.1221
vn -0.1393 -0.4749 -0.8689
vn -0.1587 -0.3958 -0.9045
vn -0.1314 0.2629 -0.9558
vn 0.0946 0.9693 0.2271
vn -0.0180 0.7260 -0.6875
vn -0.1539 -0.7054 -0.6919
vn -0.1541 -0.7076 -0.6896
vn -0.0221 -0.8513 0.5243
vn 0.1403 -0.0116 0.9900
vn 0.1176 -0.0922 0.9888
vn 0.2224 0.2948 0.9293
vn 0.2175 0.8448 0.4889
vn -0.0863 -0.7201 -0.6885
vn -0.0661 -0.7917 -0.6074
vn -0.0442 -0.9861 -0.1603
vn -0.0182 -0.1924 -0.9812
vn 0.0042 -0.0564 0.9984
vn -0.0376 0.6312 -0.7747
vn -0.0877 0.1511 -0.9846
vn -0.0034 -0.0403 0.9992
vn 0.2126 0.6460 0.7331
vn -0.0882 0.0315 0.9956
vn 0.8834 0.0735 -0.4628
vn 0.9174 0.0951 0.3865
vn 0.8460 0.0573 -0.5301
vn 0.0328 0.0387 -0.9987
vn 0.0069 0.0361 -0.9993
vn -0.3866 -0.5074 -0.7701
vn -0.3824 -0.5010 -0.7764
vn 0.3095 0.6455 -0.6982
vn 0.0667 0.0993 -0.9928
vn 0.8063 0.0616 -0.5883
vn 0.9171 -0.3594 -0.1724
vn 0.7876 -0.5863 -0.1896
vn 0.6887 -0.7237 -0.0432
vn -0.9744 -0.0596 -0.2168
vn -0.8986 -0.3769 -0.2246
vn 0.3021 -0.9430 0.1395
vn 0.0076 -0.9948 -0.1020
vn -0.1773 -0.8177 -0.5477
vn -0.0418 0.0085 -0.9991
vn -0.0661 0.0581 -0.9961
vn -0.0481 0.0554 -0.9973
vn -0.0436 0.0781 -0.9960
vn -0.0198 -0.5058 -0.8624
vn -0.0347 0.0571 -0.9978
vn -0.0736 0.3495 -0.9341
vn -0.1480 -0.0409 -0.9881
vn 0.2638 0.1526 -0.9524
vn 0.1821 0.1697 0.9685
vn 0.7306 0.6364 -0.2476
vn 0.0911 0.3754 -0.9224
vn -0.0133 0.4287 -0.9033
vn 0.5946 -0.7347 -0.3267
vn 0.0216 0.2724 -0.9619
vn 0.2660 -0.6960 -0.6669
vn 0.0740 0.0070 0.9972
vn -0.0945 -0.9682 0.2316
vn 0.2267 0.3386 0.9132
vn 0.2270 0.2633 0.9376
vn -0.0660 0.5653 -0.8222
vn 0.8098 -0.3410 -0.4773
vn 0.2918 -0.6049 -0.7409
vn -0.2607 -0.9196 -0.2939
vn 0.4134 0.4861 0.7700
vn 0.2272 0.8669 0.4436
vn -0.1955 -0.4647 -0.8636
vn -0.3005 -0.6171 -0.7272
vn 0.4120 0.8992 0.1475
vn 0.2199 0.2688 0.9378
vn 0.2007 0.1811 0.9628
vn 0.4349 0.8466 -0.3069
vn 0.2403 0.2412 0.9403
vn -0.1714 -0.7785 0.6038
vn 0.2153 -0.9492 0.2297
vn 0.0034 -0.9908 -0.1355
vn 0.4195 -0.8280 -0.3721
vn 0.5078 0.8240 -0.2515
vn 0.7206 0.6926 0.0330
vn 0.2447 0.2449 0.9382
vn 0.0108 -0.1932 0.9811
vn -0.0462 -0.1083 0.9930
vn 0.6333 0.2854 0.7193
vn 0.5068 0.3173 0.8015
vn 0.7034 -0.0245 0.7103
vn 0.4318 -0.0413 -0.9010
vn -0.6237 -0.5627 0.5426
vn 0.0144 -0.2087 -0.9779
vn 0.1466 -0.2431 -0.9588
vn -0.0893 0.0728 -0.9933
vn -0.8089 -0.1041 -0.5787
vn 0.8588 0.0859 0.5050
vn 0.5006 0.3325 -0.7993
vn 0.1025 -0.2524 -0.9622
vn 0.8757 0.4560 0.1587
vn 0.7702 0.5124 0.3798
vn 0.1646 -0.4509 -0.8773
vn -0.4087 -0.4513 -0.7933
vn -0.5162 -0.4419 -0.7336
vn 0.4755 0.2649 -0.8389
vn 0.7079 0.5548 -0.4372
vn 0.6879 0.0409 -0.7246
vn -0.3728 0.0093 -0.9279
vn -0.9713 0.0934 -0.2189
vn 0.6055 -0.0990 0.7897
vn -0.2270 -0.0347 -0.9733
vn -0.2564 -0.0352 -0.9659
vn 0.9895 0.0869 -0.1154
vn 0.2342 0.2068 0.9499
vn 0.2094 0.2611 0.9423
vn 0.3083 0.1689 0.9362
vn 0.3513 0.1617 0.9222
vn 0.1203 0.1464 0.9819
vn 0.9872 0.0915 0.1306
vn 0.3973 -0.0087 0.9176
vn 0.7237 0.0960 0.6834
vn -0.5533 -0.0069 0.8330
vn -0.0580 0.0943 -0.9939
vn 0.3569 0.1689 -0.9187
vn 0.8200 0.1095 -0.5618
vn 0.4255 0.1556 -0.8915
vn -0.6005 0.1683 -0.7817
vn 0.3991 0.1570 -0.9034
vn 0.9561 -0.0730 0.2837
vn -0.4736 -0.1815 0.8618
vn 0.7414 -0.1402 0.6562
vn -0.3442 -0.2105 0.9150
vn -0.4952 0.1879 -0.8482
vn -0.1086 0.0769 -0.9911
vn 0.5791 -0.0644 -0.8127
vn -0.5631 -0.1068 -0.8195
vn -0.0304 -0.1982 -0.9797
vn -0.0239 -0.1983 -0.9799
vn -0.1836 0.2545 -0.9495
vn 0.7536 0.1756 -0.6335
vn 0.9223 0.1336 -0.3626
vn 0.9987 0.0501 -0.0113
vn 0.9954 0.0236 -0.0934
vn -0.3405 0.3304 -0.8803
vn 0.9542 0.1989 -0.2235
vn 0.5801 -0.4144 -0.7012
vn 0.5862 -0.4115 -0.6979
vn 0.7408 0.6667 0.0818
vn 0.7092 0.6722 -0.2126
vn 0.5903 0.8014 -0.0969
vn 0.2586 0.0445 -0.9650
vn -0.2993 0.4606 0.8356
vn -0.4057 0.4508 0.7951
vn 0.7313 -0.3501 -0.5854
vn 0.9501 0.1660 0.2640
vn 0.6433 0.3627 0.6742
vn 0.0870 -0.4809 -0.8724
vn -0.6040 -0.4241 -0.6748
vn -0.9200 -0.2031 -0.3353
vn 0.9680 0.0334 0.2489
vn -0.5562 0.0971 0.8253
vn 0.7956 -0.0994 0.5976
vn 0.5472 0.0354 0.8362
vn 0.5412 0.0301 0.8404
vn 0.8963 0.1955 0.3980
vn -0.1380 -0.1261 -0.9824
vn 0.0111 0.7869 0.6170
vn -0.0369 0.9836 0.1764
vn -0.0525 0.9944 0.0922
vn 0.1014 -0.4018 0.9101
vn 0.0821 0.2965 0.9515
vn 0.0992 0.1064 0.9894
vn 0.1195 0.0534 0.9914
vn 0.0354 0.4510 0.8918
vn 0.1097 0.2591 0.9596
vn -0.0076 -0.5227 -0.8525
vn -0.0993 -0.5157 -0.8510
vn -0.0616 -0.6439 -0.7626
vn 0.0563 -0.8666 -0.4958
vn -0.2331 0.5991 -0.7660
vn 0.2560 -0.6872 0.6799
vn 0.2316 0.1560 0.9602
vn 0.2262 0.0818 0.9706
vn 0.0906 -0.4265 0.8999
vn 0.2654 -0.8409 0.4717
vn -0.0289 0.8350 -0.5495
vn -0.2169 0.4339 -0.8745
vn -0.2077 -0.6839 -0.6994
vn 0.1249 0.4277 0.8953
vn 0.2117 0.1540 0.9651
vn -0.1278 0.9778 0.1660
vn 0.0263 0.7217 0.6917
vn -0.1419 0.9896 -0.0218
vn -0.2032 0.1783 -0.9628
vn 0.0726 0.4792 0.8747
vn 0.2393 0.3876 0.8902
vn 0.1882 0.3865 0.9029
vn -0.8200 -0.0388 0.5711
vn -0.8311 -0.0470 0.5542
vn -0.2792 -0.3913 -0.8769
vn -0.3660 -0.4194 -0.8307
vn 0.2894 0.4115 0.8643
vn -0.0195 0.3069 0.9515
vn -0.7126 0.0446 0.7001
vn -0.7887 -0.4329 -0.4365
vn -0.4315 -0.4240 -0.7962
vn 0.2413 -0.2426 -0.9396
vn 0.1177 -0.3020 -0.9460
vn -0.2779 -0.4234 -0.8623
vn 0.1581 0.3906 0.9069
vn -0.6005 0.0906 -0.7944
vn -0.7109 -0.3744 -0.5953
vn -0.5411 -0.3179 -0.7786
vn -0.1918 -0.5095 -0.8388
vn 0.6670 -0.0660 0.7421
vn -0.3116 0.8788 -0.3613
vn -0.3108 0.8786 -0.3626
vn -0.8468 0.4885 -0.2103
vn -0.8737 0.4659 -0.1398
vn -0.9609 -0.0956 0.2600
vn 0.2925 0.0592 -0.9544
vn 0.1218 0.0531 -0.9911
vn -0.5795 -0.0045 -0.8149
vn -0.9648 -0.0345 -0.2608
vn -0.9877 -0.0435 -0.1499
vn -0.9692 -0.1376 -0.2045
vn -0.9923 -0.1126 -0.0514
vn -0.9605 -0.0545 0.2729
vn -0.9261 -0.0452 0.3746
vn -0.5245 -0.6312 -0.5714
vn 0.9208 -0.0819 -0.3814
vn -0.3886 -0.0259 0.9210
vn -0.0098 0.0464 -0.9989
vn -0.4209 0.4234 -0.8022
vn 0.1019 -0.1316 0.9860
vn 0.9181 0.3056 0.2524
vn 0.0729 -0.2223 -0.9722
vn -0.0520 0.1970 0.9790
vn -0.2979 -0.3166 -0.9006
vn -0.4947 -0.2628 -0.8284
vn -0.2406 -0.3117 -0.9192
vn -0.8705 -0.0580 0.4888
vn -0.8328 -0.0399 0.5521
vn -0.1177 -0.2508 0.9609
vn -0.2321 -0.2355 0.9438
vn -0.4827 -0.3081 0.8198
vn -0.7597 -0.2171 0.6130
vn -0.8359 -0.3653 0.4097
vn -0.4239 -0.8369 0.3462
vn -0.1063 -0.2369 -0.9657
vn -0.9992 -0.0399 0.0102
vn -0.7542 -0.2102 0.6221
vn -0.9988 -0.0464 0.0177
vn -0.1005 -0.2769 0.9556
vn -0.9780 -0.1898 0.0862
vn 0.4013 -0.0621 0.9138
vn 0.0610 0.0058 0.9981
vn -0.2783 -0.1798 0.9435
vn 0.1107 0.3923 0.9131
vn 0.3491 0.5055 0.7890
vn 0.2493 0.4770 0.8428
vn -0.2372 -0.3127 -0.9198
vn 0.1448 0.4026 0.9038
vn -0.2552 0.2184 0.9419
vn -0.8150 0.5343 0.2243
vn -0.6697 0.4546 0.5872
vn -0.6004 0.0592 0.7975
vn -0.9528 -0.1302 0.2743
vn 0.3829 -0.1575 -0.9103
vn -0.5683 -0.3514 -0.7440
vn 0.1109 0.4706 0.8754
vn 0.1237 0.4244 0.8970
vn -0.1131 0.6821 0.7225
vn -0.7069 0.7060 -0.0443
vn -0.7239 0.4926 -0.4830
vn -0.6399 0.3980 -0.6574
vn -0.3422 0.0857 -0.9357
vn 0.3218 -0.7480 -0.5804
vn 0.3947 -0.7623 -0.5129
vn -0.3606 0.7999 -0.4797
vn -0.1359 -0.6650 -0.7344
vn -0.0781 -0.8550 -0.5127
vn 0.3710 -0.7448 0.5547
vn 0.3389 0.0592 0.9390
vn 0.8296 -0.4829 0.2803
vn -0.6060 0.2643 -0.7503
vn 0.5037 -0.2659 0.8219
vn -0.8244 -0.4128 -0.3871
vn 0.8968 0.3593 0.2583
vn 0.9068 0.4078 -0.1069
vn 0.3159 0.0814 -0.9453
vn 0.2845 0.0697 -0.9561
vn 0.6524 0.3419 0.6764
vn 0.8136 -0.3988 0.4231
vn 0.7278 -0.3111 0.6112
vn 0.8199 0.5611 0.1138
vn 0.3403 0.0690 -0.9378
vn 0.4680 -0.8611 0.1987
vn 0.6502 -0.6099 0.4531
vn -0.6307 0.0397 0.7750
vn 0.7770 0.3042 0.5511
vn 0.4367 0.3275 0.8379
vn -0.8730 -0.3871 -0.2967
vn 0.1048 -0.1645 -0.9808
vn 0.1869 0.2897 0.9387
vn 0.1343 0.2903 0.9475
vn 0.4223 0.4119 0.8075
vn -0.3662 0.2091 0.9067
vn 0.4215 0.4127 0.8075
vn 0.1865 0.3145 0.9307
vn -0.0617 0.4738 0.8785
vn -0.0644 0.4324 0.8994
vn 0.3435 0.1452 0.9278
vn 0.3268 0.1717 0.9294
vn 0.8811 0.2125 0.4224
vn 0.6961 0.1045 0.7103
vn 0.2079 -0.4134 -0.8865
vn -0.0256 -0.4725 -0.8810
vn -0.0802 -0.6422 -0.7623
vn -0.1604 0.5996 0.7841
vn -0.1407 0.5800 0.8024
vn 0.2043 -0.4069 -0.8903
vn 0.9925 -0.1151 0.0424
vn 0.8794 -0.2422 0.4098
vn 0.0463 -0.3914 -0.9191
vn -0.8813 -0.0738 -0.4667
vn 0.9374 0.2061 0.2807
vn -0.8806 -0.0734 -0.4682
vn 0.1324 -0.1191 -0.9840
vn 0.7878 -0.1741 -0.5908
vn -0.8784 0.2811 -0.3866
vn 0.2023 -0.1746 -0.9636
vn 0.3630 -0.1351 -0.9219
vn -0.2034 -0.1123 -0.9726
vn -0.7120 0.6828 0.1635
vn -0.2591 -0.2974 -0.9189
vn 0.0315 0.3772 0.9256
vn -0.0030 0.4320 0.9019
vn 0.1530 0.2545 0.9549
vn 0.3719 0.2071 0.9049
vn 0.0636 0.2824 0.9572
vn -0.4458 0.2790 0.8506
vn -0.1549 0.3155 0.9362
vn 0.3259 0.2262 0.9179
vn 0.1508 0.2364 0.9599
vn 0.7454 0.3125 0.5888
vn 0.0988 0.1886 0.9771
vn -0.9769 -0.1904 0.0966
vn 0.1538 0.2076 0.9660
vn 0.3179 0.2619 0.9112
vn -0.1602 0.4135 0.8963
vn 0.9227 -0.3329 0.1945
vn -0.2817 0.9101 0.3039
vn -0.2513 0.9652 0.0718
vn -0.4065 0.2496 -0.8789
vn -0.3572 0.4218 -0.8333
vn -0.2475 0.8899 0.3831
vn -0.5835 0.8088 -0.0731
vn -0.9045 0.1337 0.4049
vn -0.5803 -0.1563 -0.7993
vn -0.4212 -0.2267 -0.8782
vn -0.8956 -0.1179 0.4289
vn -0.8632 0.1622 0.4781
vn -0.0816 -0.5992 -0.7964
vn -0.0965 -0.9696 -0.2250
vn 0.0529 -0.9986 0.0065
vn -0.0527 -0.8868 0.4591
vn -0.0158 -0.8207 0.5711
vn -0.0195 0.8796 0.4753
vn -0.0751 0.3278 0.9417
vn -0.0316 0.5743 -0.8180
vn 0.0397 0.2547 -0.9662
vn 0.0524 0.0607 -0.9968
vn 0.0305 -0.9008 -0.4331
vn 0.0053 0.2680 -0.9634
vn 0.0329 0.5505 -0.8342
vn -0.0333 -0.6403 0.7674
vn 0.9780 -0.1898 0.0862
vn 0.7542 -0.2102 0.6221
vn 0.9988 -0.0464 0.0177
vn 0.9992 -0.0399 0.0102
vn -0.1019 -0.1316 0.9860
vn 0.9609 -0.0956 0.2600
vn 0.8468 0.4885 -0.2103
vn 0.8737 0.4659 -0.1398
vn 0.3116 0.8788 -0.3613
vn 0.3108 0.8786 -0.3626
vn -0.6670 -0.0660 0.7421
vn 0.1918 -0.5095 -0.8388
vn 0.5411 -0.3179 -0.7786
vn 0.7109 -0.3744 -0.5953
vn 0.6005 0.0906 -0.7944
vn -0.1581 0.3906 0.9069
vn 0.7126 0.0446 0.7002
vn -0.2894 0.4115 0.8643
vn 0.0195 0.3069 0.9515
vn 0.8200 -0.0388 0.5711
vn 0.8311 -0.0470 0.5542
vn -0.2393 0.3876 0.8902
vn -0.1882 0.3865 0.9029
vn -0.7956 -0.0994 0.5976
vn -0.9680 0.0334 0.2489
vn 0.8464 -0.2214 -0.4843
vn -0.9420 0.1743 0.2869
vn -0.8994 0.1934 0.3921
vn -0.7010 -0.1251 0.7021
vn -0.5702 -0.1607 0.8056
vn -0.5742 0.6603 -0.4841
vn -0.0250 0.3375 -0.9410
vn -0.5419 -0.1655 0.8240
vn -0.5021 -0.1651 0.8489
vn -0.6448 0.3871 0.6591
vn -0.5448 -0.1710 0.8209
vn -0.6717 0.4498 0.5886
vn -0.6278 0.4565 0.6304
vn 0.2069 0.3551 -0.9116
vn 0.0815 -0.5523 -0.8297
vn 0.2078 0.2264 -0.9516
vn 0.1419 0.9896 -0.0218
vn 0.1278 0.9778 0.1660
vn 0.2026 -0.6466 -0.7354
vn 0.0928 0.8312 -0.5482
vn -0.2240 -0.8689 0.4414
vn -0.2169 0.1687 0.9615
vn -0.2156 0.1353 0.9671
vn -0.2271 -0.7200 0.6557
vn 0.2331 0.5991 -0.7660
vn 0.0669 -0.6534 -0.7541
vn 0.0530 -0.6810 -0.7304
vn -0.2586 0.0445 -0.9650
vn -0.2403 0.2412 0.9403
vn -0.7564 0.6189 -0.2117
vn -0.7204 0.6935 0.0107
vn 0.7960 -0.4859 -0.3610
vn -0.2710 -0.1469 -0.9513
vn -0.8364 0.4511 0.3112
vn -0.7820 0.4381 0.4433
vn 0.5240 -0.6162 -0.5880
vn 0.6792 -0.7332 0.0334
vn 0.6029 -0.7978 -0.0057
vn -0.2283 0.1505 0.9619
vn 0.2520 -0.1868 0.9495
vn 0.2159 0.0084 -0.9764
vn 0.0302 -0.7176 -0.6958
vn -0.0013 0.0403 -0.9992
vn -0.0231 -0.2222 -0.9747
vn -0.0223 0.7291 0.6841
vn 0.8197 -0.4437 -0.3623
vn 0.2779 -0.4234 -0.8623
vn -0.2413 -0.2426 -0.9396
vn -0.1177 -0.3020 -0.9460
vn 0.4315 -0.4240 -0.7962
vn 0.7887 -0.4329 -0.4365
vn 0.3660 -0.4194 -0.8307
vn 0.2792 -0.3913 -0.8769
vn 0.9648 -0.0345 -0.2608
vn 0.9877 -0.0435 -0.1499
vn 0.5795 -0.0045 -0.8149
vn -0.2924 0.0592 -0.9545
vn -0.1218 0.0531 -0.9911
vn 0.9923 -0.1126 -0.0514
vn 0.7616 -0.6439 -0.0728
vn -0.7206 0.6926 0.0330
vn 0.5245 -0.6312 -0.5714
vn -0.9208 -0.0819 -0.3814
vn 0.9692 -0.1376 -0.2045
vn 0.4907 -0.3420 0.8014
vn 0.3886 -0.0259 0.9210
vn 0.9605 -0.0545 0.2729
vn 0.9261 -0.0452 0.3746
vn -0.5286 0.0907 0.8440
vn -0.3478 -0.0104 0.9375
vn 0.0098 0.0464 -0.9989
vn 0.4209 0.4234 -0.8022
vn 0.1601 0.4135 0.8963
vn -0.9227 -0.3329 0.1945
vn 0.9769 -0.1904 0.0966
vn -0.0988 0.1886 0.9771
vn -0.7454 0.3125 0.5889
vn 0.1549 0.3155 0.9362
vn 0.2591 -0.2974 -0.9189
vn 0.7120 0.6828 0.1635
vn -0.2023 -0.1746 -0.9636
vn -0.3630 -0.1351 -0.9219
vn 0.5683 -0.3514 -0.7440
vn 0.6004 0.0592 0.7975
vn 0.6697 0.4546 0.5872
vn 0.8150 0.5343 0.2243
vn -0.1538 0.2076 0.9660
vn 0.9528 -0.1302 0.2743
vn 0.8956 -0.1179 0.4289
vn -0.3179 0.2619 0.9112
vn 0.9045 0.1337 0.4049
vn 0.4212 -0.2267 -0.8782
vn 0.5803 -0.1563 -0.7993
vn -0.3829 -0.1576 -0.9103
vn 0.8632 0.1622 0.4781
vn -0.3259 0.2262 0.9179
vn -0.0636 0.2824 0.9572
vn 0.4458 0.2790 0.8506
vn 0.8244 -0.4128 -0.3871
vn -0.8296 -0.4829 0.2803
vn -0.9374 0.2061 0.2807
vn 0.8813 -0.0738 -0.4667
vn -0.8794 -0.2422 0.4098
vn -0.9925 -0.1151 0.0424
vn -0.2043 -0.4069 -0.8903
vn 0.8730 -0.3871 -0.2967
vn -0.8199 0.5611 0.1138
vn -0.8136 -0.3988 0.4231
vn -0.7278 -0.3111 0.6112
vn -0.8968 0.3593 0.2583
vn -0.9068 0.4078 -0.1069
vn -0.5037 -0.2659 0.8219
vn 0.1131 0.6821 0.7225
vn 0.2475 0.8899 0.3831
vn 0.4269 0.2868 -0.8576
vn 0.2817 0.9101 0.3038
vn -0.4680 -0.8611 0.1987
vn -0.6502 -0.6099 0.4531
vn -0.3218 -0.7480 -0.5804
vn -0.1324 -0.1191 -0.9840
vn -0.7878 -0.1741 -0.5907
vn -0.3159 0.0814 -0.9453
vn -0.2845 0.0697 -0.9561
vn 0.5835 0.8088 -0.0731
vn 0.0256 -0.4725 -0.8810
vn 0.0856 -0.6581 -0.7481
vn -0.2079 -0.4134 -0.8865
vn 0.8806 -0.0734 -0.4682
vn 0.7069 0.7059 -0.0443
vn 0.6060 0.2643 -0.7503
vn 0.7239 0.4926 -0.4830
vn 0.6399 0.3980 -0.6574
vn 0.8784 0.2811 -0.3866
vn -0.0463 -0.3914 -0.9191
vn -0.3947 -0.7623 -0.5129
vn -0.3403 0.0690 -0.9378
vn -0.3631 -0.7338 0.5741
vn 0.3606 0.7999 -0.4797
vn 0.3503 0.3697 -0.8606
vn 0.0883 -0.8558 -0.5097
vn 0.1646 -0.6052 -0.7788
vn 0.2096 0.0772 -0.9747
vn 0.3511 0.7792 -0.5192
vn 0.2513 0.9652 0.0718
vn 0.3422 0.0857 -0.9357
vn -0.3389 0.0592 0.9390
vn -0.1109 0.4706 0.8754
vn -0.1237 0.4244 0.8970
vn -0.1508 0.2364 0.9599
vn -0.1530 0.2545 0.9549
vn -0.8811 0.2125 0.4224
vn -0.4367 0.3275 0.8379
vn -0.1048 -0.1645 -0.9808
vn -0.6524 0.3419 0.6764
vn -0.1869 0.2897 0.9387
vn -0.1343 0.2903 0.9475
vn -0.4215 0.4127 0.8075
vn 0.3662 0.2091 0.9067
vn -0.4223 0.4119 0.8075
vn -0.7770 0.3042 0.5511
vn 0.6307 0.0397 0.7750
vn -0.1865 0.3145 0.9307
vn -0.0315 0.3772 0.9256
vn 0.0030 0.4320 0.9019
vn 0.1604 0.5996 0.7841
vn 0.1407 0.5800 0.8024
vn -0.6961 0.1045 0.7103
vn -0.3435 0.1452 0.9278
vn -0.3268 0.1717 0.9294
vn 0.2034 -0.1123 -0.9726
vn -0.3719 0.2071 0.9049
vn 0.0644 0.4324 0.8994
vn 0.0617 0.4738 0.8785
vn 0.1113 -0.6975 -0.7079
vn 0.1123 -0.7037 -0.7016
vn -0.1429 0.9468 0.2882
vn -0.1569 0.6641 0.7310
vn -0.2317 0.3966 0.8883
vn -0.1193 -0.0864 0.9891
vn -0.1176 -0.0922 0.9888
vn 0.0221 -0.8513 0.5243
vn 0.1540 -0.7075 -0.6897
vn 0.1591 -0.8111 -0.5628
vn 0.0416 0.5753 -0.8169
vn 0.0206 0.7724 -0.6348
vn -0.1368 0.9025 0.4084
vn 0.1294 0.2640 -0.9558
vn 0.1408 -0.4747 -0.8688
vn 0.1534 -0.4223 -0.8934
vn 0.1320 -0.9233 -0.3607
vn 0.1370 -0.1584 -0.9778
vn -0.2020 0.8716 0.4467
vn 0.1172 0.4291 -0.8956
vn 0.1087 0.5405 -0.8343
vn -0.1806 0.2378 0.9544
vn 0.3442 -0.2105 0.9150
vn -0.9561 -0.0730 0.2837
vn -0.3991 0.1570 -0.9034
vn 0.6005 0.1683 -0.7817
vn -0.4255 0.1556 -0.8915
vn -0.8200 0.1095 -0.5618
vn -0.9313 -0.0723 0.3569
vn 0.9713 0.0934 -0.2189
vn -0.6055 -0.0990 0.7897
vn -0.1646 -0.4509 -0.8773
vn -0.5006 0.3325 -0.7993
vn -0.9367 0.1876 0.2956
vn 0.0893 0.0728 -0.9933
vn -0.0034 -0.9908 -0.1356
vn -0.2153 -0.9492 0.2297
vn 0.1889 -0.4650 -0.8649
vn 0.2987 -0.6250 -0.7212
vn -0.4352 0.6124 0.6600
vn -0.3018 -0.6110 -0.7318
vn -0.2747 -0.7049 -0.6540
vn 0.0080 0.4283 -0.9036
vn 0.8986 -0.3769 -0.2246
vn 0.9744 -0.0596 -0.2168
vn -0.0328 0.0387 -0.9987
vn -0.0069 0.0361 -0.9993
vn -0.8460 0.0573 -0.5301
vn -0.8834 0.0735 -0.4628
vn -0.8098 -0.3410 -0.4773
vn 0.0603 0.5786 -0.8134
vn -0.7306 0.6364 -0.2476
vn -0.1025 -0.2524 -0.9622
vn 0.0736 0.3495 -0.9341
vn 0.0347 0.0571 -0.9978
vn 0.0198 -0.5058 -0.8624
vn 0.0436 0.0781 -0.9960
vn -0.7079 0.5548 -0.4372
vn 0.0481 0.0554 -0.9973
vn 0.0418 0.0085 -0.9991
vn 0.0661 0.0581 -0.9961
vn -0.3021 -0.9430 0.1395
vn -0.0076 -0.9948 -0.1020
vn 0.3866 -0.5074 -0.7701
vn 0.3824 -0.5010 -0.7764
vn 0.6237 -0.5627 0.5426
vn -0.2638 0.1526 -0.9524
vn 0.1480 -0.0409 -0.9881
vn -0.5078 0.8240 -0.2515
vn -0.4349 0.8466 -0.3069
vn -0.6887 -0.7237 -0.0432
vn -0.7876 -0.5863 -0.1896
vn -0.9171 -0.3594 -0.1724
vn -0.0667 0.0993 -0.9928
vn -0.3096 0.6456 -0.6981
vn -0.8063 0.0616 -0.5884
vn -0.4195 -0.8280 -0.3721
vn -0.5946 -0.7347 -0.3267
vn -0.0911 0.3754 -0.9224
vn 0.3728 0.0093 -0.9279
vn 0.8089 -0.1041 -0.5787
vn -0.1466 -0.2431 -0.9588
vn -0.0144 -0.2087 -0.9779
vn -0.9895 0.0869 -0.1154
vn 0.2270 -0.0347 -0.9733
vn 0.2564 -0.0352 -0.9659
vn -0.4318 -0.0413 -0.9010
vn -0.6879 0.0409 -0.7246
vn -0.4755 0.2649 -0.8389
vn 0.5162 -0.4419 -0.7336
vn 0.4087 -0.4513 -0.7933
vn -0.7733 0.5114 0.3748
vn -0.7702 0.5124 0.3798
vn 0.2657 -0.9155 -0.3020
vn 0.1753 -0.8301 -0.5294
vn -0.4120 0.8992 0.1475
vn -0.1839 0.2785 0.9427
vn -0.2267 0.3386 0.9132
vn 0.0945 -0.9682 0.2316
vn -0.0740 0.0070 0.9972
vn -0.0220 0.2626 -0.9646
vn -0.7976 0.5797 -0.1667
vn -0.2519 0.3243 0.9118
vn -0.2912 0.3210 0.9012
vn 0.0462 -0.1083 0.9930
vn -0.2099 0.2160 0.9536
vn -0.2199 0.2688 0.9378
vn -0.0108 -0.1932 0.9811
vn 0.1714 -0.7785 0.6038
vn -0.2079 0.2134 0.9546
vn -0.1929 0.2090 0.9587
vn -0.3973 -0.0087 0.9176
vn -0.7237 0.0960 0.6834
vn -0.3083 0.1689 0.9362
vn -0.3513 0.1617 0.9222
vn -0.5272 0.2011 0.8256
vn 0.0882 0.0315 0.9956
vn 0.5533 -0.0069 0.8330
vn -0.7621 -0.0242 0.6470
vn -0.5659 0.2745 0.7775
vn -0.1203 0.1464 0.9819
vn -0.9872 0.0915 0.1306
vn -0.9195 0.0887 0.3829
vn 0.7504 0.0132 0.6609
vn -0.7408 0.6667 0.0818
vn -0.9501 0.1660 0.2640
vn -0.6433 0.3627 0.6742
vn -0.7313 -0.3501 -0.5854
vn 0.8057 -0.2453 -0.5392
vn -0.2315 0.4987 -0.8353
vn 0.3161 0.3343 -0.8879
vn -0.9999 0.0059 -0.0160
vn -0.7407 0.3457 -0.5760
vn -0.8567 0.1021 -0.5056
vn -0.9980 0.0559 -0.0302
vn 0.4952 0.1879 -0.8482
vn -0.7414 -0.1402 0.6562
vn 0.0580 0.0943 -0.9939
vn 0.1109 0.0834 -0.9903
vn 0.0239 -0.1983 -0.9799
vn -0.5791 -0.0644 -0.8127
vn -0.9947 -0.0153 -0.1019
vn 0.1836 0.2545 -0.9495
vn -0.7536 0.1756 -0.6335
vn -0.9223 0.1336 -0.3626
vn -0.9592 0.1451 -0.2428
vn 0.1818 0.1493 -0.9719
vn 0.0055 0.3379 -0.9412
vn 0.8830 -0.0427 -0.4674
vn 0.1086 0.0769 -0.9911
vn 0.2069 0.0379 0.9776
vn -0.6383 0.0399 0.7688
vn -0.9223 -0.0306 0.3852
vn 0.4736 -0.1815 0.8618
vn 0.5631 -0.1068 -0.8195
vn 0.0304 -0.1982 -0.9797
vn 0.5562 0.0971 0.8253
vn -0.9080 -0.0527 -0.4157
vn 0.9200 -0.2031 -0.3353
vn 0.2993 0.4606 0.8356
vn 0.4057 0.4508 0.7951
vn 0.6040 -0.4241 -0.6748
vn -0.5903 0.8014 -0.0969
vn -0.5801 -0.4144 -0.7012
vn -0.5862 -0.4115 -0.6979
vn -0.7092 0.6722 -0.2126
vn -0.0870 -0.4809 -0.8724
vn -0.0671 0.0227 0.9975
vn -0.0335 0.9812 0.1899
vn -0.0657 0.2613 0.9630
vn -0.0418 0.4296 0.9020
vn 0.0379 0.6299 -0.7757
vn 0.1092 -0.7156 -0.6900
vn 0.0491 -0.9981 0.0361
vn 0.0636 0.3410 -0.9379
vn 0.0604 -0.9786 -0.1968
vn 0.0595 -0.6734 -0.7369
vn -0.0626 0.1572 0.9856
vn -0.0374 0.8803 0.4729
vn -0.1310 0.7400 0.6598
vn 0.0097 -0.4066 -0.9136
vn 0.0002 0.4681 -0.8837
vn -0.2266 0.3659 0.9026
vn -0.0406 -0.0403 0.9984
vn 0.0008 -0.1557 0.9878
vn 0.0520 0.4208 -0.9057
vn 0.0309 0.3015 -0.9530
vn 0.0525 0.9944 0.0922
vn 0.1233 0.4568 -0.8810
vn -0.0783 -0.3495 0.9336
vn -0.0206 -0.8641 -0.5030
vn -0.0299 -0.4691 0.8826
vn 0.0626 -0.9977 -0.0267
vn 0.0311 -0.5873 -0.8087
vn 0.0484 -0.8202 -0.5701
vn 0.0295 0.5240 -0.8512
vn 0.0320 0.0131 -0.9994
vn 0.0418 -0.0775 -0.9961
vn -0.0090 0.7916 0.6110
vn 0.0226 0.9676 0.2513
vn 0.0017 -0.5371 -0.8435
vn -0.0981 -0.0395 0.9944
vn -0.0753 0.4559 0.8868
vn -0.0075 0.7554 0.6553
vn -0.1287 0.4377 0.8898
vn -0.1674 0.3414 0.9249
vn -0.0355 0.3328 0.9423
vn 0.0081 -0.5755 -0.8178
vn -0.0271 0.1588 0.9869
vn 0.0415 0.2025 -0.9784
vn -0.1128 0.2247 0.9679
vn -0.0266 0.4780 0.8780
vn -0.0842 0.4935 0.8657
vn -0.2495 0.2535 0.9346
vn 0.0454 -0.1497 -0.9877
vn 0.0645 -0.1478 -0.9869
vn -0.6203 0.0474 0.7830
vn 0.1005 -0.2769 0.9556
vn -0.0706 -0.2869 0.9554
vn -0.1448 0.4026 0.9038
vn 0.2372 -0.3127 -0.9198
vn 0.8705 -0.0580 0.4888
vn 0.8328 -0.0399 0.5521
vn 0.2406 -0.3117 -0.9192
vn 0.2979 -0.3166 -0.9006
vn 0.4947 -0.2628 -0.8284
vn 0.0520 0.1970 0.9790
vn -0.0729 -0.2223 -0.9722
vn 0.0966 -0.1558 -0.9830
vn -0.3840 0.2920 0.8760
vn 0.7597 -0.2171 0.6130
vn 0.8359 -0.3653 0.4097
vn 0.4827 -0.3081 0.8198
vn 0.2321 -0.2355 0.9438
vn 0.1177 -0.2508 0.9609
vn -0.1224 -0.0790 0.9893
vn 0.4239 -0.8369 0.3462
vn 0.1063 -0.2369 -0.9657
vn 0.2783 -0.1798 0.9435
vn -0.0610 0.0058 0.9981
vn -0.4013 -0.0621 0.9138
vn -0.9181 0.3056 0.2524
vn -0.2821 0.1994 0.9384
vn -0.1107 0.3923 0.9131
vn -0.5085 0.3866 0.7694
vn -0.2493 0.4770 0.8428
vn -0.3491 0.5055 0.7890
vn 0.2552 0.2184 0.9419
vn -0.5472 0.0354 0.8362
vn -0.5412 0.0301 0.8404
vn -0.8963 0.1955 0.3980
vn 0.0110 0.0289 0.9995
vn 0.0046 0.0654 0.9979
vn 0.9373 0.3157 0.1478
vn -0.1329 -0.9746 0.1801
vn -0.1156 -0.9852 0.1267
vn 0.0074 0.0657 0.9978
vn -0.0168 0.0832 0.9964
vn 0.0267 0.0216 0.9994
vn 0.7438 -0.6572 0.1215
vn -0.3798 0.8943 -0.2368
vn -0.6010 0.7949 0.0837
vn 0.2243 0.9664 0.1256
vn 0.9102 -0.4141 -0.0008
vn 0.9190 -0.3935 0.0219
vn -0.9988 -0.0189 -0.0448
vn -0.9997 -0.0054 -0.0233
vn 0.9987 -0.0392 -0.0336
vn -0.9953 -0.0878 -0.0400
vn -0.1031 -0.7718 0.6274
vn -0.9300 0.3671 -0.0179
vn -0.9288 0.3700 -0.0215
vn -0.3906 0.2648 0.8817
vn 0.2653 0.3190 0.9099
vn 0.0230 -0.0779 -0.9967
vn 0.0092 -0.0625 -0.9980
vn 0.9896 0.1224 -0.0758
vn -0.1882 -0.9793 -0.0746
vn 0.0055 -0.0650 -0.9979
vn 0.0087 -0.0335 -0.9994
vn 0.0213 -0.1072 -0.9940
vn 0.6716 -0.7401 -0.0332
vn 0.1414 -0.3177 -0.9376
vn 0.5540 0.8054 -0.2108
vn 0.3038 0.1765 -0.9362
vn -0.0008 0.8360 0.5487
vn 0.0906 0.9934 0.0708
vn 0.0437 0.9990 0.0134
vn 0.9917 0.1283 0.0069
vn -0.0100 0.9997 -0.0200
vn 0.0258 0.4849 -0.8742
vn 0.0622 -0.9812 0.1825
vn 0.0814 0.1624 0.9834
vn 0.0389 0.9829 0.1801
vn 0.9949 0.1004 -0.0040
vn 0.9978 0.0647 -0.0112
vn 0.9970 -0.0773 -0.0000
vn 0.9931 0.1123 -0.0335
vn 0.0641 0.9162 -0.3956
vn 0.0672 0.9729 0.2212
vn 0.7148 0.1805 0.6756
vn 0.1213 0.9923 -0.0243
vn 0.9910 0.1336 -0.0128
vn 0.9726 0.2325 -0.0060
vn 0.9798 0.1843 0.0783
vn 0.9962 0.0834 0.0258
vn 0.0039 0.5109 -0.8596
vn 0.0347 0.9831 0.1800
vn 0.9949 0.0971 0.0261
vn -0.0019 0.6512 0.7589
vn 0.1123 0.3402 0.9336
vn 0.9983 0.0571 -0.0131
vn -0.0067 0.8819 -0.4714
vn -0.0098 0.9738 0.2270
vn 0.9896 0.1032 -0.0997
vn 0.0404 0.9989 -0.0251
vn -0.0200 0.9937 0.1103
vn -0.0559 0.9959 0.0711
vn -0.9958 0.0912 0.0042
vn -0.9964 0.0852 0.0050
vn -0.0657 0.9715 0.2278
vn -0.9995 0.0308 -0.0049
vn -0.9937 -0.0076 -0.1120
vn -0.9959 0.0900 0.0112
vn -0.0566 0.9276 -0.3693
vn -0.0592 0.9739 0.2191
vn -0.9899 0.1388 -0.0287
vn -0.1962 0.9796 0.0444
vn -0.9986 0.0020 -0.0519
vn -0.9682 0.2457 0.0479
vn -0.9952 0.0941 0.0278
vn -0.9983 -0.0582 -0.0000
vn -0.1905 0.9038 -0.3833
vn -0.9941 0.1055 0.0270
vn 0.0612 0.9973 -0.0403
vn -0.1504 0.3025 0.9412
vn -0.0115 0.9232 -0.3842
vn -0.9742 0.1286 -0.1853
vn -0.0928 -0.9457 0.3114
vn -0.9965 0.0592 -0.0589
vn -0.0968 0.9892 0.1096
vn -0.4625 0.8237 -0.3279
vn -0.0379 0.5353 0.8438
vn -0.4317 0.4700 0.7699
vn 0.0115 -0.9801 -0.1980
vn 0.0072 -0.9838 -0.1793
vn -0.6201 0.3387 0.7076
vn -0.2945 0.4793 0.8268
vn 0.8771 -0.4310 -0.2120
vn 0.9764 -0.1508 -0.1546
vn -0.0258 -0.4074 0.9129
vn 0.0004 0.9143 -0.4051
vn 0.0002 -0.9097 -0.4153
vn -0.0111 -0.9437 -0.3307
vn -0.0014 -0.9578 -0.2874
vn 0.0435 -0.9738 -0.2232
vn 0.0299 -0.9753 -0.2191
vn 0.9584 0.1786 0.2228
vn 0.8794 -0.4523 0.1485
vn -0.9873 0.0493 0.1510
vn -0.0069 -0.9558 -0.2938
vn -0.0742 -0.9919 -0.1032
vn 0.0064 -0.9672 -0.2538
vn 0.3452 -0.6898 -0.6364
vn 0.5016 0.8649 0.0156
vn 0.1603 0.8630 0.4791
vn 0.5521 -0.4392 -0.7087
vn -0.0672 -0.9704 -0.2319
vn 0.3046 -0.8903 -0.3384
vn 0.1790 -0.9598 -0.2162
vn 0.0682 -0.4474 -0.8917
vn 0.8216 0.3787 0.4260
vn 0.0052 -0.9672 -0.2540
vn -0.0099 0.8848 0.4659
vn 0.6521 0.6711 0.3527
vn -0.4249 0.4680 0.7749
vn 0.0105 -0.9578 -0.2873
vn 0.1820 -0.5621 -0.8068
vn -0.3063 0.6855 0.6605
vn -0.0554 0.9715 0.2303
vn -0.9885 0.0511 0.1423
vn 0.0347 -0.5426 -0.8393
vn -0.0601 0.7727 0.6319
vn -0.6827 0.4228 0.5959
vn -0.0019 0.0690 -0.9976
vn 0.5261 -0.8474 -0.0715
vn 0.1916 -0.9602 -0.2030
vn -0.1089 -0.9815 -0.1572
vn -0.6436 -0.7531 0.1368
vn 0.9988 0.0248 -0.0414
vn 0.0085 -0.9680 -0.2509
vn 0.0782 -0.4269 -0.9009
vn 0.9315 -0.2479 -0.2661
vn 0.9985 0.0455 -0.0294
vn 0.5985 0.6899 0.4071
vn -0.1144 0.4876 0.8655
vn 0.0192 0.9750 -0.2212
vn 0.9887 0.1452 -0.0367
vn 0.9955 0.0850 0.0418
vn 0.5916 -0.4461 -0.6716
vn 0.0043 -0.1940 -0.9810
vn -0.7697 -0.4791 -0.4220
vn 0.0899 0.0141 -0.9958
vn 0.7593 0.4122 -0.5036
vn -0.8938 0.2387 0.3796
vn -0.0380 0.9927 0.1148
vn 0.0422 0.9645 -0.2608
vn 0.9397 -0.1127 -0.3230
vn 0.1506 -0.8831 -0.4444
vn 0.1970 0.8717 0.4486
vn 0.1786 0.5963 -0.7826
vn 0.0617 -0.5243 -0.8493
vn -0.0548 0.9719 0.2291
vn -0.0074 -0.9605 -0.2783
vn -0.1282 0.5083 0.8516
vn 0.0253 -0.9591 -0.2819
vn -0.2968 0.8792 0.3727
vn 0.3052 -0.4721 -0.8270
vn 0.0049 0.5331 0.8460
vn 0.0506 0.5092 0.8591
vn 0.0018 0.4959 0.8684
vn 0.7875 0.1675 0.5931
vn 0.0057 0.4905 0.8714
vn 0.2758 0.4656 0.8409
vn -0.9847 0.1321 -0.1137
vn -0.9899 -0.1409 -0.0149
vn -0.7539 -0.6404 0.1465
vn 0.3298 -0.5789 0.7457
vn -0.6884 0.7223 0.0661
vn -0.2442 0.8317 0.4987
vn 0.8315 0.0990 0.5466
vn 0.2360 0.4571 0.8576
vn -0.8197 -0.3180 -0.4764
vn -0.0779 -0.4393 -0.8950
vn 0.4460 0.7641 0.4660
vn 0.0402 0.9640 0.2630
vn 0.0505 0.9924 0.1118
vn -0.0093 -0.2526 -0.9675
vn -0.8915 0.3254 0.3153
vn -0.1179 0.5786 0.8070
vn -0.5528 -0.4421 -0.7063
vn -0.1123 -0.5829 -0.8048
vn -0.5614 -0.7714 -0.2996
vn -0.7990 0.4735 0.3707
vn 0.0870 0.5161 0.8521
vn -0.1048 -0.5876 -0.8024
vn -0.3139 0.9471 0.0671
vn 0.9773 0.0705 0.1999
vn -0.0804 -0.4336 -0.8975
vn 0.7383 0.2049 0.6426
vn 0.2879 0.4727 0.8328
vn 0.2724 0.4646 0.8426
vn 0.1423 0.9404 -0.3090
vn -0.9748 -0.0587 -0.2152
vn -0.9296 0.3515 -0.1108
vn 0.6856 0.6148 0.3900
vn -0.0560 -0.3217 -0.9452
vn -0.9802 -0.0475 -0.1920
vn -0.8588 0.3632 0.3612
vn -0.2425 0.3509 0.9045
vn -0.6666 -0.4219 -0.6145
vn -0.9674 0.1582 0.1980
vn 0.4373 -0.8939 -0.0988
vn -0.0043 -0.1940 -0.9810
vn -0.0632 0.6852 -0.7256
vn -0.2127 -0.5001 -0.8394
vn -0.7593 0.4122 -0.5036
vn 0.2804 0.8521 0.4420
vn 0.0181 0.9947 0.1009
vn 0.0184 0.9553 -0.2950
vn -0.1660 -0.9359 -0.3106
vn -0.9376 -0.1158 -0.3279
vn 0.4451 -0.8807 -0.1619
vn -0.0089 -0.5938 -0.8045
vn -0.0151 -0.6084 -0.7935
vn 0.5260 0.6337 0.5672
vn 0.0092 0.5148 0.8572
vn -0.3828 -0.4496 -0.8071
vn 0.1959 0.4777 0.8564
vn 0.0217 0.2287 0.9733
vn 0.1534 0.7626 0.6284
vn 0.0268 -0.9154 0.4017
vn 0.1201 0.9774 0.1739
vn -0.1793 0.4264 -0.8866
vn -0.2682 -0.4992 -0.8239
vn -0.5739 -0.4504 -0.6839
vn -0.9994 -0.0327 0.0103
vn -0.9989 -0.0461 -0.0051
vn -0.9985 -0.0544 0.0038
vn -0.9950 -0.0638 -0.0768
vn -0.9945 -0.0518 -0.0909
vn -0.9985 -0.0548 -0.0010
vn -0.9937 -0.0811 -0.0776
vn -0.7962 0.5933 -0.1181
vn -0.6966 0.7041 -0.1381
vn -0.0001 0.6584 0.7527
vn -0.0001 0.6591 0.7520
vn 0.5670 -0.3340 -0.7530
vn -0.0762 -0.4705 -0.8791
vn 0.0096 0.9752 -0.2209
vn -0.0379 0.2999 -0.9532
vn 0.5900 -0.5941 -0.5468
vn -0.1806 -0.9798 -0.0863
vn -0.1815 0.7953 -0.5783
vn -0.0553 0.6009 -0.7974
vn 0.0720 -0.8391 -0.5391
vn -0.0240 0.6138 -0.7891
vn -0.0108 -0.9262 0.3770
vn -0.0416 -0.9991 -0.0042
vn -0.0906 -0.9644 0.2483
vn -0.0874 -0.9814 0.1707
vn 0.0396 0.9917 0.1222
vn -0.0293 -0.2975 -0.9543
vn -0.0157 0.9990 -0.0428
vn -0.0398 0.9913 -0.1251
vn 0.0111 0.4580 0.8889
vn 0.0112 0.4540 0.8910
vn -0.0633 0.9976 0.0264
vn -0.0929 0.4188 0.9033
vn 0.0074 0.4475 0.8943
vn -0.4501 0.8821 -0.1388
vn -0.8646 0.5021 -0.0213
vn -0.6046 0.7796 -0.1635
vn -0.0095 -0.1159 0.9932
vn 0.0070 -0.2840 0.9588
vn 0.5999 0.1678 0.7823
vn 0.9827 -0.1822 0.0342
vn 0.9346 -0.3547 0.0261
vn 0.9982 -0.0566 -0.0190
vn -0.0083 0.9926 -0.1213
vn -0.0338 0.9924 -0.1179
vn -0.0432 0.9759 -0.2139
vn -0.0447 0.9785 -0.2015
vn -0.0275 0.9754 -0.2188
vn -0.0307 0.9723 -0.2318
vn 0.0001 -0.1472 -0.9891
vn 0.3558 0.1416 -0.9238
vn 0.9610 0.1970 -0.1939
vn 0.9809 0.1887 -0.0462
vn 0.9708 0.2308 -0.0661
vn 0.9949 0.0997 -0.0182
vn 0.9960 0.0881 -0.0167
vn 0.0001 -0.6591 -0.7520
vn 0.0001 -0.6584 -0.7527
vn -0.4367 0.5930 0.6764
vn 0.6975 -0.7103 -0.0944
vn 0.6964 -0.7039 0.1400
vn 0.7963 -0.5936 0.1165
vn 0.7939 -0.6077 0.0191
vn 0.9927 -0.1171 -0.0277
vn 0.9998 -0.0184 -0.0063
vn 0.9994 -0.0339 -0.0000
vn 0.9935 -0.0826 -0.0786
vn 0.9937 -0.0589 -0.0955
vn 0.9994 -0.0339 0.0003
vn 0.6964 0.7039 -0.1400
vn 0.7963 0.5936 -0.1165
vn 0.0001 0.6591 0.7520
vn 0.0001 0.6584 0.7527
vn 0.0421 0.1675 -0.9850
vn 0.0257 0.9790 -0.2022
vn 0.0379 0.2999 -0.9532
vn -0.9467 -0.1951 -0.2564
vn 0.6451 -0.0129 -0.7640
vn 0.2700 -0.9208 -0.2813
vn 0.1045 0.6326 -0.7674
vn -0.1598 0.7546 -0.6364
vn 0.0435 -0.8099 -0.5850
vn -0.1636 0.3820 0.9096
vn -0.0147 0.4508 0.8925
vn -0.0120 0.5390 0.8422
vn 0.0624 0.4453 0.8932
vn -0.0047 0.4177 0.9086
vn 0.4888 0.8603 -0.1445
vn 0.9237 0.3827 -0.0171
vn 0.7799 0.5974 -0.1867
vn -0.7690 0.2252 0.5983
vn -0.9747 -0.2218 0.0280
vn -0.9978 0.0659 -0.0060
vn 0.0018 0.9913 -0.1316
vn 0.0284 0.9748 -0.2214
vn 0.0817 0.9966 0.0073
vn 0.0341 0.9978 -0.0562
vn 0.0461 0.9924 -0.1145
vn 0.0350 0.9901 -0.1357
vn 0.0429 0.9760 -0.2134
vn 0.0507 0.9815 -0.1848
vn 0.0445 0.9789 -0.1995
vn 0.0273 0.9061 -0.4221
vn 0.0394 0.9422 -0.3328
vn -0.0001 -0.1785 -0.9839
vn -0.0058 -0.1630 -0.9866
vn -0.3969 0.1528 -0.9051
vn -0.9718 0.1769 -0.1560
vn -0.6938 0.6872 -0.2156
vn -0.7610 0.6025 -0.2404
vn -0.6402 0.7271 -0.2479
vn -0.9948 0.1008 -0.0141
vn -0.9964 0.0836 -0.0158
vn -0.9397 -0.3177 0.1265
vn -0.9831 -0.1816 -0.0231
vn -0.9950 0.0968 0.0236
vn 0.9997 -0.0000 0.0250
vn -0.0001 -0.6584 -0.7527
vn -0.0001 -0.6591 -0.7520
vn 0.4727 0.5810 0.6625
vn -0.6983 -0.7109 -0.0832
vn -0.7962 -0.5933 0.1181
vn -0.6966 -0.7041 0.1381
vn -0.7935 -0.6085 0.0125
vn 0.0183 -0.3517 -0.9359
vn -0.9935 0.0469 0.1040
vn -0.0006 -0.4558 -0.8901
vn 0.0011 0.3917 0.9201
vn -0.4271 -0.1189 -0.8963
vn 0.1987 0.8074 0.5555
vn 0.0372 -0.9827 0.1813
vn 0.0045 -0.4474 -0.8943
vn -0.0555 0.9952 0.0804
vn 0.4370 -0.1606 -0.8850
vn -0.9995 0.0195 0.0255
vn 0.9945 0.0814 0.0651
vn -0.9824 0.1700 -0.0777
vn -0.1234 -0.2298 -0.9654
vn 0.2197 -0.9736 -0.0620
vn -0.1487 -0.8666 0.4763
vn 0.0418 -0.9644 0.2610
vn -0.4556 -0.8901 -0.0108
vn 0.9992 -0.0393 -0.0003
vn 0.9971 0.0117 0.0754
vn 0.0054 -0.3458 -0.9383
vn 0.1840 0.9821 0.0394
vn -0.9991 -0.0078 -0.0426
vn 0.0745 -0.9821 -0.1731
vn 0.1273 -0.2375 -0.9630
vn 0.0023 0.3900 0.9208
vn 0.0308 -0.3586 -0.9330
vn 0.1489 -0.8714 0.4674
vn -0.1096 -0.9827 -0.1494
vn -0.0204 -0.7541 -0.6564
vn -0.0465 -0.9838 -0.1732
vn 0.0437 -0.7416 0.6695
vn 0.0637 0.9917 0.1118
vn -0.1118 0.1369 -0.9843
vn -0.0188 -0.3592 -0.9331
vn 0.0123 -0.9151 0.4031
vn -0.0654 -0.8812 -0.4682
vn 0.1810 0.8714 0.4559
vn -0.9951 0.0774 0.0608
vn 0.9957 -0.0230 -0.0894
vn -0.9991 -0.0092 -0.0406
vn 0.9991 -0.0102 -0.0420
vn -0.9962 -0.0101 -0.0860
vn -0.1180 -0.7754 -0.6203
vn 0.9995 0.0188 0.0242
vn 0.0006 -0.9717 -0.2363
vn -0.0077 -0.7504 -0.6610
vn 0.0140 -0.9726 -0.2320
vn 0.0192 -0.9693 -0.2450
vn -0.9596 -0.2034 -0.1943
vn 0.0654 -0.8812 -0.4683
vn 0.0648 0.8828 0.4652
vn -0.9994 0.0134 0.0310
vn 0.9995 -0.0111 0.0279
vn -0.9293 -0.1327 0.3448
vn 0.2153 0.8982 -0.3833
vn -0.0380 -0.9621 0.2700
vn -0.0400 -0.9824 0.1826
vn -0.1541 0.3170 0.9358
vn 0.9988 -0.0253 0.0423
vn -0.0195 -0.9722 -0.2331
vn -0.0002 -0.7520 -0.6591
vn 0.0027 -0.1256 -0.9921
vn -0.2124 0.3620 0.9077
vn -0.0863 -0.3144 -0.9454
vn 0.9857 -0.0636 -0.1563
vn -0.9875 -0.0402 -0.1521
vn 0.1725 0.2724 0.9466
vn 0.1249 -0.0924 -0.9879
vn 0.9963 0.0706 0.0494
vn 0.0312 -0.5626 0.8262
vn -0.1362 -0.0240 -0.9904
vn -0.1966 -0.5825 -0.7887
vn 0.1966 -0.5825 -0.7887
vn -0.9656 -0.1424 -0.2177
vn -0.9683 0.0462 0.2454
vn -0.1276 -0.3681 0.9210
vn 0.9978 0.0209 -0.0624
vn 0.0011 0.3905 0.9206
vn -0.0041 -0.4545 -0.8908
vn 0.3150 -0.9161 -0.2480
vn 0.0857 -0.8421 0.5324
vn -0.9941 -0.0825 -0.0704
vn -0.9768 -0.1293 -0.1707
vn 0.9771 -0.1282 -0.1697
vn 0.9850 -0.1493 -0.0870
vn -0.0049 -0.7732 0.6341
vn 0.0850 -0.9611 0.2627
vn -0.1052 -0.9504 0.2927
vn 0.5130 0.3334 0.7910
vn 0.0449 -0.5904 0.8058
vn 0.9702 -0.1398 -0.1981
vn 0.0207 0.8502 0.5261
vn 0.0094 -0.4592 -0.8883
vn -0.9893 -0.1436 0.0256
vn 0.0446 -0.9720 0.2308
vn -0.9951 0.0791 -0.0599
vn -0.9823 0.1872 -0.0075
vn 0.1276 -0.3681 0.9210
vn -0.9978 0.0210 -0.0625
vn -0.9501 -0.3119 -0.0045
vn 0.9648 -0.2623 -0.0190
vn 0.0302 -0.9794 0.1996
vn 0.9973 0.0736 -0.0025
vn -0.9952 0.0950 -0.0245
vn -0.0546 0.3409 0.9385
vn -0.4411 -0.8722 0.2114
vn 0.4424 -0.8439 0.3035
vn -0.1695 0.9625 0.2117
vn 0.0615 0.8744 0.4813
vn 0.9597 -0.2032 -0.1941
vn 0.9842 0.0528 0.1691
vn 0.0346 0.9383 0.3440
vn 0.9728 -0.1431 -0.1822
vn -0.0191 0.9977 0.0645
vn 0.0516 -0.1704 -0.9840
vn -0.9893 -0.0240 0.1437
vn -0.1040 -0.7942 0.5987
vn 0.0228 0.1525 0.9880
vn 0.2805 0.0876 0.9558
vn -0.9913 -0.0109 -0.1314
vn 0.0064 -0.7938 0.6081
vn 0.9941 -0.1049 -0.0265
vn 0.9917 -0.0295 -0.1255
vn -0.9730 -0.1524 -0.1731
vn -0.0349 0.9250 0.3783
vn -0.0769 -0.2661 -0.9609
vn 0.0040 0.9976 0.0687
vn -0.9886 0.1505 -0.0099
vn -0.9621 -0.2057 0.1792
vn 0.9785 0.2057 -0.0133
vn 0.9893 -0.1365 0.0525
vn 0.9795 0.1565 -0.1266
vn -0.9786 0.1613 -0.1274
vn -0.9981 0.0248 0.0562
vn -0.0284 -0.7980 -0.6020
vn -0.0035 -0.3475 -0.9377
vn -0.0000 0.3400 0.9404
vn 0.7949 0.6001 0.0892
vn 0.9412 0.1187 0.3164
vn -0.0243 -0.8994 -0.4365
vn -0.2153 0.8982 -0.3833
vn 0.0229 0.9097 -0.4147
vn 0.9713 0.2186 -0.0937
vn 0.9269 -0.3413 0.1562
vn 0.9783 0.0055 0.2073
vn -0.9264 -0.3392 0.1634
vn 0.1897 -0.8993 0.3941
vn -0.9752 0.0101 0.2210
vn -0.9959 0.0743 0.0514
vn -0.9613 -0.2751 0.0179
vn 0.0619 -0.9610 -0.2696
vn -0.1060 0.9916 0.0743
vn -0.2804 0.7622 0.5834
vn 0.0061 0.9954 0.0957
vn 0.0189 0.7789 0.6268
vn 0.0269 -0.3480 -0.9371
vn 0.9603 -0.2603 -0.1000
vn 0.9805 -0.0918 -0.1738
vn 0.9605 -0.2778 0.0177
vn -0.0607 -0.9623 -0.2653
vn -0.0110 0.9897 0.1428
vn -0.3071 -0.9187 -0.2484
vn 0.9834 0.1699 -0.0638
vn 0.0592 0.9929 0.1029
vn -0.9989 0.0200 0.0419
vn -0.2790 0.7597 0.5874
vn -0.7264 0.2114 0.6540
vn 0.0295 0.9670 0.2529
vn 0.9881 -0.1520 0.0247
vn -0.0447 -0.9727 0.2277
vn 0.9950 0.0797 -0.0597
vn 0.9827 0.1850 -0.0086
vn 0.9999 -0.0077 0.0113
vn -0.0343 -0.9826 0.1824
vn 0.0927 -0.1431 -0.9854
vn -0.1684 -0.5590 0.8119
vn 0.9877 0.0928 -0.1260
vn -0.9875 0.0936 -0.1268
vn 0.1684 -0.5590 0.8119
vn -0.0002 -0.9709 -0.2393
vn -0.0558 0.9926 0.1078
vn 0.1188 0.4346 0.8927
vn -0.0024 -0.4682 -0.8836
vn 0.0007 -0.4648 -0.8854
vn 0.9976 0.0670 0.0188
vn -0.5940 0.7487 0.2943
vn -0.9892 -0.0368 0.1419
vn -0.1612 0.3468 -0.9240
vn 0.9901 -0.0347 0.1363
vn -0.0999 0.3459 -0.9330
vn -0.3278 0.7769 0.5376
vn 0.0774 0.9957 0.0512
vn -0.0240 0.4414 0.8970
vn -0.5484 0.7295 0.4087
vn 0.7495 0.6414 0.1636
vn 0.0076 0.9549 0.2967
vn -0.0434 0.0952 0.9945
vn -0.9682 0.0416 0.2467
vn 0.2759 -0.1345 0.9517
vn 0.9805 0.0530 0.1892
vn -0.9745 -0.1337 -0.1803
vn -0.9972 -0.0744 -0.0036
vn 0.3285 0.7328 0.5959
vn 0.9911 0.1118 0.0720
vn -0.9992 -0.0361 0.0176
vn 0.9992 -0.0358 0.0172
vn 0.9727 -0.1451 -0.1813
vn 0.9910 -0.0327 -0.1298
vn -0.3571 0.1964 0.9132
vn -0.9801 -0.0462 -0.1932
vn 0.3570 0.1964 0.9132
vn -0.9641 -0.2640 -0.0282
vn 0.9981 -0.0603 -0.0151
vn -0.4717 0.6619 -0.5826
vn 0.0987 -0.7906 -0.6044
vn -0.0224 -0.9837 0.1787
vn 0.0223 -0.9837 0.1782
vn 0.2286 -0.9527 0.2005
vn -0.1760 0.9569 -0.2310
vn 0.9926 0.0113 0.1209
vn 0.0225 0.2621 -0.9648
vn 0.9973 -0.0729 -0.0041
vn -0.9832 -0.1555 -0.0953
vn 0.9827 -0.1578 -0.0967
vn 0.1123 0.1470 -0.9827
vn 0.2311 0.7197 0.6547
vn -0.0703 0.3198 0.9449
vn 0.1753 -0.3597 0.9164
vn -0.4897 0.8551 0.1705
vn -0.0864 0.5551 0.8273
vn -0.9990 -0.0406 0.0202
vn 0.0678 -0.5932 0.8022
vn -0.0368 -0.1008 0.9942
vn -0.0057 0.8260 0.5637
vn -0.1391 -0.9865 0.0868
vn 0.1392 -0.9865 0.0868
vn -0.2795 0.1547 -0.9476
vn 0.9842 -0.0889 0.1530
vn -0.0193 -0.9760 -0.2168
vn 0.0498 -0.9741 -0.2206
vn 0.3027 0.1120 -0.9465
vn -0.2750 0.1564 0.9486
vn 0.1452 0.5558 0.8185
vn 0.0294 0.7527 0.6577
vn -0.2138 0.7685 0.6030
vn 0.4490 0.8672 -0.2151
vn -0.2177 -0.9070 -0.3605
vn 0.2177 -0.9070 -0.3605
vn -0.3647 -0.7457 0.5576
vn -0.3907 -0.8891 0.2386
vn -0.2495 -0.9462 -0.2060
vn -0.9948 -0.0676 -0.0761
vn 0.2569 -0.9377 -0.2339
vn 0.2036 0.7396 0.6415
vn -0.2131 0.6629 0.7178
vn -0.9729 0.0299 0.2294
vn -0.0072 -0.6455 0.7637
vn -0.4079 0.7087 0.5757
vn 0.0212 0.8985 0.4385
vn 0.0219 -0.9151 0.4027
vn -0.9995 0.0058 0.0312
vn -0.1540 0.9708 0.1842
vn 0.4407 0.8800 0.1771
vn 0.9832 -0.1615 -0.0852
vn 0.0330 -0.9417 -0.3348
vn -0.1265 -0.8412 -0.5257
vn 0.2847 0.1237 0.9506
vn -0.2971 0.0152 0.9547
vn -0.9387 -0.0184 -0.3443
vn 0.1571 -0.0394 -0.9868
vn -0.1449 -0.0191 -0.9893
vn 0.9297 -0.0309 -0.3670
vn -0.1758 -0.4877 0.8551
vn 0.0785 -0.3836 0.9202
vn 0.3669 -0.0805 -0.9268
vn -0.2765 0.6843 -0.6747
vn 0.2765 0.6843 -0.6747
vn 0.0640 0.9926 0.1035
vn 0.8121 -0.1380 -0.5670
vn 0.7651 -0.3136 -0.5624
vn -0.7651 -0.3136 -0.5624
vn -0.8120 -0.1387 -0.5670
vn 0.0147 0.0547 0.9984
vn -0.9779 -0.1778 0.1097
vn -0.9918 0.1110 0.0641
vn -0.2845 0.7978 0.5315
vn 0.9942 -0.0224 0.1050
vn -0.3182 0.9456 0.0675
vn 0.3181 0.9457 0.0672
vn -0.0378 -0.4953 -0.8679
vn 0.0380 -0.4950 -0.8681
vn 0.9164 -0.2597 -0.3045
vn -0.9351 -0.1888 -0.2999
vn 0.1502 0.9277 -0.3418
vn -0.1684 0.9244 -0.3424
vn -0.9355 -0.1896 -0.2982
vn 0.8876 -0.2374 -0.3947
vn -0.0753 -0.9562 0.2830
vn -0.0566 0.0819 0.9950
vn -0.9811 -0.1606 -0.1082
vn 0.9806 -0.1523 -0.1235
vn 0.7782 0.3478 -0.5228
vn 0.0026 -0.0232 0.9997
vn 0.3326 0.5912 0.7348
vn -0.0826 0.3197 0.9439
vn 0.2385 0.7165 0.6556
vn 0.0225 -0.3548 -0.9347
vn -0.0185 -0.3597 -0.9329
vn -0.8251 -0.3935 -0.4053
vn 0.8250 -0.3952 -0.4040
vn 0.2791 -0.5367 -0.7963
vn -0.2788 -0.5360 -0.7968
s 0
usemtl SEAT-FRAME
f 1718//2671 1712//2671 1711//2671
f 1719//2672 1718//2672 1711//2672
f 1719//2673 1711//2673 1713//2673
f 1720//2674 1719//2674 1713//2674
f 1720//2675 1713//2675 1714//2675
f 1720//2676 1714//2676 1715//2676
f 1721//2677 1720//2677 1715//2677
f 1721//2678 1715//2678 1716//2678
f 1722//2679 1721//2679 1716//2679
f 1722//2680 1716//2680 1717//2680
f 1722//2681 1717//2681 1712//2681
f 1718//2682 1722//2682 1712//2682
f 1723//2683 1724//2683 1718//2683
f 1723//2684 1718//2684 1719//2684
f 1725//2685 1723//2685 1719//2685
f 1726//2686 1725//2686 1719//2686
f 1726//2687 1719//2687 1720//2687
f 1727//2688 1726//2688 1720//2688
f 1728//2689 1727//2689 1720//2689
f 1728//2690 1720//2690 1721//2690
f 1729//2691 1728//2691 1721//2691
f 1730//2692 1729//2692 1721//2692
f 1730//2693 1721//2693 1722//2693
f 1724//2694 1730//2694 1722//2694
f 1724//2695 1722//2695 1718//2695
f 1735//2696 1732//2696 1724//2696
f 1735//2697 1724//2697 1723//2697
f 1736//2698 1735//2698 1723//2698
f 1736//2699 1723//2699 1725//2699
f 1736//2700 1725//2700 1726//2700
f 1737//2701 1736//2701 1726//2701
f 1738//2702 1737//2702 1726//2702
f 1738//2703 1726//2703 1727//2703
f 1738//2704 1727//2704 1728//2704
f 1739//2705 1738//2705 1728//2705
f 1740//2706 1739//2706 1728//2706
f 1740//2707 1728//2707 1729//2707
f 1740//2708 1729//2708 1730//2708
f 1734//2709 1740//2709 1730//2709
f 1732//2710 1734//2710 1730//2710
f 1732//2711 1730//2711 1724//2711
f 1731//2712 1732//2712 1733//2712
f 1731//2713 1734//2713 1732//2713
f 1732//2714 1735//2714 1733//2714
f 1733//2715 1735//2715 1736//2715
f 1733//2716 1736//2716 1737//2716
f 1733//2717 1737//2717 1738//2717
f 1733//2718 1738//2718 1731//2718
f 1731//2719 1738//2719 1739//2719
f 1731//2720 1739//2720 1740//2720
f 1731//2721 1740//2721 1734//2721
f 1741//2722 1742//2722 1743//2722
f 1741//2723 1743//2723 1744//2723
f 1743//2724 1745//2724 1746//2724
f 1747//2725 1748//2725 1749//2725
f 1747//2726 1749//2726 1750//2726
f 1748//2727 1745//2727 1743//2727
f 1748//2728 1743//2728 1742//2728
f 1747//2729 1745//2729 1748//2729
f 1745//2730 1747//2730 1761//2730
f 1744//2731 1751//2731 1752//2731
f 1741//2732 1744//2732 1752//2732
f 1744//2733 1743//2733 1751//2733
f 1753//2734 1756//2734 1754//2734
f 1753//2735 1754//2735 1748//2735
f 1755//2736 1756//2736 1757//2736
f 1755//2737 1757//2737 1742//2737
f 1758//2738 1759//2738 1756//2738
f 1758//2739 1756//2739 1753//2739
f 1756//2740 1759//2740 1757//2740
f 1757//2741 1758//2741 1753//2741
f 1758//2742 1757//2742 1759//2742
f 1755//2743 1742//2743 1741//2743
f 1755//2744 1741//2744 1760//2744
f 1742//2745 1757//2745 1753//2745
f 1753//2746 1748//2746 1742//2746
f 1751//2747 1746//2747 1755//2747
f 1751//2748 1755//2748 1760//2748
f 1746//2749 1745//2749 1761//2749
f 1750//2750 1749//2750 1754//2750
f 1761//2751 1754//2751 1755//2751
f 1755//2752 1746//2752 1761//2752
f 1754//2753 1761//2753 1750//2753
f 1761//2754 1747//2754 1750//2754
f 1752//2755 1751//2755 1760//2755
f 1743//2756 1746//2756 1751//2756
f 1754//2757 1756//2757 1755//2757
f 1762//2722 1763//2722 1764//2722
f 1762//2723 1764//2723 1765//2723
f 1764//2724 1766//2724 1767//2724
f 1768//2758 1769//2758 1770//2758
f 1768//2726 1770//2726 1771//2726
f 1769//2727 1766//2727 1764//2727
f 1769//2728 1764//2728 1763//2728
f 1768//2729 1766//2729 1769//2729
f 1766//2730 1768//2730 1782//2730
f 1765//2731 1772//2731 1773//2731
f 1762//2732 1765//2732 1773//2732
f 1765//2733 1764//2733 1772//2733
f 1774//2734 1777//2734 1775//2734
f 1774//2735 1775//2735 1769//2735
f 1776//2736 1777//2736 1778//2736
f 1776//2737 1778//2737 1763//2737
f 1779//2738 1780//2738 1777//2738
f 1779//2739 1777//2739 1774//2739
f 1777//2740 1780//2740 1778//2740
f 1778//2741 1779//2741 1774//2741
f 1779//2742 1778//2742 1780//2742
f 1776//2743 1763//2743 1762//2743
f 1776//2744 1762//2744 1781//2744
f 1763//2745 1778//2745 1774//2745
f 1774//2746 1769//2746 1763//2746
f 1772//2747 1767//2747 1776//2747
f 1772//2748 1776//2748 1781//2748
f 1767//2749 1766//2749 1782//2749
f 1771//2750 1770//2750 1775//2750
f 1782//2751 1775//2751 1776//2751
f 1776//2752 1767//2752 1782//2752
f 1775//2753 1782//2753 1771//2753
f 1782//2754 1768//2754 1771//2754
f 1773//2755 1772//2755 1781//2755
f 1764//2756 1767//2756 1772//2756
f 1775//2757 1777//2757 1776//2757
f 1783//2759 1784//2759 1785//2759
f 1783//2760 1785//2760 1786//2760
f 1787//2761 1786//2761 1785//2761
f 1788//2762 1789//2762 1790//2762
f 1790//2763 1789//2763 1791//2763
f 1790//2764 1793//2764 1788//2764
f 1794//2765 1793//2765 1788//2765
f 1788//2766 1794//2766 1795//2766
f 1796//2767 1797//2767 1798//2767
f 1796//2768 1798//2768 1799//2768
f 1800//2769 1801//2769 1802//2769
f 1800//2770 1802//2770 1803//2770
f 1806//2771 1807//2771 1808//2771
f 1806//2772 1808//2772 1809//2772
f 1810//2773 1811//2773 1812//2773
f 1815//2774 1814//2774 1816//2774
f 1817//2775 1816//2775 1818//2775
f 1819//2776 1818//2776 1820//2776
f 1821//2777 1820//2777 1822//2777
f 1821//2778 1822//2778 1823//2778
f 1826//2779 1825//2779 1824//2779
f 1826//2780 1824//2780 1827//2780
f 1827//2781 1828//2781 1829//2781
f 1813//2782 1831//2782 1814//2782
f 1816//2783 1814//2783 1831//2783
f 1816//2784 1831//2784 1832//2784
f 1816//2785 1832//2785 1818//2785
f 1818//2786 1832//2786 1833//2786
f 1818//2787 1833//2787 1820//2787
f 1822//2788 1820//2788 1833//2788
f 1822//2789 1833//2789 1834//2789
f 1822//2790 1834//2790 1835//2790
f 1822//2791 1835//2791 1824//2791
f 1824//2792 1835//2792 1827//2792
f 1827//2793 1835//2793 1836//2793
f 1827//2794 1836//2794 1829//2794
f 1829//2795 1836//2795 1837//2795
f 1829//2796 1837//2796 1830//2796
f 1837//2797 1830//2797 1838//2797
f 1833//2798 1839//2798 1834//2798
f 1831//2799 1840//2799 1841//2799
f 1831//2800 1841//2800 1832//2800
f 1833//2801 1832//2801 1841//2801
f 1833//2802 1841//2802 1842//2802
f 1839//2803 1833//2803 1842//2803
f 1836//2804 1843//2804 1844//2804
f 1836//2805 1844//2805 1850//2805
f 1850//2806 1836//2806 1835//2806
f 1841//2807 1846//2807 1845//2807
f 1841//2808 1845//2808 1847//2808
f 1842//2809 1841//2809 1847//2809
f 1835//2810 1849//2810 1834//2810
f 1849//2811 1834//2811 1839//2811
f 1842//2812 1848//2812 1839//2812
f 1839//2813 1848//2813 1849//2813
f 1835//2814 1849//2814 1850//2814
f 1844//2815 1851//2815 1843//2815
f 1852//2816 1844//2816 1850//2816
f 1850//2817 1849//2817 1923//2817
f 1902//2818 1850//2818 1923//2818
f 1853//2819 1814//2819 1813//2819
f 1856//2820 1854//2820 1855//2820
f 1856//2821 1855//2821 1857//2821
f 1856//2822 1857//2822 1883//2822
f 1858//2823 1855//2823 1854//2823
f 1858//2824 1854//2824 1859//2824
f 1858//2825 1859//2825 1860//2825
f 1861//2826 1860//2826 1859//2826
f 1861//2827 1859//2827 1862//2827
f 1861//2828 1862//2828 1863//2828
f 1811//2829 1864//2829 1865//2829
f 1811//2830 1865//2830 1866//2830
f 1866//2831 1865//2831 1862//2831
f 1863//2832 1862//2832 1865//2832
f 1865//2833 1970//2833 1864//2833
f 1863//2834 1865//2834 1867//2834
f 1865//2835 1867//2835 1868//2835
f 1863//2836 1868//2836 1861//2836
f 1868//2837 1861//2837 1869//2837
f 1861//2838 1869//2838 1860//2838
f 1855//2839 1858//2839 1870//2839
f 1855//2840 1870//2840 1857//2840
f 1857//2841 1870//2841 1871//2841
f 1881//2842 1857//2842 1871//2842
f 1881//2843 1871//2843 1872//2843
f 1873//2844 1872//2844 1874//2844
f 1873//2845 1875//2845 1876//2845
f 1876//2846 1875//2846 1877//2846
f 1876//2847 1878//2847 1879//2847
f 1876//2848 1879//2848 1873//2848
f 1873//2849 1879//2849 1880//2849
f 1881//2850 1872//2850 1873//2850
f 1881//2851 1873//2851 1880//2851
f 1881//2852 1880//2852 1882//2852
f 1857//2853 1881//2853 1882//2853
f 1857//2854 1882//2854 1883//2854
f 1860//2855 1884//2855 1858//2855
f 1869//2856 1884//2856 1860//2856
f 1870//2857 1858//2857 1885//2857
f 1870//2858 1885//2858 1886//2858
f 1871//2859 1870//2859 1886//2859
f 1872//2860 1887//2860 1874//2860
f 1873//2861 1874//2861 1875//2861
f 1884//2862 1885//2862 1858//2862
f 1888//2863 1885//2863 1884//2863
f 1884//2864 1869//2864 1889//2864
f 1892//2865 1889//2865 1869//2865
f 1892//2866 1869//2866 1868//2866
f 1892//2867 1868//2867 1865//2867
f 1892//2868 1865//2868 1890//2868
f 1865//2869 1890//2869 1970//2869
f 1891//2870 1888//2870 1884//2870
f 1891//2871 1884//2871 1889//2871
f 1891//2872 1889//2872 1892//2872
f 1970//2873 1894//2873 1890//2873
f 1892//2874 1890//2874 1895//2874
f 1892//2875 1895//2875 1896//2875
f 1891//2876 1892//2876 1896//2876
f 1893//2877 1891//2877 1896//2877
f 1897//2878 1893//2878 1896//2878
f 1895//2879 1897//2879 1896//2879
f 1894//2880 1898//2880 1899//2880
f 1890//2881 1894//2881 1899//2881
f 1890//2882 1899//2882 1895//2882
f 1895//2883 1899//2883 1900//2883
f 1897//2884 1900//2884 1899//2884
f 1897//2885 1924//2885 1901//2885
f 1897//2886 1901//2886 1893//2886
f 1924//2887 1897//2887 1902//2887
f 1887//2888 1872//2888 1903//2888
f 1903//2889 1872//2889 1871//2889
f 1871//2890 1903//2890 1904//2890
f 1904//2891 1871//2891 1886//2891
f 1905//2892 1904//2892 1886//2892
f 1903//2893 1904//2893 1906//2893
f 1874//2894 1887//2894 1875//2894
f 1907//2895 1908//2895 1877//2895
f 1907//2896 1877//2896 1875//2896
f 1907//2897 1875//2897 1909//2897
f 1912//2898 1909//2898 1875//2898
f 1908//2899 1910//2899 1907//2899
f 1911//2900 1910//2900 1907//2900
f 1911//2901 1907//2901 1912//2901
f 1912//2902 1911//2902 1919//2902
f 1913//2903 1912//2903 1875//2903
f 1913//2904 1875//2904 1887//2904
f 1906//2905 1913//2905 1887//2905
f 1906//2906 1904//2906 1914//2906
f 1903//2907 1906//2907 1887//2907
f 1913//2908 1906//2908 1915//2908
f 1915//2909 1906//2909 1914//2909
f 1916//2910 1915//2910 1914//2910
f 1916//2911 1914//2911 1917//2911
f 1916//2912 1917//2912 1918//2912
f 1914//2913 1904//2913 1905//2913
f 1914//2914 1905//2914 1917//2914
f 1919//2915 1921//2915 1920//2915
f 1920//2916 1911//2916 1919//2916
f 1923//2917 1916//2917 1924//2917
f 1924//2918 1916//2918 1918//2918
f 1923//2919 1849//2919 1848//2919
f 1923//2920 1848//2920 1922//2920
f 1922//2921 1848//2921 1842//2921
f 1911//2922 1910//2922 1845//2922
f 1920//2923 1847//2923 1842//2923
f 1920//2924 1911//2924 1845//2924
f 1920//2925 1845//2925 1847//2925
f 1810//2926 1925//2926 1864//2926
f 1810//2927 1864//2927 1811//2927
f 1926//2928 1927//2928 1928//2928
f 1926//2929 1928//2929 1838//2929
f 1929//2930 1930//2930 1931//2930
f 1929//2931 1931//2931 1932//2931
f 1925//2932 1929//2932 1932//2932
f 1925//2933 1932//2933 1864//2933
f 1933//2934 1927//2934 1934//2934
f 1933//2935 1934//2935 1935//2935
f 1927//2936 1926//2936 1934//2936
f 1930//2937 1931//2937 1936//2937
f 1937//2938 1838//2938 1928//2938
f 1937//2939 1928//2939 1938//2939
f 1864//2940 1932//2940 1966//2940
f 1838//2941 1937//2941 1830//2941
f 1932//2942 1931//2942 1939//2942
f 1939//2943 1935//2943 1940//2943
f 1940//2944 1935//2944 1934//2944
f 1941//2945 1939//2945 1931//2945
f 1941//2946 1931//2946 1935//2946
f 1942//2947 1943//2947 1944//2947
f 1945//2948 1946//2948 1947//2948
f 1946//2949 1948//2949 1947//2949
f 1807//2950 1806//2950 1942//2950
f 1942//2951 1806//2951 1943//2951
f 1949//2952 1950//2952 1951//2952
f 1952//2953 1955//2953 1953//2953
f 1952//2954 1953//2954 1954//2954
f 1950//2955 1949//2955 1956//2955
f 1954//2956 1953//2956 1949//2956
f 1954//2957 1949//2957 1951//2957
f 1952//2958 1947//2958 1948//2958
f 1952//2959 1948//2959 1955//2959
f 1953//2960 1955//2960 1840//2960
f 1953//2961 1840//2961 1831//2961
f 1840//2962 1955//2962 1845//2962
f 1813//2963 1953//2963 1831//2963
f 1877//2964 1806//2964 1876//2964
f 1876//2965 1806//2965 1878//2965
f 1946//2966 1945//2966 1908//2966
f 1946//2967 1908//2967 1910//2967
f 1944//2968 1943//2968 1877//2968
f 1944//2969 1877//2969 1908//2969
f 1945//2970 1944//2970 1908//2970
f 1877//2971 1943//2971 1806//2971
f 1949//2972 1953//2972 1813//2972
f 1957//2973 1949//2973 1813//2973
f 1948//2974 1946//2974 1910//2974
f 1845//2975 1955//2975 1948//2975
f 1845//2976 1948//2976 1910//2976
f 1958//2977 1959//2977 1837//2977
f 1958//2978 1837//2978 1960//2978
f 1958//2979 1960//2979 1961//2979
f 1962//2980 1963//2980 1964//2980
f 1962//2981 1964//2981 1965//2981
f 1968//2982 1969//2982 1970//2982
f 1969//2983 1963//2983 1962//2983
f 1961//2984 1971//2984 1966//2984
f 1961//2985 1966//2985 1958//2985
f 1837//2986 1967//2986 1971//2986
f 1837//2987 1971//2987 1960//2987
f 1960//2988 1971//2988 1961//2988
f 1971//2989 1967//2989 1966//2989
f 1958//2990 1966//2990 1959//2990
f 1963//2991 1969//2991 1968//2991
f 1963//2992 1968//2992 1964//2992
f 1970//2993 1969//2993 1962//2993
f 1970//2994 1962//2994 1965//2994
f 1888//2995 1975//2995 1885//2995
f 1973//2996 1972//2996 1974//2996
f 1974//2997 1975//2997 1976//2997
f 1974//2998 1976//2998 1973//2998
f 1972//2999 1905//2999 1974//2999
f 1905//3000 1885//3000 1974//3000
f 1885//3001 1975//3001 1974//3001
f 1976//3002 1975//3002 1888//3002
f 1976//3003 1888//3003 1891//3003
f 1924//3004 1973//3004 1976//3004
f 1973//3005 1924//3005 1918//3005
f 1973//3006 1972//3006 1905//3006
f 1973//3007 1905//3007 1917//3007
f 1917//3008 1973//3008 1918//3008
f 1924//3009 1902//3009 1923//3009
f 1976//3010 1924//3010 1901//3010
f 1976//3011 1891//3011 1893//3011
f 1976//3012 1893//3012 1901//3012
f 1898//3013 1851//3013 1844//3013
f 1898//3014 1844//3014 1899//3014
f 1899//3015 1844//3015 1852//3015
f 1899//3016 1852//3016 1850//3016
f 1899//3017 1850//3017 1897//3017
f 1897//3018 1850//3018 1902//3018
f 1838//3019 1837//3019 1959//3019
f 1964//3020 1837//3020 1836//3020
f 1965//3021 1843//3021 1836//3021
f 1967//3022 1837//3022 1964//3022
f 1967//3023 1964//3023 1968//3023
f 1932//3024 1939//3024 1977//3024
f 1926//3025 1838//3025 1959//3025
f 1926//3026 1959//3026 1958//3026
f 1878//3027 1806//3027 1809//3027
f 1878//3028 1809//3028 1978//3028
f 1878//3029 1978//3029 1979//3029
f 1811//3030 1980//3030 1812//3030
f 1811//3031 1866//3031 1980//3031
f 1980//3032 1866//3032 1862//3032
f 1980//3033 1862//3033 1981//3033
f 1981//3034 1862//3034 1982//3034
f 1982//3035 1862//3035 1859//3035
f 1982//3036 1859//3036 1983//3036
f 1983//3037 1859//3037 1854//3037
f 1983//3038 1854//3038 1984//3038
f 1984//3039 1854//3039 1856//3039
f 1984//3040 1856//3040 1883//3040
f 1984//3041 1883//3041 1985//3041
f 1985//3042 1883//3042 1986//3042
f 1986//3043 1883//3043 1882//3043
f 1986//3044 1882//3044 1987//3044
f 1987//3045 1882//3045 1988//3045
f 1988//3046 1882//3046 1880//3046
f 1988//3047 1880//3047 1989//3047
f 1989//3048 1880//3048 1879//3048
f 1989//3049 1879//3049 1990//3049
f 1990//3050 1879//3050 1979//3050
f 1979//3051 1879//3051 1878//3051
f 1921//3052 1915//3052 1916//3052
f 1921//3053 1916//3053 1923//3053
f 1921//3054 1923//3054 1922//3054
f 1913//3055 1915//3055 1921//3055
f 1913//3056 1921//3056 1919//3056
f 1921//3057 1922//3057 1920//3057
f 1919//3058 1912//3058 1913//3058
f 1842//3059 1920//3059 1922//3059
f 1966//3060 1970//3060 1864//3060
f 2145//3061 1991//3061 2089//3061
f 2145//3062 2089//3062 1992//3062
f 1993//3063 1994//3063 2095//3063
f 1993//3064 2095//3064 2099//3064
f 1995//3065 1996//3065 1993//3065
f 1995//3066 1993//3066 2099//3066
f 1994//3067 2096//3067 2095//3067
f 2020//3068 1997//3068 2097//3068
f 1997//3069 2020//3069 1996//3069
f 1996//3070 1995//3070 1997//3070
f 2081//3071 1991//3071 1998//3071
f 1999//3072 2096//3072 1994//3072
f 1999//3073 1994//3073 2000//3073
f 2021//3074 2098//3074 2001//3074
f 2021//3075 2001//3075 2002//3075
f 2097//3076 2098//3076 2021//3076
f 2097//3077 2021//3077 2020//3077
f 2085//3078 2144//3078 1999//3078
f 2085//3079 1999//3079 2000//3079
f 2003//3080 2144//3080 2085//3080
f 2004//3081 2081//3081 1998//3081
f 2013//3082 1810//3082 1812//3082
f 2007//3083 2008//3083 1930//3083
f 2008//3084 1930//3084 1929//3084
f 2040//3085 2045//3085 2009//3085
f 2009//3086 2040//3086 2077//3086
f 2011//3087 2012//3087 2013//3087
f 2011//3088 2013//3088 2010//3088
f 2013//3089 2012//3089 2014//3089
f 2015//3090 2030//3090 2016//3090
f 2017//3091 2030//3091 2015//3091
f 2017//3092 2015//3092 2018//3092
f 2019//3093 2020//3093 2021//3093
f 2019//3094 2021//3094 2090//3094
f 2022//3095 2023//3095 2024//3095
f 2025//3096 2018//3096 2015//3096
f 2019//3097 2023//3097 2022//3097
f 2009//3098 2005//3098 1925//3098
f 2009//3099 1925//3099 1810//3099
f 2009//3100 1810//3100 2014//3100
f 2040//3101 2026//3101 2077//3101
f 2026//3102 2028//3102 2029//3102
f 2025//3103 2029//3103 2028//3103
f 2025//3104 2028//3104 2072//3104
f 2019//3105 2090//3105 2023//3105
f 1993//3106 2016//3106 2030//3106
f 2031//3107 2030//3107 2032//3107
f 2033//3108 2034//3108 2035//3108
f 2035//3109 2036//3109 2022//3109
f 2036//3110 2033//3110 2035//3110
f 2035//3111 2034//3111 2015//3111
f 2016//3112 2035//3112 2015//3112
f 2034//3113 2026//3113 2029//3113
f 2034//3114 2029//3114 2037//3114
f 2034//3115 2037//3115 2015//3115
f 2025//3116 2015//3116 2029//3116
f 2038//3117 2039//3117 2040//3117
f 2041//3118 2042//3118 2043//3118
f 2041//3119 2043//3119 2044//3119
f 2045//3120 2041//3120 2046//3120
f 2045//3121 2046//3121 2047//3121
f 2045//3122 2042//3122 2041//3122
f 2044//3123 2043//3123 2047//3123
f 2044//3124 2047//3124 2046//3124
f 2039//3125 2038//3125 2048//3125
f 2039//3126 2048//3126 2049//3126
f 2049//3127 2048//3127 2050//3127
f 2049//3128 2050//3128 2051//3128
f 2050//3129 2038//3129 2040//3129
f 2050//3130 2040//3130 2051//3130
f 2041//3131 2044//3131 2046//3131
f 2050//3132 2048//3132 2038//3132
f 2013//3133 2014//3133 1810//3133
f 1929//3134 2045//3134 2052//3134
f 2008//3135 1929//3135 2052//3135
f 2008//3136 2052//3136 2053//3136
f 2045//3137 2047//3137 2054//3137
f 2049//3138 2043//3138 2042//3138
f 2049//3139 2042//3139 2039//3139
f 1929//3140 2005//3140 2009//3140
f 1929//3141 2009//3141 2045//3141
f 2057//3142 2058//3142 2054//3142
f 2043//3143 2054//3143 2047//3143
f 2047//3144 2054//3144 2058//3144
f 2043//3145 2057//3145 2054//3145
f 2053//3146 2052//3146 2060//3146
f 2043//3147 2049//3147 2022//3147
f 2034//3148 2061//3148 2062//3148
f 2036//3149 2064//3149 2022//3149
f 2034//3150 2062//3150 2026//3150
f 2036//3151 2063//3151 2061//3151
f 2036//3152 2061//3152 2034//3152
f 2036//3153 2034//3153 2033//3153
f 2064//3154 2051//3154 2022//3154
f 2064//3155 2063//3155 2036//3155
f 2055//3156 2043//3156 2057//3156
f 2043//3157 2022//3157 2024//3157
f 2043//3158 2024//3158 2055//3158
f 2056//3159 2024//3159 2055//3159
f 2026//3160 2062//3160 2040//3160
f 1938//3161 1928//3161 2057//3161
f 1938//3162 2057//3162 2055//3162
f 2008//3163 2053//3163 2065//3163
f 2008//3164 2065//3164 2006//3164
f 1933//3165 2006//3165 2053//3165
f 1933//3166 2053//3166 2059//3166
f 1927//3167 1933//3167 2059//3167
f 1927//3168 2059//3168 2058//3168
f 1928//3169 1927//3169 2058//3169
f 1928//3170 2058//3170 2057//3170
f 2019//3171 2022//3171 2035//3171
f 1996//3172 2019//3172 2020//3172
f 1996//3173 2019//3173 2035//3173
f 1996//3174 2035//3174 1993//3174
f 2035//3175 2016//3175 1993//3175
f 2066//3176 2011//3176 2067//3176
f 2066//3177 2068//3177 2069//3177
f 2066//3178 2069//3178 2011//3178
f 2068//3179 2070//3179 2069//3179
f 2071//3180 2072//3180 2073//3180
f 2074//3181 2073//3181 2072//3181
f 2025//3182 2072//3182 2018//3182
f 2073//3183 2068//3183 2076//3183
f 2077//3184 2028//3184 2026//3184
f 2077//3185 2012//3185 2011//3185
f 2068//3186 2073//3186 2070//3186
f 2070//3187 2073//3187 2074//3187
f 2074//3188 2072//3188 2028//3188
f 2011//3189 2069//3189 2078//3189
f 2069//3190 2079//3190 2070//3190
f 2070//3191 2074//3191 2028//3191
f 2070//3192 2028//3192 2079//3192
f 2079//3193 2078//3193 2069//3193
f 2079//3194 2028//3194 2077//3194
f 2079//3195 2080//3195 2077//3195
f 2077//3196 2011//3196 2078//3196
f 2077//3197 2078//3197 2080//3197
f 2011//3198 2010//3198 2067//3198
f 2027//3199 2023//3199 2024//3199
f 2077//3200 2009//3200 2014//3200
f 2077//3201 2014//3201 2012//3201
f 2091//3202 2086//3202 2082//3202
f 2087//3203 2081//3203 2076//3203
f 2087//3204 2076//3204 2066//3204
f 2066//3205 2076//3205 2068//3205
f 2086//3206 2071//3206 2082//3206
f 2071//3207 2086//3207 2032//3207
f 2071//3208 2032//3208 2072//3208
f 2000//3209 1994//3209 2083//3209
f 2083//3210 2031//3210 2000//3210
f 2081//3211 2087//3211 1991//3211
f 2091//3212 2085//3212 2084//3212
f 2091//3213 2082//3213 2085//3213
f 2085//3214 2084//3214 2031//3214
f 2085//3215 2031//3215 2000//3215
f 2087//3216 2088//3216 2089//3216
f 2032//3217 2086//3217 2091//3217
f 2032//3218 2091//3218 2031//3218
f 2087//3219 2066//3219 2088//3219
f 2066//3220 2067//3220 2088//3220
f 2018//3221 2072//3221 2032//3221
f 2018//3222 2032//3222 2017//3222
f 2090//3223 2092//3223 2075//3223
f 2090//3224 2075//3224 2023//3224
f 2030//3225 2032//3225 2017//3225
f 2091//3226 2084//3226 2031//3226
f 1991//3227 2087//3227 2089//3227
f 2030//3228 2031//3228 2083//3228
f 1994//3229 1993//3229 2030//3229
f 1994//3230 2030//3230 2083//3230
f 2076//3231 2082//3231 2073//3231
f 2073//3232 2082//3232 2071//3232
f 2082//3233 2076//3233 2004//3233
f 2082//3234 2004//3234 2003//3234
f 2004//3235 2076//3235 2081//3235
f 2095//3236 2105//3236 2111//3236
f 2096//3237 2105//3237 2095//3237
f 2103//3238 2102//3238 2147//3238
f 2102//3239 2105//3239 2104//3239
f 2102//3240 2104//3240 2147//3240
f 2104//3241 2105//3241 2096//3241
f 2097//3242 2118//3242 2100//3242
f 2097//3243 2100//3243 2098//3243
f 2106//3244 2103//3244 2107//3244
f 2093//3245 2106//3245 2107//3245
f 2110//3246 2095//3246 2111//3246
f 2111//3247 2112//3247 2110//3247
f 2108//3248 1952//3248 1954//3248
f 2108//3249 1954//3249 2113//3249
f 2115//3250 2112//3250 2116//3250
f 2119//3251 2110//3251 2116//3251
f 2116//3252 2112//3252 2110//3252
f 2113//3253 2140//3253 2114//3253
f 2113//3254 2114//3254 2117//3254
f 2113//3255 2117//3255 2118//3255
f 2118//3256 2117//3256 2100//3256
f 1995//3257 2099//3257 2121//3257
f 2120//3258 2118//3258 2097//3258
f 2120//3259 2097//3259 2121//3259
f 2119//3260 2120//3260 2121//3260
f 2099//3261 2110//3261 2121//3261
f 2099//3262 2095//3262 2110//3262
f 2121//3263 2119//3263 2110//3263
f 1995//3264 2121//3264 1997//3264
f 2121//3265 2097//3265 1997//3265
f 2120//3266 2113//3266 2118//3266
f 2109//3267 2108//3267 2113//3267
f 2108//3268 2122//3268 2120//3268
f 2108//3269 2120//3269 2119//3269
f 2116//3270 2108//3270 2119//3270
f 2109//3271 2113//3271 2120//3271
f 2123//3272 2125//3272 2129//3272
f 2128//3273 2127//3273 2126//3273
f 2130//3274 2115//3274 2112//3274
f 2130//3275 2112//3275 2129//3275
f 2114//3276 2131//3276 2117//3276
f 2136//3277 2124//3277 2128//3277
f 2128//3278 2124//3278 2106//3278
f 2112//3279 2129//3279 2111//3279
f 2128//3280 2106//3280 2093//3280
f 2102//3281 2132//3281 2123//3281
f 2123//3282 2129//3282 2105//3282
f 2123//3283 2105//3283 2102//3283
f 2123//3284 2132//3284 2106//3284
f 2123//3285 2106//3285 2124//3285
f 2093//3286 2094//3286 2133//3286
f 2128//3287 2093//3287 2133//3287
f 2128//3288 2133//3288 2127//3288
f 2103//3289 2106//3289 2132//3289
f 2132//3290 2102//3290 2103//3290
f 2129//3291 2111//3291 2105//3291
f 2117//3292 2101//3292 2100//3292
f 2135//3293 2134//3293 2130//3293
f 2135//3294 2130//3294 2123//3294
f 2123//3295 2130//3295 2125//3295
f 1808//3296 1807//3296 2136//3296
f 1808//3297 2136//3297 2137//3297
f 2134//3298 1945//3298 1947//3298
f 2134//3299 1947//3299 2138//3299
f 1947//3300 1952//3300 2116//3300
f 1947//3301 2116//3301 2138//3301
f 2134//3302 2138//3302 2115//3302
f 2115//3303 2134//3303 2130//3303
f 1807//3304 1942//3304 2124//3304
f 1807//3305 2124//3305 2136//3305
f 2124//3306 2135//3306 2123//3306
f 2134//3307 1944//3307 1945//3307
f 2135//3308 1942//3308 1944//3308
f 2135//3309 1944//3309 2134//3309
f 1942//3310 2135//3310 2124//3310
f 2137//3311 2136//3311 2126//3311
f 1950//3312 2139//3312 2140//3312
f 1950//3313 2140//3313 1951//3313
f 2113//3314 1954//3314 1951//3314
f 2113//3315 1951//3315 2140//3315
f 1952//3316 2108//3316 2116//3316
f 2136//3317 2128//3317 2126//3317
f 2140//3318 2114//3318 2141//3318
f 2138//3319 2116//3319 2115//3319
f 2093//3320 2142//3320 2094//3320
f 2093//3321 2107//3321 2142//3321
f 1998//3322 1991//3322 2145//3322
f 2003//3323 2004//3323 2143//3323
f 2143//3324 2144//3324 2003//3324
f 2145//3325 1992//3325 2146//3325
f 2143//3326 1998//3326 2107//3326
f 2143//3327 2107//3327 2103//3327
f 2143//3328 2103//3328 2147//3328
f 2104//3329 2144//3329 2147//3329
f 2144//3330 2147//3330 2143//3330
f 2142//3331 2145//3331 2146//3331
f 2142//3332 2146//3332 2148//3332
f 2142//3333 2107//3333 1998//3333
f 2104//3334 2096//3334 1999//3334
f 2100//3335 2149//3335 2098//3335
f 2142//3336 2148//3336 2094//3336
f 2142//3337 1998//3337 2145//3337
f 2144//3338 2104//3338 1999//3338
f 2143//3339 2004//3339 1998//3339
f 2152//3340 2153//3340 2151//3340
f 2152//3341 2151//3341 2150//3341
f 2152//3342 2154//3342 2153//3342
f 2155//3343 2154//3343 2152//3343
f 2150//3344 2151//3344 2154//3344
f 2150//3345 2154//3345 2155//3345
f 2158//3343 2159//3343 2160//3343
f 2156//3344 2157//3344 2159//3344
f 2156//3345 2159//3345 2158//3345
f 2160//3342 2159//3342 2161//3342
f 2160//3340 2161//3340 2157//3340
f 2160//3341 2157//3341 2156//3341
f 2663//3346 2162//3346 2163//3346
f 2166//3347 2165//3347 2167//3347
f 2166//3348 2167//3348 2168//3348
f 2168//3349 2167//3349 2169//3349
f 2171//3350 2172//3350 2173//3350
f 2171//3351 2173//3351 2174//3351
f 2175//3352 2176//3352 2177//3352
f 2176//3353 2178//3353 2179//3353
f 2171//3354 2174//3354 2181//3354
f 2171//3355 2181//3355 2177//3355
f 2663//3356 2180//3356 2162//3356
f 2182//3357 2180//3357 2663//3357
f 2170//3358 2164//3358 2183//3358
f 2164//3359 2343//3359 2183//3359
f 2184//3360 2266//3360 2185//3360
f 2186//3361 2266//3361 2187//3361
f 2188//3362 2189//3362 2190//3362
f 2191//3363 2193//3363 2194//3363
f 2194//3364 2193//3364 2189//3364
f 2185//3365 2195//3365 2184//3365
f 2166//3366 2196//3366 2165//3366
f 2191//3367 2197//3367 2198//3367
f 2191//3368 2198//3368 2192//3368
f 2185//3369 2201//3369 2202//3369
f 2185//3370 2202//3370 2195//3370
f 2272//3371 2274//3371 2582//3371
f 2168//3372 2169//3372 2203//3372
f 2168//3373 2203//3373 2201//3373
f 2201//3374 2203//3374 2202//3374
f 2193//3375 2190//3375 2189//3375
f 2191//3376 2192//3376 2193//3376
f 2190//3377 2437//3377 2188//3377
f 2437//3378 2190//3378 2572//3378
f 2572//3379 2190//3379 2272//3379
f 2206//3380 2207//3380 2208//3380
f 2210//3381 2206//3381 2208//3381
f 2210//3382 2208//3382 2209//3382
f 2204//3383 2346//3383 2211//3383
f 2214//3384 2215//3384 2216//3384
f 2220//3385 2222//3385 2221//3385
f 2222//3386 2220//3386 2223//3386
f 2224//3387 2406//3387 2225//3387
f 2224//3388 2225//3388 2226//3388
f 2228//3389 2230//3389 2231//3389
f 2228//3390 2231//3390 2227//3390
f 2228//3391 2227//3391 2229//3391
f 2209//3392 2232//3392 2225//3392
f 2209//3393 2208//3393 2232//3393
f 2234//3394 2251//3394 2233//3394
f 2373//3395 2233//3395 2206//3395
f 2236//3396 2235//3396 2237//3396
f 2237//3397 2238//3397 2239//3397
f 2237//3398 2239//3398 2240//3398
f 2368//3399 2331//3399 2251//3399
f 2241//3400 2331//3400 2368//3400
f 2242//3401 2243//3401 2244//3401
f 2243//3402 2241//3402 2244//3402
f 2241//3403 2319//3403 2331//3403
f 2242//3404 2246//3404 2247//3404
f 2247//3405 2301//3405 2243//3405
f 2247//3406 2243//3406 2242//3406
f 2234//3407 2368//3407 2251//3407
f 2220//3408 2248//3408 2227//3408
f 2224//3409 2226//3409 2262//3409
f 2224//3410 2262//3410 2221//3410
f 2262//3411 2220//3411 2221//3411
f 2226//3412 2225//3412 2232//3412
f 2249//3413 2248//3413 2220//3413
f 2251//3414 2250//3414 2207//3414
f 2251//3415 2207//3415 2206//3415
f 2252//3416 2335//3416 2228//3416
f 2252//3417 2228//3417 2229//3417
f 2235//3418 2228//3418 2335//3418
f 2235//3419 2335//3419 2237//3419
f 2333//3420 2253//3420 2254//3420
f 2254//3421 2257//3421 2256//3421
f 2254//3422 2256//3422 2255//3422
f 2257//3423 2258//3423 2256//3423
f 2250//3424 2260//3424 2207//3424
f 2260//3425 2258//3425 2261//3425
f 2261//3426 2207//3426 2260//3426
f 2259//3427 2226//3427 2261//3427
f 2259//3428 2262//3428 2226//3428
f 2229//3429 2263//3429 2264//3429
f 2248//3430 2263//3430 2229//3430
f 2248//3431 2229//3431 2227//3431
f 2252//3432 2229//3432 2264//3432
f 2305//3433 2166//3433 2265//3433
f 2185//3434 2266//3434 2267//3434
f 2185//3435 2267//3435 2268//3435
f 2185//3436 2268//3436 2269//3436
f 2271//3437 2190//3437 2193//3437
f 2271//3438 2315//3438 2190//3438
f 2315//3439 2312//3439 2272//3439
f 2315//3440 2272//3440 2190//3440
f 2312//3441 2273//3441 2274//3441
f 2312//3442 2274//3442 2272//3442
f 2273//3443 2311//3443 2274//3443
f 2305//3444 2321//3444 2166//3444
f 2193//3445 2317//3445 2271//3445
f 2192//3446 2317//3446 2193//3446
f 2192//3447 2275//3447 2317//3447
f 2275//3448 2198//3448 2276//3448
f 2198//3449 2166//3449 2321//3449
f 2198//3450 2321//3450 2276//3450
f 2168//3451 2201//3451 2304//3451
f 2269//3452 2201//3452 2185//3452
f 2308//3453 2270//3453 2186//3453
f 2308//3454 2186//3454 2200//3454
f 2270//3455 2266//3455 2186//3455
f 2266//3456 2184//3456 2187//3456
f 2196//3457 2166//3457 2198//3457
f 2199//3458 2274//3458 2308//3458
f 2199//3459 2308//3459 2200//3459
f 2197//3460 2196//3460 2198//3460
f 2166//3461 2168//3461 2265//3461
f 2284//3462 2282//3462 2283//3462
f 2329//3463 2281//3463 2255//3463
f 2282//3464 2260//3464 2323//3464
f 2285//3465 2279//3465 2324//3465
f 2324//3466 2278//3466 2277//3466
f 2324//3467 2277//3467 2285//3467
f 2286//3468 2287//3468 2288//3468
f 2286//3469 2288//3469 2289//3469
f 2291//3470 2290//3470 2286//3470
f 2294//3471 2291//3471 2292//3471
f 2294//3471 2290//3471 2291//3471
f 2273//3472 2293//3472 2291//3472
f 2273//3473 2295//3473 2293//3473
f 2295//3474 2296//3474 2293//3474
f 2316//3475 2296//3475 2295//3475
f 2297//3476 2298//3476 2243//3476
f 2300//3477 2298//3477 2297//3477
f 2298//3478 2300//3478 2296//3478
f 2298//3479 2296//3479 2316//3479
f 2270//3480 2267//3480 2266//3480
f 2290//3481 2292//3481 2299//3481
f 2290//3482 2299//3482 2286//3482
f 2292//3483 2293//3483 2299//3483
f 2301//3484 2299//3484 2293//3484
f 2296//3485 2300//3485 2297//3485
f 2293//3486 2302//3486 2301//3486
f 2296//3487 2297//3487 2302//3487
f 2301//3488 2247//3488 2303//3488
f 2303//3489 2299//3489 2301//3489
f 2305//3490 2265//3490 2304//3490
f 2268//3491 2267//3491 2328//3491
f 2309//3492 2311//3492 2273//3492
f 2308//3493 2309//3493 2307//3493
f 2312//3494 2313//3494 2295//3494
f 2315//3495 2271//3495 2316//3495
f 2315//3496 2316//3496 2318//3496
f 2298//3497 2275//3497 2317//3497
f 2298//3498 2275//3498 2276//3498
f 2168//3499 2304//3499 2265//3499
f 2201//3500 2314//3500 2304//3500
f 2311//3501 2308//3501 2274//3501
f 2273//3502 2312//3502 2295//3502
f 2312//3503 2315//3503 2313//3503
f 2270//3504 2310//3504 2267//3504
f 2269//3505 2306//3505 2314//3505
f 2269//3506 2314//3506 2201//3506
f 2308//3507 2307//3507 2310//3507
f 2308//3508 2310//3508 2270//3508
f 2268//3509 2306//3509 2269//3509
f 2319//3510 2304//3510 2320//3510
f 2305//3511 2304//3511 2319//3511
f 2309//3512 2291//3512 2286//3512
f 2241//3513 2321//3513 2319//3513
f 2298//3514 2276//3514 2243//3514
f 2297//3515 2243//3515 2301//3515
f 2298//3516 2316//3516 2317//3516
f 2316//3517 2295//3517 2318//3517
f 2273//3518 2291//3518 2309//3518
f 2247//3519 2246//3519 2245//3519
f 2321//3520 2305//3520 2319//3520
f 2243//3521 2276//3521 2321//3521
f 2321//3522 2241//3522 2243//3522
f 2323//3523 2322//3523 2314//3523
f 2323//3524 2314//3524 2306//3524
f 2323//3525 2260//3525 2322//3525
f 2324//3526 2280//3526 2325//3526
f 2286//3527 2326//3527 2289//3527
f 2326//3528 2325//3528 2327//3528
f 2326//3529 2324//3529 2325//3529
f 2324//3530 2279//3530 2280//3530
f 2325//3531 2280//3531 2328//3531
f 2283//3532 2323//3532 2329//3532
f 2326//3533 2307//3533 2309//3533
f 2326//3534 2327//3534 2310//3534
f 2329//3535 2323//3535 2306//3535
f 2329//3536 2306//3536 2268//3536
f 2326//3537 2310//3537 2307//3537
f 2310//3538 2325//3538 2328//3538
f 2310//3539 2328//3539 2267//3539
f 2268//3540 2328//3540 2329//3540
f 2326//3541 2309//3541 2286//3541
f 2329//3542 2328//3542 2281//3542
f 2280//3543 2281//3543 2328//3543
f 2255//3544 2284//3544 2283//3544
f 2255//3545 2283//3545 2329//3545
f 2330//3546 2278//3546 2324//3546
f 2330//3547 2324//3547 2289//3547
f 2326//3548 2289//3548 2324//3548
f 2314//3549 2322//3549 2320//3549
f 2314//3550 2320//3550 2304//3550
f 2319//3551 2320//3551 2332//3551
f 2319//3552 2332//3552 2331//3552
f 2320//3553 2250//3553 2332//3553
f 2320//3554 2322//3554 2250//3554
f 2251//3555 2331//3555 2332//3555
f 2251//3556 2332//3556 2250//3556
f 2250//3557 2322//3557 2260//3557
f 2285//3558 2277//3558 2338//3558
f 2285//3559 2338//3559 2238//3559
f 2255//3560 2281//3560 2333//3560
f 2264//3561 2334//3561 2280//3561
f 2281//3562 2280//3562 2334//3562
f 2279//3563 2264//3563 2280//3563
f 2260//3564 2282//3564 2258//3564
f 2256//3565 2258//3565 2282//3565
f 2255//3566 2256//3566 2284//3566
f 2256//3567 2282//3567 2284//3567
f 2333//3568 2281//3568 2334//3568
f 2255//3569 2333//3569 2254//3569
f 2263//3570 2334//3570 2264//3570
f 2253//3571 2333//3571 2334//3571
f 2253//3572 2334//3572 2341//3572
f 2263//3573 2341//3573 2334//3573
f 2252//3574 2264//3574 2279//3574
f 2335//3575 2252//3575 2279//3575
f 2335//3576 2279//3576 2285//3576
f 2285//3577 2238//3577 2337//3577
f 2335//3578 2337//3578 2238//3578
f 2336//3579 2238//3579 2338//3579
f 2237//3580 2335//3580 2238//3580
f 2249//3581 2342//3581 2341//3581
f 2249//3582 2341//3582 2263//3582
f 2220//3583 2262//3583 2342//3583
f 2339//3584 2342//3584 2340//3584
f 2342//3585 2262//3585 2340//3585
f 2220//3586 2342//3586 2249//3586
f 2340//3587 2262//3587 2259//3587
f 2340//3588 2259//3588 2257//3588
f 2253//3589 2339//3589 2254//3589
f 2254//3590 2339//3590 2340//3590
f 2254//3591 2340//3591 2257//3591
f 2339//3592 2253//3592 2342//3592
f 2342//3593 2253//3593 2341//3593
f 2248//3594 2249//3594 2263//3594
f 2259//3595 2261//3595 2258//3595
f 2257//3596 2259//3596 2258//3596
f 2233//3597 2251//3597 2206//3597
f 2261//3598 2232//3598 2208//3598
f 2261//3599 2208//3599 2207//3599
f 2261//3600 2226//3600 2232//3600
f 2217//3601 2178//3601 2176//3601
f 2346//3602 2180//3602 2347//3602
f 2182//3603 2347//3603 2180//3603
f 2178//3604 2347//3604 2182//3604
f 2428//3605 2170//3605 2344//3605
f 2183//3606 2343//3606 2348//3606
f 2344//3607 2170//3607 2183//3607
f 2344//3608 2183//3608 2345//3608
f 2162//3609 2343//3609 2163//3609
f 2345//3610 2348//3610 2343//3610
f 2174//3611 2175//3611 2181//3611
f 2218//3612 2175//3612 2174//3612
f 2218//3613 2217//3613 2176//3613
f 2218//3614 2176//3614 2175//3614
f 2174//3615 2214//3615 2218//3615
f 2212//3616 2344//3616 2399//3616
f 2205//3617 2399//3617 2344//3617
f 2205//3618 2344//3618 2345//3618
f 2213//3619 2428//3619 2344//3619
f 2212//3620 2213//3620 2344//3620
f 2215//3621 2214//3621 2173//3621
f 2174//3622 2173//3622 2214//3622
f 2173//3623 2213//3623 2215//3623
f 2162//3624 2204//3624 2205//3624
f 2162//3625 2205//3625 2345//3625
f 2219//3626 2211//3626 2347//3626
f 2162//3627 2346//3627 2204//3627
f 2219//3628 2347//3628 2178//3628
f 2217//3629 2219//3629 2178//3629
f 2162//3630 2345//3630 2343//3630
f 2349//3631 2351//3631 2413//3631
f 2349//3632 2413//3632 2350//3632
f 2352//3633 2354//3633 2355//3633
f 2352//3634 2355//3634 2353//3634
f 2354//3635 2356//3635 2355//3635
f 2386//3636 2230//3636 2356//3636
f 2413//3637 2379//3637 2225//3637
f 2413//3638 2225//3638 2406//3638
f 2351//3639 2379//3639 2413//3639
f 2220//3640 2227//3640 2223//3640
f 2354//3641 2386//3641 2356//3641
f 2386//3642 2357//3642 2227//3642
f 2386//3643 2227//3643 2230//3643
f 2223//3644 2227//3644 2357//3644
f 2349//3645 2352//3645 2353//3645
f 2358//3646 2240//3646 2239//3646
f 2359//3647 2239//3647 2360//3647
f 2361//3648 2239//3648 2362//3648
f 2362//3649 2239//3649 2359//3649
f 2358//3650 2361//3650 2239//3650
f 2228//3651 2235//3651 2358//3651
f 2228//3652 2358//3652 2364//3652
f 2361//3653 2365//3653 2364//3653
f 2361//3654 2364//3654 2358//3654
f 2366//3655 2367//3655 2368//3655
f 2369//3656 2367//3656 2359//3656
f 2369//3657 2359//3657 2370//3657
f 2370//3658 2359//3658 2360//3658
f 2246//3659 2370//3659 2360//3659
f 2246//3660 2360//3660 2363//3660
f 2242//3661 2244//3661 2370//3661
f 2370//3662 2246//3662 2242//3662
f 2367//3663 2371//3663 2244//3663
f 2367//3664 2244//3664 2368//3664
f 2369//3665 2370//3665 2244//3665
f 2369//3666 2244//3666 2371//3666
f 2241//3667 2368//3667 2244//3667
f 2235//3668 2236//3668 2240//3668
f 2235//3669 2240//3669 2358//3669
f 2366//3670 2368//3670 2234//3670
f 2210//3671 2373//3671 2206//3671
f 2372//3672 2365//3672 2355//3672
f 2210//3673 2374//3673 2373//3673
f 2364//3674 2356//3674 2230//3674
f 2364//3675 2230//3675 2228//3675
f 2356//3676 2364//3676 2372//3676
f 2353//3677 2355//3677 2365//3677
f 2353//3678 2365//3678 2374//3678
f 2376//3679 2366//3679 2377//3679
f 2375//3680 2366//3680 2376//3680
f 2376//3681 2377//3681 2233//3681
f 2375//3682 2374//3682 2365//3682
f 2375//3683 2365//3683 2362//3683
f 2375//3684 2362//3684 2359//3684
f 2364//3685 2365//3685 2372//3685
f 2359//3686 2378//3686 2375//3686
f 2367//3687 2366//3687 2375//3687
f 2367//3688 2375//3688 2378//3688
f 2377//3689 2366//3689 2234//3689
f 2362//3690 2365//3690 2361//3690
f 2376//3691 2233//3691 2373//3691
f 2374//3692 2376//3692 2373//3692
f 2374//3693 2375//3693 2376//3693
f 2349//3694 2210//3694 2209//3694
f 2349//3695 2209//3695 2351//3695
f 2379//3696 2209//3696 2225//3696
f 2356//3697 2372//3697 2355//3697
f 2353//3698 2210//3698 2349//3698
f 2353//3699 2374//3699 2210//3699
f 2382//3700 2380//3700 2381//3700
f 2381//3701 2380//3701 2383//3701
f 2383//3702 2352//3702 2384//3702
f 2354//3703 2352//3703 2385//3703
f 2387//3704 2386//3704 2382//3704
f 2354//3705 2388//3705 2386//3705
f 2389//3706 2390//3706 2205//3706
f 2389//3707 2205//3707 2204//3707
f 2204//3708 2391//3708 2393//3708
f 2394//3709 2382//3709 2391//3709
f 2397//3710 2216//3710 2421//3710
f 2397//3711 2421//3711 2395//3711
f 2214//3712 2397//3712 2218//3712
f 2216//3713 2396//3713 2398//3713
f 2421//3714 2216//3714 2398//3714
f 2397//3715 2214//3715 2216//3715
f 2215//3716 2213//3716 2216//3716
f 2213//3717 2396//3717 2216//3717
f 2213//3718 2212//3718 2396//3718
f 2399//3719 2205//3719 2390//3719
f 2398//3720 2400//3720 2401//3720
f 2395//3721 2218//3721 2397//3721
f 2212//3722 2399//3722 2400//3722
f 2222//3723 2223//3723 2402//3723
f 2405//3724 2224//3724 2404//3724
f 2405//3725 2404//3725 2403//3725
f 2403//3726 2404//3726 2222//3726
f 2403//3727 2222//3727 2402//3727
f 2406//3728 2224//3728 2405//3728
f 2407//3729 2400//3729 2399//3729
f 2407//3730 2399//3730 2408//3730
f 2221//3731 2404//3731 2224//3731
f 2222//3732 2404//3732 2221//3732
f 2396//3733 2212//3733 2400//3733
f 2396//3734 2400//3734 2398//3734
f 2409//3735 2410//3735 2350//3735
f 2384//3736 2410//3736 2412//3736
f 2406//3737 2411//3737 2413//3737
f 2414//3738 2402//3738 2223//3738
f 2357//3739 2414//3739 2223//3739
f 2350//3740 2413//3740 2411//3740
f 2350//3741 2411//3741 2409//3741
f 2349//3742 2350//3742 2415//3742
f 2384//3743 2352//3743 2349//3743
f 2415//3744 2350//3744 2384//3744
f 2384//3745 2350//3745 2410//3745
f 2416//3746 2389//3746 2417//3746
f 2418//3747 2417//3747 2381//3747
f 2399//3748 2390//3748 2419//3748
f 2399//3749 2419//3749 2408//3749
f 2405//3750 2408//3750 2406//3750
f 2407//3751 2408//3751 2405//3751
f 2387//3752 2394//3752 2395//3752
f 2218//3753 2395//3753 2394//3753
f 2218//3754 2394//3754 2217//3754
f 2393//3755 2391//3755 2381//3755
f 2393//3756 2381//3756 2417//3756
f 2387//3757 2395//3757 2420//3757
f 2422//3758 2407//3758 2405//3758
f 2422//3759 2398//3759 2407//3759
f 2421//3760 2398//3760 2422//3760
f 2414//3761 2420//3761 2402//3761
f 2422//3762 2405//3762 2403//3762
f 2402//3763 2420//3763 2421//3763
f 2422//3764 2403//3764 2402//3764
f 2422//3765 2402//3765 2421//3765
f 2398//3720 2401//3720 2407//3720
f 2395//3766 2421//3766 2420//3766
f 2357//3767 2386//3767 2387//3767
f 2357//3768 2387//3768 2420//3768
f 2420//3769 2414//3769 2357//3769
f 2382//3770 2381//3770 2391//3770
f 2387//3771 2382//3771 2394//3771
f 2416//3772 2419//3772 2390//3772
f 2416//3773 2390//3773 2389//3773
f 2408//3774 2411//3774 2406//3774
f 2408//3775 2419//3775 2411//3775
f 2426//3776 2416//3776 2423//3776
f 2426//3777 2423//3777 2424//3777
f 2426//3778 2419//3778 2416//3778
f 2424//3779 2425//3779 2383//3779
f 2409//3780 2411//3780 2426//3780
f 2412//3781 2410//3781 2383//3781
f 2426//3782 2411//3782 2419//3782
f 2426//3783 2427//3783 2409//3783
f 2410//3784 2427//3784 2383//3784
f 2424//3785 2383//3785 2427//3785
f 2418//3786 2381//3786 2383//3786
f 2418//3787 2383//3787 2425//3787
f 2392//3788 2391//3788 2211//3788
f 2392//3789 2211//3789 2219//3789
f 2394//3790 2392//3790 2217//3790
f 2217//3791 2392//3791 2219//3791
f 2204//3792 2211//3792 2391//3792
f 2394//3793 2391//3793 2392//3793
f 2380//3794 2388//3794 2352//3794
f 2388//3795 2380//3795 2382//3795
f 2386//3796 2388//3796 2382//3796
f 2385//3797 2352//3797 2388//3797
f 2380//3798 2352//3798 2383//3798
f 2172//3799 2428//3799 2173//3799
f 2173//3800 2428//3800 2213//3800
f 2429//3801 2430//3801 2191//3801
f 2429//3802 2191//3802 2431//3802
f 2429//3803 2197//3803 2430//3803
f 2432//3804 2196//3804 2433//3804
f 2432//3805 2433//3805 2577//3805
f 2435//3806 2436//3806 2191//3806
f 2435//3807 2191//3807 2189//3807
f 2435//3808 2189//3808 2437//3808
f 2187//3809 2570//3809 2186//3809
f 2570//3810 2187//3810 2195//3810
f 2570//3811 2195//3811 2434//3811
f 2577//3812 2165//3812 2432//3812
f 2441//3813 2442//3813 2443//3813
f 2676//3814 2449//3814 2450//3814
f 2676//3815 2450//3815 2445//3815
f 2676//3816 2445//3816 2444//3816
f 2448//3817 2449//3817 2447//3817
f 2448//3818 2450//3818 2449//3818
f 2451//3819 2441//3819 2443//3819
f 2451//3820 2443//3820 2452//3820
f 2452//3821 2453//3821 2454//3821
f 2452//3822 2454//3822 2451//3822
f 2443//3823 2452//3823 2455//3823
f 2455//3824 2442//3824 2444//3824
f 2455//3825 2443//3825 2442//3825
f 2456//3826 2455//3826 2444//3826
f 2455//3827 2457//3827 2452//3827
f 2458//3828 2459//3828 2460//3828
f 2461//3829 2462//3829 2463//3829
f 2464//3830 2462//3830 2461//3830
f 2464//3831 2461//3831 2567//3831
f 2446//3832 2465//3832 2459//3832
f 2446//3833 2459//3833 2458//3833
f 2461//3834 2463//3834 2460//3834
f 2461//3835 2460//3835 2466//3835
f 2471//3836 2677//3836 2472//3836
f 2470//3837 2469//3837 2478//3837
f 2467//3838 2474//3838 2438//3838
f 2480//3839 2477//3839 2478//3839
f 2469//3840 2480//3840 2478//3840
f 2479//3841 2473//3841 2469//3841
f 2473//3842 2479//3842 2475//3842
f 2454//3843 2654//3843 2656//3843
f 2454//3844 2656//3844 2467//3844
f 2473//3845 2475//3845 2471//3845
f 2473//3846 2471//3846 2472//3846
f 2464//3847 2480//3847 2468//3847
f 2471//3848 2448//3848 2447//3848
f 2464//3849 2567//3849 2481//3849
f 2464//3850 2481//3850 2480//3850
f 2482//3851 2483//3851 2661//3851
f 2484//3852 2560//3852 2485//3852
f 2489//3853 2484//3853 2490//3853
f 2491//3854 2489//3854 2490//3854
f 2491//3855 2492//3855 2489//3855
f 2565//3856 2497//3856 2662//3856
f 2482//3857 2565//3857 2483//3857
f 2497//3858 2498//3858 2499//3858
f 2499//3859 2500//3859 2495//3859
f 2499//3860 2495//3860 2496//3860
f 2499//3861 2498//3861 2500//3861
f 2561//3862 2482//3862 2661//3862
f 2485//3863 2560//3863 2561//3863
f 2485//3864 2561//3864 2661//3864
f 2641//3865 2501//3865 2502//3865
f 2578//3866 2488//3866 2505//3866
f 2654//3867 2454//3867 2453//3867
f 2654//3868 2453//3868 2503//3868
f 2501//3869 2474//3869 2502//3869
f 2507//3870 2501//3870 2477//3870
f 2477//3871 2480//3871 2481//3871
f 2477//3872 2481//3872 2507//3872
f 2438//3873 2474//3873 2501//3873
f 2486//3874 2620//3874 2506//3874
f 2486//3875 2506//3875 2487//3875
f 2505//3876 2488//3876 2504//3876
f 2488//3877 2486//3877 2518//3877
f 2455//3878 2508//3878 2503//3878
f 2455//3879 2503//3879 2457//3879
f 2503//3880 2453//3880 2509//3880
f 2507//3881 2510//3881 2501//3881
f 2493//3882 2494//3882 2492//3882
f 2501//3883 2510//3883 2511//3883
f 2438//3884 2511//3884 2512//3884
f 2438//3885 2512//3885 2537//3885
f 2438//3886 2537//3886 2440//3886
f 2439//3887 2537//3887 2465//3887
f 2511//3888 2438//3888 2501//3888
f 2439//3889 2440//3889 2537//3889
f 2446//3890 2439//3890 2465//3890
f 2456//3891 2515//3891 2514//3891
f 2456//3892 2514//3892 2513//3892
f 2444//3893 2515//3893 2456//3893
f 2444//3894 2450//3894 2516//3894
f 2444//3895 2516//3895 2515//3895
f 2487//3896 2514//3896 2515//3896
f 2506//3897 2514//3897 2487//3897
f 2514//3898 2506//3898 2517//3898
f 2518//3899 2515//3899 2516//3899
f 2518//3900 2516//3900 2519//3900
f 2515//3901 2518//3901 2487//3901
f 2518//3902 2486//3902 2487//3902
f 2448//3903 2488//3903 2518//3903
f 2518//3904 2519//3904 2450//3904
f 2518//3905 2450//3905 2448//3905
f 2504//3906 2488//3906 2448//3906
f 2504//3907 2448//3907 2471//3907
f 2457//3908 2509//3908 2453//3908
f 2457//3909 2453//3909 2452//3909
f 2532//3910 2520//3910 2521//3910
f 2532//3911 2521//3911 2522//3911
f 2527//3912 2528//3912 2529//3912
f 2525//3913 2530//3913 2529//3913
f 2526//3914 2531//3914 2532//3914
f 2525//3915 2529//3915 2523//3915
f 2533//3916 2535//3916 2534//3916
f 2536//3917 2520//3917 2533//3917
f 2535//3918 2537//3918 2512//3918
f 2535//3919 2512//3919 2544//3919
f 2538//3920 2465//3920 2537//3920
f 2539//3921 2459//3921 2532//3921
f 2532//3922 2540//3922 2520//3922
f 2540//3923 2533//3923 2520//3923
f 2532//3924 2528//3924 2526//3924
f 2459//3925 2465//3925 2541//3925
f 2538//3926 2459//3926 2541//3926
f 2532//3927 2542//3927 2528//3927
f 2459//3928 2538//3928 2540//3928
f 2533//3929 2538//3929 2537//3929
f 2540//3930 2538//3930 2533//3930
f 2537//3931 2535//3931 2533//3931
f 2532//3932 2459//3932 2540//3932
f 2532//3933 2522//3933 2542//3933
f 2524//3934 2523//3934 2529//3934
f 2524//3935 2529//3935 2542//3935
f 2511//3936 2510//3936 2550//3936
f 2545//3937 2546//3937 2547//3937
f 2549//3938 2552//3938 2548//3938
f 2544//3939 2551//3939 2550//3939
f 2545//3940 2547//3940 2552//3940
f 2549//3941 2545//3941 2552//3941
f 2544//3942 2543//3942 2535//3942
f 2550//3943 2551//3943 2511//3943
f 2481//3944 2553//3944 2507//3944
f 2500//3945 2554//3945 2545//3945
f 2500//3946 2545//3946 2555//3946
f 2553//3947 2481//3947 2549//3947
f 2553//3948 2549//3948 2548//3948
f 2500//3949 2498//3949 2554//3949
f 2554//3937 2547//3937 2546//3937
f 2536//3950 2494//3950 2556//3950
f 2492//3951 2494//3951 2536//3951
f 2557//3952 2534//3952 2560//3952
f 2536//3953 2557//3953 2492//3953
f 2554//3954 2498//3954 2562//3954
f 2554//3955 2562//3955 2547//3955
f 2547//3956 2562//3956 2563//3956
f 2550//3957 2548//3957 2552//3957
f 2550//3958 2552//3958 2564//3958
f 2510//3959 2553//3959 2548//3959
f 2510//3960 2548//3960 2550//3960
f 2557//3961 2536//3961 2534//3961
f 2534//3962 2543//3962 2561//3962
f 2534//3963 2561//3963 2560//3963
f 2543//3964 2534//3964 2535//3964
f 2544//3965 2550//3965 2564//3965
f 2536//3966 2533//3966 2534//3966
f 2561//3967 2543//3967 2559//3967
f 2564//3968 2563//3968 2559//3968
f 2564//3969 2559//3969 2543//3969
f 2564//3970 2543//3970 2544//3970
f 2552//3971 2547//3971 2564//3971
f 2563//3972 2564//3972 2547//3972
f 2507//3973 2553//3973 2510//3973
f 2562//3974 2498//3974 2497//3974
f 2563//3975 2482//3975 2559//3975
f 2557//3976 2560//3976 2489//3976
f 2562//3977 2497//3977 2563//3977
f 2563//3978 2497//3978 2565//3978
f 2489//3979 2560//3979 2484//3979
f 2565//3980 2482//3980 2563//3980
f 2492//3981 2557//3981 2489//3981
f 2561//3982 2559//3982 2482//3982
f 2495//3983 2500//3983 2566//3983
f 2495//3984 2566//3984 2558//3984
f 2495//3985 2558//3985 2494//3985
f 2530//3986 2527//3986 2529//3986
f 2530//3987 2555//3987 2567//3987
f 2555//3988 2549//3988 2567//3988
f 2530//3989 2567//3989 2461//3989
f 2511//3990 2551//3990 2512//3990
f 2481//3991 2567//3991 2549//3991
f 2530//3992 2461//3992 2466//3992
f 2530//3993 2466//3993 2527//3993
f 2466//3994 2568//3994 2539//3994
f 2459//3995 2539//3995 2460//3995
f 2466//3996 2460//3996 2568//3996
f 2526//3997 2539//3997 2531//3997
f 2466//3998 2526//3998 2527//3998
f 2526//3999 2466//3999 2539//3999
f 2566//4000 2525//4000 2523//4000
f 2566//4001 2523//4001 2558//4001
f 2520//4002 2536//4002 2556//4002
f 2520//4003 2556//4003 2569//4003
f 2555//4004 2545//4004 2549//4004
f 2525//4005 2566//4005 2500//4005
f 2525//4006 2500//4006 2555//4006
f 2551//4007 2544//4007 2512//4007
f 2525//4008 2555//4008 2530//4008
f 2520//4009 2569//4009 2521//4009
f 2569//4010 2558//4010 2523//4010
f 2571//4011 2603//4011 2200//4011
f 2571//4012 2200//4012 2186//4012
f 2202//4013 2573//4013 2434//4013
f 2202//4014 2574//4014 2573//4014
f 2574//4015 2575//4015 2637//4015
f 2578//4016 2433//4016 2429//4016
f 2578//4017 2429//4017 2579//4017
f 2579//4018 2429//4018 2580//4018
f 2580//4019 2431//4019 2601//4019
f 2601//4020 2431//4020 2436//4020
f 2601//4021 2436//4021 2435//4021
f 2581//4022 2601//4022 2435//4022
f 2578//4023 2577//4023 2433//4023
f 2582//4024 2612//4024 2611//4024
f 2582//4025 2611//4025 2605//4025
f 2582//4026 2605//4026 2572//4026
f 2572//4027 2605//4027 2607//4027
f 2435//4028 2607//4028 2581//4028
f 2573//4029 2610//4029 2434//4029
f 2609//4030 2570//4030 2434//4030
f 2609//4031 2434//4031 2610//4031
f 2576//4032 2577//4032 2634//4032
f 2585//4033 2657//4033 2583//4033
f 2585//4034 2479//4034 2470//4034
f 2655//4035 2588//4035 2589//4035
f 2590//4036 2589//4036 2591//4036
f 2589//4037 2590//4037 2655//4037
f 2591//4038 2584//4038 2658//4038
f 2469//4039 2470//4039 2479//4039
f 2593//4040 2583//4040 2584//4040
f 2593//4041 2584//4041 2594//4041
f 2604//4042 2595//4042 2596//4042
f 2596//4043 2595//4043 2597//4043
f 2635//4044 2593//4044 2594//4044
f 2589//4045 2588//4045 2598//4045
f 2599//4046 2592//4046 2601//4046
f 2486//4047 2618//4047 2620//4047
f 2604//4048 2596//4048 2603//4048
f 2604//4049 2603//4049 2571//4049
f 2574//4050 2602//4050 2573//4050
f 2606//4051 2607//4051 2605//4051
f 2599//4052 2607//4052 2600//4052
f 2597//4053 2603//4053 2596//4053
f 2592//4054 2619//4054 2618//4054
f 2486//4055 2592//4055 2618//4055
f 2586//4056 2608//4056 2598//4056
f 2586//4057 2598//4057 2587//4057
f 2588//4058 2587//4058 2598//4058
f 2591//4059 2594//4059 2584//4059
f 2613//4060 2605//4060 2611//4060
f 2603//4061 2612//4061 2582//4061
f 2609//4062 2610//4062 2614//4062
f 2617//4063 2595//4063 2604//4063
f 2621//4064 2618//4064 2622//4064
f 2620//4065 2621//4065 2623//4065
f 2618//4066 2619//4066 2622//4066
f 2624//4067 2620//4067 2623//4067
f 2625//4068 2597//4068 2595//4068
f 2623//4069 2626//4069 2624//4069
f 2624//4070 2626//4070 2627//4070
f 2624//4071 2627//4071 2625//4071
f 2622//4072 2619//4072 2592//4072
f 2622//4073 2592//4073 2599//4073
f 2628//4074 2629//4074 2625//4074
f 2628//4075 2625//4075 2616//4075
f 2595//4076 2625//4076 2616//4076
f 2620//4077 2624//4077 2630//4077
f 2630//4078 2506//4078 2620//4078
f 2631//4079 2611//4079 2597//4079
f 2625//4080 2631//4080 2597//4080
f 2622//4081 2599//4081 2613//4081
f 2623//4082 2622//4082 2613//4082
f 2623//4083 2613//4083 2611//4083
f 2631//4084 2627//4084 2632//4084
f 2625//4085 2627//4085 2631//4085
f 2631//4086 2623//4086 2611//4086
f 2631//4084 2632//4084 2626//4084
f 2600//4087 2613//4087 2599//4087
f 2613//4088 2606//4088 2605//4088
f 2612//4089 2597//4089 2611//4089
f 2614//4090 2591//4090 2589//4090
f 2614//4091 2589//4091 2633//4091
f 2633//4092 2598//4092 2595//4092
f 2617//4093 2633//4093 2595//4093
f 2598//4094 2616//4094 2595//4094
f 2598//4095 2608//4095 2615//4095
f 2598//4096 2615//4096 2616//4096
f 2633//4097 2589//4097 2598//4097
f 2614//4098 2594//4098 2591//4098
f 2614//4099 2610//4099 2594//4099
f 2609//4100 2614//4100 2604//4100
f 2614//4101 2633//4101 2604//4101
f 2602//4102 2635//4102 2594//4102
f 2602//4103 2594//4103 2610//4103
f 2609//4104 2604//4104 2571//4104
f 2570//4105 2609//4105 2571//4105
f 2573//4106 2602//4106 2610//4106
f 2577//4107 2578//4107 2634//4107
f 2576//4108 2637//4108 2575//4108
f 2579//4109 2580//4109 2592//4109
f 2601//4110 2580//4110 2592//4110
f 2599//4111 2581//4111 2607//4111
f 2635//4112 2602//4112 2574//4112
f 2637//4113 2635//4113 2574//4113
f 2637//4114 2636//4114 2635//4114
f 2488//4115 2578//4115 2486//4115
f 2505//4116 2634//4116 2578//4116
f 2637//4117 2505//4117 2636//4117
f 2578//4118 2579//4118 2486//4118
f 2486//4119 2579//4119 2592//4119
f 2637//4120 2634//4120 2505//4120
f 2576//4121 2634//4121 2637//4121
f 2638//4122 2504//4122 2471//4122
f 2638//4123 2471//4123 2475//4123
f 2638//4124 2636//4124 2505//4124
f 2638//4125 2505//4125 2504//4125
f 2639//4126 2635//4126 2636//4126
f 2585//4127 2583//4127 2593//4127
f 2479//4128 2639//4128 2475//4128
f 2479//4129 2640//4129 2639//4129
f 2639//4130 2640//4130 2635//4130
f 2638//4131 2475//4131 2636//4131
f 2639//4132 2636//4132 2475//4132
f 2479//4133 2585//4133 2640//4133
f 2635//4134 2640//4134 2593//4134
f 2641//4135 2477//4135 2501//4135
f 2646//4136 2645//4136 2647//4136
f 2646//4137 2647//4137 2642//4137
f 2645//4138 2644//4138 2647//4138
f 2476//4139 2474//4139 2467//4139
f 2648//4140 2649//4140 2650//4140
f 2648//4141 2650//4141 2651//4141
f 2652//4142 2653//4142 2654//4142
f 2652//4143 2654//4143 2649//4143
f 2652//4144 2648//4144 2587//4144
f 2652//4145 2587//4145 2653//4145
f 2590//4146 2591//4146 2658//4146
f 2583//4147 2657//4147 2584//4147
f 2651//4148 2586//4148 2587//4148
f 2651//4149 2587//4149 2648//4149
f 2643//4150 2476//4150 2590//4150
f 2590//4151 2476//4151 2655//4151
f 2508//4152 2649//4152 2654//4152
f 2655//4153 2656//4153 2588//4153
f 2588//4154 2656//4154 2654//4154
f 2588//4155 2654//4155 2587//4155
f 2654//4156 2503//4156 2508//4156
f 2508//4157 2650//4157 2649//4157
f 2467//4158 2656//4158 2655//4158
f 2476//4159 2467//4159 2655//4159
f 2658//4160 2584//4160 2647//4160
f 2470//4161 2642//4161 2657//4161
f 2657//4162 2642//4162 2647//4162
f 2657//4163 2647//4163 2584//4163
f 2470//4164 2657//4164 2585//4164
f 2590//4165 2658//4165 2644//4165
f 2590//4166 2644//4166 2643//4166
f 2470//4167 2478//4167 2642//4167
f 2647//4168 2644//4168 2658//4168
f 2502//4169 2474//4169 2476//4169
f 2478//4170 2477//4170 2646//4170
f 2478//4171 2646//4171 2642//4171
f 2643//4172 2644//4172 2641//4172
f 2646//4173 2477//4173 2641//4173
f 2643//4174 2641//4174 2502//4174
f 2476//4175 2643//4175 2502//4175
f 2646//4176 2641//4176 2645//4176
f 2644//4177 2645//4177 2641//4177
f 2575//4178 2574//4178 2203//4178
f 2169//4179 2575//4179 2659//4179
f 2169//4180 2165//4180 2577//4180
f 2169//4181 2577//4181 2575//4181
f 2603//4182 2582//4182 2199//4182
f 2200//4183 2603//4183 2199//4183
f 2572//4184 2607//4184 2437//4184
f 2607//4185 2435//4185 2437//4185
f 2570//4186 2571//4186 2186//4186
f 2436//4187 2431//4187 2191//4187
f 2659//4188 2575//4188 2203//4188
f 2202//4189 2434//4189 2195//4189
f 2203//4190 2574//4190 2202//4190
f 2582//4191 2572//4191 2272//4191
f 2582//4192 2274//4192 2199//4192
f 2576//4193 2575//4193 2577//4193
f 2433//4194 2196//4194 2197//4194
f 2433//4195 2197//4195 2429//4195
f 2483//4196 2172//4196 2660//4196
f 2483//4197 2660//4197 2661//4197
f 2491//4198 2490//4198 2182//4198
f 2483//4199 2565//4199 2662//4199
f 2499//4200 2428//4200 2497//4200
f 2176//4201 2485//4201 2177//4201
f 2170//4202 2428//4202 2499//4202
f 2497//4203 2428//4203 2662//4203
f 2484//4204 2485//4204 2176//4204
f 2428//4205 2172//4205 2662//4205
f 2483//4206 2662//4206 2172//4206
f 2490//4207 2484//4207 2176//4207
f 2490//4208 2176//4208 2179//4208
f 2663//4209 2493//4209 2491//4209
f 2491//4210 2182//4210 2663//4210
f 2664//4211 2485//4211 2661//4211
f 2164//4212 2499//4212 2496//4212
f 2665//4213 2496//4213 2666//4213
f 2494//4214 2493//4214 2666//4214
f 2495//4215 2494//4215 2666//4215
f 2495//4216 2666//4216 2496//4216
f 2665//4217 2164//4217 2667//4217
f 2664//4211 2661//4211 2171//4211
f 2664//4218 2171//4218 2177//4218
f 2164//4219 2170//4219 2499//4219
f 2661//4220 2660//4220 2171//4220
f 2665//4221 2667//4221 2496//4221
f 2163//4222 2665//4222 2663//4222
f 2665//4223 2666//4223 2663//4223
f 2468//4224 2668//4224 2669//4224
f 2438//4225 2670//4225 2454//4225
f 2438//4226 2454//4226 2467//4226
f 2668//4227 2473//4227 2472//4227
f 2449//4228 2671//4228 2447//4228
f 2677//4229 2471//4229 2447//4229
f 2673//4230 2458//4230 2460//4230
f 2446//4231 2672//4231 2439//4231
f 2441//4232 2446//4232 2458//4232
f 2441//4233 2458//4233 2675//4233
f 2672//4234 2451//4234 2439//4234
f 2440//4235 2439//4235 2451//4235
f 2440//4236 2451//4236 2454//4236
f 2675//4237 2673//4237 2674//4237
f 2441//4238 2672//4238 2446//4238
f 2440//4239 2454//4239 2670//4239
f 2669//4240 2668//4240 2673//4240
f 2441//4241 2675//4241 2676//4241
f 2441//4242 2676//4242 2442//4242
f 2671//4243 2678//4243 2677//4243
f 2449//4244 2676//4244 2678//4244
f 2449//4245 2678//4245 2671//4245
f 2472//4246 2677//4246 2674//4246
f 2442//4247 2676//4247 2444//4247
f 2441//4248 2451//4248 2672//4248
f 2678//4249 2676//4249 2675//4249
f 2674//4250 2678//4250 2675//4250
f 2677//4251 2678//4251 2674//4251
f 2674//4252 2673//4252 2472//4252
f 2668//4253 2472//4253 2673//4253
f 2669//4254 2673//4254 2460//4254
f 2464//4255 2468//4255 2669//4255
f 2464//4256 2669//4256 2462//4256
f 2463//4257 2669//4257 2460//4257
f 2673//4258 2675//4258 2458//4258
f 2668//4259 2468//4259 2469//4259
f 2668//4260 2469//4260 2473//4260
f 2468//4261 2480//4261 2469//4261
f 2679//4262 2680//4262 2681//4262
f 2679//4263 2681//4263 2682//4263
f 2681//4264 2683//4264 2684//4264
f 2685//4265 2686//4265 2687//4265
f 2685//4266 2687//4266 2688//4266
f 2686//4267 2683//4267 2681//4267
f 2686//4268 2681//4268 2680//4268
f 2685//4269 2683//4269 2686//4269
f 2683//4270 2685//4270 2698//4270
f 2682//4271 2689//4271 2690//4271
f 2679//4272 2682//4272 2690//4272
f 2682//4273 2681//4273 2689//4273
f 2691//4274 2694//4274 2692//4274
f 2691//4275 2692//4275 2686//4275
f 2693//4276 2694//4276 2695//4276
f 2693//4277 2695//4277 2680//4277
f 2691//4278 2696//4278 2694//4278
f 2696//4279 2695//4279 2694//4279
f 2695//4280 2696//4280 2691//4280
f 2693//4281 2680//4281 2679//4281
f 2693//4282 2679//4282 2697//4282
f 2680//4283 2695//4283 2691//4283
f 2691//4284 2686//4284 2680//4284
f 2689//4285 2684//4285 2693//4285
f 2689//4286 2693//4286 2697//4286
f 2684//4287 2683//4287 2698//4287
f 2688//4288 2687//4288 2692//4288
f 2698//4289 2692//4289 2693//4289
f 2693//4290 2684//4290 2698//4290
f 2692//4291 2698//4291 2688//4291
f 2698//4292 2685//4292 2688//4292
f 2690//4293 2689//4293 2697//4293
f 2681//4294 2684//4294 2689//4294
f 2692//4295 2694//4295 2693//4295
f 2736//4296 2718//4296 2712//4296
f 2699//4297 2700//4297 2701//4297
f 2702//4298 2727//4298 2701//4298
f 2700//4299 2699//4299 2703//4299
f 2704//4300 2727//4300 2702//4300
f 2709//4301 2706//4301 2702//4301
f 2707//4302 2719//4302 2708//4302
f 2736//4303 2712//4303 2711//4303
f 2701//4304 2712//4304 2699//4304
f 2713//4305 2700//4305 2703//4305
f 2714//4306 2715//4306 2702//4306
f 2709//4307 2716//4307 2710//4307
f 2717//4308 2700//4308 2713//4308
f 2705//4309 2700//4309 2717//4309
f 2699//4310 2712//4310 2718//4310
f 2893//4311 2718//4311 2719//4311
f 2720//4312 2705//4312 2717//4312
f 2717//4313 2713//4313 2721//4313
f 2701//4314 2705//4314 2702//4314
f 2716//4315 2702//4315 2715//4315
f 2699//4316 2718//4316 2703//4316
f 2702//4317 2706//4317 2704//4317
f 2723//4318 2712//4318 2701//4318
f 2703//4319 2718//4319 2893//4319
f 2708//4320 2718//4320 2736//4320
f 2718//4321 2708//4321 2719//4321
f 2702//4322 2705//4322 2714//4322
f 2714//4323 2705//4323 2720//4323
f 2723//4324 2711//4324 2712//4324
f 2709//4325 2702//4325 2716//4325
f 2700//4326 2705//4326 2701//4326
f 2701//4327 2727//4327 2723//4327
f 2723//4328 2724//4328 2725//4328
f 2726//4329 2725//4329 2724//4329
f 2730//4330 2725//4330 2726//4330
f 2725//4331 2711//4331 2723//4331
f 2727//4332 2731//4332 2732//4332
f 2728//4333 2733//4333 2729//4333
f 2726//4334 2724//4334 2734//4334
f 2735//4335 2724//4335 2727//4335
f 2736//4336 2711//4336 2725//4336
f 2704//4337 2731//4337 2727//4337
f 2735//4338 2727//4338 2738//4338
f 2739//4339 2726//4339 2734//4339
f 2731//4340 2704//4340 2733//4340
f 2730//4341 2736//4341 2725//4341
f 2740//4342 2732//4342 2731//4342
f 2724//4343 2735//4343 2734//4343
f 2737//4344 2736//4344 2730//4344
f 2722//4345 2737//4345 2741//4345
f 2736//4346 2737//4346 2722//4346
f 2738//4347 2727//4347 2742//4347
f 2733//4348 2704//4348 2729//4348
f 2743//4349 2741//4349 2744//4349
f 2729//4350 2704//4350 2745//4350
f 2723//4351 2727//4351 2724//4351
f 2727//4352 2732//4352 2742//4352
f 2736//4353 2722//4353 2708//4353
f 2751//4354 2750//4354 2784//4354
f 2752//4355 2788//4355 2749//4355
f 2749//4356 2753//4356 2752//4356
f 2748//4357 2750//4357 2754//4357
f 2751//4358 2784//4358 2789//4358
f 2757//4359 2776//4359 2770//4359
f 2756//4360 2757//4360 2786//4360
f 2796//4361 2758//4361 2759//4361
f 2773//4362 2828//4362 2758//4362
f 2749//4363 2819//4363 2753//4363
f 2819//4364 2760//4364 2753//4364
f 2788//4365 2746//4365 2749//4365
f 2813//4366 2762//4366 2763//4366
f 2764//4367 2813//4367 2763//4367
f 2766//4368 2787//4368 2767//4368
f 2773//4369 2796//4369 2771//4369
f 2767//4370 2754//4370 2801//4370
f 2746//4371 2788//4371 2761//4371
f 2761//4372 2788//4372 2804//4372
f 2761//4373 2770//4373 2751//4373
f 2764//4374 2763//4374 2760//4374
f 2771//4375 2772//4375 2773//4375
f 2775//4376 2776//4376 2757//4376
f 2790//4377 2786//4377 2804//4377
f 2762//4378 2780//4378 2763//4378
f 2754//4379 2776//4379 2781//4379
f 2754//4380 2777//4380 2801//4380
f 2782//4381 2783//4381 2773//4381
f 2794//4382 2787//4382 2757//4382
f 2819//4383 2816//4383 2760//4383
f 2787//4384 2775//4384 2757//4384
f 2787//4385 2766//4385 2777//4385
f 2751//4386 2754//4386 2750//4386
f 2754//4387 2751//4387 2770//4387
f 2769//4388 2804//4388 2788//4388
f 2789//4389 2784//4389 2785//4389
f 2786//4390 2790//4390 2791//4390
f 2754//4391 2767//4391 2748//4391
f 2788//4392 2792//4392 2778//4392
f 2756//4393 2802//4393 2793//4393
f 2756//4394 2794//4394 2757//4394
f 2783//4395 2828//4395 2773//4395
f 2766//4396 2801//4396 2777//4396
f 2797//4397 2826//4397 2798//4397
f 2765//4398 2776//4398 2754//4398
f 2799//4399 2826//4399 2797//4399
f 2772//4400 2774//4400 2773//4400
f 2800//4401 2788//4401 2752//4401
f 2783//4402 2782//4402 2792//4402
f 2757//4403 2770//4403 2786//4403
f 2805//4404 2773//4404 2774//4404
f 2756//4405 2786//4405 2802//4405
f 2746//4406 2789//4406 2747//4406
f 2795//4407 2747//4407 2789//4407
f 2767//4408 2787//4408 2755//4408
f 2805//4409 2782//4409 2773//4409
f 2804//4410 2786//4410 2770//4410
f 2782//4411 2778//4411 2792//4411
f 2813//4412 2799//4412 2762//4412
f 2769//4413 2778//4413 2779//4413
f 2782//4414 2768//4414 2778//4414
f 2777//4415 2754//4415 2781//4415
f 2768//4416 2779//4416 2778//4416
f 2758//4417 2796//4417 2773//4417
f 2755//4418 2787//4418 2806//4418
f 2816//4419 2764//4419 2760//4419
f 2777//4420 2776//4420 2775//4420
f 2769//4421 2779//4421 2790//4421
f 2778//4422 2769//4422 2788//4422
f 2802//4423 2786//4423 2791//4423
f 2751//4424 2746//4424 2761//4424
f 2751//4425 2789//4425 2746//4425
f 2754//4426 2770//4426 2765//4426
f 2790//4427 2809//4427 2791//4427
f 2804//4428 2769//4428 2790//4428
f 2746//4429 2747//4429 2803//4429
f 2747//4430 2810//4430 2803//4430
f 2803//4431 2810//4431 2749//4431
f 2814//4432 2815//4432 2816//4432
f 2749//4433 2810//4433 2818//4433
f 2821//4434 2814//4434 2819//4434
f 2817//4435 2780//4435 2837//4435
f 2817//4436 2837//4436 2838//4436
f 2829//4437 2822//4437 2828//4437
f 2854//4438 2827//4438 2753//4438
f 2828//4439 2830//4439 2829//4439
f 2837//4440 2780//4440 2831//4440
f 2815//4441 2812//4441 2813//4441
f 2818//4442 2834//4442 2819//4442
f 2838//4443 2835//4443 2817//4443
f 2828//4444 2836//4444 2850//4444
f 2837//4445 2831//4445 2840//4445
f 2818//4446 2843//4446 2844//4446
f 2845//4447 2846//4447 2835//4447
f 2824//4448 2792//4448 2811//4448
f 2826//4449 2841//4449 2832//4449
f 2837//4450 2839//4450 2838//4450
f 2763//4451 2817//4451 2753//4451
f 2811//4452 2752//4452 2827//4452
f 2817//4453 2763//4453 2780//4453
f 2840//4454 2841//4454 2820//4454
f 2749//4455 2818//4455 2852//4455
f 2752//4456 2811//4456 2842//4456
f 2838//4457 2845//4457 2835//4457
f 2851//4458 2813//4458 2812//4458
f 2792//4459 2850//4459 2836//4459
f 2813//4460 2816//4460 2815//4460
f 2814//4461 2816//4461 2819//4461
f 2821//4462 2819//4462 2834//4462
f 2844//4463 2843//4463 2821//4463
f 2830//4464 2828//4464 2856//4464
f 2758//4465 2828//4465 2822//4465
f 2832//4466 2840//4466 2848//4466
f 2783//4467 2836//4467 2828//4467
f 2820//4468 2841//4468 2855//4468
f 2840//4469 2832//4469 2841//4469
f 2822//4470 2849//4470 2758//4470
f 2835//4471 2854//4471 2817//4471
f 2828//4472 2850//4472 2856//4472
f 2851//4473 2799//4473 2813//4473
f 2792//4474 2824//4474 2850//4474
f 2833//4475 2824//4475 2811//4475
f 2811//4476 2827//4476 2825//4476
f 2824//4477 2823//4477 2850//4477
f 2845//4478 2838//4478 2839//4478
f 2824//4479 2833//4479 2823//4479
f 2810//4480 2847//4480 2818//4480
f 2825//4481 2835//4481 2846//4481
f 2857//4482 2840//4482 2820//4482
f 2851//4483 2826//4483 2799//4483
f 2788//4484 2800//4484 2811//4484
f 2788//4485 2811//4485 2792//4485
f 2848//4486 2831//4486 2832//4486
f 2831//4487 2780//4487 2832//4487
f 2835//4488 2825//4488 2854//4488
f 2852//4489 2818//4489 2819//4489
f 2822//4490 2759//4490 2849//4490
f 2818//4491 2844//4491 2834//4491
f 2822//4492 2853//4492 2759//4492
f 2845//4493 2858//4493 2846//4493
f 2833//4494 2811//4494 2825//4494
f 2825//4495 2827//4495 2854//4495
f 2800//4496 2842//4496 2811//4496
f 2859//4497 2861//4497 2862//4497
f 2863//4498 2897//4498 2862//4498
f 2859//4499 2862//4499 2864//4499
f 2859//4500 2860//4500 2861//4500
f 2859//4501 2866//4501 2860//4501
f 2862//4502 2897//4502 2864//4502
f 2866//4503 2859//4503 2868//4503
f 2871//4504 2872//4504 2873//4504
f 2871//4505 2873//4505 2874//4505
f 2875//4506 2876//4506 2877//4506
f 2875//4507 2877//4507 2878//4507
f 2884//4508 2885//4508 2887//4508
f 2883//4509 2884//4509 2887//4509
f 2883//4510 2887//4510 2888//4510
f 2888//4511 2887//4511 2889//4511
f 2885//4512 2886//4512 2887//4512
f 2870//4513 2890//4513 2869//4513
f 2870//4514 2869//4514 2883//4514
f 2891//4515 2883//4515 2888//4515
f 2887//4516 2886//4516 2891//4516
f 2887//4517 2891//4517 2888//4517
f 2894//4518 2707//4518 2722//4518
f 2743//4519 2894//4519 2722//4519
f 2743//4520 2722//4520 2741//4520
f 2743//4521 2741//4521 2737//4521
f 2743//4522 2737//4522 2744//4522
f 2738//4523 2742//4523 2740//4523
f 2898//4524 2895//4524 2896//4524
f 2898//4525 2896//4525 2867//4525
f 2897//4526 2880//4526 2879//4526
f 2895//4527 2897//4527 2879//4527
f 2895//4528 2898//4528 2897//4528
f 2897//4529 2863//4529 2881//4529
f 2897//4530 2881//4530 2880//4530
f 2859//4531 2898//4531 2865//4531
f 2859//4532 2897//4532 2898//4532
f 2868//4533 2859//4533 2865//4533
f 2899//4534 2900//4534 2937//4534
f 2899//4535 2937//4535 2896//4535
f 2899//4536 2896//4536 2901//4536
f 2902//4537 2901//4537 2896//4537
f 2902//4538 2896//4538 2895//4538
f 2902//4539 2895//4539 2879//4539
f 2896//4540 2937//4540 2867//4540
f 2865//4541 2898//4541 2867//4541
f 2882//4542 2865//4542 2867//4542
f 2882//4543 2867//4543 2869//4543
f 2883//4544 2869//4544 2884//4544
f 2867//4545 2884//4545 2869//4545
f 2867//4546 2878//4546 2875//4546
f 2867//4547 2875//4547 2903//4547
f 2867//4548 2903//4548 2874//4548
f 2904//4549 2867//4549 2886//4549
f 2904//4550 2886//4550 2884//4550
f 2867//4551 2874//4551 2886//4551
f 2886//4552 2874//4552 2871//4552
f 2878//4553 2877//4553 2876//4553
f 2878//4554 2876//4554 2875//4554
f 2876//4555 2875//4555 2903//4555
f 2874//4556 2903//4556 2873//4556
f 2874//4557 2873//4557 2872//4557
f 2874//4558 2872//4558 2871//4558
f 2886//4559 2871//4559 2872//4559
f 2906//4560 2907//4560 2905//4560
f 2906//4561 2938//4561 2908//4561
f 2909//4562 2906//4562 2905//4562
f 2910//4563 2905//4563 2907//4563
f 2910//4564 2913//4564 2905//4564
f 2909//4565 2938//4565 2906//4565
f 2916//4566 2917//4566 2918//4566
f 2916//4567 2918//4567 2919//4567
f 2878//4568 2877//4568 2920//4568
f 2878//4569 2920//4569 2921//4569
f 2932//4570 2931//4570 2928//4570
f 2932//4571 2928//4571 2927//4571
f 2932//4572 2933//4572 2931//4572
f 2931//4573 2929//4573 2928//4573
f 2926//4574 2914//4574 2934//4574
f 2926//4575 2934//4575 2927//4575
f 2932//4576 2927//4576 2935//4576
f 2932//4577 2935//4577 2929//4577
f 2932//4578 2929//4578 2931//4578
f 2935//4579 2927//4579 2915//4579
f 2938//4580 2923//4580 2922//4580
f 2923//4581 2938//4581 2936//4581
f 2922//4582 2924//4582 2908//4582
f 2922//4583 2908//4583 2938//4583
f 2905//4584 2911//4584 2939//4584
f 2939//4585 2938//4585 2905//4585
f 2911//4586 2905//4586 2913//4586
f 2940//4587 2937//4587 2900//4587
f 2936//4588 2937//4588 2940//4588
f 2923//4589 2936//4589 2940//4589
f 2912//4590 2867//4590 2937//4590
f 2912//4591 2926//4591 2941//4591
f 2939//4592 2936//4592 2938//4592
f 2937//4593 2936//4593 2939//4593
f 2937//4594 2939//4594 2911//4594
f 2911//4595 2912//4595 2937//4595
f 2912//4596 2911//4596 2925//4596
f 2914//4597 2926//4597 2912//4597
f 2914//4598 2912//4598 2925//4598
f 2941//4599 2926//4599 2927//4599
f 2941//4600 2927//4600 2928//4600
f 2912//4601 2921//4601 2878//4601
f 2912//4602 2878//4602 2867//4602
f 2942//4603 2921//4603 2912//4603
f 2912//4604 2916//4604 2942//4604
f 2944//4605 2943//4605 2941//4605
f 2928//4606 2930//4606 2944//4606
f 2928//4607 2944//4607 2941//4607
f 2943//4608 2916//4608 2912//4608
f 2943//4609 2919//4609 2916//4609
f 2944//4610 2930//4610 2929//4610
f 2944//4611 2929//4611 2919//4611
f 2919//4612 2943//4612 2944//4612
f 2919//4613 2944//4613 2945//4613
f 2921//4614 2920//4614 2877//4614
f 2921//4615 2877//4615 2878//4615
f 2942//4616 2921//4616 2920//4616
f 2917//4617 2942//4617 2916//4617
f 2919//4618 2918//4618 2917//4618
f 2919//4619 2917//4619 2916//4619
f 2929//4620 2918//4620 2919//4620
f 2946//4621 2947//4621 2948//4621
f 2949//4622 2996//4622 2950//4622
f 2953//4623 3090//4623 2954//4623
f 2955//4624 2948//4624 2956//4624
f 3007//4625 3066//4625 3005//4625
f 3081//4626 2958//4626 2959//4626
f 3066//4627 3007//4627 2960//4627
f 2992//4628 2954//4628 3090//4628
f 2962//4629 3102//4629 3078//4629
f 2963//4630 2951//4630 2962//4630
f 2964//4631 2955//4631 3002//4631
f 3003//4632 3047//4632 2965//4632
f 2966//4633 2967//4633 2968//4633
f 2970//4634 2971//4634 2972//4634
f 2974//4635 2975//4635 3067//4635
f 2976//4636 2977//4636 2978//4636
f 3066//4637 2960//4637 3095//4637
f 2983//4638 2979//4638 2980//4638
f 3045//4639 2982//4639 2983//4639
f 2984//4640 2946//4640 2985//4640
f 2992//4641 3090//4641 2950//4641
f 3105//4642 2986//4642 2987//4642
f 3067//4643 2987//4643 3039//4643
f 2988//4644 3063//4644 2989//4644
f 2990//4645 2991//4645 2992//4645
f 2956//4646 2993//4646 2994//4646
f 2995//4647 2996//4647 2946//4647
f 3095//4648 2960//4648 2997//4648
f 3061//4649 2967//4649 2998//4649
f 2999//4650 3000//4650 3001//4650
f 3004//4651 2967//4651 2973//4651
f 2988//4652 3031//4652 3063//4652
f 2959//4653 2958//4653 3005//4653
f 3006//4654 3007//4654 3008//4654
f 3006//4655 2992//4655 2950//4655
f 3009//4656 3010//4656 3011//4656
f 3012//4657 3087//4657 3013//4657
f 3014//4658 3015//4658 3050//4658
f 2968//4659 3049//4659 3016//4659
f 3017//4660 3018//4660 2946//4660
f 3054//4661 3039//4661 2987//4661
f 2982//4662 3045//4662 3053//4662
f 2996//4663 3021//4663 3022//4663
f 3011//4664 3048//4664 3023//4664
f 3051//4665 2956//4665 2969//4665
f 2954//4666 2955//4666 2956//4666
f 3024//4667 2999//4667 3001//4667
f 2954//4668 3024//4668 2955//4668
f 3025//4669 3063//4669 3026//4669
f 3001//4670 3000//4670 3029//4670
f 3027//4671 3088//4671 3028//4671
f 3089//4672 3029//4672 3030//4672
f 2981//4673 3020//4673 2979//4673
f 2975//4674 3019//4674 3105//4674
f 3032//4675 2961//4675 3031//4675
f 3033//4676 2990//4676 3034//4676
f 2978//4677 2977//4677 2963//4677
f 2977//4678 2951//4678 2963//4678
f 2961//4679 3035//4679 2955//4679
f 2994//4680 2969//4680 2956//4680
f 2956//4681 3023//4681 2953//4681
f 3036//4682 3011//4682 3023//4682
f 2974//4683 3041//4683 3042//4683
f 3029//4684 3089//4684 3047//4684
f 3088//4685 3064//4685 3028//4685
f 3047//4686 3089//4686 3024//4686
f 3023//4687 3048//4687 3049//4687
f 3049//4688 3048//4688 3015//4688
f 3012//4689 3050//4689 3087//4689
f 3012//4690 3013//4690 3051//4690
f 2996//4691 2976//4691 2997//4691
f 3052//4692 3043//4692 2980//4692
f 3053//4693 3045//4693 3020//4693
f 3019//4694 3039//4694 3054//4694
f 3055//4695 3056//4695 2998//4695
f 3021//4696 2996//4696 2949//4696
f 3049//4697 3015//4697 3013//4697
f 3036//4698 3013//4698 3015//4698
f 2993//4699 2956//4699 2948//4699
f 2954//4700 2992//4700 3058//4700
f 2954//4701 3059//4701 3024//4701
f 2997//4702 2960//4702 3060//4702
f 3023//4703 3061//4703 3062//4703
f 3023//4704 3049//4704 2968//4704
f 2965//4705 3047//4705 3024//4705
f 3059//4706 3063//4706 3024//4706
f 3064//4707 3000//4707 2999//4707
f 3095//4708 2979//4708 3066//4708
f 3048//4709 3011//4709 3010//4709
f 3107//4710 3105//4710 3094//4710
f 2996//4711 2946//4711 2976//4711
f 3025//4712 3068//4712 3069//4712
f 3071//4713 3035//4713 3072//4713
f 3073//4714 2970//4714 2953//4714
f 2955//4715 3074//4715 3002//4715
f 3074//4716 3001//4716 3075//4716
f 3075//4717 3001//4717 3027//4717
f 3075//4718 3027//4718 3002//4718
f 3027//4719 3029//4719 3047//4719
f 3029//4720 3027//4720 3001//4720
f 2979//4721 3076//4721 2980//4721
f 2974//4722 3037//4722 2975//4722
f 3066//4723 2979//4723 2983//4723
f 2986//4724 3105//4724 3019//4724
f 3020//4725 2981//4725 3052//4725
f 2948//4726 2995//4726 2993//4726
f 2950//4727 3060//4727 3007//4727
f 2951//4728 2946//4728 2984//4728
f 3031//4729 3093//4729 3032//4729
f 3093//4730 3071//4730 3072//4730
f 3015//4731 3011//4731 3036//4731
f 2947//4732 3017//4732 2946//4732
f 3092//4733 3017//4733 2947//4733
f 3025//4734 3069//4734 3077//4734
f 2987//4735 2962//4735 3078//4735
f 2987//4736 3067//4736 2962//4736
f 3079//4737 2973//4737 3080//4737
f 2973//4738 2967//4738 3080//4738
f 2976//4739 3081//4739 2997//4739
f 3081//4740 3096//4740 2997//4740
f 2980//4741 3076//4741 3052//4741
f 3082//4742 3031//4742 2988//4742
f 3083//4743 3084//4743 2988//4743
f 3042//4744 3037//4744 2974//4744
f 3085//4745 3055//4745 2998//4745
f 2994//4746 2993//4746 3086//4746
f 3005//4747 3066//4747 2982//4747
f 2959//4748 3005//4748 2982//4748
f 3087//4749 3016//4749 3049//4749
f 3010//4750 3050//4750 3048//4750
f 3047//4751 3003//4751 3088//4751
f 2999//4752 3089//4752 3064//4752
f 3043//4753 2982//4753 3053//4753
f 3054//4754 2987//4754 3041//4754
f 2949//4755 2950//4755 3090//4755
f 3091//4756 2970//4756 2972//4756
f 2948//4757 2995//4757 2946//4757
f 2947//4758 2948//4758 2955//4758
f 3035//4759 3071//4759 3092//4759
f 2992//4760 2984//4760 2985//4760
f 2990//4761 2992//4761 3034//4761
f 3091//4762 2972//4762 3097//4762
f 2986//4763 3042//4763 3041//4763
f 2986//4764 3098//4764 3042//4764
f 3011//4765 3014//4765 3009//4765
f 3009//4766 3012//4766 3051//4766
f 3070//4767 3030//4767 3000//4767
f 3000//4768 3064//4768 3070//4768
f 3002//4769 3028//4769 3070//4769
f 3002//4770 3027//4770 3028//4770
f 3001//4771 3074//4771 2955//4771
f 3001//4772 2955//4772 3024//4772
f 3100//4773 3022//4773 3101//4773
f 3101//4774 3086//4774 2993//4774
f 3102//4775 3008//4775 2958//4775
f 3102//4776 2958//4776 3081//4776
f 2984//4777 2992//4777 3006//4777
f 3046//4778 3044//4778 2983//4778
f 3024//4779 3089//4779 2999//4779
f 2956//4780 3103//4780 3036//4780
f 3023//4781 2956//4781 3036//4781
f 3102//4782 2952//4782 3008//4782
f 3023//4783 3062//4783 2953//4783
f 3063//4784 3031//4784 3104//4784
f 3105//4785 2987//4785 3078//4785
f 2979//4786 3065//4786 2981//4786
f 3096//4787 2959//4787 3065//4787
f 2996//4788 3022//4788 2995//4788
f 2995//4789 3022//4789 3100//4789
f 3051//4790 3103//4790 2956//4790
f 3106//4791 3036//4791 3103//4791
f 3013//4792 3036//4792 3106//4792
f 3051//4793 3013//4793 3106//4793
f 2975//4794 3105//4794 3107//4794
f 2975//4795 2963//4795 3067//4795
f 2962//4796 3067//4796 2963//4796
f 3044//4797 3053//4797 3099//4797
f 3053//4798 3044//4798 3043//4798
f 3041//4799 3038//4799 3054//4799
f 3098//4800 3054//4800 3038//4800
f 2954//4801 2956//4801 2953//4801
f 3102//4802 2962//4802 2952//4802
f 3035//4803 2947//4803 2955//4803
f 2953//4804 2971//4804 3108//4804
f 3109//4805 2991//4805 2954//4805
f 2986//4806 3019//4806 3098//4806
f 3099//4807 3020//4807 3052//4807
f 3030//4808 3070//4808 3028//4808
f 3028//4809 3089//4809 3030//4809
f 3012//4810 3009//4810 3014//4810
f 3014//4811 3050//4811 3012//4811
f 2981//4812 3065//4812 2959//4812
f 2959//4813 2982//4813 2981//4813
f 3110//4814 2995//4814 3100//4814
f 3100//4815 3101//4815 2993//4815
f 2994//4816 3057//4816 2969//4816
f 2966//4817 2969//4817 3057//4817
f 3016//4818 3010//4818 3051//4818
f 3087//4819 3010//4819 3016//4819
f 3070//4820 3064//4820 3003//4820
f 3003//4821 3064//4821 3088//4821
f 2998//4822 3004//4822 3085//4822
f 3111//4823 3004//4823 2973//4823
f 2964//4824 3003//4824 3031//4824
f 3003//4825 2965//4825 3031//4825
f 3020//4826 3076//4826 2979//4826
f 2975//4827 3037//4827 3019//4827
f 3077//4828 2989//4828 3025//4828
f 3037//4829 3042//4829 3098//4829
f 3037//4830 3098//4830 3038//4830
f 3099//4831 3052//4831 3076//4831
f 3044//4832 3099//4832 3076//4832
f 3039//4833 3038//4833 3040//4833
f 2983//4834 3044//4834 3045//4834
f 3050//4835 3015//4835 3048//4835
f 3112//4836 2977//4836 2946//4836
f 2951//4837 2977//4837 3113//4837
f 3114//4838 2960//4838 3007//4838
f 2946//4839 2951//4839 3112//4839
f 2982//4840 3052//4840 2981//4840
f 2985//4841 2946//4841 3018//4841
f 3006//4842 3008//4842 2952//4842
f 2988//4843 2989//4843 3083//4843
f 3000//4844 3030//4844 3029//4844
f 3015//4845 3014//4845 3011//4845
f 2951//4846 3006//4846 2952//4846
f 3092//4847 3115//4847 3035//4847
f 2993//4848 3116//4848 3100//4848
f 2993//4849 2995//4849 3110//4849
f 3055//4850 3085//4850 3079//4850
f 2964//4851 3002//4851 3003//4851
f 2973//4852 3079//4852 3111//4852
f 2946//4853 2977//4853 2976//4853
f 2976//4854 2957//4854 3081//4854
f 3102//4855 3081//4855 2957//4855
f 3047//4856 3088//4856 3027//4856
f 3013//4857 3087//4857 3049//4857
f 3008//4858 3007//4858 3005//4858
f 3082//4859 2988//4859 3084//4859
f 2967//4860 3004//4860 2998//4860
f 3025//4861 2989//4861 3063//4861
f 2962//4862 2951//4862 2952//4862
f 2976//4863 2978//4863 2957//4863
f 3016//4864 3051//4864 2969//4864
f 3105//4865 3078//4865 3094//4865
f 3078//4866 3102//4866 2957//4866
f 3064//4867 3089//4867 3028//4867
f 3019//4868 3054//4868 3098//4868
f 3099//4869 3053//4869 3020//4869
f 3060//4870 2996//4870 2997//4870
f 3060//4871 2950//4871 2996//4871
f 3067//4872 3040//4872 2974//4872
f 3040//4873 3067//4873 3039//4873
f 2980//4874 3046//4874 2983//4874
f 3081//4875 2959//4875 3096//4875
f 3094//4876 3078//4876 2957//4876
f 3087//4877 3050//4877 3010//4877
f 2966//4878 3080//4878 2967//4878
f 2970//4879 3090//4879 2953//4879
f 2961//4880 3072//4880 3035//4880
f 2978//4881 2975//4881 3107//4881
f 2955//4882 2964//4882 2961//4882
f 2964//4883 3031//4883 2961//4883
f 2994//4884 3117//4884 3057//4884
f 3063//4885 3059//4885 3026//4885
f 3026//4886 2991//4886 3025//4886
f 2998//4887 2971//4887 3061//4887
f 3095//4888 2997//4888 3096//4888
f 3094//4889 2957//4889 2978//4889
f 3038//4890 3041//4890 3040//4890
f 2974//4891 3040//4891 3041//4891
f 3043//4892 3046//4892 2980//4892
f 3046//4893 3043//4893 3044//4893
f 2979//4894 3095//4894 3065//4894
f 3094//4895 2978//4895 3107//4895
f 3066//4896 2983//4896 2982//4896
f 3039//4897 3019//4897 3037//4897
f 3076//4898 3020//4898 3045//4898
f 3008//4899 3005//4899 2958//4899
f 2990//4900 3068//4900 3025//4900
f 2990//4901 3033//4901 3068//4901
f 3056//4902 3097//4902 2972//4902
f 2998//4903 3056//4903 2972//4903
f 3010//4904 3009//4904 3051//4904
f 3120//4905 3021//4905 2949//4905
f 2966//4906 2968//4906 3016//4906
f 2966//4907 3016//4907 2969//4907
f 2985//4908 3018//4908 3121//4908
f 3045//4909 3044//4909 3076//4909
f 3037//4910 3038//4910 3039//4910
f 3058//4911 2992//4911 2991//4911
f 2971//4912 2970//4912 3073//4912
f 2954//4913 3026//4913 3118//4913
f 3119//4914 3061//4914 2953//4914
f 3052//4915 2982//4915 3043//4915
f 3041//4916 2987//4916 2986//4916
f 3061//4917 2971//4917 2953//4917
f 2954//4918 2991//4918 3026//4918
f 2975//4919 2978//4919 2963//4919
f 3070//4920 3003//4920 3002//4920
f 3023//4921 2968//4921 3061//4921
f 3063//4922 2965//4922 3024//4922
f 2965//4923 3104//4923 3031//4923
f 3096//4924 3065//4924 3095//4924
f 3072//4925 3032//4925 3093//4925
f 3100//4926 3116//4926 3110//4926
f 2947//4927 3115//4927 3092//4927
f 3006//4928 2951//4928 2984//4928
f 2950//4929 3007//4929 3006//4929
f 2954//4930 3058//4930 3109//4930
f 3108//4931 3073//4931 2953//4931
f 2991//4932 2990//4932 3025//4932
f 2998//4933 2972//4933 2971//4933
l 2713 2892
l 2163 2164
l 2313 2318
l 2934 2925
l 2179 2182
l 2600 2606
l 2807 2808
l 2556 2558
l 2703 2892
l 3080 3122
l 3077 3084
l 1791 1792
l 2389 2393
l 2797 2762
l 2890 2882
l 1804 1805
o SEAT-SHAFT
usemtl SEAT-SHAFT
v 0.020850 0.053921 -0.007497
v 0.001951 0.018161 -0.021787
v 0.010923 0.056163 -0.019623
v -0.007497 0.053921 -0.020850
v -0.021787 0.018161 -0.001951
v -0.019623 0.056163 -0.010923
v -0.018556 0.053709 0.014479
v -0.001951 0.018161 0.021787
v 0.007497 0.053921 0.020850
v 0.021787 0.018161 0.001951
v 0.019623 0.056163 0.010923
v 0.022192 0.207192 -0.012669
v 0.024446 0.209607 0.005755
v 0.005755 0.209607 -0.024446
v -0.012669 0.207192 -0.022192
v -0.024446 0.209607 -0.005755
v -0.022192 0.207192 0.012669
v -0.005755 0.209607 0.024446
v 0.012669 0.207192 0.022192
v 0.012520 0.331492 -0.008805
v 0.008805 0.201111 -0.012520
v -0.008805 0.331492 -0.012520
v -0.012520 0.201111 -0.008805
v -0.012520 0.331492 0.008805
v -0.008805 0.201111 0.012520
v 0.008805 0.331492 0.012520
v 0.012520 0.201111 0.008805
v 0.015287 0.210161 -0.000000
v 0.010809 0.210161 -0.010809
v -0.000000 0.210161 -0.015287
v -0.010809 0.210161 -0.010809
v -0.015287 0.210161 0.000000
v -0.010809 0.210161 0.010809
v 0.000000 0.210161 0.015287
v 0.010809 0.210161 0.010809
vn 0.7589 -0.1477 -0.6342
vn 0.7531 -0.1412 -0.6426
vn 0.0613 0.0423 -0.9972
vn -0.6342 -0.1477 -0.7589
vn -0.6426 -0.1412 -0.7531
vn -0.9965 0.0682 0.0484
vn -0.7484 -0.2210 0.6254
vn -0.2373 0.0880 0.9674
vn 0.6342 -0.1477 0.7589
vn 0.6426 -0.1412 0.7531
vn 0.9972 0.0423 0.0613
vn 0.9927 -0.0127 -0.1197
vn 0.7709 -0.0282 -0.6363
vn 0.5818 -0.0060 -0.8133
vn 0.0700 -0.0290 -0.9971
vn -0.1197 -0.0127 -0.9927
vn -0.6363 -0.0282 -0.7709
vn -0.8133 -0.0060 -0.5818
vn -0.9987 -0.0327 0.0388
vn -0.9927 -0.0221 0.1185
vn -0.5820 -0.0042 0.8132
vn -0.2370 -0.0426 0.9706
vn 0.1197 -0.0127 0.9927
vn 0.6363 -0.0282 0.7709
vn 0.8133 -0.0060 0.5818
vn 0.9971 -0.0290 0.0700
vn 0.9849 -0.0232 -0.1716
vn 0.1716 0.0232 -0.9849
vn -0.1716 -0.0232 -0.9849
vn -0.9849 0.0232 -0.1716
vn -0.9849 -0.0232 0.1716
vn -0.1716 0.0232 0.9849
vn 0.1716 -0.0232 0.9849
vn 0.9849 0.0232 0.1716
vn 0.2521 0.9551 -0.1560
vn -0.1560 0.9551 -0.2521
vn -0.2521 0.9551 0.1560
vn 0.1560 0.9551 0.2521
vn 0.0814 0.9961 -0.0337
vn 0.1607 0.9820 -0.0994
vn 0.0199 0.9987 -0.0479
vn -0.0337 0.9961 -0.0814
vn -0.0994 0.9820 -0.1607
vn -0.0479 0.9987 -0.0199
vn -0.0814 0.9961 0.0337
vn -0.1607 0.9820 0.0994
vn -0.0199 0.9987 0.0479
vn 0.0337 0.9961 0.0814
vn 0.0994 0.9820 0.1607
vn 0.0479 0.9987 0.0199
vn -0.0000 -1.0000 -0.0000
s 0
usemtl SEAT-SHAFT
f 3123//4934 3132//4934 3124//4934
f 3125//4935 3123//4935 3124//4935
f 3126//4936 3125//4936 3124//4936
f 3126//4937 3124//4937 3127//4937
f 3128//4938 3126//4938 3127//4938
f 3129//4939 3128//4939 3127//4939
f 3129//4940 3127//4940 3130//4940
f 3131//4941 3129//4941 3130//4941
f 3131//4942 3130//4942 3132//4942
f 3133//4943 3131//4943 3132//4943
f 3123//4944 3133//4944 3132//4944
f 3134//4945 3135//4945 3123//4945
f 3134//4946 3123//4946 3125//4946
f 3136//4947 3134//4947 3125//4947
f 3136//4948 3125//4948 3126//4948
f 3137//4949 3136//4949 3126//4949
f 3137//4950 3126//4950 3128//4950
f 3138//4951 3137//4951 3128//4951
f 3138//4952 3128//4952 3129//4952
f 3139//4953 3138//4953 3129//4953
f 3140//4954 3139//4954 3129//4954
f 3140//4955 3129//4955 3131//4955
f 3141//4956 3140//4956 3131//4956
f 3141//4957 3131//4957 3133//4957
f 3135//4958 3141//4958 3133//4958
f 3135//4959 3133//4959 3123//4959
f 3142//4960 3149//4960 3143//4960
f 3144//4961 3142//4961 3143//4961
f 3144//4962 3143//4962 3145//4962
f 3146//4963 3144//4963 3145//4963
f 3146//4964 3145//4964 3147//4964
f 3148//4965 3146//4965 3147//4965
f 3148//4966 3147//4966 3149//4966
f 3142//4967 3148//4967 3149//4967
f 3136//4968 3135//4968 3134//4968
f 3138//4969 3136//4969 3137//4969
f 3140//4970 3138//4970 3139//4970
f 3135//4971 3140//4971 3141//4971
f 3151//4972 3150//4972 3135//4972
f 3151//4973 3135//4973 3136//4973
f 3152//4974 3151//4974 3136//4974
f 3153//4975 3152//4975 3136//4975
f 3153//4976 3136//4976 3138//4976
f 3154//4977 3153//4977 3138//4977
f 3155//4978 3154//4978 3138//4978
f 3155//4979 3138//4979 3140//4979
f 3156//4980 3155//4980 3140//4980
f 3157//4981 3156//4981 3140//4981
f 3157//4982 3140//4982 3135//4982
f 3150//4983 3157//4983 3135//4983
f 3130//4984 3127//4984 3132//4984
f 3132//4984 3127//4984 3124//4984
