# Official CAD, metres, Y up.
mtllib EamesLounge.mtl
o SEAT-GLIDE
usemtl SEAT-GLIDE
v 0.0139456 0.0 0.4191438
v 0.01905 0.0 0.4103026
v 0.01905 0.00635 0.4103026
v 0.0139456 0.00635 0.4191438
f 1 2 3
f 1 3 4
v 0.01524 0.00635 0.4092817
v 0.0111565 0.00635 0.4163547
f 4 3 5
f 4 5 6
v 0.01524 0.01143 0.4092817
v 0.0111565 0.01143 0.4163547
f 6 5 7
f 6 7 8
v 0.01905 0.0 0.4000938
v 0.01905 0.00635 0.4000938
f 2 9 10
f 2 10 3
v 0.01524 0.00635 0.4011147
v 0.01524 0.01143 0.4011147
f 5 11 12
f 5 12 7
f 3 10 11
f 3 11 5
v 0.0139456 0.0 0.3912526
v 0.0139456 0.00635 0.3912526
f 9 13 14
f 9 14 10
v 0.0111565 0.00635 0.3940417
v 0.0111565 0.01143 0.3940417
f 11 15 16
f 11 16 12
f 10 14 15
f 10 15 11
v 0.0051044 0.0 0.3861482
v 0.0051044 0.00635 0.3861482
f 13 17 18
f 13 18 14
v 0.0040835 0.00635 0.3899582
v 0.0040835 0.01143 0.3899582
f 15 19 20
f 15 20 16
f 14 18 19
f 14 19 15
v -0.0051044 0.0 0.3861482
v -0.0051044 0.00635 0.3861482
f 17 21 22
f 17 22 18
v -0.0040835 0.00635 0.3899582
v -0.0040835 0.01143 0.3899582
f 19 23 24
f 19 24 20
f 18 22 23
f 18 23 19
v -0.0139456 0.0 0.3912526
v -0.0139456 0.00635 0.3912526
f 21 25 26
f 21 26 22
v -0.0111565 0.00635 0.3940417
v -0.0111565 0.01143 0.3940417
f 23 27 28
f 23 28 24
f 22 26 27
f 22 27 23
v -0.01905 0.0 0.4000938
v -0.01905 0.00635 0.4000938
f 25 29 30
f 25 30 26
v -0.01524 0.00635 0.4011147
v -0.01524 0.01143 0.4011147
f 27 31 32
f 27 32 28
f 26 30 31
f 26 31 27
v -0.01905 0.0 0.4103026
v -0.01905 0.00635 0.4103026
f 29 33 34
f 29 34 30
v -0.01524 0.00635 0.4092817
v -0.01524 0.01143 0.4092817
f 31 35 36
f 31 36 32
f 30 34 35
f 30 35 31
v -0.0139456 0.0 0.4191438
v -0.0139456 0.00635 0.4191438
f 33 37 38
f 33 38 34
v -0.0111565 0.00635 0.4163547
v -0.0111565 0.01143 0.4163547
f 35 39 40
f 35 40 36
f 34 38 39
f 34 39 35
v -0.0051044 0.0 0.4242482
v -0.0051044 0.00635 0.4242482
f 37 41 42
f 37 42 38
v -0.0040835 0.00635 0.4204382
v -0.0040835 0.01143 0.4204382
f 39 43 44
f 39 44 40
f 38 42 43
f 38 43 39
v 0.0051044 0.0 0.4242482
v 0.0051044 0.00635 0.4242482
f 41 45 46
f 41 46 42
v 0.0040835 0.00635 0.4204382
v 0.0040835 0.01143 0.4204382
f 43 47 48
f 43 48 44
f 42 46 47
f 42 47 43
f 45 1 4
f 45 4 46
f 47 6 8
f 47 8 48
f 46 4 6
f 46 6 47
f 8 7 12
f 8 12 48
f 40 20 24
f 40 24 36
f 36 24 28
f 36 28 32
f 48 12 16
f 48 16 44
f 44 16 20
f 44 20 40
v 0.3212319 0.01143 0.1900165
v 0.3008368 0.01143 0.1673654
v 0.2947674 0.01143 0.1728302
v 0.3151625 0.01143 0.1954813
f 49 50 51
f 49 51 52
v 0.3237556 0.01143 0.1822491
v 0.3088254 0.01143 0.1656674
f 53 54 50
f 53 50 49
v 0.2922437 0.01143 0.1805976
v 0.3071739 0.01143 0.1971793
f 52 51 55
f 52 55 56
v 0.3245399 0.00635 0.1921647
v 0.3276946 0.00635 0.1824555
v 0.3237556 0.00635 0.1822491
v 0.3212319 0.00635 0.1900165
f 57 58 59
f 57 59 60
f 60 59 53
f 60 53 49
v 0.3245399 0.0 0.1921647
v 0.3276946 0.0 0.1824555
f 61 62 58
f 61 58 57
v 0.2914594 0.00635 0.170682
v 0.2883047 0.00635 0.1803912
v 0.2922437 0.00635 0.1805976
v 0.2947674 0.00635 0.1728302
f 63 64 65
f 63 65 66
f 66 65 55
f 66 55 51
v 0.2914594 0.0 0.170682
v 0.2883047 0.0 0.1803912
f 67 68 64
f 67 64 63
v 0.3255721 0.0 0.1724697
v 0.3255721 0.00635 0.1724697
f 62 69 70
f 62 70 58
v 0.299046 0.0 0.1638509
v 0.299046 0.00635 0.1638509
f 71 67 63
f 71 63 72
v 0.3090318 0.0 0.1617284
v 0.3090318 0.00635 0.1617284
f 73 71 72
f 73 72 74
v 0.318741 0.0 0.1648831
v 0.318741 0.00635 0.1648831
f 75 73 74
f 75 74 76
f 69 75 76
f 69 76 70
v 0.3220576 0.00635 0.1742605
v 0.3220576 0.01143 0.1742605
f 59 77 78
f 59 78 53
v 0.3008368 0.00635 0.1673654
f 79 66 51
f 79 51 50
v 0.3088254 0.00635 0.1656674
f 80 79 50
f 80 50 54
v 0.3165928 0.00635 0.1681911
v 0.3165928 0.01143 0.1681911
f 81 80 54
f 81 54 82
f 77 81 82
f 77 82 78
f 58 70 77
f 58 77 59
f 76 74 80
f 76 80 81
f 70 76 81
f 70 81 77
f 72 63 66
f 72 66 79
f 74 72 79
f 74 79 80
f 78 82 54
f 78 54 53
v 0.3169533 0.0 0.1989958
v 0.3169533 0.00635 0.1989958
f 83 61 57
f 83 57 84
v 0.3069675 0.0 0.2011183
v 0.3069675 0.00635 0.2011183
f 85 83 84
f 85 84 86
v 0.2972583 0.0 0.1979636
v 0.2972583 0.00635 0.1979636
f 87 85 86
f 87 86 88
v 0.2904272 0.0 0.190377
v 0.2904272 0.00635 0.190377
f 89 87 88
f 89 88 90
f 68 89 90
f 68 90 64
v 0.3151625 0.00635 0.1954813
f 91 60 49
f 91 49 52
v 0.3071739 0.00635 0.1971793
f 92 91 52
f 92 52 56
v 0.2994066 0.00635 0.1946556
v 0.2994066 0.01143 0.1946556
f 93 92 56
f 93 56 94
v 0.2939417 0.00635 0.1885862
v 0.2939417 0.01143 0.1885862
f 95 93 94
f 95 94 96
f 65 95 96
f 65 96 55
f 84 57 60
f 84 60 91
f 88 86 92
f 88 92 93
f 86 84 91
f 86 91 92
f 90 88 93
f 90 93 95
f 64 90 95
f 64 95 65
f 56 55 96
f 56 96 94
v 0.2026158 0.01143 -0.1905811
v 0.1747709 0.01143 -0.1781838
v 0.1780927 0.01143 -0.1707228
v 0.2059376 0.01143 -0.1831201
f 97 98 99
f 97 99 100
v 0.1960084 0.01143 -0.1953816
v 0.1756246 0.01143 -0.1863061
f 101 102 98
f 101 98 97
v 0.1847001 0.01143 -0.1659223
v 0.2050839 0.01143 -0.1749978
f 100 99 103
f 100 103 104
v 0.2056811 0.00635 -0.1930634
v 0.197422 0.00635 -0.199064
v 0.1960084 0.00635 -0.1953816
v 0.2026158 0.00635 -0.1905811
f 105 106 107
f 105 107 108
f 108 107 101
f 108 101 97
v 0.2056811 0.0 -0.1930634
v 0.197422 0.0 -0.199064
f 109 110 106
f 109 106 105
v 0.1750274 0.00635 -0.1682405
v 0.1832865 0.00635 -0.1622399
v 0.1847001 0.00635 -0.1659223
v 0.1780927 0.00635 -0.1707228
f 111 112 113
f 111 113 114
f 114 113 103
f 114 103 99
v 0.1750274 0.0 -0.1682405
v 0.1832865 0.0 -0.1622399
f 115 116 112
f 115 112 111
v 0.1872691 0.0 -0.2001312
v 0.1872691 0.00635 -0.2001312
f 110 117 118
f 110 118 106
v 0.1708751 0.0 -0.1775668
v 0.1708751 0.00635 -0.1775668
f 119 115 111
f 119 111 120
v 0.1719422 0.0 -0.1877197
v 0.1719422 0.00635 -0.1877197
f 121 119 120
f 121 120 122
v 0.1779428 0.0 -0.1959788
v 0.1779428 0.00635 -0.1959788
f 123 121 122
f 123 122 124
f 117 123 124
f 117 124 118
v 0.1878861 0.00635 -0.1962353
v 0.1878861 0.01143 -0.1962353
f 107 125 126
f 107 126 101
v 0.1747709 0.00635 -0.1781838
f 127 114 99
f 127 99 98
v 0.1756246 0.00635 -0.1863061
f 128 127 98
f 128 98 102
v 0.1804251 0.00635 -0.1929135
v 0.1804251 0.01143 -0.1929135
f 129 128 102
f 129 102 130
f 125 129 130
f 125 130 126
f 106 118 125
f 106 125 107
f 124 122 128
f 124 128 129
f 118 124 129
f 118 129 125
f 120 111 114
f 120 114 127
f 122 120 127
f 122 127 128
f 126 130 102
f 126 102 101
v 0.2098335 0.0 -0.1837372
v 0.2098335 0.00635 -0.1837372
f 131 109 105
f 131 105 132
v 0.2087663 0.0 -0.1735842
v 0.2087663 0.00635 -0.1735842
f 133 131 132
f 133 132 134
v 0.2027657 0.0 -0.1653251
v 0.2027657 0.00635 -0.1653251
f 135 133 134
f 135 134 136
v 0.1934395 0.0 -0.1611728
v 0.1934395 0.00635 -0.1611728
f 137 135 136
f 137 136 138
f 116 137 138
f 116 138 112
v 0.2059376 0.00635 -0.1831201
f 139 108 97
f 139 97 100
v 0.2050839 0.00635 -0.1749978
f 140 139 100
f 140 100 104
v 0.2002834 0.00635 -0.1683905
v 0.2002834 0.01143 -0.1683905
f 141 140 104
f 141 104 142
v 0.1928224 0.00635 -0.1650686
v 0.1928224 0.01143 -0.1650686
f 143 141 142
f 143 142 144
f 113 143 144
f 113 144 103
f 132 105 108
f 132 108 139
f 136 134 140
f 136 140 141
f 134 132 139
f 134 139 140
f 138 136 141
f 138 141 143
f 112 138 143
f 112 143 113
f 104 103 144
f 104 144 142
v -0.1960084 0.01143 -0.1953816
v -0.1928224 0.01143 -0.1650686
v -0.1847001 0.01143 -0.1659223
v -0.1878861 0.01143 -0.1962353
f 145 146 147
f 145 147 148
v -0.2026158 0.01143 -0.1905811
v -0.2002834 0.01143 -0.1683905
f 149 150 146
f 149 146 145
v -0.1780927 0.01143 -0.1707228
v -0.1804251 0.01143 -0.1929135
f 148 147 151
f 148 151 152
v -0.197422 0.00635 -0.199064
v -0.2056811 0.00635 -0.1930634
v -0.2026158 0.00635 -0.1905811
v -0.1960084 0.00635 -0.1953816
f 153 154 155
f 153 155 156
f 156 155 149
f 156 149 145
v -0.197422 0.0 -0.199064
v -0.2056811 0.0 -0.1930634
f 157 158 154
f 157 154 153
v -0.1832865 0.00635 -0.1622399
v -0.1750274 0.00635 -0.1682405
v -0.1780927 0.00635 -0.1707228
v -0.1847001 0.00635 -0.1659223
f 159 160 161
f 159 161 162
f 162 161 151
f 162 151 147
v -0.1832865 0.0 -0.1622399
v -0.1750274 0.0 -0.1682405
f 163 164 160
f 163 160 159
v -0.2098335 0.0 -0.1837372
v -0.2098335 0.00635 -0.1837372
f 158 165 166
f 158 166 154
v -0.1934395 0.0 -0.1611728
v -0.1934395 0.00635 -0.1611728
f 167 163 159
f 167 159 168
v -0.2027657 0.0 -0.1653251
v -0.2027657 0.00635 -0.1653251
f 169 167 168
f 169 168 170
v -0.2087663 0.0 -0.1735842
v -0.2087663 0.00635 -0.1735842
f 171 169 170
f 171 170 172
f 165 171 172
f 165 172 166
v -0.2059376 0.00635 -0.1831201
v -0.2059376 0.01143 -0.1831201
f 155 173 174
f 155 174 149
v -0.1928224 0.00635 -0.1650686
f 175 162 147
f 175 147 146
v -0.2002834 0.00635 -0.1683905
f 176 175 146
f 176 146 150
v -0.2050839 0.00635 -0.1749978
v -0.2050839 0.01143 -0.1749978
f 177 176 150
f 177 150 178
f 173 177 178
f 173 178 174
f 154 166 173
f 154 173 155
f 172 170 176
f 172 176 177
f 166 172 177
f 166 177 173
f 168 159 162
f 168 162 175
f 170 168 175
f 170 175 176
f 174 178 150
f 174 150 149
v -0.1872691 0.0 -0.2001312
v -0.1872691 0.00635 -0.2001312
f 179 157 153
f 179 153 180
v -0.1779428 0.0 -0.1959788
v -0.1779428 0.00635 -0.1959788
f 181 179 180
f 181 180 182
v -0.1719422 0.0 -0.1877197
v -0.1719422 0.00635 -0.1877197
f 183 181 182
f 183 182 184
v -0.1708751 0.0 -0.1775668
v -0.1708751 0.00635 -0.1775668
f 185 183 184
f 185 184 186
f 164 185 186
f 164 186 160
v -0.1878861 0.00635 -0.1962353
f 187 156 145
f 187 145 148
v -0.1804251 0.00635 -0.1929135
f 188 187 148
f 188 148 152
v -0.1756246 0.00635 -0.1863061
v -0.1756246 0.01143 -0.1863061
f 189 188 152
f 189 152 190
v -0.1747709 0.00635 -0.1781838
v -0.1747709 0.01143 -0.1781838
f 191 189 190
f 191 190 192
f 161 191 192
f 161 192 151
f 180 153 156
f 180 156 187
f 184 182 188
f 184 188 189
f 182 180 187
f 182 187 188
f 186 184 189
f 186 189 191
f 160 186 191
f 160 191 161
f 152 151 192
f 152 192 190
v -0.3237556 0.01143 0.1822491
v -0.2939417 0.01143 0.1885862
v -0.2922437 0.01143 0.1805976
v -0.3220576 0.01143 0.1742605
f 193 194 195
f 193 195 196
v -0.3212319 0.01143 0.1900165
v -0.2994066 0.01143 0.1946556
f 197 198 194
f 197 194 193
v -0.2947674 0.01143 0.1728302
v -0.3165928 0.01143 0.1681911
f 196 195 199
f 196 199 200
v -0.3276946 0.00635 0.1824555
v -0.3245399 0.00635 0.1921647
v -0.3212319 0.00635 0.1900165
v -0.3237556 0.00635 0.1822491
f 201 202 203
f 201 203 204
f 204 203 197
f 204 197 193
v -0.3276946 0.0 0.1824555
v -0.3245399 0.0 0.1921647
f 205 206 202
f 205 202 201
v -0.2883047 0.00635 0.1803912
v -0.2914594 0.00635 0.170682
v -0.2947674 0.00635 0.1728302
v -0.2922437 0.00635 0.1805976
f 207 208 209
f 207 209 210
f 210 209 199
f 210 199 195
v -0.2883047 0.0 0.1803912
v -0.2914594 0.0 0.170682
f 211 212 208
f 211 208 207
v -0.3169533 0.0 0.1989958
v -0.3169533 0.00635 0.1989958
f 206 213 214
f 206 214 202
v -0.2904272 0.0 0.190377
v -0.2904272 0.00635 0.190377
f 215 211 207
f 215 207 216
v -0.2972583 0.0 0.1979636
v -0.2972583 0.00635 0.1979636
f 217 215 216
f 217 216 218
v -0.3069675 0.0 0.2011183
v -0.3069675 0.00635 0.2011183
f 219 217 218
f 219 218 220
f 213 219 220
f 213 220 214
v -0.3151625 0.00635 0.1954813
v -0.3151625 0.01143 0.1954813
f 203 221 222
f 203 222 197
v -0.2939417 0.00635 0.1885862
f 223 210 195
f 223 195 194
v -0.2994066 0.00635 0.1946556
f 224 223 194
f 224 194 198
v -0.3071739 0.00635 0.1971793
v -0.3071739 0.01143 0.1971793
f 225 224 198
f 225 198 226
f 221 225 226
f 221 226 222
f 202 214 221
f 202 221 203
f 220 218 224
f 220 224 225
f 214 220 225
f 214 225 221
f 216 207 210
f 216 210 223
f 218 216 223
f 218 223 224
f 222 226 198
f 222 198 197
v -0.3255721 0.0 0.1724697
v -0.3255721 0.00635 0.1724697
f 227 205 201
f 227 201 228
v -0.318741 0.0 0.1648831
v -0.318741 0.00635 0.1648831
f 229 227 228
f 229 228 230
v -0.3090318 0.0 0.1617284
v -0.3090318 0.00635 0.1617284
f 231 229 230
f 231 230 232
v -0.299046 0.0 0.1638509
v -0.299046 0.00635 0.1638509
f 233 231 232
f 233 232 234
f 212 233 234
f 212 234 208
v -0.3220576 0.00635 0.1742605
f 235 204 193
f 235 193 196
v -0.3165928 0.00635 0.1681911
f 236 235 196
f 236 196 200
v -0.3088254 0.00635 0.1656674
v -0.3088254 0.01143 0.1656674
f 237 236 200
f 237 200 238
v -0.3008368 0.00635 0.1673654
v -0.3008368 0.01143 0.1673654
f 239 237 238
f 239 238 240
f 209 239 240
f 209 240 199
f 228 201 204
f 228 204 235
f 232 230 236
f 232 236 237
f 230 228 235
f 230 235 236
f 234 232 237
f 234 237 239
f 208 234 239
f 208 239 209
f 200 199 240
f 200 240 238
o SEAT-BASE
usemtl SEAT-BASE
v 0.009297 0.0127 0.4144952
v 0.0127 0.0127 0.4086012
v 0.0127 0.0523449 0.4086012
v 0.009297 0.051363 0.4144952
f 241 242 243
f 241 243 244
v 0.0127 0.0127 0.4017952
v 0.0127 0.0534444 0.4017952
f 242 245 246
f 242 246 243
v 0.009297 0.0127 0.3959012
v 0.009297 0.0544013 0.3959012
f 245 247 248
f 245 248 246
v 0.003403 0.0127 0.3924982
v 0.003403 0.0549568 0.3924982
f 247 249 250
f 247 250 248
v -0.003403 0.0127 0.3924982
v -0.003403 0.0549568 0.3924982
f 249 251 252
f 249 252 250
v -0.009297 0.0127 0.3959012
v -0.009297 0.0544013 0.3959012
f 251 253 254
f 251 254 252
v -0.0127 0.0127 0.4017952
v -0.0127 0.0534444 0.4017952
f 253 255 256
f 253 256 254
v -0.0127 0.0127 0.4086012
v -0.0127 0.0523449 0.4086012
f 255 257 258
f 255 258 256
v -0.009297 0.0127 0.4144952
v -0.009297 0.051363 0.4144952
f 257 259 260
f 257 260 258
v -0.003403 0.0127 0.4178982
v -0.003403 0.0508088 0.4178982
f 259 261 262
f 259 262 260
v 0.003403 0.0127 0.4178982
v 0.003403 0.0508088 0.4178982
f 261 263 264
f 261 264 262
f 263 241 244
f 263 244 264
v -0.0122298 0.0381 0.0996513
v -0.0042945 0.0381 0.1029382
v -0.0060628 0.10795 0.1118282
v -0.0172655 0.10795 0.1071879
f 265 266 267
f 265 267 268
v -0.0050524 0.127 0.1067482
v -0.0143879 0.127 0.1028813
f 268 267 269
f 268 269 270
v -0.0035367 0.127 0.0991282
v -0.0100716 0.127 0.0964214
f 269 271 272
f 269 272 270
v 0.0042945 0.0381 0.1029382
v 0.0060628 0.10795 0.1118282
f 266 273 274
f 266 274 267
v 0.0050524 0.127 0.1067482
f 267 274 275
f 267 275 269
v 0.0035367 0.127 0.0991282
f 275 276 271
f 275 271 269
v 0.0122298 0.0381 0.0996513
v 0.0172655 0.10795 0.1071879
f 273 277 278
f 273 278 274
v 0.0143879 0.127 0.1028813
f 274 278 279
f 274 279 275
v 0.0100716 0.127 0.0964214
f 279 280 276
f 279 276 275
v -0.0027788 0.0568598 0.4202628
v 0.0027788 0.0568598 0.4202628
v 0.0079134 0.057203 0.4181638
v -0.0079134 0.057203 0.4181638
f 281 282 283
f 281 283 284
v 0.0118432 0.0578371 0.4142855
v -0.0118432 0.0578371 0.4142855
f 284 283 285
f 284 285 286
v 0.01397 0.0586655 0.4092182
v -0.01397 0.0586655 0.4092182
f 286 285 287
f 286 287 288
v 0.013716 0.1058762 0.1243487
v -0.014224 0.1058762 0.1243487
f 288 287 289
f 288 289 290
v 0.0147792 0.106887 0.1179533
v -0.0152872 0.106861 0.117949
f 290 289 291
f 290 291 292
v 0.0182304 0.1076839 0.1124434
v -0.0187384 0.1076839 0.1124434
f 292 291 293
f 292 293 294
f 294 293 274
f 294 274 267
v 0.01397 0.0523988 0.4081936
v 0.0118432 0.0515703 0.4132609
f 295 287 285
f 295 285 296
v 0.0079134 0.0509362 0.4171392
f 296 285 283
f 296 283 297
v 0.0027788 0.050593 0.4192382
f 297 283 282
f 297 282 298
v -0.0027788 0.050593 0.4192382
f 298 282 281
f 298 281 299
v -0.0079134 0.0509362 0.4171392
f 299 281 284
f 299 284 300
v -0.0118432 0.0515703 0.4132609
f 300 284 286
f 300 286 301
v -0.01397 0.0523988 0.4081936
f 301 286 288
f 301 288 302
v 0.0208873 0.1076839 0.1105131
f 274 293 303
f 274 303 278
v 0.021034 0.1076839 0.1104065
v 0.0182764 0.10795 0.1065588
f 303 304 305
f 303 305 278
v -0.020946 0.1076839 0.1104705
f 267 268 306
f 267 306 294
v -0.0183274 0.10795 0.1065174
v -0.0211362 0.1076839 0.1103323
f 268 307 308
f 268 308 306
v 0.0204318 0.1007904 0.1094755
v 0.020285 0.1007904 0.1095821
v 0.0166633 0.1016832 0.106359
v 0.0176742 0.1016832 0.1057298
f 309 310 311
f 309 311 312
v 0.0176282 0.1007904 0.1115124
v 0.0059019 0.1015929 0.1110191
f 313 314 311
f 313 311 310
v -0.0059077 0.1018213 0.1110482
v -0.0176282 0.1007904 0.1115124
v -0.020285 0.1007904 0.1095821
v -0.0166633 0.1016832 0.106359
f 315 316 317
f 315 317 318
v -0.0204369 0.1007904 0.1094718
v -0.0177252 0.1016832 0.1056885
f 317 319 320
f 317 320 318
f 309 304 303
f 309 303 310
f 310 303 293
f 310 293 313
v 0.0147792 0.0998923 0.1168098
f 313 293 291
f 313 291 321
v 0.013716 0.0988476 0.1231995
f 321 291 289
f 321 289 322
f 322 289 287
f 322 287 295
v -0.014224 0.0988476 0.1231995
f 302 288 290
f 302 290 323
v -0.0152872 0.0998923 0.1168098
f 323 290 292
f 323 292 324
f 324 292 294
f 324 294 316
f 316 294 306
f 316 306 317
f 317 306 308
f 317 308 319
v 0.001905 0.0254 0.3924982
v 0.001905 0.0381 0.1029382
v 0.00381 0.1009937 0.1104595
v 0.00381 0.0549568 0.3924982
f 325 326 327
f 325 327 328
v -0.001905 0.0381 0.1029382
v -0.001905 0.0254 0.3924982
v -0.00381 0.0549568 0.3924982
v -0.00381 0.1009937 0.1104595
f 329 330 331
f 329 331 332
f 314 313 316
f 314 316 315
f 324 321 322
f 324 322 323
f 316 313 321
f 316 321 324
f 323 322 295
f 323 295 302
f 302 295 296
f 302 296 301
f 301 296 297
f 301 297 300
f 300 297 298
f 300 298 299
f 325 330 329
f 325 329 326
v 0.2965099 0.0254 0.1756871
v 0.2953326 0.0254 0.1793106
v 0.0199446 0.0381 0.0898316
v 0.021122 0.0381 0.0862081
f 333 334 335
f 333 335 336
v 0.307506 0.0586655 0.1959519
v 0.3161399 0.0586655 0.1693794
v 0.0451344 0.1058762 0.0815914
v 0.0365004 0.1058762 0.1081639
f 337 338 339
f 337 339 340
v 0.0354075 0.0988476 0.1078088
v 0.0440414 0.0988476 0.0812363
v 0.3151654 0.0523988 0.1690627
v 0.3065315 0.0523988 0.1956352
f 341 342 343
f 341 343 344
v 0.2947439 0.0549568 0.1811224
v 0.0265091 0.1009937 0.0939676
f 335 334 345
f 335 345 346
v 0.0288638 0.1009937 0.0867205
v 0.2970986 0.0549568 0.1738753
f 333 336 347
f 333 347 348
f 342 339 338
f 342 338 343
f 344 337 340
f 344 340 341
v 0.3169109 0.0509362 0.1926394
v 0.3218016 0.0509362 0.1775873
v 0.3222112 0.050593 0.1831191
v 0.3204938 0.050593 0.1884047
f 349 350 351
f 349 351 352
v 0.312008 0.0515703 0.1951784
v 0.3193275 0.0515703 0.1726513
f 353 354 350
f 353 350 349
v 0.3129825 0.0578371 0.195495
v 0.320302 0.0578371 0.1729679
f 355 356 338
f 355 338 337
v 0.3178854 0.057203 0.192956
v 0.3227761 0.057203 0.1779039
f 357 358 356
f 357 356 355
v 0.3214682 0.0568598 0.1887214
v 0.3231856 0.0568598 0.1834358
f 359 360 358
f 359 358 357
f 344 343 354
f 344 354 353
v 0.2969728 0.0127 0.1742624
v 0.2948697 0.0127 0.1807352
v 0.2948697 0.0549568 0.1807352
v 0.2969728 0.0549568 0.1742624
f 361 362 363
f 361 363 364
v 0.3190265 0.0127 0.1885843
v 0.3211296 0.0127 0.1821115
v 0.3211296 0.0508088 0.1821115
v 0.3190265 0.0508088 0.1885843
f 365 366 367
f 365 367 368
f 351 360 359
f 351 359 352
v 0.3020306 0.0127 0.1697084
v 0.3020306 0.0544013 0.1697084
f 369 361 364
f 369 364 370
v 0.3086878 0.0127 0.1682934
v 0.3086878 0.0534444 0.1682934
f 371 369 370
f 371 370 372
v 0.3151606 0.0127 0.1703965
v 0.3151606 0.0523449 0.1703965
f 373 371 372
f 373 372 374
v 0.3197146 0.0127 0.1754543
v 0.3197146 0.051363 0.1754543
f 375 373 374
f 375 374 376
f 366 375 376
f 366 376 367
f 343 338 356
f 343 356 354
f 354 356 358
f 354 358 350
f 350 358 360
f 350 360 351
v 0.2962847 0.0127 0.1873924
v 0.2962847 0.0544013 0.1873924
f 362 377 378
f 362 378 363
v 0.3008387 0.0127 0.1924502
v 0.3008387 0.0534444 0.1924502
f 377 379 380
f 377 380 378
v 0.3073115 0.0127 0.1945533
v 0.3073115 0.0523449 0.1945533
f 379 381 382
f 379 382 380
v 0.3139687 0.0127 0.1931383
v 0.3139687 0.051363 0.1931383
f 381 383 384
f 381 384 382
f 383 365 368
f 383 368 384
f 352 359 357
f 352 357 349
f 349 357 355
f 349 355 353
f 353 355 337
f 353 337 344
v 0.0393805 0.106887 0.0786039
v 0.0300854 0.106861 0.1071975
f 340 339 385
f 340 385 386
v 0.029002 0.0998923 0.1068455
v 0.038293 0.0998923 0.0782505
f 387 388 342
f 387 342 341
v 0.0300425 0.1015929 0.084904
v 0.0341353 0.1007904 0.0739041
v 0.0232405 0.1007904 0.1074349
v 0.0264208 0.1018213 0.0961446
f 389 390 391
f 389 391 392
f 391 390 388
f 391 388 387
v 0.0237828 0.1076839 0.1087785
v 0.0352068 0.1076839 0.073619
v 0.0308617 0.10795 0.0850009
v 0.0271147 0.10795 0.0965331
f 393 394 395
f 393 395 396
f 386 385 394
f 386 394 393
v 0.0257181 0.127 0.0843921
v 0.0180027 0.127 0.083479
v 0.0158169 0.127 0.0902061
v 0.0225956 0.127 0.0940023
f 397 398 399
f 397 399 400
f 396 395 397
f 396 397 400
v 0.0192062 0.0381 0.0921042
v 0.0218604 0.0381 0.0839355
f 401 402 395
f 401 395 396
v 0.0211865 0.0381 0.075373
v 0.0299104 0.10795 0.0729126
f 402 403 404
f 402 404 395
v 0.0249253 0.127 0.0743185
f 395 404 405
f 395 405 397
f 388 385 339
f 388 339 342
f 390 394 385
f 390 385 388
v 0.0331205 0.1007904 0.0707808
v 0.034192 0.1076839 0.0704957
f 406 407 394
f 406 394 390
v 0.0330644 0.1007904 0.0706082
v 0.034136 0.1076839 0.0703231
f 408 409 407
f 408 407 406
v 0.0289359 0.1016832 0.0732292
v 0.02863 0.1016832 0.0720265
f 408 406 410
f 408 410 411
f 390 389 410
f 390 410 406
v 0.0296045 0.10795 0.0717099
f 407 409 412
f 407 412 404
f 395 394 407
f 395 407 404
v 0.0174477 0.127 0.0764274
f 405 413 398
f 405 398 397
v 0.0136281 0.0381 0.0986354
v 0.0192397 0.10795 0.1057536
f 414 401 396
f 414 396 415
v 0.0160331 0.127 0.101686
f 415 396 400
f 415 400 416
f 341 340 386
f 341 386 387
f 387 386 393
f 387 393 391
v 0.0212242 0.1076839 0.1102683
v 0.0205837 0.1007904 0.1093652
f 391 393 417
f 391 417 418
f 418 417 304
f 418 304 309
v 0.0186374 0.1016832 0.1049247
f 418 309 312
f 418 312 419
f 392 391 418
f 392 418 419
f 415 305 304
f 415 304 417
f 396 415 417
f 396 417 393
v 0.0112231 0.127 0.0955847
f 400 399 420
f 400 420 416
v 0.1813482 0.0254 -0.1714972
v 0.1844306 0.0254 -0.1692577
v 0.0142315 0.0381 0.0650013
v 0.0111491 0.0381 0.0627618
f 421 422 423
f 421 423 424
v 0.2040191 0.0586655 -0.1756929
v 0.1814152 0.0586655 -0.1921156
v 0.0141786 0.1058762 0.038498
v 0.0367825 0.1058762 0.0549207
f 425 426 427
f 425 427 428
v 0.036107 0.0988476 0.0558504
v 0.0135031 0.0988476 0.0394277
v 0.180813 0.0523988 -0.1912867
v 0.2034169 0.0523988 -0.1748639
f 429 430 431
f 429 431 432
v 0.1859717 0.0549568 -0.168138
v 0.0201935 0.1009937 0.0600362
f 423 422 433
f 423 433 434
v 0.0140288 0.1009937 0.0555572
v 0.179807 0.0549568 -0.1726169
f 421 424 435
f 421 435 436
f 430 427 426
f 430 426 431
f 432 425 428
f 432 428 429
v 0.2037751 0.0509362 -0.1856611
v 0.190971 0.0509362 -0.1949638
v 0.1963586 0.050593 -0.1936439
v 0.2008548 0.050593 -0.1903772
f 437 438 439
f 437 439 440
v 0.2046747 0.0515703 -0.1802136
v 0.185512 0.0515703 -0.1941361
f 441 442 438
f 441 438 437
v 0.205277 0.0578371 -0.1810425
v 0.1861143 0.0578371 -0.194965
f 443 444 426
f 443 426 425
v 0.2043773 0.057203 -0.18649
v 0.1915732 0.057203 -0.1957927
f 445 446 444
f 445 444 443
v 0.2014571 0.0568598 -0.1912061
v 0.1969609 0.0568598 -0.1944728
f 447 448 446
f 447 446 445
f 432 431 442
f 432 442 441
v 0.1801363 0.0127 -0.1723776
v 0.1856424 0.0127 -0.1683772
v 0.1856424 0.0549568 -0.1683772
v 0.1801363 0.0549568 -0.1723776
f 449 450 451
f 449 451 452
v 0.2005722 0.0127 -0.1889263
v 0.1950661 0.0127 -0.1929267
v 0.1950661 0.0508088 -0.1929267
v 0.2005722 0.0508088 -0.1889263
f 453 454 455
f 453 455 456
f 439 448 447
f 439 447 440
v 0.1773681 0.0127 -0.1785952
v 0.1773681 0.0544013 -0.1785952
f 457 449 452
f 457 452 458
v 0.1780795 0.0127 -0.1853638
v 0.1780795 0.0534444 -0.1853638
f 459 457 458
f 459 458 460
v 0.1820799 0.0127 -0.1908699
v 0.1820799 0.0523449 -0.1908699
f 461 459 460
f 461 460 462
v 0.1882975 0.0127 -0.1936381
v 0.1882975 0.051363 -0.1936381
f 463 461 462
f 463 462 464
f 454 463 464
f 454 464 455
f 431 426 444
f 431 444 442
f 442 444 446
f 442 446 438
f 438 446 448
f 438 448 439
v 0.1924111 0.0127 -0.1676658
v 0.1924111 0.0544013 -0.1676658
f 450 465 466
f 450 466 451
v 0.1986286 0.0127 -0.170434
v 0.1986286 0.0534444 -0.170434
f 465 467 468
f 465 468 466
v 0.202629 0.0127 -0.1759401
v 0.202629 0.0523449 -0.1759401
f 467 469 470
f 467 470 468
v 0.2033404 0.0127 -0.1827088
v 0.2033404 0.051363 -0.1827088
f 469 471 472
f 469 472 470
f 471 453 456
f 471 456 472
f 440 447 445
f 440 445 437
f 437 445 443
f 437 443 441
f 441 443 425
f 441 425 432
v 0.0095593 0.106887 0.043047
v 0.0338811 0.106861 0.0607231
f 428 427 473
f 428 473 474
v 0.0332115 0.0998923 0.0616448
v 0.0088871 0.0998923 0.0439721
f 475 476 430
f 475 430 429
v 0.0126654 0.1015929 0.0538749
v 0.0034686 0.1007904 0.0465832
v 0.0319916 0.1007904 0.0673064
v 0.0222366 0.1018213 0.0607929
f 477 478 479
f 477 479 480
f 479 478 476
f 479 476 475
v 0.033437 0.1076839 0.0672058
v 0.0035286 0.1076839 0.045476
v 0.0130107 0.10795 0.0531257
v 0.0228206 0.10795 0.060253
f 481 482 483
f 481 483 484
f 474 473 482
f 474 482 481
v 0.0108423 0.127 0.0578295
v 0.0075896 0.127 0.0648851
v 0.013312 0.127 0.0690427
v 0.0190172 0.127 0.0637689
f 485 486 487
f 485 487 488
f 484 483 485
f 484 485 488
v 0.0161646 0.0381 0.0664058
v 0.0092159 0.0381 0.0613573
f 489 490 483
f 489 483 484
v 0.0008642 0.0381 0.0593522
v 0.0012201 0.10795 0.050295
f 490 491 492
f 490 492 483
v 0.0010167 0.127 0.0554705
f 483 492 493
f 483 493 485
f 476 473 427
f 476 427 430
f 478 482 473
f 478 473 476
v 0.0001846 0.1007904 0.0465832
v 0.0002446 0.1076839 0.045476
f 494 495 482
f 494 482 478
v 3.1e-06 0.1007904 0.0465832
v 6.31e-05 0.1076839 0.045476
f 496 497 495
f 496 495 494
v 0.0012201 0.1016832 0.0513196
v 0.0 0.1016832 0.05124
f 496 494 498
f 496 498 499
f 478 477 498
f 478 498 494
v 0.0 0.10795 0.0502154
f 495 497 500
f 495 500 492
f 483 482 495
f 483 495 492
v 0.0007117 0.127 0.0632338
f 493 501 486
f 493 486 485
v 0.0206524 0.0381 0.0737291
v 0.0291563 0.10795 0.0705919
f 502 489 484
f 502 484 503
v 0.0242969 0.127 0.0723846
f 503 484 488
f 503 488 504
f 429 428 474
f 429 474 475
f 475 474 481
f 475 481 479
v 0.0340633 0.1076839 0.0700996
v 0.0330064 0.1007904 0.0704297
f 479 481 505
f 479 505 506
f 506 505 409
f 506 409 408
v 0.0281818 0.1016832 0.0709085
f 506 408 411
f 506 411 507
f 480 479 506
f 480 506 507
f 503 412 409
f 503 409 505
f 484 503 505
f 484 505 481
v 0.0170078 0.127 0.0750737
f 488 487 508
f 488 508 504
v -0.1844306 0.0254 -0.1692577
v -0.1813482 0.0254 -0.1714972
v -0.0111491 0.0381 0.0627618
v -0.0142315 0.0381 0.0650013
f 509 510 511
f 509 511 512
v -0.1814152 0.0586655 -0.1921156
v -0.2040191 0.0586655 -0.1756929
v -0.0363715 0.1058762 0.0546221
v -0.0137676 0.1058762 0.0381994
f 513 514 515
f 513 515 516
v -0.0130921 0.0988476 0.0391291
v -0.0356961 0.0988476 0.0555518
v -0.2034169 0.0523988 -0.1748639
v -0.180813 0.0523988 -0.1912867
f 517 518 519
f 517 519 520
v -0.179807 0.0549568 -0.1726169
v -0.0140288 0.1009937 0.0555572
f 511 510 521
f 511 521 522
v -0.0201935 0.1009937 0.0600362
v -0.1859717 0.0549568 -0.168138
f 509 512 523
f 509 523 524
f 518 515 514
f 518 514 519
f 520 513 516
f 520 516 517
v -0.190971 0.0509362 -0.1949638
v -0.2037751 0.0509362 -0.1856611
v -0.2008548 0.050593 -0.1903772
v -0.1963586 0.050593 -0.1936439
f 525 526 527
f 525 527 528
v -0.185512 0.0515703 -0.1941361
v -0.2046747 0.0515703 -0.1802136
f 529 530 526
f 529 526 525
v -0.1861143 0.0578371 -0.194965
v -0.205277 0.0578371 -0.1810425
f 531 532 514
f 531 514 513
v -0.1915732 0.057203 -0.1957927
v -0.2043773 0.057203 -0.18649
f 533 534 532
f 533 532 531
v -0.1969609 0.0568598 -0.1944728
v -0.2014571 0.0568598 -0.1912061
f 535 536 534
f 535 534 533
f 520 519 530
f 520 530 529
v -0.1856424 0.0127 -0.1683772
v -0.1801363 0.0127 -0.1723776
v -0.1801363 0.0549568 -0.1723776
v -0.1856424 0.0549568 -0.1683772
f 537 538 539
f 537 539 540
v -0.1950661 0.0127 -0.1929267
v -0.2005722 0.0127 -0.1889263
v -0.2005722 0.0508088 -0.1889263
v -0.1950661 0.0508088 -0.1929267
f 541 542 543
f 541 543 544
f 527 536 535
f 527 535 528
v -0.1924111 0.0127 -0.1676658
v -0.1924111 0.0544013 -0.1676658
f 545 537 540
f 545 540 546
v -0.1986286 0.0127 -0.170434
v -0.1986286 0.0534444 -0.170434
f 547 545 546
f 547 546 548
v -0.202629 0.0127 -0.1759401
v -0.202629 0.0523449 -0.1759401
f 549 547 548
f 549 548 550
v -0.2033404 0.0127 -0.1827088
v -0.2033404 0.051363 -0.1827088
f 551 549 550
f 551 550 552
f 542 551 552
f 542 552 543
f 519 514 532
f 519 532 530
f 530 532 534
f 530 534 526
f 526 534 536
f 526 536 527
v -0.1773681 0.0127 -0.1785952
v -0.1773681 0.0544013 -0.1785952
f 538 553 554
f 538 554 539
v -0.1780795 0.0127 -0.1853638
v -0.1780795 0.0534444 -0.1853638
f 553 555 556
f 553 556 554
v -0.1820799 0.0127 -0.1908699
v -0.1820799 0.0523449 -0.1908699
f 555 557 558
f 555 558 556
v -0.1882975 0.0127 -0.1936381
v -0.1882975 0.051363 -0.1936381
f 557 559 560
f 557 560 558
f 559 541 544
f 559 544 560
f 528 535 533
f 528 533 525
f 525 533 531
f 525 531 529
f 529 531 513
f 529 513 520
v -0.0334726 0.106887 0.0604211
v -0.0091458 0.106861 0.0427519
f 516 515 561
f 516 561 562
v -0.0084762 0.0998923 0.0436735
v -0.0328005 0.0998923 0.0613462
f 563 564 518
f 563 518 517
v -0.0222149 0.1015929 0.060813
v -0.0319916 0.1007904 0.0673064
v -0.0034686 0.1007904 0.0465832
v -0.0126778 0.1018213 0.0538479
f 565 566 567
f 565 567 568
f 567 566 564
f 567 564 563
v -0.0031176 0.1076839 0.0451774
v -0.033026 0.1076839 0.0669072
v -0.0228206 0.10795 0.060253
v -0.0130107 0.10795 0.0531257
f 569 570 571
f 569 571 572
f 562 561 570
f 562 570 569
v -0.0190172 0.127 0.0637689
v -0.013312 0.127 0.0690427
v -0.0075896 0.127 0.0648851
v -0.0108423 0.127 0.0578295
f 573 574 575
f 573 575 576
f 572 571 573
f 572 573 576
v -0.0092159 0.0381 0.0613573
v -0.0161646 0.0381 0.0664058
f 577 578 571
f 577 571 572
v -0.0206524 0.0381 0.0737291
v -0.0291563 0.10795 0.0705919
f 578 579 580
f 578 580 571
v -0.0242969 0.127 0.0723846
f 571 580 581
f 571 581 573
f 564 561 515
f 564 515 518
f 566 570 561
f 566 561 564
v -0.0330064 0.1007904 0.0704297
v -0.0340409 0.1076839 0.0700305
f 582 583 570
f 582 570 566
v -0.0330625 0.1007904 0.0706022
v -0.0340969 0.1076839 0.070203
f 584 585 583
f 584 583 582
v -0.0281818 0.1016832 0.0709085
v -0.0286027 0.1016832 0.0720574
f 584 582 586
f 584 586 587
f 566 565 586
f 566 586 582
v -0.0295771 0.10795 0.0717408
f 583 585 588
f 583 588 580
f 571 570 583
f 571 583 580
v -0.0170078 0.127 0.0750737
f 581 589 574
f 581 574 573
v -0.0008642 0.0381 0.0593522
v -0.0012201 0.10795 0.050295
f 590 577 572
f 590 572 591
v -0.0010167 0.127 0.0554705
f 591 572 576
f 591 576 592
f 517 516 562
f 517 562 563
f 563 562 569
f 563 569 567
v -0.000172 0.1076839 0.045476
v -0.0001846 0.1007904 0.0465832
f 567 569 593
f 567 593 594
f 594 593 497
f 594 497 496
v -0.0012201 0.1016832 0.0513196
f 594 496 499
f 594 499 595
f 568 567 594
f 568 594 595
f 591 500 497
f 591 497 593
f 572 591 593
f 572 593 569
v -0.0007117 0.127 0.0632338
f 576 575 596
f 576 596 592
v -0.2953326 0.0254 0.1793106
v -0.2965099 0.0254 0.1756871
v -0.021122 0.0381 0.0862081
v -0.0199446 0.0381 0.0898316
f 597 598 599
f 597 599 600
v -0.3161399 0.0586655 0.1693794
v -0.307506 0.0586655 0.1959519
v -0.0366574 0.1058762 0.1076808
v -0.0452913 0.1058762 0.0811082
f 601 602 603
f 601 603 604
v -0.0441984 0.0988476 0.0807531
v -0.0355645 0.0988476 0.1073257
v -0.3065315 0.0523988 0.1956352
v -0.3151654 0.0523988 0.1690627
f 605 606 607
f 605 607 608
v -0.2970986 0.0549568 0.1738753
v -0.0288638 0.1009937 0.0867205
f 599 598 609
f 599 609 610
v -0.0265091 0.1009937 0.0939676
v -0.2947439 0.0549568 0.1811224
f 597 600 611
f 597 611 612
f 606 603 602
f 606 602 607
f 608 601 604
f 608 604 605
v -0.3218016 0.0509362 0.1775873
v -0.3169109 0.0509362 0.1926394
v -0.3204938 0.050593 0.1884047
v -0.3222112 0.050593 0.1831191
f 613 614 615
f 613 615 616
v -0.3193275 0.0515703 0.1726513
v -0.312008 0.0515703 0.1951784
f 617 618 614
f 617 614 613
v -0.320302 0.0578371 0.1729679
v -0.3129825 0.0578371 0.195495
f 619 620 602
f 619 602 601
v -0.3227761 0.057203 0.1779039
v -0.3178854 0.057203 0.192956
f 621 622 620
f 621 620 619
v -0.3231856 0.0568598 0.1834358
v -0.3214682 0.0568598 0.1887214
f 623 624 622
f 623 622 621
f 608 607 618
f 608 618 617
v -0.2948697 0.0127 0.1807352
v -0.2969728 0.0127 0.1742624
v -0.2969728 0.0549568 0.1742624
v -0.2948697 0.0549568 0.1807352
f 625 626 627
f 625 627 628
v -0.3211296 0.0127 0.1821115
v -0.3190265 0.0127 0.1885843
v -0.3190265 0.0508088 0.1885843
v -0.3211296 0.0508088 0.1821115
f 629 630 631
f 629 631 632
f 615 624 623
f 615 623 616
v -0.2962847 0.0127 0.1873924
v -0.2962847 0.0544013 0.1873924
f 633 625 628
f 633 628 634
v -0.3008387 0.0127 0.1924502
v -0.3008387 0.0534444 0.1924502
f 635 633 634
f 635 634 636
v -0.3073115 0.0127 0.1945533
v -0.3073115 0.0523449 0.1945533
f 637 635 636
f 637 636 638
v -0.3139687 0.0127 0.1931383
v -0.3139687 0.051363 0.1931383
f 639 637 638
f 639 638 640
f 630 639 640
f 630 640 631
f 607 602 620
f 607 620 618
f 618 620 622
f 618 622 614
f 614 622 624
f 614 624 615
v -0.3020306 0.0127 0.1697084
v -0.3020306 0.0544013 0.1697084
f 626 641 642
f 626 642 627
v -0.3086878 0.0127 0.1682934
v -0.3086878 0.0534444 0.1682934
f 641 643 644
f 641 644 642
v -0.3151606 0.0127 0.1703965
v -0.3151606 0.0523449 0.1703965
f 643 645 646
f 643 646 644
v -0.3197146 0.0127 0.1754543
v -0.3197146 0.051363 0.1754543
f 645 647 648
f 645 648 646
f 647 629 632
f 647 632 648
f 616 623 621
f 616 621 613
f 613 621 619
f 613 619 617
f 617 619 601
f 617 601 608
v -0.0302465 0.106887 0.1067157
v -0.0395335 0.106861 0.0781194
f 604 603 649
f 604 649 650
v -0.03845 0.0998923 0.0777674
v -0.029159 0.0998923 0.1063623
f 651 652 606
f 651 606 605
v -0.0263949 0.1015929 0.0961301
v -0.0232405 0.1007904 0.1074349
v -0.0341353 0.1007904 0.0739041
v -0.0300719 0.1018213 0.0849074
f 653 654 655
f 653 655 656
f 655 654 652
f 655 652 651
v -0.0353638 0.1076839 0.0731359
v -0.0239398 0.1076839 0.1082953
v -0.0271147 0.10795 0.0965331
v -0.0308617 0.10795 0.0850009
f 657 658 659
f 657 659 660
f 650 649 658
f 650 658 657
v -0.0225956 0.127 0.0940023
v -0.0158169 0.127 0.0902061
v -0.0180027 0.127 0.083479
v -0.0257181 0.127 0.0843921
f 661 662 663
f 661 663 664
f 660 659 661
f 660 661 664
v -0.0218604 0.0381 0.0839355
v -0.0192062 0.0381 0.0921042
f 665 666 659
f 665 659 660
v -0.0136281 0.0381 0.0986354
v -0.0192397 0.10795 0.1057536
f 666 667 668
f 666 668 659
v -0.0160331 0.127 0.101686
f 659 668 669
f 659 669 661
f 652 649 603
f 652 603 606
f 654 658 649
f 654 649 652
v -0.0205837 0.1007904 0.1093652
v -0.021283 0.1076839 0.1102256
f 670 671 658
f 670 658 654
f 319 308 671
f 319 671 670
v -0.0186374 0.1016832 0.1049247
f 319 670 672
f 319 672 320
f 654 653 672
f 654 672 670
f 671 308 307
f 671 307 668
f 659 658 671
f 659 671 668
v -0.0112231 0.127 0.0955847
f 669 673 662
f 669 662 661
v -0.0211865 0.0381 0.075373
v -0.0299104 0.10795 0.0729126
f 674 665 660
f 674 660 675
v -0.0249253 0.127 0.0743185
f 675 660 664
f 675 664 676
f 605 604 650
f 605 650 651
f 651 650 657
f 651 657 655
v -0.0341696 0.1076839 0.0704266
v -0.0331205 0.1007904 0.0707808
f 655 657 677
f 655 677 678
f 678 677 585
f 678 585 584
v -0.0289359 0.1016832 0.0732292
f 678 584 587
f 678 587 679
f 656 655 678
f 656 678 679
f 675 588 585
f 675 585 677
f 660 675 677
f 660 677 657
v -0.0174477 0.127 0.0764274
f 664 663 680
f 664 680 676
f 420 280 279
f 420 279 416
f 416 279 278
f 416 278 415
f 277 414 415
f 277 415 278
f 508 413 405
f 508 405 504
f 504 405 404
f 504 404 503
f 503 404 403
f 503 403 502
f 596 501 493
f 596 493 592
f 592 493 492
f 592 492 591
f 591 492 491
f 591 491 590
f 680 589 581
f 680 581 676
f 676 581 580
f 676 580 675
f 675 580 579
f 675 579 674
f 272 673 669
f 272 669 270
f 270 669 668
f 270 668 268
f 268 668 667
f 268 667 265
v -0.023495 0.13081 0.0766748
v -0.023495 0.127 0.0766748
v -0.023495 0.127 0.0860216
v -0.023495 0.13081 0.0860216
f 681 682 683
f 681 683 684
v -0.0199181 0.127 0.094657
v -0.0199181 0.13081 0.094657
f 684 683 685
f 684 685 686
v -0.0133088 0.127 0.1012663
v -0.0133088 0.13081 0.1012663
f 686 685 687
f 686 687 688
v -0.0046734 0.127 0.1048432
v -0.0046734 0.13081 0.1048432
f 688 687 689
f 688 689 690
v 0.0046734 0.127 0.1048432
v 0.0046734 0.13081 0.1048432
f 690 689 691
f 690 691 692
v 0.0133088 0.127 0.1012663
v 0.0133088 0.13081 0.1012663
f 692 691 693
f 692 693 694
v 0.0199181 0.127 0.094657
v 0.0199181 0.13081 0.094657
f 694 693 695
f 694 695 696
v 0.023495 0.127 0.0860216
v 0.023495 0.13081 0.0860216
f 696 695 697
f 696 697 698
v 0.023495 0.127 0.0766748
v 0.023495 0.13081 0.0766748
f 698 697 699
f 698 699 700
v 0.0199181 0.127 0.0680393
v 0.0199181 0.13081 0.0680393
f 700 699 701
f 700 701 702
v 0.0133088 0.127 0.0614301
v 0.0133088 0.13081 0.0614301
f 702 701 703
f 702 703 704
v 0.0046734 0.127 0.0578532
v 0.0046734 0.13081 0.0578532
f 704 703 705
f 704 705 706
v -0.0046734 0.127 0.0578532
v -0.0046734 0.13081 0.0578532
f 706 705 707
f 706 707 708
v -0.0133088 0.127 0.0614301
v -0.0133088 0.13081 0.0614301
f 708 707 709
f 708 709 710
v -0.0199181 0.127 0.0680393
v -0.0199181 0.13081 0.0680393
f 710 709 711
f 710 711 712
f 712 711 682
f 712 682 681
v 0.136297 0.2272517 0.2518049
v 0.130403 0.2280744 0.2551069
v 0.123597 0.2280744 0.2551069
v 0.1397 0.2258269 0.2460856
f 713 714 715
f 713 715 716
v 0.117703 0.2272517 0.2518049
v 0.1397 0.2241816 0.2394816
f 716 715 717
f 716 717 718
v 0.0185941 0.2039303 0.1581951
v 0.0772909 0.1903546 0.1037039
f 718 717 719
f 718 719 720
v 0.0068059 0.202285 0.1515911
v 0.070485 0.1864303 0.0879522
f 720 719 721
f 720 721 722
v -0.130403 0.2280744 0.2551069
v -0.136297 0.2272517 0.2518049
v -0.1397 0.2258269 0.2460856
v -0.123597 0.2280744 0.2551069
f 723 724 725
f 723 725 726
v -0.1397 0.2241816 0.2394816
v -0.117703 0.2272517 0.2518049
f 726 725 727
f 726 727 728
v -0.0772909 0.1903546 0.1037039
v -0.0185941 0.2039303 0.1581951
f 728 727 729
f 728 729 730
v -0.070485 0.1864303 0.0879522
v -0.0068059 0.202285 0.1515911
f 730 729 731
f 730 731 732
v -0.1397 0.1627782 -0.0069847
v -0.136297 0.1613533 -0.012704
v -0.130403 0.1605307 -0.016006
v -0.1397 0.1644235 -0.0003806
f 733 734 735
f 733 735 736
v -0.123597 0.1605307 -0.016006
v -0.136297 0.1658484 0.0053386
f 736 735 737
f 736 737 738
v -0.0068059 0.1721973 0.0308226
v -0.0772909 0.18029 0.0633056
f 738 737 739
f 738 739 740
v 0.136297 0.1613533 -0.012704
v 0.1397 0.1627782 -0.0069847
v 0.1397 0.1644235 -0.0003806
v 0.130403 0.1605307 -0.016006
f 741 742 743
f 741 743 744
v 0.136297 0.1658484 0.0053386
v 0.123597 0.1605307 -0.016006
f 744 743 745
f 744 745 746
v 0.0772909 0.18029 0.0633056
v 0.0068059 0.1721973 0.0308226
f 746 745 747
f 746 747 748
v 0.070485 0.1831397 0.0747442
f 748 747 749
f 748 749 739
v -0.070485 0.1831397 0.0747442
f 740 739 731
f 740 731 750
f 722 721 732
f 722 732 749
f 739 749 732
f 739 732 731
v 0.117703 0.2334134 0.2502698
v 0.1397 0.2303432 0.2379465
v 0.0772909 0.1965163 0.1021689
v 0.0185941 0.2100919 0.15666
f 751 752 753
f 751 753 754
v 0.136297 0.17201 0.0038035
v 0.123597 0.1666923 -0.0175411
v 0.0068059 0.178359 0.0292875
v 0.0772909 0.1864516 0.0617705
f 755 756 757
f 755 757 758
v 0.0068059 0.2084466 0.150056
v 0.070485 0.192592 0.0864172
v 0.070485 0.1893014 0.0732091
v -0.0068059 0.2084466 0.150056
f 759 760 761
f 759 761 762
v -0.0068059 0.178359 0.0292875
v -0.070485 0.192592 0.0864172
f 761 763 764
f 761 764 762
v -0.0772909 0.1864516 0.0617705
v -0.070485 0.1893014 0.0732091
f 763 765 766
f 763 766 764
v -0.1397 0.2303432 0.2379465
v -0.117703 0.2334134 0.2502698
v -0.0185941 0.2100919 0.15666
v -0.0772909 0.1965163 0.1021689
f 767 768 769
f 767 769 770
f 770 769 762
f 770 762 764
v -0.136297 0.2334134 0.2502698
v -0.130403 0.234236 0.2535718
v -0.123597 0.234236 0.2535718
v -0.1397 0.2319885 0.2445505
f 771 772 773
f 771 773 774
f 774 773 768
f 774 768 767
f 754 753 760
f 754 760 759
v -0.123597 0.1666923 -0.0175411
v -0.136297 0.17201 0.0038035
f 775 776 765
f 775 765 763
v -0.130403 0.1666923 -0.0175411
v -0.1397 0.1705851 -0.0019157
f 777 778 776
f 777 776 775
v -0.136297 0.167515 -0.014239
v -0.1397 0.1689398 -0.0085198
f 779 780 778
f 779 778 777
f 758 757 763
f 758 763 761
v 0.130403 0.234236 0.2535718
v 0.136297 0.2334134 0.2502698
v 0.1397 0.2319885 0.2445505
v 0.123597 0.234236 0.2535718
f 781 782 783
f 781 783 784
f 784 783 752
f 784 752 751
v 0.1397 0.1705851 -0.0019157
v 0.130403 0.1666923 -0.0175411
f 785 786 756
f 785 756 755
v 0.1397 0.1689398 -0.0085198
v 0.136297 0.167515 -0.014239
f 787 788 786
f 787 786 785
f 717 751 754
f 717 754 719
f 719 754 759
f 719 759 721
f 721 759 762
f 721 762 732
f 732 762 769
f 732 769 730
f 728 768 773
f 728 773 726
f 726 773 772
f 726 772 723
f 723 772 771
f 723 771 724
f 724 771 774
f 724 774 725
f 725 774 767
f 725 767 727
f 727 767 770
f 727 770 729
f 729 770 764
f 729 764 731
f 731 764 766
f 731 766 750
f 750 766 765
f 750 765 740
f 730 769 768
f 730 768 728
f 740 765 776
f 740 776 738
f 738 776 778
f 738 778 736
f 736 778 780
f 736 780 733
f 733 780 779
f 733 779 734
f 734 779 777
f 734 777 735
f 735 777 775
f 735 775 737
f 737 775 763
f 737 763 739
f 739 763 757
f 739 757 748
f 748 757 756
f 748 756 746
f 746 756 786
f 746 786 744
f 744 786 788
f 744 788 741
f 741 788 787
f 741 787 742
f 742 787 785
f 742 785 743
f 743 785 755
f 743 755 745
f 745 755 758
f 745 758 747
f 747 758 761
f 747 761 749
f 749 761 760
f 749 760 722
f 722 760 753
f 722 753 720
f 720 753 752
f 720 752 718
f 718 752 783
f 718 783 716
f 716 783 782
f 716 782 713
f 713 782 781
f 713 781 714
f 714 781 784
f 714 784 715
f 715 784 751
f 715 751 717
v -0.0185941 0.1895105 0.0999423
v -0.0254 0.18669 0.0881541
v -0.0254 0.13081 0.0881541
v -0.0185941 0.13081 0.0999423
f 789 790 791
f 789 791 792
v -0.0068059 0.191135 0.1067482
v -0.0068059 0.13081 0.1067482
f 793 789 792
f 793 792 794
v 0.0068059 0.191135 0.1067482
v 0.0068059 0.13081 0.1067482
f 795 793 794
f 795 794 796
v 0.0185941 0.1895105 0.0999423
v 0.0185941 0.13081 0.0999423
f 797 795 796
f 797 796 798
v 0.0254 0.18669 0.0881541
v 0.0254 0.13081 0.0881541
f 799 797 798
f 799 798 800
v 0.0254 0.183515 0.0745423
v 0.0254 0.13081 0.0745423
f 801 799 800
f 801 800 802
v 0.0185941 0.18034 0.0627541
v 0.0185941 0.13081 0.0627541
f 803 801 802
f 803 802 804
v 0.0068059 0.178435 0.0559482
v 0.0068059 0.13081 0.0559482
f 805 803 804
f 805 804 806
v -0.0068059 0.178435 0.0559482
v -0.0068059 0.13081 0.0559482
f 807 805 806
f 807 806 808
v -0.0185941 0.18034 0.0627541
v -0.0185941 0.13081 0.0627541
f 809 807 808
f 809 808 810
v -0.0254 0.183515 0.0745423
v -0.0254 0.13081 0.0745423
f 811 809 810
f 811 810 812
f 790 811 812
f 790 812 791
v -0.0127926 0.1905 0.1032918
v -0.1129897 0.223059 0.2345926
v -0.1129897 0.216709 0.2345926
v -0.0127926 0.153035 0.1032918
f 813 814 815
f 813 815 816
v -0.1180177 0.2221678 0.2307236
v -0.0183181 0.1895105 0.1001016
v -0.0183181 0.153035 0.1001016
v -0.1180177 0.2158178 0.2307236
f 817 818 819
f 817 819 820
f 814 817 820
f 814 820 815
f 815 820 819
f 815 819 816
v 0.0183181 0.1895105 0.1001016
v 0.1180177 0.2221678 0.2307236
v 0.1180177 0.2158178 0.2307236
v 0.0183181 0.153035 0.1001016
f 821 822 823
f 821 823 824
v 0.1129897 0.216709 0.2345926
v 0.0127926 0.153035 0.1032918
f 823 825 826
f 823 826 824
v 0.1129897 0.223059 0.2345926
v 0.0127926 0.1905 0.1032918
f 827 828 826
f 827 826 825
f 822 827 825
f 822 825 823
v 0.11049 0.167005 0.0089582
v 0.022225 0.182245 0.0699182
v 0.022225 0.153035 0.0699182
f 829 830 831
v 0.10668 0.1655428 0.0038782
v 0.018415 0.153035 0.0648382
f 832 829 831
f 832 831 833
v 0.018415 0.180975 0.0648382
f 834 832 833
v -0.11049 0.167005 0.0089582
v -0.10668 0.1655428 0.0038782
v -0.018415 0.153035 0.0648382
v -0.022225 0.153035 0.0699182
f 835 836 837
f 835 837 838
v -0.022225 0.182245 0.0699182
f 835 839 838
v -0.018415 0.180975 0.0648382
f 836 840 837
v -0.16764 0.4019134 -0.3165322
v -0.15875 0.401063 -0.3313204
v -0.1577833 0.3989178 -0.3300591
v -0.1653198 0.3966637 -0.3140702
f 841 842 843
f 841 843 844
v -0.155997 0.3972848 -0.3290443
v -0.1610328 0.3926451 -0.3121898
f 844 843 845
f 844 845 846
v -0.1536631 0.3964271 -0.3283489
v -0.1554314 0.3904731 -0.311156
f 846 845 847
f 846 847 848
v -0.1511369 0.3964271 -0.3283489
v -0.1493686 0.3904731 -0.311156
f 848 847 849
f 848 849 850
v -0.1437672 0.3926451 -0.3121898
v -0.148803 0.3972848 -0.3290443
f 849 850 851
f 849 851 852
v -0.1470167 0.3989178 -0.3300591
v -0.1394802 0.3966637 -0.3140702
f 851 852 853
f 851 853 854
v -0.14605 0.401063 -0.3313204
v -0.13716 0.4019134 -0.3165322
f 854 853 855
f 854 855 856
v -0.13716 0.6978121 -0.4182563
v -0.14605 0.6932074 -0.4339464
v -0.1470167 0.6955271 -0.4342326
v -0.1394802 0.7033258 -0.4192431
f 857 858 859
f 857 859 860
v -0.148803 0.6973079 -0.4344223
v -0.1437672 0.7075458 -0.4199984
f 860 859 861
f 860 861 862
v -0.1511369 0.6982818 -0.4344676
v -0.1493686 0.7098297 -0.4204072
f 862 861 863
f 862 863 864
v -0.1536631 0.6982818 -0.4344676
v -0.1554314 0.7098297 -0.4204072
f 864 863 865
f 864 865 866
v -0.155997 0.6973079 -0.4344223
v -0.1610328 0.7075458 -0.4199984
f 866 865 867
f 866 867 868
v -0.1577833 0.6955271 -0.4342326
v -0.1653198 0.7033258 -0.4192431
f 868 867 869
f 868 869 870
v -0.15875 0.6932074 -0.4339464
v -0.16764 0.6978121 -0.4182563
f 870 869 871
f 870 871 872
f 858 871 869
f 858 869 859
f 859 869 867
f 859 867 861
f 861 867 865
f 861 865 863
f 849 847 845
f 849 845 852
f 852 845 843
f 852 843 853
f 853 843 842
f 853 842 855
v -0.15875 0.570404 -0.4208882
v -0.14605 0.570404 -0.4208882
v -0.14605 0.5612085 -0.4182016
v -0.15875 0.5612085 -0.4182016
f 873 874 875
f 873 875 876
v -0.13716 0.5666371 -0.3936376
v -0.13716 0.5740651 -0.3961078
f 877 875 874
f 877 874 878
v -0.16764 0.5740651 -0.3961078
v -0.16764 0.5666371 -0.3936376
f 879 873 876
f 879 876 880
f 857 878 874
f 857 874 858
f 858 874 873
f 858 873 871
f 873 879 872
f 873 872 871
f 877 856 855
f 877 855 875
f 875 855 842
f 875 842 876
f 876 842 841
f 876 841 880
f 841 856 877
f 841 877 880
f 880 877 878
f 880 878 879
f 879 878 857
f 879 857 872
f 872 857 860
f 872 860 870
f 870 860 862
f 870 862 868
f 868 862 864
f 868 864 866
f 856 841 844
f 856 844 854
f 854 844 846
f 854 846 851
f 851 846 848
f 851 848 850
v -0.1686698 0.3967524 -0.2965325
v -0.1686698 0.3900174 -0.310908
v -0.1583552 0.3846247 -0.3083815
v -0.1583552 0.3913597 -0.294006
f 881 882 883
f 881 883 884
v -0.1566537 0.6819983 -0.3992986
v -0.1566537 0.6792014 -0.4149253
v -0.1481463 0.6792014 -0.4149253
v -0.1481463 0.6819983 -0.3992986
f 885 886 887
f 885 887 888
v -0.1407787 0.6833885 -0.4156747
v -0.1407787 0.6861854 -0.400048
f 888 887 889
f 888 889 890
v -0.136525 0.6906409 -0.4169728
v -0.136525 0.6934378 -0.4013461
f 890 889 891
f 890 891 892
v -0.136525 0.6990152 -0.4184716
v -0.136525 0.7018121 -0.4028449
f 892 891 893
f 892 893 894
v -0.1407787 0.7062676 -0.4197697
v -0.1407787 0.7090645 -0.404143
f 894 893 895
f 894 895 896
v -0.1481463 0.7104547 -0.4205191
v -0.1481463 0.7132516 -0.4048924
f 896 895 897
f 896 897 898
v -0.1566537 0.7104547 -0.4205191
v -0.1566537 0.7132516 -0.4048924
f 898 897 899
f 898 899 900
v -0.1640213 0.7062676 -0.4197697
v -0.1640213 0.7090645 -0.404143
f 900 899 901
f 900 901 902
v -0.168275 0.6990152 -0.4184716
v -0.168275 0.7018121 -0.4028449
f 902 901 903
f 902 903 904
v -0.168275 0.6906409 -0.4169728
v -0.168275 0.6934378 -0.4013461
f 904 903 905
f 904 905 906
v -0.1640213 0.6833885 -0.4156747
v -0.1640213 0.6861854 -0.400048
f 906 905 907
f 906 907 908
f 908 907 886
f 908 886 885
v -0.1464448 0.3846247 -0.3083815
v -0.1464448 0.3913597 -0.294006
f 884 883 909
f 884 909 910
v -0.1361302 0.3900174 -0.310908
v -0.1361302 0.3967524 -0.2965325
f 910 909 911
f 910 911 912
v -0.130175 0.3993577 -0.315284
v -0.130175 0.4060927 -0.3009085
f 912 911 913
f 912 913 914
v -0.130175 0.4101431 -0.320337
v -0.130175 0.4168781 -0.3059615
f 914 913 915
f 914 915 916
v -0.1361302 0.4194835 -0.324713
v -0.1361302 0.4262185 -0.3103375
f 916 915 917
f 916 917 918
v -0.1464448 0.4248761 -0.3272395
v -0.1464448 0.4316111 -0.312864
f 918 917 919
f 918 919 920
v -0.1583552 0.4248761 -0.3272395
v -0.1583552 0.4316111 -0.312864
f 920 919 921
f 920 921 922
v -0.1686698 0.4194835 -0.324713
v -0.1686698 0.4262185 -0.3103375
f 922 921 923
f 922 923 924
v -0.174625 0.4101431 -0.320337
v -0.174625 0.4168781 -0.3059615
f 924 923 925
f 924 925 926
v -0.174625 0.3993577 -0.315284
v -0.174625 0.4060927 -0.3009085
f 926 925 927
f 926 927 928
f 928 927 882
f 928 882 881
v 0.1407787 0.6861854 -0.400048
v 0.1407787 0.6833885 -0.4156747
v 0.1481463 0.6792014 -0.4149253
v 0.1481463 0.6819983 -0.3992986
f 929 930 931
f 929 931 932
v 0.136525 0.6934378 -0.4013461
v 0.136525 0.6906409 -0.4169728
f 933 934 930
f 933 930 929
v 0.136525 0.7018121 -0.4028449
v 0.136525 0.6990152 -0.4184716
f 935 936 934
f 935 934 933
v 0.1407787 0.7090645 -0.404143
v 0.1407787 0.7062676 -0.4197697
f 937 938 936
f 937 936 935
v 0.1481463 0.7132516 -0.4048924
v 0.1481463 0.7104547 -0.4205191
f 939 940 938
f 939 938 937
v 0.1566537 0.7132516 -0.4048924
v 0.1566537 0.7104547 -0.4205191
f 941 942 940
f 941 940 939
v 0.1640213 0.7090645 -0.404143
v 0.1640213 0.7062676 -0.4197697
f 943 944 942
f 943 942 941
v 0.168275 0.7018121 -0.4028449
v 0.168275 0.6990152 -0.4184716
f 945 946 944
f 945 944 943
v 0.168275 0.6934378 -0.4013461
v 0.168275 0.6906409 -0.4169728
f 947 948 946
f 947 946 945
v 0.1640213 0.6861854 -0.400048
v 0.1640213 0.6833885 -0.4156747
f 949 950 948
f 949 948 947
v 0.1566537 0.6819983 -0.3992986
v 0.1566537 0.6792014 -0.4149253
f 951 952 950
f 951 950 949
f 932 931 952
f 932 952 951
v 0.13716 0.4019134 -0.3165322
v 0.16764 0.4019134 -0.3165322
v 0.16764 0.5666371 -0.3936376
v 0.13716 0.5666371 -0.3936376
f 953 954 955
f 953 955 956
v 0.15875 0.5612085 -0.4182016
v 0.15875 0.401063 -0.3313204
v 0.14605 0.401063 -0.3313204
v 0.14605 0.5612085 -0.4182016
f 957 958 959
f 957 959 960
f 960 959 953
f 960 953 956
f 955 954 958
f 955 958 957
v 0.13716 0.5740651 -0.3961078
v 0.16764 0.5740651 -0.3961078
v 0.16764 0.6978121 -0.4182563
v 0.13716 0.6978121 -0.4182563
f 961 962 963
f 961 963 964
v 0.15875 0.6932074 -0.4339464
v 0.15875 0.570404 -0.4208882
v 0.14605 0.570404 -0.4208882
v 0.14605 0.6932074 -0.4339464
f 965 966 967
f 965 967 968
f 967 961 964
f 967 964 968
f 963 962 966
f 963 966 965
f 961 967 960
f 961 960 956
f 955 957 966
f 955 966 962
f 967 966 957
f 967 957 960
f 956 955 962
f 956 962 961
v 0.1394802 0.7033258 -0.4192431
v 0.1470167 0.6955271 -0.4342326
f 969 970 968
f 969 968 964
v 0.1437672 0.7075458 -0.4199984
v 0.148803 0.6973079 -0.4344223
f 971 972 970
f 971 970 969
v 0.1493686 0.7098297 -0.4204072
v 0.1511369 0.6982818 -0.4344676
f 973 974 972
f 973 972 971
v 0.1554314 0.7098297 -0.4204072
v 0.1536631 0.6982818 -0.4344676
f 975 976 974
f 975 974 973
v 0.1610328 0.7075458 -0.4199984
v 0.155997 0.6973079 -0.4344223
f 977 978 976
f 977 976 975
v 0.1653198 0.7033258 -0.4192431
v 0.1577833 0.6955271 -0.4342326
f 979 980 978
f 979 978 977
f 963 965 980
f 963 980 979
f 978 972 974
f 978 974 976
f 980 970 972
f 980 972 978
f 965 968 970
f 965 970 980
f 964 963 979
f 964 979 969
f 969 979 977
f 969 977 971
f 971 977 975
f 971 975 973
v 0.1361302 0.3967524 -0.2965325
v 0.1361302 0.3900174 -0.310908
v 0.1464448 0.3846247 -0.3083815
v 0.1464448 0.3913597 -0.294006
f 981 982 983
f 981 983 984
v 0.1583552 0.3846247 -0.3083815
v 0.1583552 0.3913597 -0.294006
f 984 983 985
f 984 985 986
v 0.1686698 0.3900174 -0.310908
v 0.1686698 0.3967524 -0.2965325
f 986 985 987
f 986 987 988
v 0.174625 0.3993577 -0.315284
v 0.174625 0.4060927 -0.3009085
f 988 987 989
f 988 989 990
v 0.174625 0.4101431 -0.320337
v 0.174625 0.4168781 -0.3059615
f 990 989 991
f 990 991 992
v 0.1686698 0.4194835 -0.324713
v 0.1686698 0.4262185 -0.3103375
f 992 991 993
f 992 993 994
v 0.1361302 0.4262185 -0.3103375
v 0.1361302 0.4194835 -0.324713
v 0.130175 0.4101431 -0.320337
v 0.130175 0.4168781 -0.3059615
f 995 996 997
f 995 997 998
v 0.130175 0.3993577 -0.315284
v 0.130175 0.4060927 -0.3009085
f 998 997 999
f 998 999 1000
f 1000 999 982
f 1000 982 981
v 0.1653198 0.3966637 -0.3140702
v 0.1577833 0.3989178 -0.3300591
f 1001 1002 958
f 1001 958 954
v 0.1610328 0.3926451 -0.3121898
v 0.155997 0.3972848 -0.3290443
f 1003 1004 1002
f 1003 1002 1001
v 0.1536631 0.3964271 -0.3283489
v 0.1554314 0.3904731 -0.311156
f 1005 1006 1003
f 1005 1003 1004
v 0.1493686 0.3904731 -0.311156
v 0.1511369 0.3964271 -0.3283489
f 1007 1008 1005
f 1007 1005 1006
v 0.1437672 0.3926451 -0.3121898
v 0.148803 0.3972848 -0.3290443
f 1009 1010 1008
f 1009 1008 1007
v 0.1394802 0.3966637 -0.3140702
v 0.1470167 0.3989178 -0.3300591
f 1011 1012 1010
f 1011 1010 1009
f 953 959 1012
f 953 1012 1011
f 1002 1012 959
f 1002 959 958
f 1005 1008 1010
f 1005 1010 1004
f 1004 1010 1012
f 1004 1012 1002
v 0.1583552 0.4248761 -0.3272395
v 0.1583552 0.4316111 -0.312864
f 994 993 1013
f 994 1013 1014
v 0.1464448 0.4248761 -0.3272395
v 0.1464448 0.4316111 -0.312864
f 1014 1013 1015
f 1014 1015 1016
f 1016 1015 996
f 1016 996 995
f 954 953 1011
f 954 1011 1001
f 1001 1011 1009
f 1001 1009 1003
f 1003 1009 1007
f 1003 1007 1006
v -0.174625 0.486456 -0.3389212
v -0.174625 0.479721 -0.3532967
v -0.1686698 0.4703806 -0.3489207
v -0.1686698 0.4771156 -0.3345452
f 1017 1018 1019
f 1017 1019 1020
v -0.1361302 0.4771156 -0.3345452
v -0.1361302 0.4703806 -0.3489207
v -0.130175 0.479721 -0.3532967
v -0.130175 0.486456 -0.3389212
f 1021 1022 1023
f 1021 1023 1024
v -0.1464448 0.4717229 -0.3320187
v -0.1464448 0.4649879 -0.3463942
f 1025 1026 1022
f 1025 1022 1021
v -0.1583552 0.4717229 -0.3320187
v -0.1583552 0.4649879 -0.3463942
f 1027 1028 1026
f 1027 1026 1025
f 1020 1019 1028
f 1020 1028 1027
v -0.174625 0.4972413 -0.3439742
v -0.174625 0.4905063 -0.3583497
f 1029 1030 1018
f 1029 1018 1017
v -0.1686698 0.5065817 -0.3483502
v -0.1686698 0.4998467 -0.3627257
f 1031 1032 1030
f 1031 1030 1029
v -0.130175 0.4972413 -0.3439742
v -0.130175 0.4905063 -0.3583497
v -0.1361302 0.4998467 -0.3627257
v -0.1361302 0.5065817 -0.3483502
f 1033 1034 1035
f 1033 1035 1036
f 1024 1023 1034
f 1024 1034 1033
v -0.1583552 0.5119744 -0.3508767
v -0.1583552 0.5052394 -0.3652522
f 1037 1038 1032
f 1037 1032 1031
v -0.1464448 0.5119744 -0.3508767
v -0.1464448 0.5052394 -0.3652522
f 1039 1040 1038
f 1039 1038 1037
f 1036 1035 1040
f 1036 1040 1039
v 0.1686698 0.4771156 -0.3345452
v 0.1686698 0.4703806 -0.3489207
v 0.174625 0.479721 -0.3532967
v 0.174625 0.486456 -0.3389212
f 1041 1042 1043
f 1041 1043 1044
v 0.130175 0.486456 -0.3389212
v 0.130175 0.479721 -0.3532967
v 0.1361302 0.4703806 -0.3489207
v 0.1361302 0.4771156 -0.3345452
f 1045 1046 1047
f 1045 1047 1048
v 0.1464448 0.4649879 -0.3463942
v 0.1464448 0.4717229 -0.3320187
f 1048 1047 1049
f 1048 1049 1050
v 0.1583552 0.4649879 -0.3463942
v 0.1583552 0.4717229 -0.3320187
f 1050 1049 1051
f 1050 1051 1052
f 1052 1051 1042
f 1052 1042 1041
v 0.174625 0.4905063 -0.3583497
v 0.174625 0.4972413 -0.3439742
f 1044 1043 1053
f 1044 1053 1054
v 0.1686698 0.4998467 -0.3627257
v 0.1686698 0.5065817 -0.3483502
f 1054 1053 1055
f 1054 1055 1056
v 0.1361302 0.5065817 -0.3483502
v 0.1361302 0.4998467 -0.3627257
v 0.130175 0.4905063 -0.3583497
v 0.130175 0.4972413 -0.3439742
f 1057 1058 1059
f 1057 1059 1060
f 1060 1059 1046
f 1060 1046 1045
v 0.1583552 0.5052394 -0.3652522
v 0.1583552 0.5119744 -0.3508767
f 1056 1055 1061
f 1056 1061 1062
v 0.1464448 0.5052394 -0.3652522
v 0.1464448 0.5119744 -0.3508767
f 1062 1061 1063
f 1062 1063 1064
f 1064 1063 1058
f 1064 1058 1057
f 985 983 982
f 985 982 987
f 987 982 999
f 987 999 989
f 989 999 997
f 989 997 991
f 991 997 996
f 991 996 993
f 993 996 1015
f 993 1015 1013
f 1042 1047 1046
f 1042 1046 1043
f 1043 1046 1059
f 1043 1059 1053
f 1055 1058 1063
f 1055 1063 1061
f 1053 1059 1058
f 1053 1058 1055
f 1051 1049 1047
f 1051 1047 1042
f 1022 1019 1018
f 1022 1018 1023
f 1023 1018 1030
f 1023 1030 1034
f 1035 1032 1038
f 1035 1038 1040
f 1034 1030 1032
f 1034 1032 1035
f 1026 1028 1019
f 1026 1019 1022
f 911 882 927
f 911 927 913
f 913 927 925
f 913 925 915
f 917 923 921
f 917 921 919
f 915 925 923
f 915 923 917
f 909 883 882
f 909 882 911
f 952 931 930
f 952 930 950
f 950 930 934
f 950 934 948
f 948 934 936
f 948 936 946
f 946 936 938
f 946 938 944
f 944 938 940
f 944 940 942
f 891 905 903
f 891 903 893
f 889 907 905
f 889 905 891
f 893 903 901
f 893 901 895
f 895 901 899
f 895 899 897
f 887 886 907
f 887 907 889
o SEAT-OUTER_SHELL_BOTTOM
usemtl SEAT-OUTER_SHELL_BOTTOM
v -0.3227324 0.403882 0.3394143
v -0.3132349 0.4039187 0.3394051
v -0.3137683 0.4069983 0.3255441
v -0.3232658 0.4069616 0.3255533
f 1065 1066 1067
f 1065 1067 1068
v -0.3143017 0.4088457 0.309373
v -0.3237992 0.408809 0.3093821
f 1068 1067 1069
f 1068 1069 1070
v -0.3147335 0.4100769 0.2907377
v -0.324231 0.4100402 0.2907468
f 1070 1069 1071
f 1070 1071 1072
v -0.3148351 0.4094602 0.2751827
v -0.3243326 0.4094235 0.2751919
f 1072 1071 1073
f 1072 1073 1074
v -0.3148859 0.4094601 0.2725645
v -0.3243834 0.4094234 0.2725737
f 1074 1073 1075
f 1074 1075 1076
v -0.320167 0.3905617 0.368927
v -0.3106863 0.3914778 0.368698
f 1066 1065 1077
f 1066 1077 1078
v -0.316387 0.3749992 0.3911458
v -0.3070903 0.3773647 0.3905543
f 1078 1077 1079
f 1078 1079 1080
v -0.2994031 0.3506407 0.4129458
v -0.2911272 0.3554122 0.4117527
f 1080 1079 1081
f 1080 1081 1082
v -0.2776537 0.3258852 0.4243722
v -0.2711139 0.3327311 0.4226604
f 1082 1081 1083
f 1082 1083 1084
v -0.2487015 0.3064223 0.4292389
v -0.2445534 0.3148759 0.427125
f 1084 1083 1085
f 1084 1085 1086
v -0.2022286 0.2933309 0.4325123
v -0.2001274 0.3023612 0.4302543
f 1086 1085 1087
f 1086 1087 1088
v -0.16129 0.2868631 0.4341296
v -0.1602643 0.2960633 0.4318291
f 1088 1087 1089
f 1088 1089 1090
v -0.0321466 0.2800867 0.435824
v -0.0318892 0.2893272 0.4335134
f 1090 1089 1091
f 1090 1091 1092
v 0.0 0.2800867 0.435824
v 0.0 0.2893272 0.4335134
f 1092 1091 1093
f 1092 1093 1094
v -0.3155209 0.4034466 0.1123942
v -0.3250184 0.4034099 0.1124034
f 1076 1075 1095
f 1076 1095 1096
v -0.3157495 0.4065265 0.1063877
v -0.325247 0.4064898 0.1063969
f 1096 1095 1097
f 1096 1097 1098
v -0.3168925 0.4347833 0.0829584
v -0.32639 0.4340813 0.083134
f 1098 1097 1099
f 1098 1099 1100
v -0.3168925 0.4378632 0.0769519
v -0.32639 0.4371612 0.0771274
f 1100 1099 1101
f 1100 1101 1102
v -0.3168925 0.438479 0.0715615
v -0.32639 0.437777 0.0717371
f 1102 1101 1103
f 1102 1103 1104
v -0.3250184 0.3685974 -0.0268202
v -0.325247 0.374142 -0.0229702
v -0.3157495 0.3741787 -0.0229794
v -0.3155209 0.3686341 -0.0268294
f 1105 1106 1107
f 1105 1107 1108
v -0.32639 0.412516 -0.0031107
v -0.32639 0.4180606 0.0007393
v -0.3168925 0.4187626 0.0005637
v -0.3168925 0.413218 -0.0032863
f 1109 1110 1111
f 1109 1111 1112
v -0.32639 0.421141 0.0052054
v -0.3168925 0.421843 0.0050299
f 1111 1110 1113
f 1111 1113 1114
f 1114 1113 1104
f 1114 1104 1103
f 1112 1107 1106
f 1112 1106 1109
v -0.3148859 0.3060763 -0.1407879
v -0.3243834 0.3060396 -0.1407788
f 1105 1108 1115
f 1105 1115 1116
v -0.3148351 0.3048442 -0.143098
v -0.3243326 0.3048321 -0.143095
f 1116 1115 1117
f 1116 1117 1118
v -0.3147335 0.2980671 -0.1571126
v -0.324231 0.298055 -0.1571096
f 1118 1117 1119
f 1118 1119 1120
v -0.3143017 0.289442 -0.168047
v -0.3237992 0.28943 -0.168044
f 1120 1119 1121
f 1120 1121 1122
v -0.3137683 0.2814331 -0.1765172
v -0.3232658 0.2814211 -0.1765142
f 1122 1121 1123
f 1122 1123 1124
v -0.3132349 0.2734244 -0.1823692
v -0.3227324 0.2734123 -0.1823662
f 1124 1123 1125
f 1124 1125 1126
v -0.3106863 0.2499174 -0.197437
v -0.320167 0.2490013 -0.1972079
f 1126 1125 1127
f 1126 1127 1128
v -0.3070903 0.2284105 -0.2051503
v -0.316387 0.226045 -0.2045588
f 1128 1127 1129
f 1128 1129 1130
v -0.2911272 0.2002965 -0.2085932
v -0.2994031 0.195525 -0.2074001
f 1130 1129 1131
f 1130 1131 1132
v -0.2711139 0.1751508 -0.207542
v -0.2776537 0.168305 -0.2058302
f 1132 1131 1133
f 1132 1133 1134
v -0.2445534 0.1572957 -0.2030774
v -0.2487015 0.148842 -0.2009636
f 1134 1133 1135
f 1134 1135 1136
v -0.2001274 0.1447809 -0.1999481
v -0.2022286 0.1357507 -0.1976901
f 1136 1135 1137
f 1136 1137 1138
v -0.1602643 0.1384831 -0.1983734
v -0.16129 0.1292829 -0.1960729
f 1138 1137 1139
f 1138 1139 1140
v -0.0318892 0.131747 -0.196689
v -0.0321466 0.1225065 -0.1943785
f 1140 1139 1141
f 1140 1141 1142
v 0.0 0.131747 -0.196689
v 0.0 0.1225065 -0.1943785
f 1142 1141 1143
f 1142 1143 1144
f 1104 1113 1110
f 1104 1110 1102
f 1102 1110 1109
f 1102 1109 1100
f 1100 1109 1106
f 1100 1106 1098
f 1098 1106 1105
f 1098 1105 1096
f 1095 1108 1107
f 1095 1107 1097
f 1097 1107 1112
f 1097 1112 1099
f 1099 1112 1111
f 1099 1111 1101
f 1101 1111 1114
f 1101 1114 1103
f 1094 1143 1141
f 1094 1141 1092
f 1092 1141 1139
f 1092 1139 1090
f 1090 1139 1137
f 1090 1137 1088
f 1088 1137 1135
f 1088 1135 1086
f 1086 1135 1133
f 1086 1133 1084
f 1084 1133 1131
f 1084 1131 1082
f 1082 1131 1129
f 1082 1129 1080
f 1080 1129 1127
f 1080 1127 1078
f 1144 1093 1091
f 1144 1091 1142
f 1142 1091 1089
f 1142 1089 1140
f 1140 1089 1087
f 1140 1087 1138
f 1138 1087 1085
f 1138 1085 1136
f 1136 1085 1083
f 1136 1083 1134
f 1134 1083 1081
f 1134 1081 1132
f 1132 1081 1079
f 1132 1079 1130
f 1130 1079 1077
f 1130 1077 1128
f 1128 1077 1065
f 1128 1065 1126
f 1078 1127 1125
f 1078 1125 1066
f 1066 1125 1123
f 1066 1123 1067
f 1067 1123 1121
f 1067 1121 1069
f 1069 1121 1119
f 1069 1119 1071
f 1071 1119 1117
f 1071 1117 1073
f 1073 1117 1115
f 1073 1115 1075
f 1126 1065 1068
f 1126 1068 1124
f 1124 1068 1070
f 1124 1070 1122
f 1122 1070 1072
f 1122 1072 1120
f 1120 1072 1074
f 1120 1074 1118
f 1118 1074 1076
f 1118 1076 1116
v 0.3132349 0.2734244 -0.1823692
v 0.3132349 0.4039187 0.3394051
v 0.3137683 0.4069983 0.3255441
v 0.3137683 0.2814331 -0.1765172
f 1145 1146 1147
f 1145 1147 1148
v 0.3237992 0.408809 0.3093821
v 0.3237992 0.28943 -0.168044
v 0.324231 0.298055 -0.1571096
v 0.324231 0.4100402 0.2907468
f 1149 1150 1151
f 1149 1151 1152
v 0.3232658 0.4069616 0.3255533
v 0.3232658 0.2814211 -0.1765142
f 1153 1154 1150
f 1153 1150 1149
v 0.3227324 0.403882 0.3394143
v 0.3227324 0.2734123 -0.1823662
f 1155 1156 1154
f 1155 1154 1153
v 0.0321466 0.2800867 0.435824
v 0.0321466 0.1225065 -0.1943785
v 0.16129 0.1292829 -0.1960729
v 0.16129 0.2868631 0.4341296
f 1157 1158 1159
f 1157 1159 1160
f 1093 1144 1158
f 1093 1158 1157
v 0.0318892 0.2893272 0.4335134
v 0.0318892 0.131747 -0.196689
f 1143 1094 1161
f 1143 1161 1162
v 0.1602643 0.1384831 -0.1983734
v 0.1602643 0.2960633 0.4318291
v 0.2001274 0.3023612 0.4302543
v 0.2001274 0.1447809 -0.1999481
f 1163 1164 1165
f 1163 1165 1166
v 0.2445534 0.1572957 -0.2030774
v 0.2445534 0.3148759 0.427125
v 0.2711139 0.3327311 0.4226604
v 0.2711139 0.1751508 -0.207542
f 1167 1168 1169
f 1167 1169 1170
v 0.2911272 0.2002965 -0.2085932
v 0.2911272 0.3554122 0.4117527
v 0.3070903 0.3773647 0.3905543
v 0.3070903 0.2284105 -0.2051503
f 1171 1172 1173
f 1171 1173 1174
v 0.3148351 0.3048442 -0.143098
v 0.3148351 0.4094602 0.2751827
v 0.3148859 0.4094601 0.2725645
v 0.3148859 0.3060763 -0.1407879
f 1175 1176 1177
f 1175 1177 1178
v 0.3106863 0.2499174 -0.197437
v 0.3106863 0.3914778 0.368698
f 1179 1180 1146
f 1179 1146 1145
v 0.3143017 0.289442 -0.168047
v 0.3143017 0.4088457 0.309373
v 0.3147335 0.4100769 0.2907377
v 0.3147335 0.2980671 -0.1571126
f 1181 1182 1183
f 1181 1183 1184
f 1166 1165 1168
f 1166 1168 1167
f 1162 1161 1164
f 1162 1164 1163
f 1174 1173 1180
f 1174 1180 1179
f 1170 1169 1172
f 1170 1172 1171
f 1184 1183 1176
f 1184 1176 1175
f 1148 1147 1182
f 1148 1182 1181
v 0.3243326 0.3048321 -0.143095
v 0.3243326 0.4094235 0.2751919
f 1152 1151 1185
f 1152 1185 1186
v 0.3243834 0.3060396 -0.1407788
v 0.3243834 0.4094234 0.2725737
f 1186 1185 1187
f 1186 1187 1188
v 0.320167 0.3905617 0.368927
v 0.320167 0.2490013 -0.1972079
f 1189 1190 1156
f 1189 1156 1155
v 0.2487015 0.3064223 0.4292389
v 0.2487015 0.148842 -0.2009636
v 0.2776537 0.168305 -0.2058302
v 0.2776537 0.3258852 0.4243722
f 1191 1192 1193
f 1191 1193 1194
v 0.2994031 0.3506407 0.4129458
v 0.2994031 0.195525 -0.2074001
v 0.316387 0.226045 -0.2045588
v 0.316387 0.3749992 0.3911458
f 1195 1196 1197
f 1195 1197 1198
v 0.2022286 0.1357507 -0.1976901
v 0.2022286 0.2933309 0.4325123
f 1160 1159 1199
f 1160 1199 1200
v 0.3250184 0.4034099 0.1124034
v 0.3155209 0.4034466 0.1123942
f 1177 1188 1201
f 1177 1201 1202
f 1198 1197 1190
f 1198 1190 1189
f 1194 1193 1196
f 1194 1196 1195
f 1200 1199 1192
f 1200 1192 1191
f 1146 1155 1153
f 1146 1153 1147
f 1200 1165 1164
f 1200 1164 1160
f 1198 1173 1172
f 1198 1172 1195
f 1194 1169 1168
f 1194 1168 1191
f 1195 1172 1169
f 1195 1169 1194
f 1191 1168 1165
f 1191 1165 1200
f 1189 1180 1173
f 1189 1173 1198
f 1155 1146 1180
f 1155 1180 1189
f 1160 1164 1161
f 1160 1161 1157
f 1157 1161 1094
f 1157 1094 1093
f 1147 1153 1149
f 1147 1149 1182
f 1183 1152 1186
f 1183 1186 1176
f 1182 1149 1152
f 1182 1152 1183
f 1176 1186 1188
f 1176 1188 1177
f 1148 1154 1156
f 1148 1156 1145
f 1166 1199 1159
f 1166 1159 1163
f 1174 1197 1196
f 1174 1196 1171
f 1170 1193 1192
f 1170 1192 1167
f 1171 1196 1193
f 1171 1193 1170
f 1167 1192 1199
f 1167 1199 1166
f 1179 1190 1197
f 1179 1197 1174
f 1145 1156 1190
f 1145 1190 1179
f 1163 1159 1158
f 1163 1158 1162
f 1162 1158 1144
f 1162 1144 1143
v 0.3155209 0.3686341 -0.0268294
v 0.3250184 0.3685974 -0.0268202
f 1203 1204 1187
f 1203 1187 1178
v 0.3157495 0.3741787 -0.0229794
v 0.3157495 0.4065265 0.1063877
v 0.3168925 0.4347833 0.0829584
v 0.3168925 0.413218 -0.0032863
f 1205 1206 1207
f 1205 1207 1208
f 1203 1202 1206
f 1203 1206 1205
v 0.325247 0.374142 -0.0229702
v 0.325247 0.4064898 0.1063969
f 1209 1210 1201
f 1209 1201 1204
v 0.32639 0.412516 -0.0031107
v 0.32639 0.4340813 0.083134
f 1211 1212 1210
f 1211 1210 1209
f 1205 1208 1211
f 1205 1211 1209
v 0.3168925 0.4187626 0.0005637
v 0.3168925 0.4378632 0.0769519
v 0.3168925 0.438479 0.0715615
v 0.3168925 0.421843 0.0050299
f 1213 1214 1215
f 1213 1215 1216
f 1208 1207 1214
f 1208 1214 1213
v 0.32639 0.421141 0.0052054
v 0.32639 0.437777 0.0717371
v 0.32639 0.4371612 0.0771274
v 0.32639 0.4180606 0.0007393
f 1217 1218 1219
f 1217 1219 1220
f 1220 1219 1212
f 1220 1212 1211
f 1217 1216 1215
f 1217 1215 1218
f 1206 1210 1212
f 1206 1212 1207
f 1202 1201 1210
f 1202 1210 1206
f 1207 1212 1219
f 1207 1219 1214
f 1214 1219 1218
f 1214 1218 1215
f 1220 1213 1216
f 1220 1216 1217
f 1220 1211 1208
f 1220 1208 1213
f 1209 1204 1203
f 1209 1203 1205
f 1184 1151 1150
f 1184 1150 1181
f 1178 1187 1185
f 1178 1185 1175
f 1175 1185 1151
f 1175 1151 1184
f 1181 1150 1154
f 1181 1154 1148
f 1177 1202 1203
f 1177 1203 1178
f 1187 1204 1201
f 1187 1201 1188
f 1115 1108 1095
f 1115 1095 1075
f 1076 1096 1105
f 1076 1105 1116
o SEAT-OUTER_SHELL_BACK
usemtl SEAT-OUTER_SHELL_BACK
v 0.1602643 0.5414886 -0.3463919
v 0.16129 0.5374336 -0.3549646
v 0.0321466 0.5344469 -0.3612789
v 0.0318892 0.5385197 -0.3526685
f 1221 1222 1223
f 1221 1223 1224
v 0.16129 0.2756791 -0.2311519
v 0.1602643 0.2797341 -0.2225791
v 0.0318892 0.2767652 -0.2288558
v 0.0321466 0.2726924 -0.2374662
f 1225 1226 1227
f 1225 1227 1228
f 1224 1227 1226
f 1224 1226 1221
f 1228 1223 1222
f 1228 1222 1225
v -0.2911272 0.3068947 -0.1663466
v -0.2911272 0.5513826 -0.281992
v -0.3070903 0.5455359 -0.2499787
v -0.3070903 0.3191182 -0.1428808
f 1229 1230 1231
f 1229 1231 1232
v -0.2994031 0.5514838 -0.2874807
v -0.2994031 0.3047917 -0.1707927
v -0.316387 0.3180756 -0.1450849
v -0.316387 0.5462153 -0.2529975
f 1233 1234 1235
f 1233 1235 1236
v -0.320167 0.3274787 -0.1268689
v -0.320167 0.5366757 -0.2258213
f 1236 1235 1237
f 1236 1237 1238
v -0.3106863 0.5370795 -0.2249677
v -0.3106863 0.3278825 -0.1260153
f 1232 1231 1239
f 1232 1239 1240
v -0.3243834 0.3473406 -0.0901655
v -0.3148859 0.3473568 -0.0901313
v -0.3155209 0.3519421 -0.0821006
v -0.3250184 0.351926 -0.0821348
f 1241 1242 1243
f 1241 1243 1244
v -0.3227324 0.3367083 -0.1090198
v -0.3227324 0.5245057 -0.19785
f 1238 1237 1245
f 1238 1245 1246
v -0.3132349 0.524511 -0.1978388
v -0.3132349 0.3367245 -0.1089856
f 1240 1239 1247
f 1240 1247 1248
v -0.3232658 0.3396302 -0.1033773
v -0.3232658 0.5203326 -0.1888515
f 1246 1245 1249
f 1246 1249 1250
v -0.3137683 0.5203379 -0.1888403
v -0.3137683 0.3396463 -0.1033431
f 1248 1247 1251
f 1248 1251 1252
v -0.3143017 0.5135972 -0.1793298
v -0.3143017 0.3426181 -0.0984267
f 1252 1251 1253
f 1252 1253 1254
v -0.3237992 0.3426019 -0.0984609
v -0.3237992 0.5135919 -0.179341
f 1250 1249 1255
f 1250 1255 1256
v -0.324231 0.3453671 -0.0934467
v -0.324231 0.5045551 -0.1687444
f 1256 1255 1257
f 1256 1257 1258
v -0.3147335 0.5045604 -0.1687332
v -0.3147335 0.3453832 -0.0934126
f 1254 1253 1259
f 1254 1259 1260
v -0.3243326 0.3470002 -0.090707
v -0.3243326 0.4929857 -0.1597597
f 1258 1257 1261
f 1258 1261 1262
v -0.3148351 0.492991 -0.1597485
v -0.3148351 0.3470164 -0.0906728
f 1260 1259 1263
f 1260 1263 1264
v -0.3243834 0.4839013 -0.1547883
f 1262 1261 1241
f 1262 1241 1265
v -0.3148859 0.4839175 -0.1547541
f 1264 1263 1266
f 1264 1266 1242
v -0.2776537 0.5484792 -0.315693
v -0.2776537 0.2928783 -0.194791
f 1267 1268 1234
f 1267 1234 1233
v -0.2711139 0.2958956 -0.188412
v -0.2711139 0.5501189 -0.3086623
f 1269 1270 1230
f 1269 1230 1229
v 0.0 0.5385197 -0.3526685
v 0.0 0.2767652 -0.2288558
f 1271 1272 1227
f 1271 1227 1224
v 0.0 0.2726924 -0.2374662
v 0.0 0.5344469 -0.3612789
f 1273 1274 1223
f 1273 1223 1228
v -0.2487015 0.5443553 -0.3359356
v -0.2487015 0.2842999 -0.2129266
f 1275 1276 1268
f 1275 1268 1267
v -0.2022286 0.5402843 -0.3489379
v -0.2022286 0.2785298 -0.2251252
f 1277 1278 1276
f 1277 1276 1275
v -0.16129 0.5374336 -0.3549646
v -0.16129 0.2756791 -0.2311519
f 1279 1280 1278
f 1279 1278 1277
v -0.0321466 0.5344469 -0.3612789
v -0.0321466 0.2726924 -0.2374662
f 1281 1282 1280
f 1281 1280 1279
f 1274 1273 1282
f 1274 1282 1281
v -0.2445534 0.2880259 -0.2050495
v -0.2445534 0.547071 -0.3275806
f 1283 1284 1270
f 1283 1270 1269
v -0.2001274 0.28251 -0.2167108
v -0.2001274 0.5425653 -0.3397198
f 1285 1286 1284
f 1285 1284 1283
v -0.1602643 0.2797341 -0.2225791
v -0.1602643 0.5414886 -0.3463919
f 1287 1288 1286
f 1287 1286 1285
v -0.0318892 0.2767652 -0.2288558
v -0.0318892 0.5385197 -0.3526685
f 1289 1290 1288
f 1289 1288 1287
f 1272 1271 1290
f 1272 1290 1289
f 1240 1237 1235
f 1240 1235 1232
f 1269 1268 1276
f 1269 1276 1283
f 1285 1278 1280
f 1285 1280 1287
f 1283 1276 1278
f 1283 1278 1285
f 1228 1227 1272
f 1228 1272 1273
f 1289 1282 1273
f 1289 1273 1272
f 1287 1280 1282
f 1287 1282 1289
f 1232 1235 1234
f 1232 1234 1229
f 1229 1234 1268
f 1229 1268 1269
f 1255 1254 1260
f 1255 1260 1257
f 1248 1245 1237
f 1248 1237 1240
f 1249 1252 1254
f 1249 1254 1255
f 1245 1248 1252
f 1245 1252 1249
f 1257 1260 1264
f 1257 1264 1261
f 1261 1264 1242
f 1261 1242 1241
f 1238 1239 1231
f 1238 1231 1236
f 1267 1270 1284
f 1267 1284 1275
f 1277 1286 1288
f 1277 1288 1279
f 1275 1284 1286
f 1275 1286 1277
f 1224 1223 1274
f 1224 1274 1271
f 1281 1290 1271
f 1281 1271 1274
f 1279 1288 1290
f 1279 1290 1281
f 1236 1231 1230
f 1236 1230 1233
f 1233 1230 1270
f 1233 1270 1267
f 1258 1259 1253
f 1258 1253 1256
v -0.3250184 0.4291895 -0.1186813
v -0.3155209 0.4292056 -0.1186471
f 1291 1292 1266
f 1291 1266 1265
f 1265 1266 1263
f 1265 1263 1262
f 1262 1263 1259
f 1262 1259 1258
v -0.325247 0.3588892 -0.0700869
v -0.325247 0.4157404 -0.0969781
f 1293 1294 1291
f 1293 1291 1244
v -0.3157495 0.4157566 -0.0969439
v -0.3157495 0.3589053 -0.0700527
f 1243 1292 1295
f 1243 1295 1296
v -0.32639 0.3784188 -0.0366996
v -0.32639 0.4071199 -0.0502756
f 1297 1298 1294
f 1297 1294 1293
v -0.3168925 0.4074293 -0.0496215
v -0.3168925 0.3787282 -0.0360455
f 1296 1295 1299
f 1296 1299 1300
v -0.3168925 0.3829249 -0.0331134
v -0.3168925 0.4053118 -0.0437027
v -0.3168925 0.4021082 -0.04008
v -0.3168925 0.3883316 -0.0335635
f 1301 1302 1303
f 1301 1303 1304
f 1300 1299 1302
f 1300 1302 1301
v -0.32639 0.3826155 -0.0337676
v -0.32639 0.4050024 -0.0443568
f 1305 1306 1298
f 1305 1298 1297
v -0.32639 0.3880222 -0.0342176
v -0.32639 0.4017988 -0.0407341
f 1307 1308 1306
f 1307 1306 1305
f 1303 1308 1307
f 1303 1307 1304
f 1293 1296 1300
f 1293 1300 1297
f 1244 1243 1296
f 1244 1296 1293
f 1297 1300 1301
f 1297 1301 1305
f 1305 1301 1304
f 1305 1304 1307
f 1299 1295 1294
f 1299 1294 1298
f 1291 1294 1295
f 1291 1295 1292
f 1298 1306 1302
f 1298 1302 1299
f 1302 1306 1308
f 1302 1308 1303
f 1246 1247 1239
f 1246 1239 1238
f 1250 1251 1247
f 1250 1247 1246
f 1256 1253 1251
f 1256 1251 1250
v 0.2911272 0.5513826 -0.281992
v 0.2911272 0.3068947 -0.1663466
v 0.3070903 0.3191182 -0.1428808
v 0.3070903 0.5455359 -0.2499787
f 1309 1310 1311
f 1309 1311 1312
v 0.2994031 0.3047917 -0.1707927
v 0.2994031 0.5514838 -0.2874807
v 0.316387 0.5462153 -0.2529975
v 0.316387 0.3180756 -0.1450849
f 1313 1314 1315
f 1313 1315 1316
v 0.320167 0.5366757 -0.2258213
v 0.320167 0.3274787 -0.1268689
f 1316 1315 1317
f 1316 1317 1318
v 0.3106863 0.3278825 -0.1260153
v 0.3106863 0.5370795 -0.2249677
f 1312 1311 1319
f 1312 1319 1320
v 0.3148859 0.3473568 -0.0901313
v 0.3243834 0.3473406 -0.0901655
v 0.3250184 0.351926 -0.0821348
v 0.3155209 0.3519421 -0.0821006
f 1321 1322 1323
f 1321 1323 1324
v 0.3132349 0.3367245 -0.1089856
v 0.3132349 0.524511 -0.1978388
f 1320 1319 1325
f 1320 1325 1326
v 0.3227324 0.5245057 -0.19785
v 0.3227324 0.3367083 -0.1090198
f 1318 1317 1327
f 1318 1327 1328
v 0.3232658 0.5203326 -0.1888515
v 0.3232658 0.3396302 -0.1033773
f 1328 1327 1329
f 1328 1329 1330
v 0.3137683 0.3396463 -0.1033431
v 0.3137683 0.5203379 -0.1888403
f 1326 1325 1331
f 1326 1331 1332
v 0.3237992 0.5135919 -0.179341
v 0.3237992 0.3426019 -0.0984609
f 1330 1329 1333
f 1330 1333 1334
v 0.3143017 0.3426181 -0.0984267
v 0.3143017 0.5135972 -0.1793298
f 1332 1331 1335
f 1332 1335 1336
v 0.3147335 0.3453832 -0.0934126
v 0.3147335 0.5045604 -0.1687332
f 1336 1335 1337
f 1336 1337 1338
v 0.324231 0.5045551 -0.1687444
v 0.324231 0.3453671 -0.0934467
f 1334 1333 1339
f 1334 1339 1340
v 0.3243326 0.4929857 -0.1597597
v 0.3243326 0.3470002 -0.090707
f 1340 1339 1341
f 1340 1341 1342
v 0.3148351 0.3470164 -0.0906728
v 0.3148351 0.492991 -0.1597485
f 1338 1337 1343
f 1338 1343 1344
v 0.3243834 0.4839013 -0.1547883
f 1342 1341 1345
f 1342 1345 1322
v 0.3148859 0.4839175 -0.1547541
f 1344 1343 1321
f 1344 1321 1346
v 0.2776537 0.2928783 -0.194791
v 0.2776537 0.5484792 -0.315693
f 1347 1348 1314
f 1347 1314 1313
v 0.2711139 0.5501189 -0.3086623
v 0.2711139 0.2958956 -0.188412
f 1349 1350 1310
f 1349 1310 1309
v 0.2022286 0.2785298 -0.2251252
v 0.2022286 0.5402843 -0.3489379
v 0.2487015 0.5443553 -0.3359356
v 0.2487015 0.2842999 -0.2129266
f 1351 1352 1353
f 1351 1353 1354
f 1225 1222 1352
f 1225 1352 1351
f 1354 1353 1348
f 1354 1348 1347
v 0.2001274 0.5425653 -0.3397198
v 0.2001274 0.28251 -0.2167108
v 0.2445534 0.2880259 -0.2050495
v 0.2445534 0.547071 -0.3275806
f 1355 1356 1357
f 1355 1357 1358
f 1358 1357 1350
f 1358 1350 1349
f 1221 1226 1356
f 1221 1356 1355
f 1318 1319 1311
f 1318 1311 1316
f 1347 1350 1357
f 1347 1357 1354
f 1351 1356 1226
f 1351 1226 1225
f 1354 1357 1356
f 1354 1356 1351
f 1316 1311 1310
f 1316 1310 1313
f 1313 1310 1350
f 1313 1350 1347
f 1335 1334 1340
f 1335 1340 1337
f 1328 1325 1319
f 1328 1319 1318
f 1331 1330 1334
f 1331 1334 1335
f 1325 1328 1330
f 1325 1330 1331
f 1343 1342 1322
f 1343 1322 1321
f 1337 1340 1342
f 1337 1342 1343
f 1320 1317 1315
f 1320 1315 1312
f 1349 1348 1353
f 1349 1353 1358
f 1355 1352 1222
f 1355 1222 1221
f 1358 1353 1352
f 1358 1352 1355
f 1312 1315 1314
f 1312 1314 1309
f 1309 1314 1348
f 1309 1348 1349
f 1338 1339 1333
f 1338 1333 1336
v 0.3155209 0.4292056 -0.1186471
v 0.3250184 0.4291895 -0.1186813
f 1359 1360 1345
f 1359 1345 1346
f 1344 1341 1339
f 1344 1339 1338
f 1346 1345 1341
f 1346 1341 1344
v 0.3157495 0.3589053 -0.0700527
v 0.3157495 0.4157566 -0.0969439
f 1359 1324 1361
f 1359 1361 1362
v 0.325247 0.4157404 -0.0969781
v 0.325247 0.3588892 -0.0700869
f 1363 1364 1323
f 1363 1323 1360
v 0.3168925 0.3787282 -0.0360455
v 0.3168925 0.4074293 -0.0496215
f 1362 1361 1365
f 1362 1365 1366
v 0.32639 0.4071199 -0.0502756
v 0.32639 0.3784188 -0.0366996
f 1367 1368 1364
f 1367 1364 1363
v 0.32639 0.4017988 -0.0407341
v 0.3168925 0.4021082 -0.04008
v 0.3168925 0.3883316 -0.0335635
v 0.32639 0.3880222 -0.0342176
f 1369 1370 1371
f 1369 1371 1372
v 0.32639 0.4050024 -0.0443568
v 0.32639 0.3826155 -0.0337676
f 1373 1374 1368
f 1373 1368 1367
f 1369 1372 1374
f 1369 1374 1373
v 0.3168925 0.3829249 -0.0331134
v 0.3168925 0.4053118 -0.0437027
f 1366 1365 1375
f 1366 1375 1376
f 1376 1375 1371
f 1376 1371 1370
f 1361 1364 1368
f 1361 1368 1365
f 1324 1323 1364
f 1324 1364 1361
f 1375 1374 1372
f 1375 1372 1371
f 1365 1368 1374
f 1365 1374 1375
f 1362 1366 1367
f 1362 1367 1363
f 1363 1360 1359
f 1363 1359 1362
f 1373 1367 1366
f 1373 1366 1376
f 1373 1376 1370
f 1373 1370 1369
f 1326 1327 1317
f 1326 1317 1320
f 1332 1329 1327
f 1332 1327 1326
f 1336 1333 1329
f 1336 1329 1332
v 0.1602643 0.8878303 -0.4196131
v 0.16129 0.8861595 -0.4289482
v 0.0321466 0.8849288 -0.435824
v 0.0318892 0.886607 -0.426448
f 1377 1378 1379
f 1377 1379 1380
v 0.16129 0.6011289 -0.3779328
v 0.1602643 0.6027997 -0.3685977
v 0.0318892 0.6015764 -0.3754326
v 0.0321466 0.5998983 -0.3848086
f 1381 1382 1383
f 1381 1383 1384
f 1380 1383 1382
f 1380 1382 1377
f 1384 1379 1378
f 1384 1378 1381
v 0.0 0.886607 -0.426448
v 0.0 0.6015764 -0.3754326
f 1385 1386 1383
f 1385 1383 1380
v 0.0 0.5998983 -0.3848086
v 0.0 0.8849288 -0.435824
f 1387 1388 1379
f 1387 1379 1384
v -0.2487015 0.8897115 -0.4091023
v -0.2487015 0.604681 -0.3580869
v -0.2776537 0.6082156 -0.3383385
v -0.2776537 0.8932461 -0.3893539
f 1389 1390 1391
f 1389 1391 1392
v -0.2022286 0.8873341 -0.4223856
v -0.2022286 0.6023035 -0.3713702
f 1393 1394 1390
f 1393 1390 1389
v -0.16129 0.8861595 -0.4289482
v -0.16129 0.6011289 -0.3779328
f 1395 1396 1394
f 1395 1394 1393
v -0.0321466 0.8849288 -0.435824
v -0.0321466 0.5998983 -0.3848086
f 1397 1398 1396
f 1397 1396 1395
f 1388 1387 1398
f 1388 1398 1397
v -0.2445534 0.6062162 -0.3495092
v -0.2445534 0.8912468 -0.4005246
v -0.2711139 0.8932393 -0.3821839
v -0.2711139 0.610709 -0.331616
f 1399 1400 1401
f 1399 1401 1402
v -0.2001274 0.6039434 -0.3622075
v -0.2001274 0.888974 -0.4132229
f 1403 1404 1400
f 1403 1400 1399
v -0.1602643 0.6027997 -0.3685977
v -0.1602643 0.8878303 -0.4196131
f 1405 1406 1404
f 1405 1404 1403
v -0.0318892 0.6015764 -0.3754326
v -0.0318892 0.886607 -0.426448
f 1407 1408 1406
f 1407 1406 1405
f 1386 1385 1408
f 1386 1408 1407
f 1402 1391 1390
f 1402 1390 1399
f 1403 1394 1396
f 1403 1396 1405
f 1399 1390 1394
f 1399 1394 1403
f 1384 1383 1386
f 1384 1386 1387
f 1407 1398 1387
f 1407 1387 1386
f 1405 1396 1398
f 1405 1398 1407
f 1392 1401 1400
f 1392 1400 1389
f 1393 1404 1406
f 1393 1406 1395
f 1389 1400 1404
f 1389 1404 1393
f 1380 1379 1388
f 1380 1388 1385
f 1397 1408 1385
f 1397 1385 1388
f 1395 1406 1408
f 1395 1408 1397
v -0.310915 0.6740885 -0.3054892
v -0.3024548 0.674819 -0.3014075
v -0.3024421 0.8429582 -0.3315238
v -0.3109023 0.8422276 -0.3356054
f 1409 1410 1411
f 1409 1411 1412
v -0.3005449 0.6517487 -0.3005529
v -0.3005322 0.8648927 -0.3387243
v -0.3016996 0.8552552 -0.3349027
v -0.3017123 0.6621134 -0.3003114
f 1413 1414 1415
f 1413 1415 1416
f 1416 1415 1411
f 1416 1411 1410
v -0.308751 0.8640541 -0.3434093
v -0.308751 0.6509063 -0.3052596
v -0.3101725 0.6613828 -0.304393
v -0.3101725 0.8545286 -0.3389627
f 1417 1418 1419
f 1417 1419 1420
f 1420 1419 1409
f 1420 1409 1412
v -0.2975674 0.6384134 -0.3029748
v -0.2975547 0.8765601 -0.3456212
f 1421 1422 1414
f 1421 1414 1413
v -0.3059006 0.8757215 -0.3503062
v -0.3059006 0.637571 -0.3076815
f 1423 1424 1418
f 1423 1418 1417
v -0.2911365 0.6269091 -0.3095835
v -0.2911238 0.8850579 -0.3558099
f 1425 1426 1422
f 1425 1422 1421
v -0.2993426 0.8842194 -0.3604949
v -0.2993426 0.6260667 -0.3142902
f 1427 1428 1424
f 1427 1424 1423
f 1402 1401 1426
f 1402 1426 1425
f 1392 1391 1428
f 1392 1428 1427
f 1424 1421 1413
f 1424 1413 1418
f 1391 1402 1425
f 1391 1425 1428
f 1428 1425 1421
f 1428 1421 1424
f 1418 1413 1416
f 1418 1416 1419
f 1419 1416 1410
f 1419 1410 1409
f 1417 1414 1422
f 1417 1422 1423
f 1423 1422 1426
f 1423 1426 1427
f 1427 1426 1401
f 1427 1401 1392
f 1420 1415 1414
f 1420 1414 1417
f 1412 1411 1415
f 1412 1415 1420
v 0.2022286 0.6023035 -0.3713702
v 0.2022286 0.8873341 -0.4223856
v 0.2487015 0.8897115 -0.4091023
v 0.2487015 0.604681 -0.3580869
f 1429 1430 1431
f 1429 1431 1432
f 1381 1378 1430
f 1381 1430 1429
v 0.2776537 0.8932461 -0.3893539
v 0.2776537 0.6082156 -0.3383385
f 1432 1431 1433
f 1432 1433 1434
v 0.2001274 0.888974 -0.4132229
v 0.2001274 0.6039434 -0.3622075
v 0.2445534 0.6062162 -0.3495092
v 0.2445534 0.8912468 -0.4005246
f 1435 1436 1437
f 1435 1437 1438
v 0.2711139 0.610709 -0.331616
v 0.2711139 0.8932393 -0.3821839
f 1438 1437 1439
f 1438 1439 1440
f 1377 1382 1436
f 1377 1436 1435
f 1434 1439 1437
f 1434 1437 1432
f 1429 1436 1382
f 1429 1382 1381
f 1432 1437 1436
f 1432 1436 1429
f 1440 1433 1431
f 1440 1431 1438
f 1435 1430 1378
f 1435 1378 1377
f 1438 1431 1430
f 1438 1430 1435
v 0.3008099 0.6747631 -0.3017201
v 0.3092701 0.6740325 -0.3058017
v 0.3092574 0.8421717 -0.335918
v 0.3007972 0.8429022 -0.3318363
f 1441 1442 1443
f 1441 1443 1444
v 0.3000548 0.8551993 -0.3352152
v 0.3000675 0.6620574 -0.3006239
f 1445 1446 1441
f 1445 1441 1444
v 0.2987603 0.8648367 -0.3390368
v 0.298773 0.6516928 -0.3008655
f 1447 1448 1446
f 1447 1446 1445
v 0.3069791 0.6508503 -0.3055722
v 0.3069791 0.8639982 -0.3437218
v 0.3085276 0.8544726 -0.3392752
v 0.3085276 0.6613269 -0.3047056
f 1449 1450 1451
f 1449 1451 1452
f 1452 1451 1443
f 1452 1443 1442
v 0.3042557 0.6375151 -0.307994
v 0.3042557 0.8756656 -0.3506188
f 1453 1454 1450
f 1453 1450 1449
v 0.2960368 0.8765041 -0.3459337
v 0.2960495 0.6383575 -0.3032873
f 1455 1456 1448
f 1455 1448 1447
v 0.2993487 0.6260108 -0.3146027
v 0.2993487 0.8841635 -0.3608074
f 1457 1458 1454
f 1457 1454 1453
v 0.2911299 0.885002 -0.3561224
v 0.2911426 0.6268532 -0.309896
f 1459 1460 1456
f 1459 1456 1455
f 1440 1439 1460
f 1440 1460 1459
f 1434 1433 1458
f 1434 1458 1457
f 1456 1453 1449
f 1456 1449 1448
f 1439 1434 1457
f 1439 1457 1460
f 1460 1457 1453
f 1460 1453 1456
f 1446 1452 1442
f 1446 1442 1441
f 1448 1449 1452
f 1448 1452 1446
f 1447 1450 1454
f 1447 1454 1455
f 1455 1454 1458
f 1455 1458 1459
f 1459 1458 1433
f 1459 1433 1440
f 1445 1451 1450
f 1445 1450 1447
f 1444 1443 1451
f 1444 1451 1445
f 1244 1291 1265
f 1244 1265 1241
f 1243 1264 1266
f 1243 1266 1292
f 1324 1359 1346
f 1324 1346 1321
f 1323 1322 1345
f 1323 1345 1360
o SEAT-FABRIC
usemtl SEAT-FABRIC
v -0.28956 0.3965685 0.3556181
v -0.28956 0.4118841 0.3084873
v -0.3048 0.4088035 0.3092554
v -0.3048 0.3965685 0.3556181
f 1461 1462 1463
f 1461 1463 1464
v -0.3140414 0.4060523 0.3099433
v -0.3122173 0.3980547 0.3500351
f 1464 1463 1465
f 1464 1465 1466
v -0.28956 0.3670151 0.3961509
v -0.3071035 0.3765604 0.3874827
f 1467 1461 1464
f 1467 1464 1468
v 0.0 0.2893148 0.4334635
v 0.0 0.3243206 0.4247634
v -0.03302 0.3243206 0.4247634
v -0.0318945 0.289321 0.433515
f 1469 1470 1471
f 1469 1471 1472
v -0.07366 0.3243206 0.4247634
v -0.07366 0.2915082 0.432915
f 1472 1471 1473
f 1472 1473 1474
v -0.11176 0.3243206 0.4225564
v -0.11176 0.2934805 0.4324218
f 1474 1473 1475
f 1474 1475 1476
v -0.13716 0.3243206 0.4247634
v -0.13716 0.2948504 0.4321324
f 1476 1475 1477
f 1476 1477 1478
v -0.16256 0.3243206 0.4227452
v -0.160264 0.2960482 0.4317798
f 1478 1477 1479
f 1478 1479 1480
v -0.1905 0.3243206 0.4247634
v -0.2001256 0.3023468 0.4302579
f 1480 1479 1481
f 1480 1481 1482
v -0.2159 0.3243206 0.4247634
v -0.2159 0.3067631 0.4291006
f 1482 1481 1483
f 1482 1483 1484
v -0.24892 0.3243206 0.4247634
v -0.2445573 0.3148723 0.427126
f 1484 1483 1485
f 1484 1485 1486
v -0.26924 0.3366412 0.4216827
v -0.2711185 0.3327218 0.4226627
f 1486 1485 1487
f 1486 1487 1488
v -0.2911421 0.355367 0.411764
f 1488 1487 1467
f 1488 1467 1489
v -0.2159 0.3670151 0.3961509
v -0.24892 0.3670151 0.3961509
f 1483 1490 1491
f 1483 1491 1485
v -0.26924 0.3670151 0.3961509
f 1485 1491 1492
f 1485 1492 1487
v -0.2794 0.3518281 0.4089168
f 1487 1492 1467
f 1487 1467 1493
v -0.3059517 0.3865644 0.3715504
f 1466 1468 1494
f 1466 1494 1464
v -0.290351 0.361191 0.4039575
f 1468 1489 1495
f 1468 1495 1467
v -0.28956 0.2942296 -0.16466
v -0.28956 0.2602513 -0.1895481
v -0.3048 0.2602513 -0.1895481
v -0.3048 0.2903218 -0.1638919
f 1496 1497 1498
f 1496 1498 1499
v -0.3122173 0.2637466 -0.1870963
v -0.3140414 0.2883977 -0.163204
f 1499 1498 1500
f 1499 1500 1501
v -0.26924 0.2602572 -0.1895246
v -0.26924 0.2166448 -0.205217
v -0.28956 0.2165827 -0.2054655
f 1502 1503 1504
f 1502 1504 1497
v -0.3071035 0.2288385 -0.2032936
f 1497 1504 1505
f 1497 1505 1498
v -0.2159 0.2166448 -0.205217
v -0.2159 0.1668944 -0.204823
v -0.24892 0.1668944 -0.204823
v -0.24892 0.2166448 -0.2022427
f 1506 1507 1508
f 1506 1508 1509
v -0.26924 0.179215 -0.2079037
f 1509 1508 1510
f 1509 1510 1503
v -0.2911421 0.2004053 -0.2079659
f 1503 1510 1511
f 1503 1511 1504
v 0.0 0.1668944 -0.204823
v 0.0 0.1320216 -0.1961032
v -0.0318945 0.1318947 -0.1960714
v -0.03302 0.1668944 -0.204823
f 1512 1513 1514
f 1512 1514 1515
v -0.07366 0.1340927 -0.196621
v -0.07366 0.1668944 -0.2023218
f 1515 1514 1516
f 1515 1516 1517
v -0.11176 0.1360656 -0.1971143
v -0.11176 0.1668944 -0.204823
f 1517 1516 1518
f 1517 1518 1519
v -0.13716 0.1374239 -0.197454
v -0.13716 0.1668944 -0.2021749
f 1519 1518 1520
f 1519 1520 1521
v -0.160264 0.1386327 -0.1977562
v -0.16256 0.1668944 -0.204823
f 1521 1520 1522
f 1521 1522 1523
v -0.2001256 0.1449331 -0.1992785
v -0.1905 0.1668944 -0.204823
f 1523 1522 1524
f 1523 1524 1525
v -0.2159 0.1493619 -0.2003859
f 1525 1524 1526
f 1525 1526 1507
v -0.2445573 0.1574585 -0.2024105
f 1507 1526 1527
f 1507 1527 1508
v -0.2711238 0.1753032 -0.2069256
f 1508 1527 1528
f 1508 1528 1510
v -0.2797381 0.189372 -0.2079335
f 1510 1528 1511
f 1510 1511 1529
v -0.3059517 0.2445449 -0.1964209
f 1505 1500 1498
f 1505 1498 1530
v -0.290351 0.2085002 -0.2066907
f 1511 1505 1504
f 1511 1504 1531
v -0.1520016 0.3318187 0.0877588
v -0.1520016 0.3268905 0.0889911
v -0.14605 0.3254467 0.0832173
v -0.14605 0.330375 0.081985
f 1532 1533 1534
f 1532 1534 1535
v -0.14605 0.323405 0.0750519
v -0.14605 0.3283333 0.0738196
f 1535 1534 1536
f 1535 1536 1537
v -0.1520016 0.3219613 0.069278
v -0.1520016 0.3268895 0.0680457
f 1537 1536 1538
f 1537 1538 1539
v -0.1604184 0.3219613 0.069278
v -0.1604184 0.3268895 0.0680457
f 1539 1538 1540
f 1539 1540 1541
v -0.16637 0.323405 0.0750519
v -0.16637 0.3283333 0.0738196
f 1541 1540 1542
f 1541 1542 1543
v -0.16637 0.3254467 0.0832173
v -0.16637 0.330375 0.081985
f 1543 1542 1544
f 1543 1544 1545
v -0.1604184 0.3268905 0.0889911
v -0.1604184 0.3318187 0.0877588
f 1545 1544 1546
f 1545 1546 1547
f 1547 1546 1533
f 1547 1533 1532
v -0.15621 0.3293541 0.0779023
f 1548 1547 1532
f 1548 1532 1535
f 1535 1537 1539
f 1535 1539 1548
f 1539 1541 1543
f 1539 1543 1548
f 1545 1547 1548
f 1545 1548 1543
v -0.187247 0.3681061 0.1454494
v -0.125173 0.3661582 0.1454494
f 1546 1549 1550
f 1546 1550 1533
v -0.08128 0.3574586 0.1028674
f 1533 1550 1551
f 1533 1551 1534
v -0.08128 0.3424007 0.0426474
f 1534 1551 1552
f 1534 1552 1536
v -0.125173 0.3317533 6.54e-05
f 1536 1552 1553
f 1536 1553 1538
v -0.187247 0.3317533 6.54e-05
f 1538 1553 1554
f 1538 1554 1540
v -0.23114 0.3424007 0.0426474
f 1540 1554 1555
f 1540 1555 1542
v -0.23114 0.3557132 0.1028674
f 1542 1555 1556
f 1542 1556 1544
f 1544 1556 1549
f 1544 1549 1546
v -0.310036 0.3639854 -0.1469321
v -0.3071098 0.3338153 -0.1498272
v -0.3048 0.3567316 -0.1429896
f 1557 1558 1559
v -0.28956 0.3213925 -0.1618165
v -0.28956 0.3590852 -0.1431575
f 1560 1561 1559
f 1560 1559 1558
v 0.0 0.3204441 -0.1638438
v 0.0 0.3583943 -0.1469285
v -0.03302 0.3563177 -0.1469285
v -0.03302 0.3204441 -0.1638438
f 1562 1563 1564
f 1562 1564 1565
v -0.26924 0.5362976 -0.2310786
v -0.26924 0.5461461 -0.2706033
v -0.28956 0.5463776 -0.2707128
v -0.28956 0.5363195 -0.231089
f 1566 1567 1568
f 1566 1568 1569
v -0.3071098 0.5452295 -0.2498284
v -0.3048 0.5363195 -0.231089
f 1569 1568 1570
f 1569 1570 1571
v -0.310036 0.5344702 -0.2275733
f 1570 1572 1571
v -0.2445573 0.2880243 -0.2050529
v -0.24892 0.2921886 -0.1962489
v -0.26924 0.297619 -0.1847684
v -0.2711185 0.2958915 -0.1884206
f 1573 1574 1575
f 1573 1575 1576
v -0.2001256 0.2825036 -0.2167241
v -0.1905 0.2921886 -0.1962489
v -0.2159 0.2921886 -0.1962489
v -0.2159 0.2845022 -0.2126194
f 1577 1578 1579
f 1577 1579 1580
f 1580 1579 1574
f 1580 1574 1573
v -0.160264 0.2797795 -0.2226036
v -0.16256 0.2921886 -0.1962489
f 1581 1582 1578
f 1581 1578 1577
v -0.13716 0.2791995 -0.2237093
v -0.13716 0.2921886 -0.1962489
f 1583 1584 1582
f 1583 1582 1581
v -0.11176 0.2786478 -0.2249962
v -0.11176 0.2921886 -0.1962489
f 1585 1586 1584
f 1585 1584 1583
v -0.07366 0.2777785 -0.226834
v -0.07366 0.2921886 -0.1962489
f 1587 1588 1586
f 1587 1586 1585
v -0.0318945 0.2767624 -0.2288617
v -0.03302 0.2921886 -0.1962489
f 1589 1590 1588
f 1589 1588 1587
v 0.0 0.2768117 -0.2288779
v 0.0 0.2921886 -0.1962489
f 1591 1592 1590
f 1591 1590 1589
f 1592 1562 1565
f 1592 1565 1590
v -0.26924 0.3204441 -0.1638438
f 1575 1593 1560
v -0.2911421 0.3110078 -0.1683436
f 1558 1594 1560
f 1576 1575 1560
f 1576 1560 1594
v -0.24892 0.3204441 -0.1638438
f 1574 1595 1593
f 1574 1593 1575
v -0.2159 0.3204441 -0.1638438
f 1579 1596 1595
f 1579 1595 1574
v -0.24892 0.5479549 -0.3172291
v -0.2445573 0.5428439 -0.3255853
v -0.2711238 0.5461249 -0.306775
v -0.26924 0.547849 -0.3031299
f 1597 1598 1599
f 1597 1599 1600
v -0.2159 0.5479549 -0.3172291
v -0.2159 0.5432934 -0.3350305
f 1601 1602 1598
f 1601 1598 1597
v -0.03302 0.5479549 -0.3172291
v -0.0318945 0.5379429 -0.3524029
v -0.07366 0.5389116 -0.3503548
v -0.07366 0.5479549 -0.3172291
f 1603 1604 1605
f 1603 1605 1606
v 0.0 0.5479549 -0.3172291
v 0.0 0.5379988 -0.3522846
f 1607 1608 1604
f 1607 1604 1603
v -0.1905 0.5479549 -0.3172291
v -0.2001256 0.5424895 -0.3397003
f 1609 1610 1602
f 1609 1602 1601
v -0.16256 0.5479549 -0.3172291
v -0.160264 0.5409127 -0.3461244
f 1611 1612 1610
f 1611 1610 1609
v -0.13716 0.5479549 -0.3172291
v -0.13716 0.5403799 -0.3472508
f 1613 1614 1612
f 1613 1612 1611
v -0.11176 0.5479549 -0.3172291
v -0.11176 0.5397812 -0.3485165
f 1615 1616 1614
f 1615 1614 1613
f 1606 1605 1616
f 1606 1616 1615
v -0.24892 0.5461461 -0.2706033
f 1617 1597 1600
f 1617 1600 1567
v -0.2159 0.5461461 -0.2706033
f 1618 1601 1597
f 1618 1597 1617
v -0.2911421 0.5497533 -0.2812729
f 1567 1600 1619
f 1567 1619 1568
f 1619 1570 1568
f 1600 1599 1619
v -0.1604184 0.4541105 -0.2073739
v -0.1719915 0.489631 -0.1976227
v -0.19431 0.4694557 -0.1880796
v -0.16637 0.4487305 -0.2048291
f 1620 1621 1622
f 1620 1622 1623
v -0.16637 0.4411219 -0.2012302
v -0.19431 0.4409235 -0.1745835
v -0.1719915 0.4207482 -0.1650404
v -0.1604184 0.4357418 -0.1986853
f 1624 1625 1626
f 1624 1626 1627
f 1623 1622 1625
f 1623 1625 1624
v -0.1520016 0.4541105 -0.2073739
v -0.1404285 0.489631 -0.1976227
f 1628 1629 1621
f 1628 1621 1620
v -0.1404285 0.4207482 -0.1650404
v -0.1520016 0.4357418 -0.1986853
f 1627 1626 1630
f 1627 1630 1631
v 0.0 0.3848641 -0.1416569
v -0.03302 0.3832699 -0.1418899
f 1563 1632 1633
f 1563 1633 1564
v -0.3048 0.3832699 -0.1450649
v -0.3111784 0.3821156 -0.1475053
f 1559 1634 1635
f 1559 1635 1557
v -0.28956 0.3832699 -0.1418899
f 1561 1636 1634
f 1561 1634 1559
v -0.11811 0.4409235 -0.1745835
v -0.14605 0.4411219 -0.2012302
f 1631 1630 1637
f 1631 1637 1638
v -0.14605 0.4487305 -0.2048291
v -0.11811 0.4694557 -0.1880796
f 1639 1640 1629
f 1639 1629 1628
f 1638 1637 1640
f 1638 1640 1639
v -0.14605 0.4509026 -0.2002369
v -0.1520016 0.4562827 -0.2027817
f 1641 1639 1628
f 1641 1628 1642
v -0.1604184 0.4562827 -0.2027817
f 1642 1628 1620
f 1642 1620 1643
v -0.16637 0.4509026 -0.2002369
f 1643 1620 1623
f 1643 1623 1644
v -0.1520016 0.4379139 -0.1940931
v -0.14605 0.443294 -0.196638
f 1645 1631 1638
f 1645 1638 1646
v -0.16637 0.443294 -0.196638
v -0.1604184 0.4379139 -0.1940931
f 1647 1624 1627
f 1647 1627 1648
f 1648 1627 1631
f 1648 1631 1645
f 1646 1638 1639
f 1646 1639 1641
f 1644 1623 1624
f 1644 1624 1647
v -0.15621 0.4470983 -0.1984374
f 1646 1641 1642
f 1646 1642 1649
f 1642 1643 1644
f 1642 1644 1649
f 1647 1648 1649
f 1647 1649 1644
f 1649 1648 1645
f 1649 1645 1646
v -0.28956 0.5177504 -0.2079732
v -0.3048 0.5177504 -0.2079732
f 1650 1569 1571
f 1650 1571 1651
v -0.310036 0.5344236 -0.2275513
v -0.3111784 0.5165961 -0.2104136
f 1651 1571 1652
f 1651 1652 1653
v -0.1604184 0.7465877 -0.3336525
v -0.1730113 0.7197486 -0.3098831
v -0.1391547 0.7197486 -0.3098831
v -0.1520016 0.7465877 -0.3336525
f 1654 1655 1656
f 1654 1656 1657
v -0.1520016 0.7665898 -0.3372325
v -0.1391547 0.8002072 -0.3242837
v -0.1730113 0.8002072 -0.3242837
v -0.1604184 0.7665898 -0.3372325
f 1658 1659 1660
f 1658 1660 1661
v -0.16637 0.7607313 -0.3361839
v -0.1969516 0.7766414 -0.3200659
v -0.1969516 0.7433144 -0.3141009
v -0.16637 0.7524461 -0.334701
f 1662 1663 1664
f 1662 1664 1665
f 1665 1664 1655
f 1665 1655 1654
f 1661 1660 1663
f 1661 1663 1662
v -0.15621 0.7574837 -0.3304419
v -0.1604184 0.7474827 -0.3286519
v -0.1520016 0.7474827 -0.3286519
v -0.14605 0.7533412 -0.3297005
f 1666 1667 1668
f 1666 1668 1669
v -0.16637 0.7533412 -0.3297005
v -0.16637 0.7616263 -0.3311834
f 1670 1667 1666
f 1670 1666 1671
v -0.14605 0.7616263 -0.3311834
v -0.1520016 0.7674848 -0.332232
f 1669 1672 1673
f 1669 1673 1666
f 1671 1662 1665
f 1671 1665 1670
v -0.14605 0.7524461 -0.334701
v -0.14605 0.7607313 -0.3361839
f 1669 1674 1675
f 1669 1675 1672
v -0.1152144 0.7433144 -0.3141009
v -0.1152144 0.7766414 -0.3200659
f 1674 1676 1677
f 1674 1677 1675
f 1657 1656 1676
f 1657 1676 1674
f 1670 1665 1654
f 1670 1654 1667
f 1667 1654 1657
f 1667 1657 1668
f 1668 1657 1674
f 1668 1674 1669
f 1675 1677 1659
f 1675 1659 1658
v -0.1604184 0.7674848 -0.332232
f 1673 1678 1671
f 1673 1671 1666
f 1678 1661 1662
f 1678 1662 1671
f 1673 1658 1661
f 1673 1661 1678
f 1672 1675 1658
f 1672 1658 1673
v 0.0 0.6015764 -0.3754326
v 0.0 0.6092958 -0.3323029
v -0.03175 0.6092958 -0.3323029
v -0.03175 0.6015764 -0.3754326
f 1679 1680 1681
f 1679 1681 1682
v -0.16002 0.6092958 -0.3323029
v -0.16002 0.6026952 -0.3691819
f 1682 1681 1683
f 1682 1683 1684
v -0.200025 0.6092958 -0.3323029
v -0.200025 0.6039258 -0.3623062
f 1684 1683 1685
f 1684 1685 1686
v -0.244475 0.6092958 -0.3323029
v -0.244475 0.6061633 -0.3498048
f 1686 1685 1687
f 1686 1687 1688
v 0.0 0.6270092 -0.3090246
v -0.03175 0.6270092 -0.3090246
f 1680 1689 1690
f 1680 1690 1681
v -0.16002 0.6270092 -0.3090246
f 1681 1690 1691
f 1681 1691 1683
v -0.200025 0.6270092 -0.3090246
f 1683 1691 1692
f 1683 1692 1685
v -0.244475 0.6270092 -0.3090246
f 1685 1692 1693
f 1685 1693 1687
v -0.244475 0.6390897 -0.3028006
v -0.271145 0.6390897 -0.3028006
v -0.271145 0.6270092 -0.3090246
f 1693 1694 1695
f 1693 1695 1696
v -0.2911094 0.6391098 -0.3022093
v -0.2911094 0.6276342 -0.3091365
f 1696 1695 1697
f 1696 1697 1698
v -0.244475 0.6520552 -0.2988403
v -0.271145 0.6520552 -0.2988403
f 1694 1699 1700
f 1694 1700 1695
v -0.2911094 0.6523817 -0.2985119
f 1695 1700 1701
f 1695 1701 1697
v 0.0 0.8943264 -0.3833183
v 0.0 0.886607 -0.426448
v -0.03175 0.886607 -0.426448
v -0.03175 0.8943264 -0.3833183
f 1702 1703 1704
f 1702 1704 1705
v -0.16002 0.8877257 -0.4201973
v -0.16002 0.8943264 -0.3833183
f 1705 1704 1706
f 1705 1706 1707
v -0.200025 0.8889564 -0.4133216
v -0.200025 0.8943264 -0.3833183
f 1707 1706 1708
f 1707 1708 1709
v -0.244475 0.8911939 -0.4008202
v -0.244475 0.8943264 -0.3833183
f 1709 1708 1710
f 1709 1710 1711
v -0.271145 0.8930763 -0.3830946
v -0.271145 0.8931881 -0.3824695
f 1711 1710 1712
f 1711 1712 1713
v -0.271145 0.6106578 -0.3319016
v -0.271145 0.610546 -0.3325267
f 1687 1714 1715
f 1687 1715 1688
f 1714 1687 1693
f 1714 1693 1696
v -0.244475 0.6625586 -0.2978241
v -0.271145 0.6625586 -0.2978241
f 1699 1716 1717
f 1699 1717 1700
v -0.271145 0.6748471 -0.2976464
v -0.244475 0.6748471 -0.2976464
f 1718 1717 1716
f 1718 1716 1719
f 1715 1714 1696
f 1715 1696 1698
v -0.16002 0.8863001 -0.3560781
v -0.191135 0.8943264 -0.3833183
v -0.191135 0.8863001 -0.3560781
f 1720 1707 1721
f 1720 1721 1722
v -0.244475 0.8863001 -0.3560781
v -0.271145 0.88505 -0.3558544
f 1723 1711 1713
f 1723 1713 1724
v -0.2911094 0.8849249 -0.355832
f 1713 1712 1725
f 1713 1725 1724
v -0.16002 0.8777534 -0.3461623
v -0.191135 0.8777534 -0.3461623
f 1726 1720 1722
f 1726 1722 1727
v -0.244475 0.8777534 -0.3461623
v -0.271145 0.8765033 -0.3459385
f 1728 1723 1724
f 1728 1724 1729
v -0.2911094 0.8763783 -0.3459161
f 1729 1724 1725
f 1729 1725 1730
v -0.16002 0.8664242 -0.3373761
v -0.191135 0.8664242 -0.3373761
f 1731 1726 1727
f 1731 1727 1732
v -0.244475 0.8661471 -0.3389242
v -0.271145 0.8648969 -0.3387005
f 1733 1728 1729
f 1733 1729 1734
v -0.2911094 0.8647719 -0.3386781
f 1734 1729 1730
f 1734 1730 1735
v -0.244475 0.856274 -0.3328148
v -0.271145 0.8550239 -0.3325911
f 1736 1733 1734
f 1736 1734 1737
v -0.2911094 0.8550027 -0.3319885
f 1737 1734 1735
f 1737 1735 1738
v -0.1531191 0.8566574 -0.330673
v -0.1842341 0.8566574 -0.330673
f 1739 1731 1732
f 1739 1732 1740
v -0.16002 0.8453033 -0.3256299
v -0.191135 0.8453033 -0.3256299
f 1741 1739 1740
f 1741 1740 1742
v -0.244475 0.8450433 -0.3270822
v -0.271145 0.8437932 -0.3268584
f 1743 1736 1737
f 1743 1737 1744
v -0.2911094 0.8433502 -0.3286127
f 1744 1737 1738
f 1744 1738 1745
v -0.2911094 0.6631836 -0.2979359
f 1701 1700 1717
f 1701 1717 1746
v -0.2911094 0.6753475 -0.2984549
f 1746 1717 1718
f 1746 1718 1747
v -0.2975864 0.6391121 -0.3026756
f 1698 1697 1748
v -0.2975864 0.6517715 -0.3004258
v -0.3005836 0.6523518 -0.3007877
f 1748 1749 1750
f 1748 1697 1701
f 1748 1701 1749
v -0.2975864 0.66222 -0.2997155
f 1749 1701 1746
f 1749 1746 1751
v -0.2975864 0.6742082 -0.3012161
f 1751 1746 1747
f 1751 1747 1752
v -0.3005836 0.6747885 -0.301578
v -0.3005836 0.6628004 -0.3000774
f 1752 1753 1754
f 1752 1754 1751
f 1751 1754 1750
f 1751 1750 1749
v -0.3019846 0.6728026 -0.301861
f 1755 1750 1754
f 1755 1754 1753
v -0.2975864 0.8764006 -0.3457911
f 1725 1730 1756
v -0.2975864 0.8647943 -0.3385531
v -0.3005836 0.8641245 -0.3386912
f 1756 1757 1758
v -0.3005836 0.853834 -0.3349141
v -0.3016504 0.8438508 -0.3330241
v -0.3005836 0.8421814 -0.3315383
f 1759 1758 1760
f 1759 1760 1761
v -0.2975864 0.8545038 -0.334776
f 1758 1759 1762
f 1758 1762 1757
f 1757 1762 1738
f 1757 1738 1735
f 1757 1735 1730
f 1757 1730 1756
v -0.2975864 0.8428513 -0.3314002
f 1738 1762 1763
f 1738 1763 1745
f 1762 1759 1761
f 1762 1761 1763
v -0.3023189 0.8321648 -0.3298355
f 1761 1760 1764
v -0.3023189 0.684774 -0.3034552
f 1753 1755 1765
f 1761 1764 1765
f 1761 1765 1753
v -0.39878 0.5051455 0.2053
v -0.39878 0.5105138 0.2024822
v -0.4069999 0.5102052 0.1990881
v -0.408305 0.5048005 0.2015056
f 1766 1767 1768
f 1766 1768 1769
v -0.4133005 0.5096384 0.1928534
v -0.41529 0.5041682 0.1945493
f 1769 1768 1770
f 1769 1770 1771
v -0.4167798 0.5088841 0.1845563
v -0.4191 0.5033058 0.1850634
f 1771 1770 1772
f 1771 1772 1773
v -0.39878 0.5143951 0.1978246
v -0.4045883 0.5141538 0.1951701
f 1767 1774 1775
f 1767 1775 1768
v -0.4096243 0.5137082 0.1902686
f 1768 1775 1776
f 1768 1776 1770
v -0.4124928 0.5131536 0.1841682
f 1770 1776 1777
f 1770 1777 1772
v -0.39878 0.5161986 0.1920362
v -0.4014374 0.5160451 0.190348
f 1774 1778 1779
f 1774 1779 1775
v -0.4048212 0.5157579 0.1871885
f 1775 1779 1780
f 1775 1780 1776
v -0.4068914 0.5154642 0.1839581
f 1776 1780 1781
f 1776 1781 1777
v -0.39878 0.4794065 0.2053102
v -0.39878 0.4851949 0.2071137
v -0.408305 0.48485 0.2033193
v -0.4069999 0.479098 0.2019161
f 1782 1783 1784
f 1782 1784 1785
v -0.41529 0.4842176 0.196363
v -0.4133005 0.4785312 0.1956813
f 1785 1784 1786
f 1785 1786 1787
v -0.4191 0.4833552 0.1868771
v -0.4167798 0.4777769 0.1873842
f 1787 1786 1788
f 1787 1788 1789
v -0.4124928 0.4735074 0.1877724
v -0.4096243 0.474062 0.1938728
f 1789 1790 1791
f 1789 1791 1787
v -0.4045883 0.4745076 0.1987743
f 1787 1791 1792
f 1787 1792 1785
v -0.39878 0.4747489 0.2014288
f 1785 1792 1793
f 1785 1793 1782
v -0.39878 0.4719312 0.1960606
v -0.4014374 0.4717777 0.1943723
f 1794 1793 1792
f 1794 1792 1795
v -0.4048212 0.4714905 0.1912129
f 1795 1792 1791
f 1795 1791 1796
v -0.4068914 0.4711968 0.1879824
f 1796 1791 1790
f 1796 1790 1797
f 1783 1766 1769
f 1783 1769 1784
f 1784 1769 1771
f 1784 1771 1786
f 1786 1771 1773
f 1786 1773 1788
v -0.40894 0.472951 -0.1488396
v -0.40894 0.4530004 -0.1470259
v -0.418465 0.4533453 -0.1432316
v -0.418465 0.4732959 -0.1450453
f 1798 1799 1800
f 1798 1800 1801
v -0.42545 0.4540352 -0.1356429
v -0.42545 0.4739858 -0.1374566
f 1801 1800 1802
f 1801 1802 1803
v -0.40894 0.4787394 -0.1470361
v -0.4171004 0.4790441 -0.1436837
f 1798 1804 1805
f 1798 1805 1801
v -0.423474 0.4796742 -0.1367527
f 1805 1801 1803
f 1805 1803 1806
v -0.40894 0.483397 -0.1431548
v -0.4145788 0.4836275 -0.140619
f 1804 1807 1808
f 1804 1808 1805
v -0.4198229 0.4841471 -0.1349032
f 1808 1805 1806
f 1808 1806 1809
v -0.40894 0.4862147 -0.1377865
v -0.4112843 0.4863483 -0.1363176
f 1807 1810 1811
f 1807 1811 1808
v -0.4150525 0.4867235 -0.1321897
f 1811 1808 1809
f 1811 1809 1812
v -0.40894 0.4476321 -0.1442082
v -0.4171004 0.4479369 -0.1408558
f 1799 1813 1814
f 1799 1814 1800
v -0.423474 0.448567 -0.1339248
f 1800 1814 1815
f 1800 1815 1802
v -0.4198229 0.4445009 -0.131299
v -0.4145788 0.4439813 -0.1370148
f 1816 1815 1814
f 1816 1814 1817
v -0.40894 0.4437508 -0.1395506
f 1817 1814 1813
f 1817 1813 1818
v -0.40894 0.4419473 -0.1337622
v -0.4112843 0.4420808 -0.1322933
f 1818 1819 1820
f 1818 1820 1817
v -0.4150525 0.4424561 -0.1281654
f 1817 1820 1821
f 1817 1821 1816
v -0.4226528 0.4846385 -0.1294983
v -0.4170514 0.4869491 -0.1297084
f 1812 1809 1822
f 1812 1822 1823
v -0.4269398 0.480369 -0.1291102
f 1809 1806 1824
f 1809 1824 1822
v -0.42926 0.4747907 -0.1286031
f 1824 1806 1803
f 1824 1803 1825
v -0.42926 0.4548401 -0.1267894
f 1803 1825 1826
f 1803 1826 1802
v -0.4269398 0.4492617 -0.1262823
f 1826 1802 1815
f 1826 1815 1827
v -0.4226528 0.4449923 -0.1258941
f 1827 1815 1816
f 1827 1816 1828
v -0.4170514 0.4426816 -0.1256841
f 1828 1816 1821
f 1828 1821 1829
f 1781 1823 1822
f 1781 1822 1777
f 1777 1822 1824
f 1777 1824 1772
f 1772 1824 1825
f 1772 1825 1773
f 1773 1825 1826
f 1773 1826 1788
f 1788 1826 1827
f 1788 1827 1789
f 1789 1827 1828
f 1789 1828 1790
f 1790 1828 1829
f 1790 1829 1797
v -0.3746157 0.4419493 -0.1337401
v -0.3746157 0.4719292 0.1960385
f 1797 1829 1830
f 1797 1830 1831
v -0.2771172 0.3592169 -0.0874907
v -0.2827186 0.3569063 -0.0872806
v -0.2827186 0.3570787 -0.0923973
v -0.2771172 0.3593894 -0.0926073
f 1832 1833 1834
f 1832 1834 1835
v -0.2827186 0.358516 -0.0976289
v -0.2771172 0.3608266 -0.0978389
f 1835 1834 1836
f 1835 1836 1837
v -0.2827186 0.3624828 -0.1030904
v -0.2771172 0.3647934 -0.1033005
f 1837 1836 1838
f 1837 1838 1839
v -0.2827186 0.3748432 -0.114416
v -0.2771172 0.3767019 -0.1138791
f 1839 1838 1840
f 1839 1840 1841
v -0.3021164 0.3569063 -0.0872806
v -0.3021164 0.3570787 -0.0923973
f 1833 1842 1843
f 1833 1843 1834
v -0.3021164 0.358516 -0.0976289
f 1834 1843 1844
f 1834 1844 1836
v -0.3021164 0.3624828 -0.1030904
f 1836 1844 1845
f 1836 1845 1838
v -0.3021164 0.3748432 -0.114416
f 1838 1845 1846
f 1838 1846 1840
v -0.307463 0.3591118 -0.0874811
v -0.307463 0.3592843 -0.0925978
f 1842 1847 1848
f 1842 1848 1843
v -0.307463 0.3607215 -0.0978294
f 1843 1848 1849
f 1843 1849 1844
v -0.307463 0.3646884 -0.1032909
f 1844 1849 1850
f 1844 1850 1845
v -0.307463 0.3765968 -0.1138696
f 1845 1850 1851
f 1845 1851 1846
v -0.2795557 0.439326 -0.1436839
v -0.2842861 0.43768 -0.1456332
f 1852 1841 1840
f 1852 1840 1853
v -0.3040323 0.43768 -0.1456332
f 1853 1840 1846
f 1853 1846 1854
v -0.3097273 0.439318 -0.1436832
f 1854 1846 1851
f 1854 1851 1855
v -0.307463 0.4044716 0.1940484
v -0.307463 0.399125 0.1843325
v -0.3021164 0.3969195 0.184533
v -0.3021164 0.402266 0.1942489
f 1856 1857 1858
f 1856 1858 1859
v -0.2827186 0.3969195 0.184533
v -0.2827186 0.402266 0.1942489
f 1859 1858 1860
f 1859 1860 1861
v -0.2771172 0.3992301 0.184323
v -0.2771172 0.4045767 0.1940388
f 1861 1860 1862
f 1861 1862 1863
v -0.3021164 0.4058879 0.1990206
v -0.307463 0.4080935 0.1988201
f 1856 1859 1864
f 1856 1864 1865
v -0.3021164 0.416926 0.208219
v -0.307463 0.4191316 0.2080185
f 1865 1864 1866
f 1865 1866 1867
v -0.3021164 0.4300338 0.2121283
v -0.307463 0.4309858 0.2110987
f 1867 1866 1868
f 1867 1868 1869
v -0.2827186 0.4058879 0.1990206
f 1859 1861 1870
f 1859 1870 1864
v -0.2827186 0.416926 0.208219
f 1864 1870 1871
f 1864 1871 1866
v -0.2827186 0.4300338 0.2121283
f 1866 1871 1872
f 1866 1872 1868
v -0.2771172 0.4081985 0.1988105
f 1861 1863 1873
f 1861 1873 1870
v -0.2771172 0.4192367 0.2080089
f 1870 1873 1874
f 1870 1874 1871
v -0.2771172 0.4310909 0.2110892
f 1871 1874 1875
f 1871 1875 1872
f 1857 1847 1842
f 1857 1842 1858
f 1858 1842 1833
f 1858 1833 1860
f 1860 1833 1832
f 1860 1832 1862
v -0.281178 0.4552882 -0.1408577
v -0.281178 0.4864479 0.2018988
f 1862 1832 1876
f 1862 1876 1877
v -0.2838093 0.4540684 -0.1445726
f 1876 1841 1852
f 1876 1852 1878
v -0.2838093 0.485803 0.2045079
f 1877 1874 1875
f 1877 1875 1879
v -0.3746157 0.5161966 0.1920141
v -0.3746157 0.5143931 0.1978025
f 1880 1778 1774
f 1880 1774 1881
v -0.3746157 0.5117765 0.2023452
f 1881 1774 1767
f 1881 1767 1882
v -0.3746157 0.5064083 0.2051629
f 1882 1767 1766
f 1882 1766 1883
v -0.3746157 0.4864577 0.2069766
f 1883 1766 1783
f 1883 1783 1884
v -0.3746157 0.4806693 0.2051731
f 1884 1783 1782
f 1884 1782 1885
v -0.3746157 0.4747469 0.2014067
f 1885 1782 1793
f 1885 1793 1886
f 1886 1793 1794
f 1886 1794 1831
v -0.2903097 0.4976167 0.203434
v -0.2948397 0.4945457 0.2060428
v -0.2890672 0.4840895 0.2069934
f 1879 1887 1888
f 1879 1888 1889
v -0.3105275 0.4831833 0.2070758
v -0.3072753 0.4774283 0.207599
f 1889 1888 1890
f 1889 1890 1891
v -0.3148515 0.479851 0.205155
v -0.312294 0.4753917 0.2055604
f 1891 1890 1892
f 1891 1892 1893
v -0.3158963 0.4892252 0.2065265
v -0.3193191 0.4849342 0.2046929
f 1892 1890 1894
f 1892 1894 1895
v -0.3223445 0.491954 0.2062785
v -0.3244326 0.4868517 0.2045185
f 1895 1894 1896
f 1895 1896 1897
v -0.3034781 0.5040658 0.2051774
f 1890 1888 1898
f 1890 1898 1894
v -0.3154036 0.5084732 0.2047767
f 1894 1898 1899
f 1894 1899 1896
v -0.35306 0.5072789 0.2048853
v -0.35306 0.4917551 0.2062965
f 1896 1899 1900
f 1896 1900 1901
v -0.2998922 0.5081412 0.2024772
f 1888 1887 1902
f 1888 1902 1898
v -0.313216 0.5133985 0.2019992
f 1898 1902 1903
f 1898 1903 1899
v -0.35306 0.5126472 0.2020675
f 1899 1903 1904
f 1899 1904 1900
v -0.35306 0.4862299 0.2045751
f 1897 1896 1901
f 1897 1901 1905
f 1875 1879 1889
f 1875 1889 1872
f 1872 1889 1891
f 1872 1891 1868
f 1868 1891 1893
f 1868 1893 1869
v -0.35306 0.4809126 -0.1470129
v -0.313216 0.4816639 -0.1470812
v -0.3154036 0.4763185 -0.148925
v -0.35306 0.4751242 -0.1488165
f 1906 1907 1908
f 1906 1908 1909
v -0.3223445 0.4597993 -0.1474233
v -0.35306 0.4596004 -0.1474052
f 1909 1908 1910
f 1909 1910 1911
v -0.35306 0.4544763 -0.1447156
v -0.3244326 0.455098 -0.1447721
f 1912 1911 1910
f 1912 1910 1913
v -0.3193191 0.4531805 -0.1445978
v -0.3158963 0.4570705 -0.1471752
f 1910 1913 1914
f 1910 1914 1915
v -0.3105275 0.4510286 -0.1466259
v -0.3148515 0.4480973 -0.1441357
f 1914 1915 1916
f 1914 1916 1917
v -0.3072753 0.4452736 -0.1461028
v -0.312294 0.443638 -0.1437303
f 1917 1916 1918
f 1917 1918 1919
f 1919 1918 1854
f 1919 1854 1855
v -0.2890672 0.4519348 -0.1467083
f 1853 1854 1918
f 1853 1918 1920
v -0.2948397 0.462391 -0.1476589
f 1920 1918 1916
f 1920 1916 1921
v -0.3034781 0.4719111 -0.1485244
f 1921 1916 1915
f 1921 1915 1922
f 1922 1915 1910
f 1922 1910 1908
v -0.2998922 0.4764066 -0.1466033
f 1908 1907 1923
f 1908 1923 1922
v -0.2903097 0.4658821 -0.1456465
f 1922 1923 1924
f 1922 1924 1921
f 1921 1924 1878
f 1921 1878 1920
f 1920 1878 1852
f 1920 1852 1853
v -0.3746157 0.4862167 -0.1377644
v -0.3746157 0.483399 -0.1431327
f 1810 1925 1926
f 1810 1926 1807
v -0.3746157 0.4800062 -0.147129
f 1807 1926 1927
f 1807 1927 1804
v -0.3746157 0.4742178 -0.1489325
f 1804 1927 1928
f 1804 1928 1798
v -0.3746157 0.4542672 -0.1471188
f 1798 1928 1929
f 1798 1929 1799
v -0.3746157 0.4488989 -0.1443011
f 1799 1929 1930
f 1799 1930 1813
v -0.3746157 0.4437528 -0.1395285
f 1813 1930 1931
f 1813 1931 1818
f 1818 1931 1830
f 1818 1830 1819
f 1927 1906 1909
f 1927 1909 1928
f 1927 1926 1925
f 1927 1925 1906
v -0.3116994 0.4856843 -0.143621
f 1906 1925 1932
f 1906 1932 1907
v -0.2976961 0.4799078 -0.1430959
f 1907 1932 1933
f 1907 1933 1923
v -0.2869784 0.4692341 -0.1421255
f 1923 1933 1934
f 1923 1934 1924
f 1924 1934 1876
f 1924 1876 1878
f 1928 1909 1911
f 1928 1911 1929
f 1929 1911 1912
f 1929 1912 1930
f 1876 1832 1835
f 1876 1835 1837
f 1876 1837 1839
f 1876 1839 1841
v -0.3123779 0.4743517 0.2029985
f 1893 1935 1867
f 1893 1867 1869
v -0.3123692 0.4743307 0.2030004
f 1865 1867 1936
f 1865 1936 1856
v -0.3123692 0.4741955 0.2030127
f 1856 1937 1857
v -0.3123692 0.4430561 -0.141021
f 1857 1937 1938
f 1857 1938 1847
v -0.3146894 0.4799091 0.2024933
v -0.3146894 0.4486344 -0.1415281
f 1937 1939 1940
f 1937 1940 1938
v -0.3189764 0.4841786 0.2021051
v -0.3189764 0.4529039 -0.1419162
f 1940 1939 1941
f 1940 1941 1942
v -0.3245778 0.4864892 0.2018951
v -0.3245778 0.4552145 -0.1421263
f 1942 1941 1943
f 1942 1943 1944
v -0.35306 0.4859499 0.2019441
v -0.35306 0.4546752 -0.1420773
f 1944 1943 1945
f 1944 1945 1946
f 1897 1943 1941
f 1897 1941 1895
f 1895 1941 1939
f 1895 1939 1892
f 1892 1939 1936
f 1892 1936 1893
v -0.2976961 0.5110674 0.1996607
v -0.3116994 0.516844 0.1991355
f 1902 1947 1948
f 1902 1948 1903
f 1884 1901 1900
f 1884 1900 1883
f 1883 1900 1904
f 1883 1904 1882
f 1882 1904 1880
f 1882 1880 1881
f 1880 1904 1903
f 1880 1903 1948
v -0.2869784 0.5003938 0.200631
f 1947 1902 1887
f 1947 1887 1949
f 1949 1887 1879
f 1949 1879 1877
f 1885 1905 1901
f 1885 1901 1884
v -0.3245141 0.4868862 0.2045154
f 1905 1945 1943
f 1905 1943 1950
v -0.35306 0.4551351 -0.1370181
v -0.3606881 0.4783531 0.2026347
v -0.3606881 0.4475384 -0.1363275
f 1951 1945 1952
f 1951 1952 1953
f 1823 1781 1780
f 1823 1780 1812
f 1812 1780 1779
f 1812 1779 1811
f 1811 1779 1778
f 1811 1778 1810
f 1810 1778 1880
f 1810 1880 1925
f 1925 1880 1948
f 1925 1948 1932
f 1819 1830 1821
f 1819 1821 1820
v -0.3958336 0.4423155 -0.1297121
f 1830 1954 1829
f 1830 1829 1821
f 1914 1942 1944
f 1914 1944 1913
f 1913 1944 1946
f 1913 1946 1912
f 1942 1914 1917
f 1942 1917 1940
f 1940 1917 1919
f 1940 1919 1938
f 1877 1874 1873
f 1877 1873 1863
f 1877 1863 1862
f 1932 1948 1947
f 1932 1947 1933
f 1933 1934 1949
f 1933 1949 1947
f 1949 1877 1876
f 1949 1876 1934
f 1848 1847 1938
f 1848 1938 1849
f 1850 1849 1938
f 1850 1938 1851
f 1851 1938 1919
f 1851 1919 1855
f 1796 1797 1831
f 1796 1831 1795
f 1794 1795 1831
f 1905 1885 1886
f 1905 1886 1945
f 1952 1831 1830
f 1952 1830 1953
f 1945 1886 1831
f 1945 1831 1952
f 1951 1953 1830
f 1951 1830 1912
f 1930 1912 1830
f 1930 1830 1931
v -0.26924 0.3965685 0.3556181
f 1461 1467 1492
f 1461 1492 1955
v -0.24892 0.3965685 0.3556181
f 1955 1492 1491
f 1955 1491 1956
v -0.2159 0.3965685 0.3556181
f 1956 1491 1490
f 1956 1490 1957
v -0.1905 0.3670151 0.3961509
f 1490 1483 1481
f 1490 1481 1958
v -0.16256 0.3670151 0.3948054
f 1958 1481 1479
f 1958 1479 1959
v -0.13716 0.3670151 0.3961509
f 1959 1479 1477
f 1959 1477 1960
v -0.11176 0.3670151 0.3939438
f 1960 1477 1475
f 1960 1475 1961
v -0.07366 0.3670151 0.3961509
f 1961 1475 1473
f 1961 1473 1962
v -0.03302 0.3670151 0.3961509
f 1962 1473 1471
f 1962 1471 1963
v 0.0 0.3670151 0.3961509
f 1963 1471 1470
f 1963 1470 1964
v -0.1905 0.3965685 0.3556181
f 1957 1490 1958
f 1957 1958 1965
v -0.16256 0.3965685 0.3542726
f 1965 1958 1959
f 1965 1959 1966
v -0.13716 0.3965685 0.3556181
f 1966 1959 1960
f 1966 1960 1967
v -0.11176 0.3965685 0.3534111
f 1967 1960 1961
f 1967 1961 1968
v -0.07366 0.3965685 0.3556181
f 1968 1961 1962
f 1968 1962 1969
v -0.03302 0.3965685 0.3556181
f 1969 1962 1963
f 1969 1963 1970
v 0.0 0.3965685 0.3556181
f 1970 1963 1964
f 1970 1964 1971
v -0.26924 0.4118841 0.3084873
f 1462 1461 1955
f 1462 1955 1972
v -0.24892 0.4103438 0.3088713
f 1972 1955 1956
f 1972 1956 1973
v -0.2159 0.4088035 0.3092554
f 1973 1956 1957
f 1973 1957 1974
v -0.1905 0.4068318 0.3092554
f 1974 1957 1965
f 1974 1965 1975
v -0.16256 0.4096733 0.3079098
f 1975 1965 1966
f 1975 1966 1976
v -0.13716 0.4080399 0.3092554
f 1976 1966 1967
f 1976 1967 1977
v -0.11176 0.4088035 0.3070483
f 1977 1967 1968
f 1977 1968 1978
v -0.07366 0.4118841 0.3084873
f 1978 1968 1969
f 1978 1969 1979
v -0.03302 0.4134245 0.3081032
f 1979 1969 1970
f 1979 1970 1980
v 0.0 0.4165052 0.3073351
f 1980 1970 1971
f 1980 1971 1981
v -0.2894254 0.4026097 0.2650497
v -0.3048 0.4012254 0.2661763
f 1463 1462 1982
f 1463 1982 1983
v -0.2894255 0.4026098 0.2650501
v -0.2894254 0.3926187 0.2217907
v -0.3048 0.3905132 0.2230971
f 1983 1984 1985
f 1983 1985 1986
v -0.2894254 0.3825333 0.1785553
v -0.3048 0.3805914 0.180018
f 1986 1985 1987
f 1986 1987 1988
v -0.2894255 0.3825334 0.1785557
v -0.2894254 0.3696985 0.136172
v -0.3048 0.3698792 0.1369389
f 1988 1989 1990
f 1988 1990 1991
v -0.2894254 0.3583184 0.0930929
v -0.3048 0.359167 0.0938598
f 1991 1990 1992
f 1991 1992 1993
v -0.2894255 0.3583185 0.0930933
v -0.2894254 0.3476062 0.0500138
v -0.3048 0.3484548 0.0507807
f 1993 1994 1995
f 1993 1995 1996
v -0.2894254 0.3375204 0.0069347
v -0.3048 0.3377426 0.0077016
f 1996 1995 1997
f 1996 1997 1998
v -0.2894255 0.3375205 0.0069351
v -0.2894254 0.3288878 -0.0368191
v -0.3048 0.3262399 -0.0353775
f 1998 1999 2000
f 1998 2000 2001
v -0.2894254 0.3195827 -0.0802491
v -0.3048 0.3155277 -0.0784566
f 2001 2000 2002
f 2001 2002 2003
v -0.2894255 0.3195828 -0.0802487
v -0.2894254 0.3076142 -0.1230149
v -0.3048 0.3035518 -0.1216432
f 2003 2004 2005
f 2003 2005 2006
v -0.2894255 0.3076143 -0.1230145
v -0.3047997 0.2903219 -0.163892
f 2006 2007 1496
f 2006 1496 2008
v -0.2691054 0.4026097 0.2650497
f 1462 1972 2009
f 1462 2009 1984
v -0.2691055 0.4026098 0.2650501
v -0.2691054 0.3926187 0.2217907
v -0.2894255 0.3926188 0.2217911
f 1984 2010 2011
f 1984 2011 2012
v -0.2691054 0.3825333 0.1785553
f 2012 2011 2013
f 2012 2013 1989
v -0.2691055 0.3825334 0.1785557
v -0.2691054 0.3696858 0.136172
v -0.2894255 0.3696986 0.1361724
f 1989 2014 2015
f 1989 2015 2016
v -0.2691054 0.3583184 0.0930929
f 2016 2015 2017
f 2016 2017 1994
v -0.2691055 0.3583185 0.0930933
v -0.2691054 0.3476062 0.0500138
v -0.2894255 0.3476063 0.0500142
f 1994 2018 2019
f 1994 2019 2020
v -0.2691054 0.336894 0.0069347
f 2020 2019 2021
f 2020 2021 1999
v -0.2691055 0.3368941 0.0069351
v -0.2691054 0.3288878 -0.0368191
v -0.2894255 0.3288879 -0.0368187
f 1999 2022 2023
f 1999 2023 2024
v -0.2691054 0.3195827 -0.0802491
f 2024 2023 2025
f 2024 2025 2004
v -0.2691055 0.3195828 -0.0802487
v -0.2691054 0.3076142 -0.1230149
f 2004 2026 2027
f 2004 2027 2007
v -0.2691055 0.3076143 -0.1230145
v -0.26924 0.2942296 -0.16466
f 2007 2028 2029
f 2007 2029 1496
v -0.26924 0.4118835 0.3084898
v -0.2487854 0.4010694 0.2654337
f 2030 1973 2031
f 2030 2031 2010
v -0.2487855 0.4010695 0.2654341
v -0.2487854 0.3903572 0.2223546
v -0.2691055 0.3926188 0.2217911
f 2010 2032 2033
f 2010 2033 2034
v -0.2487854 0.380232 0.1791291
f 2034 2033 2035
f 2034 2035 2014
v -0.2487855 0.3802321 0.1791295
v -0.2487854 0.3674903 0.136556
v -0.2691055 0.3696859 0.1361724
f 2014 2036 2037
f 2014 2037 2038
v -0.2487854 0.3567781 0.0934769
f 2038 2037 2039
f 2038 2039 2018
v -0.2487855 0.3567782 0.0934773
v -0.2487854 0.3460659 0.0503978
v -0.2691055 0.3476063 0.0500142
f 2018 2040 2041
f 2018 2041 2042
v -0.2487854 0.3353537 0.0073187
f 2042 2041 2043
f 2042 2043 2022
v -0.2487855 0.3353538 0.0073191
v -0.2487854 0.3256156 -0.0360033
v -0.2691055 0.3288879 -0.0368187
f 2022 2044 2045
f 2022 2045 2046
v -0.2487854 0.316527 -0.0794872
f 2046 2045 2047
f 2046 2047 2026
v -0.2487855 0.3165271 -0.0794868
v -0.2487854 0.3050849 -0.1223843
f 2026 2048 2049
f 2026 2049 2028
v -0.2487855 0.305085 -0.1223839
v -0.24892 0.2926893 -0.1625451
f 2028 2050 2051
f 2028 2051 2029
v -0.2157654 0.3980866 0.2661774
f 1973 1974 2052
f 1973 2052 2032
v -0.2157655 0.3980867 0.2661778
v -0.2157654 0.3873744 0.2230983
v -0.2487855 0.3903573 0.222355
f 2032 2053 2054
f 2032 2054 2055
v -0.2157654 0.3766622 0.1800192
f 2055 2054 2056
f 2055 2056 2036
v -0.2157655 0.3766623 0.1800196
v -0.2091935 0.3619096 0.1241584
v -0.2487855 0.3674904 0.1365564
f 2036 2057 2058
f 2036 2058 2059
f 2059 2058 1556
f 2059 1556 2040
v -0.2487855 0.346066 0.0503982
f 2040 1556 1555
f 2040 1555 2060
v -0.2091935 0.337077 0.0213564
f 2060 1555 2061
f 2060 2061 2044
v -0.2157654 0.3231011 -0.0353763
v -0.2487855 0.3256157 -0.0360029
f 2044 2061 2062
f 2044 2062 2063
v -0.2157654 0.3123889 -0.0784555
f 2063 2062 2064
f 2063 2064 2048
v -0.2157655 0.312389 -0.0784551
v -0.2157654 0.3021079 -0.1216421
f 2048 2065 2066
f 2048 2066 2050
v -0.2157655 0.302108 -0.1216417
v -0.2159 0.2911489 -0.1638919
f 2050 2067 2068
f 2050 2068 2051
v -0.1903654 0.3961149 0.2661774
f 1974 1975 2069
f 1974 2069 2053
v -0.1903655 0.396115 0.2661778
v -0.1903654 0.3854027 0.2230983
v -0.2157655 0.3873745 0.2230987
f 2053 2070 2071
f 2053 2071 2072
v -0.1903654 0.3746905 0.1800192
f 2072 2071 2073
f 2072 2073 2057
v -0.1903655 0.3746906 0.1800196
f 2057 2074 1549
f 2057 1549 2058
v -0.1903654 0.3231011 -0.0353763
v -0.2157655 0.3231012 -0.0353759
f 2061 1554 2075
f 2061 2075 2076
v -0.1903654 0.3123889 -0.0784555
f 2076 2075 2077
f 2076 2077 2065
v -0.1903655 0.312389 -0.0784551
v -0.1903654 0.3021079 -0.1216421
f 2065 2078 2079
f 2065 2079 2067
v -0.1903655 0.302108 -0.1216417
v -0.1905 0.2911489 -0.1638919
f 2067 2080 2081
f 2067 2081 2068
v -0.1624254 0.3989564 0.2661774
f 1975 1976 2082
f 1975 2082 2070
v -0.1624255 0.3989565 0.2661778
v -0.1624254 0.3882442 0.2230983
v -0.1903655 0.3854028 0.2230987
f 2070 2083 2084
f 2070 2084 2085
v -0.1624254 0.377532 0.1800192
f 2085 2084 2086
f 2085 2086 2074
v -0.1624255 0.3775321 0.1800196
v -0.15621 0.3671322 0.1454494
f 2074 2087 2088
f 2074 2088 1549
v -0.15621 0.3317533 6.54e-05
v -0.1624254 0.3231011 -0.0353763
v -0.1903655 0.3231012 -0.0353759
f 1554 2089 2090
f 1554 2090 2091
v -0.1624254 0.3123889 -0.0784555
f 2091 2090 2092
f 2091 2092 2078
v -0.1624255 0.312389 -0.0784551
v -0.1624254 0.3021079 -0.1216421
f 2078 2093 2094
f 2078 2094 2080
v -0.1624255 0.302108 -0.1216417
v -0.16256 0.2911489 -0.1638919
f 2080 2095 2096
f 2080 2096 2081
v -0.1370254 0.3973231 0.2661774
f 1976 1977 2097
f 1976 2097 2082
v -0.1370255 0.3973232 0.2661778
v -0.1370254 0.3866109 0.2230983
f 2082 2098 2099
f 2082 2099 2084
v -0.1370254 0.3758986 0.1800192
f 2084 2099 2100
f 2084 2100 2086
v -0.1370255 0.3758987 0.1800196
f 2086 2101 2088
v -0.1370254 0.3206677 -0.0347696
f 2089 1553 2102
f 2089 2102 2090
v -0.1370254 0.3099555 -0.0778487
f 2090 2102 2103
f 2090 2103 2092
v -0.1370255 0.3099556 -0.0778483
v -0.1370254 0.2996745 -0.1210354
f 2092 2104 2105
f 2092 2105 2094
v -0.1370255 0.2996746 -0.121035
v -0.13716 0.2887155 -0.1632852
f 2094 2106 2107
f 2094 2107 2096
v -0.1116254 0.3980866 0.2661774
f 1977 1978 2108
f 1977 2108 2097
v -0.1116255 0.3980867 0.2661778
v -0.1116254 0.3873744 0.2230983
f 2097 2109 2110
f 2097 2110 2099
v -0.1116254 0.3766622 0.1800192
f 2099 2110 2111
f 2099 2111 2100
v -0.1116255 0.3766623 0.1800196
f 2100 2112 1550
f 2100 1550 2088
v -0.1116254 0.3231011 -0.0353763
f 1553 2113 2102
v -0.1116254 0.3123889 -0.0784555
f 2102 2113 2114
f 2102 2114 2103
v -0.1116255 0.312389 -0.0784551
v -0.1116254 0.3021079 -0.1216421
f 2103 2115 2116
f 2103 2116 2105
v -0.1116255 0.302108 -0.1216417
v -0.11176 0.2911489 -0.1638919
f 2105 2117 2118
f 2105 2118 2107
v -0.0735254 0.4026097 0.2650497
f 1978 1979 2119
f 1978 2119 2108
v -0.0735255 0.4026098 0.2650501
v -0.0735254 0.3926187 0.2217907
f 2108 2120 2121
f 2108 2121 2110
v -0.0735254 0.3825333 0.1785553
f 2110 2121 2122
f 2110 2122 2111
v -0.0735255 0.3825334 0.1785557
v -0.1034915 0.3618609 0.1244155
f 2111 2123 2124
f 2111 2124 1550
v -0.0735255 0.3368941 0.0069351
v -0.0735254 0.3288878 -0.0368191
f 1553 2125 2126
f 1553 2126 2113
v -0.0735254 0.3195827 -0.0802491
f 2113 2126 2127
f 2113 2127 2114
v -0.0735255 0.3195828 -0.0802487
v -0.0735254 0.3076142 -0.1230149
f 2114 2128 2129
f 2114 2129 2116
v -0.0735255 0.3076143 -0.1230145
v -0.07366 0.2942296 -0.16466
f 2116 2130 2131
f 2116 2131 2118
v -0.0328854 0.4041501 0.2646656
f 1979 1980 2132
f 1979 2132 2119
v -0.0328855 0.4041502 0.264666
v -0.0328854 0.3941591 0.2214067
f 2119 2133 2134
f 2119 2134 2121
v -0.0328854 0.3840737 0.1781713
f 2121 2134 2135
f 2121 2135 2122
v -0.0328855 0.3840738 0.1781717
v -0.0328854 0.3756479 0.1353526
f 2122 2136 2137
f 2122 2137 2124
v -0.0328854 0.3649357 0.0922735
f 2124 2137 2138
f 2124 2138 1551
v -0.0328855 0.3649358 0.0922739
v -0.0328854 0.3542165 0.0491962
f 1551 2139 2140
f 1551 2140 1552
v -0.0328854 0.3435042 0.0061171
v -0.0735254 0.336894 0.0069347
f 1552 2140 2141
f 1552 2141 2142
v -0.0328855 0.3435043 0.0061175
v -0.0328854 0.3337592 -0.0372032
f 2142 2143 2144
f 2142 2144 2126
v -0.0328854 0.321989 -0.080849
f 2126 2144 2145
f 2126 2145 2127
v -0.0328855 0.3219891 -0.0808486
v -0.0328854 0.3099236 -0.1235908
f 2127 2146 2147
f 2127 2147 2129
v -0.0328855 0.3099237 -0.1235904
v -0.03302 0.29577 -0.1650441
f 2129 2148 2149
f 2129 2149 2131
v 0.0 0.4072182 0.2639006
f 1980 1981 2150
f 1980 2150 2132
v 0.0 0.3972272 0.2206417
f 2132 2150 2151
f 2132 2151 2134
v 0.0 0.3871418 0.1774063
f 2134 2151 2152
f 2134 2152 2135
v 0.0 0.3756738 0.134519
f 2135 2152 2153
f 2135 2153 2137
v 0.0 0.3649616 0.0914399
f 2137 2153 2154
f 2137 2154 2138
v 0.0 0.3542494 0.0483608
f 2138 2154 2155
f 2138 2155 2140
v 0.0 0.3435372 0.0052821
f 2140 2155 2156
f 2140 2156 2141
v 0.0 0.3335099 -0.0379682
f 2141 2156 2157
f 2141 2157 2144
v 0.0 0.3250572 -0.0816136
f 2144 2157 2158
f 2144 2158 2145
v 0.0 0.3129919 -0.1243553
f 2145 2158 2159
f 2145 2159 2147
v 0.0 0.2976462 -0.1655119
f 2147 2159 2160
f 2147 2160 2149
v -0.3140414 0.39534 0.2668642
f 1465 1463 1983
f 1465 1983 2161
v -0.3140414 0.3846278 0.2237851
f 2161 1983 1986
f 2161 1986 2162
v -0.3140414 0.3739156 0.180706
f 2162 1986 1988
f 2162 1988 2163
v -0.3140414 0.3632034 0.1376269
f 2163 1988 1991
f 2163 1991 2164
v -0.3140414 0.3524912 0.0945478
f 2164 1991 1993
f 2164 1993 2165
v -0.3140414 0.341779 0.0514686
f 2165 1993 1996
f 2165 1996 2166
v -0.3140414 0.3310668 0.0083895
f 2166 1996 1998
f 2166 1998 2167
v -0.3140414 0.3203546 -0.0346896
f 2167 1998 2001
f 2167 2001 2168
v -0.3140414 0.3096424 -0.0777687
f 2168 2001 2003
f 2168 2003 2169
v -0.3140414 0.2989302 -0.1208478
f 2169 2003 2006
f 2169 2006 2170
v -0.3140411 0.2883978 -0.163204
f 2170 2006 1499
f 2170 1499 2171
f 1496 1497 1502
f 1496 1502 2029
v -0.24892 0.2602513 -0.1878173
f 2029 1502 2172
f 2029 2172 2051
v -0.2159 0.2602513 -0.1895481
f 2051 2172 2173
f 2051 2173 2068
v -0.1905 0.2602513 -0.1895481
f 2068 2173 2174
f 2068 2174 2081
v -0.16256 0.2602513 -0.1895481
f 2081 2174 2175
f 2081 2175 2096
v -0.13716 0.2602513 -0.1828843
f 2096 2175 2176
f 2096 2176 2107
v -0.11176 0.2602513 -0.1895481
f 2107 2176 2177
f 2107 2177 2118
v -0.07366 0.2602513 -0.1845753
f 2118 2177 2178
f 2118 2178 2131
v -0.03302 0.2602513 -0.1895481
f 2131 2178 2179
f 2131 2179 2149
v 0.0 0.2602513 -0.1895481
f 2149 2179 2180
f 2149 2180 2160
v -0.26924 0.2166389 -0.2052405
f 1502 2181 1509
f 1502 1509 2172
v -0.24892 0.2166389 -0.2022663
f 2172 2182 1506
f 2172 1506 2173
v -0.1905 0.2166448 -0.205217
f 2173 1506 2183
f 2173 2183 2174
v -0.16256 0.2166448 -0.205217
f 2174 2183 2184
f 2174 2184 2175
v -0.13716 0.2166448 -0.2008923
f 2175 2184 2185
f 2175 2185 2176
v -0.11176 0.2166448 -0.205217
f 2176 2185 2186
f 2176 2186 2177
v -0.07366 0.2166448 -0.2010879
f 2177 2186 2187
f 2177 2187 2178
v -0.03302 0.2166448 -0.205217
f 2178 2187 2188
f 2178 2188 2179
v 0.0 0.2166448 -0.205217
f 2179 2188 2189
f 2179 2189 2180
f 1506 1507 1525
f 1506 1525 2183
f 2183 1525 1523
f 2183 1523 2184
f 2184 1523 1521
f 2184 1521 2185
f 2185 1521 1519
f 2185 1519 2186
f 2186 1519 1517
f 2186 1517 2187
f 2187 1517 1515
f 2187 1515 2188
f 2188 1515 1512
f 2188 1512 2189
v -0.1905 0.5461461 -0.2706033
f 2190 1609 1601
f 2190 1601 1618
v -0.16256 0.5461461 -0.2706033
f 2191 1611 1609
f 2191 1609 2190
v -0.13716 0.5461461 -0.2706033
f 2192 1613 1611
f 2192 1611 2191
v -0.11176 0.5461461 -0.2706033
f 2193 1615 1613
f 2193 1613 2192
v -0.07366 0.5461461 -0.2706033
f 2194 1606 1615
f 2194 1615 2193
v -0.03302 0.5461461 -0.2706033
f 2195 1603 1606
f 2195 1606 2194
v 0.0 0.5461461 -0.2706033
f 2196 1607 1603
f 2196 1603 2195
v -0.24892 0.536066 -0.2309691
f 2197 1617 1567
f 2197 1567 1566
v -0.2159 0.5362976 -0.2310786
f 2198 1618 1617
f 2198 1617 2197
v -0.07366 0.5362976 -0.2310786
v -0.11176 0.5362976 -0.2310786
f 2199 2194 2193
f 2199 2193 2200
v -0.03302 0.5362976 -0.2310786
f 2201 2195 2194
f 2201 2194 2199
v 0.0 0.5362976 -0.2310786
f 2202 2196 2195
f 2202 2195 2201
v -0.1905 0.5362976 -0.2310786
f 2203 2190 1618
f 2203 1618 2198
v -0.16256 0.5362976 -0.2310786
f 2204 2191 2190
f 2204 2190 2203
v -0.13716 0.5362976 -0.2310786
f 2205 2192 2191
f 2205 2191 2204
f 2200 2193 2192
f 2200 2192 2205
v -0.26924 0.5177285 -0.2079628
f 2206 1566 1569
f 2206 1569 1650
v -0.24892 0.5187945 -0.2078533
f 2207 2197 1566
f 2207 1566 2206
v -0.2159 0.5214309 -0.2079628
f 2208 2198 2197
f 2208 2197 2207
v -0.1905 0.5215157 -0.2047878
f 2209 2203 2198
f 2209 2198 2208
v -0.16256 0.5215157 -0.2047878
f 2210 2204 2203
f 2210 2203 2209
v -0.13716 0.5190498 -0.2047878
f 2211 2205 2204
f 2211 2204 2210
v -0.11176 0.5190498 -0.2047878
f 2212 2200 2205
f 2212 2205 2211
v -0.07366 0.5190498 -0.2047878
f 2213 2199 2200
f 2213 2200 2212
v -0.03302 0.5177504 -0.2079732
f 2214 2201 2199
f 2214 2199 2213
v 0.0 0.5186823 -0.2059811
f 2215 2202 2201
f 2215 2201 2214
v -0.1905 0.3204441 -0.1638438
f 1596 1579 1578
f 1596 1578 2216
v -0.16256 0.3204441 -0.1638438
f 2216 1578 1582
f 2216 1582 2217
v -0.13716 0.3204441 -0.1638438
f 2217 1582 1584
f 2217 1584 2218
v -0.11176 0.3204441 -0.1638438
f 2218 1584 1586
f 2218 1586 2219
v -0.07366 0.3204441 -0.1638438
f 2219 1586 1588
f 2219 1588 2220
f 2220 1588 1590
f 2220 1590 1565
v -0.26924 0.3563177 -0.1469285
f 1561 1560 1593
f 1561 1593 2221
v -0.24892 0.3563177 -0.1469285
f 2221 1593 1595
f 2221 1595 2222
v -0.2159 0.3563177 -0.1469285
f 2222 1595 1596
f 2222 1596 2223
v -0.1905 0.3563177 -0.1469285
f 2223 1596 2216
f 2223 2216 2224
v -0.16256 0.3563177 -0.1469285
f 2224 2216 2217
f 2224 2217 2225
v -0.13716 0.3563177 -0.1469285
f 2225 2217 2218
f 2225 2218 2226
v -0.11176 0.3563177 -0.1469285
f 2226 2218 2219
f 2226 2219 2227
v -0.07366 0.3563177 -0.1469285
f 2227 2219 2220
f 2227 2220 2228
f 2228 2220 1565
f 2228 1565 1564
v -0.26924 0.3832699 -0.1418899
f 1636 1561 2221
f 1636 2221 2229
v -0.24892 0.3832699 -0.1418899
f 2229 2221 2222
f 2229 2222 2230
v -0.2159 0.3832699 -0.1418899
f 2230 2222 2223
f 2230 2223 2231
v -0.1905 0.3832699 -0.1418899
f 2231 2223 2224
f 2231 2224 2232
v -0.16256 0.3832699 -0.1418899
f 2232 2224 2225
f 2232 2225 2233
v -0.13716 0.3832699 -0.1418899
f 2233 2225 2226
f 2233 2226 2234
v -0.11176 0.3832699 -0.1418899
f 2234 2226 2227
f 2234 2227 2235
v -0.07366 0.3832699 -0.1418899
f 2235 2227 2228
f 2235 2228 2236
f 2236 2228 1564
f 2236 1564 1633
v -0.3111784 0.4953875 -0.2004925
v -0.3048 0.4977368 -0.1954705
f 1651 1653 2237
f 1651 2237 2238
v -0.3111784 0.471675 -0.1894001
v -0.3048 0.4747931 -0.1827346
f 2238 2237 2239
f 2238 2239 2240
v -0.3111784 0.4453041 -0.1770641
v -0.3048 0.4484221 -0.1703986
f 2240 2239 2241
f 2240 2241 2242
v -0.3111784 0.4222691 -0.1662886
v -0.3048 0.4247716 -0.1609391
f 2242 2241 2243
f 2242 2243 2244
v -0.3111784 0.4016582 -0.1566471
v -0.3048 0.4040299 -0.151577
f 2244 2243 2245
f 2244 2245 2246
f 2246 2245 1635
f 2246 1635 1634
v -0.28956 0.4990553 -0.1926518
f 1650 1651 2238
f 1650 2238 2247
v -0.28956 0.4772058 -0.177577
f 2247 2238 2240
f 2247 2240 2248
v -0.28956 0.4508348 -0.165241
f 2248 2240 2242
f 2248 2242 2249
v -0.28956 0.4271702 -0.1558114
f 2249 2242 2244
f 2249 2244 2250
v -0.28956 0.4053885 -0.1486727
f 2250 2244 2246
f 2250 2246 2251
f 2251 2246 1634
f 2251 1634 1636
v -0.26924 0.5000582 -0.1905079
f 2206 1650 2247
f 2206 2247 2252
v -0.26924 0.4786356 -0.1745203
f 2252 2247 2248
f 2252 2248 2253
v -0.26924 0.4522647 -0.1621843
f 2253 2248 2249
f 2253 2249 2254
v -0.26924 0.4284541 -0.1530667
f 2254 2249 2250
f 2254 2250 2255
v -0.26924 0.4057977 -0.1446228
f 2255 2250 2251
f 2255 2251 2256
f 2256 2251 1636
f 2256 1636 2229
v -0.24892 0.5003042 -0.1899821
f 2207 2206 2252
f 2207 2252 2257
v -0.24892 0.4790584 -0.1736166
f 2257 2252 2253
f 2257 2253 2258
v -0.24892 0.4526873 -0.1612808
f 2258 2253 2254
f 2258 2254 2259
v -0.24892 0.4284543 -0.1530664
f 2259 2254 2255
f 2259 2255 2260
v -0.24892 0.4057978 -0.1446227
f 2260 2255 2256
f 2260 2256 2261
f 2261 2256 2229
f 2261 2229 2230
v -0.2159 0.5002781 -0.1900378
f 2208 2207 2257
f 2208 2257 2262
v -0.2159 0.4775958 -0.1767432
f 2262 2257 2258
f 2262 2258 2263
v -0.2159 0.4512248 -0.1644072
f 2263 2258 2259
f 2263 2259 2264
v -0.2159 0.4276649 -0.1547539
f 2264 2259 2260
f 2264 2260 2265
v -0.2159 0.4053286 -0.1456258
f 2265 2260 2261
f 2265 2261 2266
f 2266 2261 2230
f 2266 2230 2231
v -0.1905 0.4983238 -0.1894531
f 2209 2208 2262
f 2209 2262 2267
f 2267 2262 2263
f 2267 2263 1622
f 1622 2263 2264
f 1622 2264 1625
v -0.1905 0.4246445 -0.1612108
f 1625 2264 2265
f 1625 2265 2268
v -0.1905 0.4044057 -0.1475987
f 2268 2265 2266
f 2268 2266 2269
f 2269 2266 2231
f 2269 2231 2232
v -0.16256 0.4979797 -0.1949512
f 2210 2209 2267
f 2210 2267 2270
f 2270 2267 1622
f 2270 1622 1621
v -0.16256 0.4044057 -0.1475987
f 1626 2268 2269
f 1626 2269 2271
f 2271 2269 2232
f 2271 2232 2233
v -0.13716 0.4979797 -0.1949512
f 2211 2210 2270
f 2211 2270 2272
v -0.13716 0.4047932 -0.1467703
f 1630 1626 2271
f 1630 2271 2273
f 2273 2271 2233
f 2273 2233 2234
v -0.11176 0.49822 -0.1944376
f 2212 2211 2272
f 2212 2272 2274
f 2274 2272 1629
f 2274 1629 1640
v -0.11176 0.4252861 -0.159839
v -0.11176 0.4047932 -0.1467703
f 2275 1630 2273
f 2275 2273 2276
f 2276 2273 2234
f 2276 2234 2235
v -0.07366 0.4992066 -0.1923285
f 2213 2212 2274
f 2213 2274 2277
v -0.07366 0.477751 -0.1764115
f 2277 2274 1640
f 2277 1640 2278
v -0.07366 0.4522638 -0.1621862
f 2278 1640 1637
f 2278 1637 2279
v -0.07366 0.428345 -0.1533001
f 2279 1637 2275
f 2279 2275 2280
v -0.07366 0.4054772 -0.1453082
f 2280 2275 2276
f 2280 2276 2281
f 2281 2276 2235
f 2281 2235 2236
v -0.03302 0.4997437 -0.1911802
f 2214 2213 2277
f 2214 2277 2282
v -0.03302 0.4778965 -0.1761005
f 2282 2277 2278
f 2282 2278 2283
v -0.03302 0.4524552 -0.161777
f 2283 2278 2279
f 2283 2279 2284
v -0.03302 0.4284905 -0.152989
f 2284 2279 2280
f 2284 2280 2285
v -0.03302 0.4060144 -0.1441597
f 2285 2280 2281
f 2285 2281 2286
f 2286 2281 2236
f 2286 2236 1633
v 0.0 0.5002532 -0.1900911
f 2215 2214 2282
f 2215 2282 2287
v 0.0 0.4784016 -0.1750206
f 2287 2282 2283
f 2287 2283 2288
v 0.0 0.4529589 -0.1607003
f 2288 2283 2284
f 2288 2284 2289
v 0.0 0.4290057 -0.1518876
f 2289 2284 2285
f 2289 2285 2290
v 0.0 0.4067487 -0.145765
f 2290 2285 2286
f 2290 2286 2291
f 2291 2286 1633
f 2291 1633 1632
f 2272 2270 1621
f 2272 1621 1629
v -0.1831508 0.4308359 -0.169812
f 1626 2292 1625
f 1626 1625 2268
v -0.1292692 0.4308359 -0.169812
f 2275 1637 2293
f 2275 2293 1630
v -0.1032265 0.337077 0.0213564
f 1552 2142 1553
f 1552 1553 2294
v -0.244475 0.6935823 -0.2993687
v -0.271145 0.6935823 -0.2993687
f 1718 1719 2295
f 1718 2295 2296
v -0.244475 0.7123279 -0.3010331
v -0.271145 0.7122409 -0.3015189
f 2296 2295 2297
f 2296 2297 2298
v -0.244475 0.7312225 -0.3018647
v -0.271145 0.7311356 -0.3023505
f 2298 2297 2299
f 2298 2299 2300
v -0.244475 0.7502794 -0.3017899
v -0.271145 0.7498853 -0.3039919
f 2300 2299 2301
f 2300 2301 2302
v -0.244475 0.7687317 -0.3050926
v -0.271145 0.7683376 -0.3072946
f 2302 2301 2303
f 2302 2303 2304
v -0.244475 0.7870022 -0.3094113
v -0.271145 0.7869872 -0.3094956
f 2304 2303 2305
f 2304 2305 2306
v -0.244475 0.8050877 -0.3147639
v -0.271145 0.8050726 -0.3148482
f 2306 2305 2307
f 2306 2307 2308
v -0.244475 0.8233922 -0.3188929
v -0.271145 0.8234141 -0.3187703
f 2308 2307 2309
f 2308 2309 2310
f 2310 2309 1743
f 2310 1743 1744
v -0.217805 0.675184 -0.2957641
v -0.217805 0.6939376 -0.2973835
f 1719 2311 2312
f 1719 2312 2295
v -0.217805 0.7129714 -0.2974379
f 2295 2312 2313
f 2295 2313 2297
v -0.217805 0.7314237 -0.3007406
f 2297 2313 2314
f 2297 2314 2299
v -0.217805 0.7498989 -0.3039159
f 2299 2314 2315
f 2299 2315 2301
v -0.217805 0.7683512 -0.3072186
f 2301 2315 2316
f 2301 2316 2303
v -0.217805 0.7865721 -0.3118144
f 2303 2316 2317
f 2303 2317 2305
v -0.217805 0.8050877 -0.3147639
f 2305 2317 2318
f 2305 2318 2307
v -0.217805 0.8231603 -0.3201882
f 2307 2318 2319
f 2307 2319 2309
v -0.217805 0.8453712 -0.3252505
f 2309 2319 2320
f 2309 2320 1743
v -0.191135 0.675184 -0.2957641
v -0.191135 0.6942351 -0.2957217
f 2311 2321 2322
f 2311 2322 2312
v -0.191135 0.7123514 -0.3009018
f 2312 2322 2323
f 2312 2323 2313
f 2313 2323 1655
f 2313 1655 2314
f 2314 1655 1664
f 2314 1664 2315
f 2315 1664 1663
f 2315 1663 2316
v -0.1849815 0.7884243 -0.3221748
f 2316 1663 2324
f 2316 2324 2317
v -0.191135 0.8046395 -0.3172682
f 2317 2324 2325
f 2317 2325 2318
v -0.191135 0.8233209 -0.319291
f 2318 2325 2326
f 2318 2326 2319
f 2319 2326 1742
f 2319 1742 2320
v -0.08001 0.6748979 -0.2973628
v -0.05334 0.6748979 -0.2973628
v -0.05334 0.6943697 -0.2949692
v -0.08001 0.6942448 -0.2956674
f 2327 2328 2329
f 2327 2329 2330
v -0.05334 0.7130368 -0.2970725
v -0.08001 0.7125929 -0.2995525
f 2330 2329 2331
f 2330 2331 2332
v -0.05334 0.7318456 -0.2983834
v -0.08001 0.7314017 -0.3008634
f 2332 2331 2333
f 2332 2333 2334
v -0.05334 0.7504404 -0.3008903
v -0.08001 0.7499965 -0.3033704
f 2334 2333 2335
f 2334 2335 2336
v -0.05334 0.7688928 -0.304193
v -0.08001 0.7684489 -0.306673
f 2336 2335 2337
f 2336 2337 2338
v -0.05334 0.7872027 -0.3082913
v -0.08001 0.7867588 -0.3107713
f 2338 2337 2339
f 2338 2339 2340
v -0.05334 0.8052986 -0.3135857
v -0.08001 0.8048547 -0.3160657
f 2340 2339 2341
f 2340 2341 2342
v -0.05334 0.8236101 -0.317675
v -0.08001 0.8229468 -0.3213812
f 2342 2341 2343
f 2342 2343 2344
v -0.05334 0.8449161 -0.327793
v -0.08001 0.8449161 -0.327793
f 2344 2343 2345
f 2344 2345 2346
v -0.02667 0.6748979 -0.2973628
v -0.02667 0.6943697 -0.2949692
f 2328 2347 2348
f 2328 2348 2329
v -0.02667 0.7136227 -0.2937988
f 2329 2348 2349
f 2329 2349 2331
v -0.02667 0.7328733 -0.2926415
f 2331 2349 2350
f 2331 2350 2333
v -0.02667 0.7514681 -0.2951485
f 2333 2350 2351
f 2333 2351 2335
v -0.02667 0.7699204 -0.2984511
f 2335 2351 2352
f 2335 2352 2337
v -0.02667 0.7882304 -0.3025494
f 2337 2352 2353
f 2337 2353 2339
v -0.02667 0.8058845 -0.310312
f 2339 2353 2354
f 2339 2354 2341
v -0.02667 0.8236101 -0.317675
f 2341 2354 2355
f 2341 2355 2343
v -0.02667 0.8449161 -0.327793
f 2343 2355 2356
f 2343 2356 2345
v 0.0 0.6748979 -0.2973628
v 0.0 0.6943697 -0.2949692
f 2347 2357 2358
f 2347 2358 2348
v 0.0 0.7136227 -0.2937988
f 2348 2358 2359
f 2348 2359 2349
v 0.0 0.7328733 -0.2926415
f 2349 2359 2360
f 2349 2360 2350
v 0.0 0.7518353 -0.293097
f 2350 2360 2361
f 2350 2361 2351
v 0.0 0.7702876 -0.2963996
f 2351 2361 2362
f 2351 2362 2352
v 0.0 0.7882304 -0.3025494
f 2352 2362 2363
f 2352 2363 2353
v 0.0 0.8058845 -0.310312
f 2353 2363 2364
f 2353 2364 2354
v 0.0 0.8236101 -0.317675
f 2354 2364 2365
f 2354 2365 2355
v 0.0 0.8449161 -0.327793
f 2355 2365 2366
f 2355 2366 2356
v -0.16002 0.675184 -0.2957641
v -0.13335 0.675184 -0.2957641
v -0.13335 0.6942351 -0.2957217
v -0.16002 0.6942351 -0.2957217
f 2367 2368 2369
f 2367 2369 2370
v -0.13335 0.7123514 -0.3009018
v -0.16002 0.7123514 -0.3009018
f 2370 2369 2371
f 2370 2371 2372
v -0.156083 0.7197486 -0.3098831
f 2372 2371 1656
f 2372 1656 2373
v -0.13335 0.8037527 -0.3222226
v -0.16002 0.8037527 -0.3222226
f 1660 1659 2374
f 1660 2374 2375
v -0.13335 0.8233209 -0.319291
v -0.16002 0.8233209 -0.319291
f 2375 2374 2376
f 2375 2376 2377
v -0.13335 0.8453033 -0.3256299
f 2377 2376 2378
f 2377 2378 1741
v -0.10668 0.675184 -0.2957641
v -0.10668 0.6940156 -0.2969476
f 2368 2379 2380
f 2368 2380 2369
v -0.10668 0.7120952 -0.3023333
f 2369 2380 2381
f 2369 2381 2371
v -0.10668 0.7305475 -0.3056359
f 2371 2381 2382
f 2371 2382 1656
v -0.10668 0.7494424 -0.3064664
f 1656 2382 2383
f 1656 2383 1676
v -0.10668 0.7678947 -0.309769
f 1676 2383 2384
f 1676 2384 1677
v -0.10668 0.7862235 -0.3137623
v -0.10668 0.8042875 -0.3192346
f 1659 2385 2386
f 1659 2386 2374
v -0.10668 0.8229692 -0.3212561
f 2374 2386 2387
f 2374 2387 2376
v -0.10668 0.8453033 -0.3256299
f 2376 2387 2388
f 2376 2388 2378
f 2379 2327 2330
f 2379 2330 2380
f 2380 2330 2332
f 2380 2332 2381
f 2381 2332 2334
f 2381 2334 2382
f 2382 2334 2336
f 2382 2336 2383
f 2383 2336 2338
f 2383 2338 2384
f 2384 2338 2340
f 2384 2340 2385
f 2385 2340 2342
f 2385 2342 2386
f 2386 2342 2344
f 2386 2344 2387
f 2387 2344 2346
f 2387 2346 2388
f 2321 2367 2370
f 2321 2370 2322
f 2322 2370 2372
f 2322 2372 2323
f 2323 2372 2373
f 2323 2373 1655
f 2324 1660 2375
f 2324 2375 2325
f 2325 2375 2377
f 2325 2377 2326
f 2326 2377 1741
f 2326 1741 1742
v -0.217805 0.6625586 -0.2978241
f 1719 1716 2389
f 1719 2389 2311
v -0.191135 0.6625586 -0.2978241
f 2311 2389 2390
f 2311 2390 2321
v -0.16002 0.6625586 -0.2978241
f 2321 2390 2391
f 2321 2391 2367
v -0.13335 0.6625586 -0.2978241
f 2367 2391 2392
f 2367 2392 2368
v -0.10668 0.6625586 -0.2978241
f 2368 2392 2393
f 2368 2393 2379
v -0.217805 0.6270092 -0.3090246
v -0.217805 0.6390897 -0.3028006
f 2394 2395 1694
f 2394 1694 1693
v -0.217805 0.6520552 -0.2988403
f 2395 2396 1699
f 2395 1699 1694
f 2396 2389 1716
f 2396 1716 1699
v -0.191135 0.6270092 -0.3090246
v -0.191135 0.6390897 -0.3028006
f 2397 2398 2395
f 2397 2395 2394
v -0.191135 0.6520552 -0.2988403
f 2398 2399 2396
f 2398 2396 2395
f 2399 2390 2389
f 2399 2389 2396
v -0.16002 0.6390897 -0.3028006
f 1691 2400 2398
f 1691 2398 2397
v -0.16002 0.6520552 -0.2988403
f 2400 2401 2399
f 2400 2399 2398
f 2401 2391 2390
f 2401 2390 2399
v -0.13335 0.6270092 -0.3090246
v -0.13335 0.6390897 -0.3028006
f 2402 2403 2400
f 2402 2400 1691
v -0.13335 0.6520552 -0.2988403
f 2403 2404 2401
f 2403 2401 2400
f 2404 2392 2391
f 2404 2391 2401
v -0.10668 0.6270092 -0.3090246
v -0.10668 0.6390897 -0.3028006
f 2405 2406 2403
f 2405 2403 2402
v -0.10668 0.6520552 -0.2988403
f 2406 2407 2404
f 2406 2404 2403
f 2407 2393 2392
f 2407 2392 2404
v -0.08001 0.6624815 -0.2982544
f 2379 2393 2408
f 2379 2408 2327
v -0.08001 0.6270092 -0.3090246
v -0.08001 0.6390897 -0.3028006
f 2409 2410 2406
f 2409 2406 2405
v -0.08001 0.6520552 -0.2988403
f 2410 2411 2407
f 2410 2407 2406
f 2411 2408 2393
f 2411 2393 2407
v -0.05334 0.6624815 -0.2982544
f 2327 2408 2412
f 2327 2412 2328
v -0.05334 0.6270092 -0.3090246
v -0.05334 0.6390897 -0.3028006
f 2413 2414 2410
f 2413 2410 2409
v -0.05334 0.6517491 -0.3005508
f 2414 2415 2411
f 2414 2411 2410
f 2415 2412 2408
f 2415 2408 2411
v -0.02667 0.6624815 -0.2982544
f 2328 2412 2416
f 2328 2416 2347
v -0.02667 0.6270092 -0.3090246
v -0.02667 0.6390897 -0.3028006
f 2417 2418 2414
f 2417 2414 2413
v -0.02667 0.6517491 -0.3005508
f 2418 2419 2415
f 2418 2415 2414
f 2419 2416 2412
f 2419 2412 2415
v 0.0 0.6624815 -0.2982544
f 2347 2416 2420
f 2347 2420 2357
v -0.0 0.6390897 -0.3028006
f 1689 2421 2418
f 1689 2418 2417
v -0.0 0.6517491 -0.3005508
f 2421 2422 2419
f 2421 2419 2418
f 2422 2420 2416
f 2422 2416 2419
v 0.0 0.8863001 -0.3560781
v -0.02667 0.8943264 -0.3833183
v -0.02667 0.8863001 -0.3560781
f 2423 1702 2424
f 2423 2424 2425
v 0.0 0.8777534 -0.3461623
v -0.02667 0.8777534 -0.3461623
f 2426 2423 2425
f 2426 2425 2427
v 0.0 0.8661471 -0.3389242
v -0.02667 0.8661471 -0.3389242
f 2428 2426 2427
f 2428 2427 2429
v 0.0 0.8562838 -0.3327601
v -0.02667 0.8562838 -0.3327601
f 2430 2428 2429
f 2430 2429 2431
f 2366 2430 2431
f 2366 2431 2356
v -0.05334 0.8943264 -0.3833183
v -0.05334 0.8863001 -0.3560781
f 2425 2424 2432
f 2425 2432 2433
v -0.05334 0.8777534 -0.3461623
f 2427 2425 2433
f 2427 2433 2434
v -0.05334 0.8661471 -0.3389242
f 2429 2427 2434
f 2429 2434 2435
v -0.05334 0.8562838 -0.3327601
f 2431 2429 2435
f 2431 2435 2436
f 2356 2431 2436
f 2356 2436 2345
v -0.08001 0.8943264 -0.3833183
v -0.08001 0.8863001 -0.3560781
f 2433 2432 2437
f 2433 2437 2438
v -0.08001 0.8777534 -0.3461623
f 2434 2433 2438
f 2434 2438 2439
v -0.08001 0.8661471 -0.3389242
f 2435 2434 2439
f 2435 2439 2440
v -0.08001 0.8562838 -0.3327601
f 2436 2435 2440
f 2436 2440 2441
f 2345 2436 2441
f 2345 2441 2346
v -0.10668 0.8943264 -0.3833183
v -0.10668 0.8863001 -0.3560781
f 2438 2437 2442
f 2438 2442 2443
v -0.10668 0.8777534 -0.3461623
f 2439 2438 2443
f 2439 2443 2444
v -0.10668 0.8664242 -0.3373761
f 2440 2439 2444
f 2440 2444 2445
v -0.0997791 0.8566574 -0.330673
f 2441 2440 2445
f 2441 2445 2446
f 2346 2441 2446
f 2346 2446 2388
v -0.13335 0.8943264 -0.3833183
v -0.13335 0.8863001 -0.3560781
f 2443 2442 2447
f 2443 2447 2448
v -0.13335 0.8777534 -0.3461623
f 2444 2443 2448
f 2444 2448 2449
v -0.13335 0.8664242 -0.3373761
f 2445 2444 2449
f 2445 2449 2450
v -0.1264491 0.8566574 -0.330673
f 2446 2445 2450
f 2446 2450 2451
f 2388 2446 2451
f 2388 2451 2378
f 2448 2447 1707
f 2448 1707 1720
f 2449 2448 1720
f 2449 1720 1726
f 2450 2449 1726
f 2450 1726 1731
f 2451 2450 1731
f 2451 1731 1739
f 2378 2451 1739
f 2378 1739 1741
v -0.217805 0.8863001 -0.3560781
v -0.217805 0.8943264 -0.3833183
f 2452 2453 1711
f 2452 1711 1723
v -0.217805 0.8777534 -0.3461623
f 2454 2452 1723
f 2454 1723 1728
v -0.217805 0.8664242 -0.3373761
f 2455 2454 1728
f 2455 1728 1733
v -0.2109041 0.8566574 -0.330673
f 2456 2455 1733
f 2456 1733 1736
f 2320 2456 1736
f 2320 1736 1743
f 1722 1721 2453
f 1722 2453 2452
f 1727 1722 2452
f 1727 2452 2454
f 1732 1727 2454
f 1732 2454 2455
f 1740 1732 2455
f 1740 2455 2456
f 1742 1740 2456
f 1742 2456 2320
f 2384 2385 1659
f 2384 1659 1677
v -0.2911094 0.6931349 -0.3018682
f 1747 1718 2296
f 1747 2296 2457
v -0.2911094 0.7119719 -0.3030219
f 2457 2296 2298
f 2457 2298 2458
v -0.2911094 0.7308666 -0.3038535
f 2458 2298 2300
f 2458 2300 2459
v -0.2911094 0.7495183 -0.306042
f 2459 2300 2302
f 2459 2302 2460
v -0.2911094 0.7679707 -0.3093446
f 2460 2302 2304
f 2460 2304 2461
v -0.2911094 0.7864789 -0.3123351
f 2461 2304 2306
f 2461 2306 2462
v -0.2911094 0.8045644 -0.3176877
f 2462 2306 2308
f 2462 2308 2463
v -0.2911094 0.8227357 -0.3225605
f 2463 2308 2310
f 2463 2310 2464
f 2464 2310 1744
f 2464 1744 1745
v -0.2975864 0.6932856 -0.3046306
f 1752 1747 2457
f 1752 2457 2465
v -0.2975864 0.711738 -0.3079332
f 2465 2457 2458
f 2465 2458 2466
v -0.2975864 0.7306326 -0.3087649
f 2466 2458 2459
f 2466 2459 2467
v -0.2975864 0.7497585 -0.3083042
f 2467 2459 2460
f 2467 2460 2468
v -0.2975864 0.7682109 -0.3116068
f 2468 2460 2461
f 2468 2461 2469
v -0.2975864 0.7863384 -0.3167244
f 2469 2461 2462
f 2469 2462 2470
v -0.2975864 0.8047908 -0.3200271
f 2470 2462 2463
f 2470 2463 2471
v -0.2975864 0.8227923 -0.3258486
f 2471 2463 2464
f 2471 2464 2472
f 2472 2464 1745
f 2472 1745 1763
v -0.3005836 0.6926158 -0.3047688
f 1753 1752 2465
f 1753 2465 2473
v -0.3005836 0.7110682 -0.3080714
f 2473 2465 2466
f 2473 2466 2474
v -0.3005836 0.7295205 -0.311374
f 2474 2466 2467
f 2474 2467 2475
v -0.3005836 0.7479729 -0.3146767
f 2475 2467 2468
f 2475 2468 2476
v -0.3005836 0.7664252 -0.3179793
f 2476 2468 2469
f 2476 2469 2477
v -0.3005836 0.7848776 -0.321282
f 2477 2469 2470
f 2477 2470 2478
v -0.3005836 0.80333 -0.3245846
f 2478 2470 2471
f 2478 2471 2479
v -0.3005836 0.8217823 -0.3278873
f 2479 2471 2472
f 2479 2472 2480
f 2480 2472 1763
f 2480 1763 1761
v 0.3048 0.4088035 0.3092554
v 0.28956 0.4118841 0.3084873
v 0.28956 0.3965685 0.3556181
v 0.3048 0.3965685 0.3556181
f 2481 2482 2483
f 2481 2483 2484
v 0.3140414 0.4060523 0.3099433
v 0.3122173 0.3980547 0.3500351
f 2485 2481 2484
f 2485 2484 2486
v 0.28956 0.3670151 0.3961509
v 0.3071035 0.3765604 0.3874827
f 2484 2483 2487
f 2484 2487 2488
v 0.03302 0.3243206 0.4247634
v 0.0318945 0.289321 0.433515
f 2489 1470 1469
f 2489 1469 2490
v 0.07366 0.3243206 0.4247634
v 0.07366 0.2915082 0.432915
f 2491 2489 2490
f 2491 2490 2492
v 0.11176 0.3243206 0.4225564
v 0.11176 0.2934805 0.4324218
f 2493 2491 2492
f 2493 2492 2494
v 0.13716 0.3243206 0.4247634
v 0.13716 0.2948504 0.4321324
f 2495 2493 2494
f 2495 2494 2496
v 0.16256 0.3243206 0.4227452
v 0.160264 0.2960482 0.4317798
f 2497 2495 2496
f 2497 2496 2498
v 0.1905 0.3243206 0.4247634
v 0.2001256 0.3023468 0.4302579
f 2499 2497 2498
f 2499 2498 2500
v 0.2159 0.3243206 0.4247634
v 0.2159 0.3067631 0.4291006
f 2501 2499 2500
f 2501 2500 2502
v 0.24892 0.3243206 0.4247634
v 0.2445573 0.3148723 0.427126
f 2503 2501 2502
f 2503 2502 2504
v 0.26924 0.3366412 0.4216827
v 0.2711185 0.3327218 0.4226627
f 2505 2503 2504
f 2505 2504 2506
v 0.2911421 0.355367 0.411764
f 2487 2505 2506
f 2487 2506 2507
v 0.24892 0.3670151 0.3961509
v 0.2159 0.3670151 0.3961509
f 2508 2509 2501
f 2508 2501 2503
v 0.26924 0.3670151 0.3961509
f 2510 2508 2503
f 2510 2503 2505
v 0.2794 0.3518281 0.4089168
f 2487 2510 2505
f 2487 2505 2511
v 0.3059517 0.3865644 0.3715504
f 2512 2488 2486
f 2512 2486 2484
v 0.290351 0.361191 0.4039575
f 2513 2507 2488
f 2513 2488 2487
v 0.3048 0.2602513 -0.1895481
v 0.28956 0.2602513 -0.1895481
v 0.28956 0.2942296 -0.16466
v 0.3048 0.2903218 -0.1638919
f 2514 2515 2516
f 2514 2516 2517
v 0.3122173 0.2637466 -0.1870963
v 0.3140414 0.2883977 -0.163204
f 2518 2514 2517
f 2518 2517 2519
v 0.28956 0.2165827 -0.2054655
v 0.26924 0.2166448 -0.205217
v 0.26924 0.2602572 -0.1895246
f 2520 2521 2522
f 2520 2522 2515
v 0.3071035 0.2288385 -0.2032936
f 2523 2520 2515
f 2523 2515 2514
v 0.24892 0.1668944 -0.204823
v 0.2159 0.1668944 -0.204823
v 0.2159 0.2166448 -0.205217
v 0.24892 0.2166448 -0.2022427
f 2524 2525 2526
f 2524 2526 2527
v 0.26924 0.179215 -0.2079037
f 2528 2524 2527
f 2528 2527 2521
v 0.2911421 0.2004053 -0.2079659
f 2529 2528 2521
f 2529 2521 2520
v 0.0318945 0.1318947 -0.1960714
v 0.03302 0.1668944 -0.204823
f 2530 1513 1512
f 2530 1512 2531
v 0.07366 0.1340927 -0.196621
v 0.07366 0.1668944 -0.2023218
f 2532 2530 2531
f 2532 2531 2533
v 0.11176 0.1360656 -0.1971143
v 0.11176 0.1668944 -0.204823
f 2534 2532 2533
f 2534 2533 2535
v 0.13716 0.1374239 -0.197454
v 0.13716 0.1668944 -0.2021749
f 2536 2534 2535
f 2536 2535 2537
v 0.160264 0.1386327 -0.1977562
v 0.16256 0.1668944 -0.204823
f 2538 2536 2537
f 2538 2537 2539
v 0.2001256 0.1449331 -0.1992785
v 0.1905 0.1668944 -0.204823
f 2540 2538 2539
f 2540 2539 2541
v 0.2159 0.1493619 -0.2003859
f 2542 2540 2541
f 2542 2541 2525
v 0.2445573 0.1574585 -0.2024105
f 2543 2542 2525
f 2543 2525 2524
v 0.2711238 0.1753032 -0.2069256
f 2544 2543 2524
f 2544 2524 2528
v 0.2797381 0.189372 -0.2079335
f 2529 2544 2528
f 2529 2528 2545
v 0.3059517 0.2445449 -0.1964209
f 2514 2518 2523
f 2514 2523 2546
v 0.290351 0.2085002 -0.2066907
f 2520 2523 2529
f 2520 2529 2547
v 0.14605 0.3254467 0.0832173
v 0.1520016 0.3268905 0.0889911
v 0.1520016 0.3318187 0.0877588
v 0.14605 0.330375 0.081985
f 2548 2549 2550
f 2548 2550 2551
v 0.14605 0.323405 0.0750519
v 0.14605 0.3283333 0.0738196
f 2552 2548 2551
f 2552 2551 2553
v 0.1520016 0.3219613 0.069278
v 0.1520016 0.3268895 0.0680457
f 2554 2552 2553
f 2554 2553 2555
v 0.1604184 0.3219613 0.069278
v 0.1604184 0.3268895 0.0680457
f 2556 2554 2555
f 2556 2555 2557
v 0.16637 0.323405 0.0750519
v 0.16637 0.3283333 0.0738196
f 2558 2556 2557
f 2558 2557 2559
v 0.16637 0.3254467 0.0832173
v 0.16637 0.330375 0.081985
f 2560 2558 2559
f 2560 2559 2561
v 0.1604184 0.3268905 0.0889911
v 0.1604184 0.3318187 0.0877588
f 2562 2560 2561
f 2562 2561 2563
f 2549 2562 2563
f 2549 2563 2550
v 0.15621 0.3293541 0.0779023
f 2550 2563 2564
f 2550 2564 2551
f 2555 2553 2551
f 2555 2551 2564
f 2559 2557 2555
f 2559 2555 2564
f 2564 2563 2561
f 2564 2561 2559
v 0.125173 0.3661582 0.1454494
v 0.187247 0.3681061 0.1454494
f 2565 2566 2562
f 2565 2562 2549
v 0.08128 0.3574586 0.1028674
f 2567 2565 2549
f 2567 2549 2548
v 0.08128 0.3424007 0.0426474
f 2568 2567 2548
f 2568 2548 2552
v 0.125173 0.3317533 6.54e-05
f 2569 2568 2552
f 2569 2552 2554
v 0.187247 0.3317533 6.54e-05
f 2570 2569 2554
f 2570 2554 2556
v 0.23114 0.3424007 0.0426474
f 2571 2570 2556
f 2571 2556 2558
v 0.23114 0.3557132 0.1028674
f 2572 2571 2558
f 2572 2558 2560
f 2566 2572 2560
f 2566 2560 2562
v 0.26924 0.3965685 0.3556181
f 2510 2487 2483
f 2510 2483 2573
v 0.24892 0.3965685 0.3556181
f 2508 2510 2573
f 2508 2573 2574
v 0.2159 0.3965685 0.3556181
f 2509 2508 2574
f 2509 2574 2575
v 0.1905 0.3670151 0.3961509
f 2499 2501 2509
f 2499 2509 2576
v 0.16256 0.3670151 0.3948054
f 2497 2499 2576
f 2497 2576 2577
v 0.13716 0.3670151 0.3961509
f 2495 2497 2577
f 2495 2577 2578
v 0.11176 0.3670151 0.3939438
f 2493 2495 2578
f 2493 2578 2579
v 0.07366 0.3670151 0.3961509
f 2491 2493 2579
f 2491 2579 2580
v 0.03302 0.3670151 0.3961509
f 2489 2491 2580
f 2489 2580 2581
f 1470 2489 2581
f 1470 2581 1964
v 0.1905 0.3965685 0.3556181
f 2576 2509 2575
f 2576 2575 2582
v 0.16256 0.3965685 0.3542726
f 2577 2576 2582
f 2577 2582 2583
v 0.13716 0.3965685 0.3556181
f 2578 2577 2583
f 2578 2583 2584
v 0.11176 0.3965685 0.3534111
f 2579 2578 2584
f 2579 2584 2585
v 0.07366 0.3965685 0.3556181
f 2580 2579 2585
f 2580 2585 2586
v 0.03302 0.3965685 0.3556181
f 2581 2580 2586
f 2581 2586 2587
f 1964 2581 2587
f 1964 2587 1971
v 0.26924 0.4118841 0.3084873
f 2573 2483 2482
f 2573 2482 2588
v 0.24892 0.4103438 0.3088713
f 2574 2573 2588
f 2574 2588 2589
v 0.2159 0.4088035 0.3092554
f 2575 2574 2589
f 2575 2589 2590
v 0.1905 0.4068318 0.3092554
f 2582 2575 2590
f 2582 2590 2591
v 0.16256 0.4096733 0.3079098
f 2583 2582 2591
f 2583 2591 2592
v 0.13716 0.4080399 0.3092554
f 2584 2583 2592
f 2584 2592 2593
v 0.11176 0.4088035 0.3070483
f 2585 2584 2593
f 2585 2593 2594
v 0.07366 0.4118841 0.3084873
f 2586 2585 2594
f 2586 2594 2595
v 0.03302 0.4134245 0.3081032
f 2587 2586 2595
f 2587 2595 2596
f 1971 2587 2596
f 1971 2596 1981
v 0.2894254 0.4026097 0.2650497
v 0.3048 0.4012254 0.2661763
f 2597 2482 2481
f 2597 2481 2598
v 0.2894254 0.3926187 0.2217907
v 0.2894255 0.4026098 0.2650501
v 0.3048 0.3905132 0.2230971
f 2599 2600 2598
f 2599 2598 2601
v 0.2894254 0.3825333 0.1785553
v 0.3048 0.3805914 0.180018
f 2602 2599 2601
f 2602 2601 2603
v 0.2894254 0.3696985 0.136172
v 0.2894255 0.3825334 0.1785557
v 0.3048 0.3698792 0.1369389
f 2604 2605 2603
f 2604 2603 2606
v 0.2894254 0.3583184 0.0930929
v 0.3048 0.359167 0.0938598
f 2607 2604 2606
f 2607 2606 2608
v 0.2894254 0.3476062 0.0500138
v 0.2894255 0.3583185 0.0930933
v 0.3048 0.3484548 0.0507807
f 2609 2610 2608
f 2609 2608 2611
v 0.2894254 0.3375204 0.0069347
v 0.3048 0.3377426 0.0077016
f 2612 2609 2611
f 2612 2611 2613
v 0.2894254 0.3288878 -0.0368191
v 0.2894255 0.3375205 0.0069351
v 0.3048 0.3262399 -0.0353775
f 2614 2615 2613
f 2614 2613 2616
v 0.2894254 0.3195827 -0.0802491
v 0.3048 0.3155277 -0.0784566
f 2617 2614 2616
f 2617 2616 2618
v 0.2894254 0.3076142 -0.1230149
v 0.2894255 0.3195828 -0.0802487
v 0.3048 0.3035518 -0.1216432
f 2619 2620 2618
f 2619 2618 2621
v 0.2894255 0.3076143 -0.1230145
v 0.3047997 0.2903219 -0.163892
f 2516 2622 2621
f 2516 2621 2623
v 0.2691054 0.4026097 0.2650497
f 2624 2588 2482
f 2624 2482 2600
v 0.2691054 0.3926187 0.2217907
v 0.2691055 0.4026098 0.2650501
v 0.2894255 0.3926188 0.2217911
f 2625 2626 2600
f 2625 2600 2627
v 0.2691054 0.3825333 0.1785553
f 2628 2625 2627
f 2628 2627 2605
v 0.2691054 0.3696858 0.136172
v 0.2691055 0.3825334 0.1785557
v 0.2894255 0.3696986 0.1361724
f 2629 2630 2605
f 2629 2605 2631
v 0.2691054 0.3583184 0.0930929
f 2632 2629 2631
f 2632 2631 2610
v 0.2691054 0.3476062 0.0500138
v 0.2691055 0.3583185 0.0930933
v 0.2894255 0.3476063 0.0500142
f 2633 2634 2610
f 2633 2610 2635
v 0.2691054 0.336894 0.0069347
f 2636 2633 2635
f 2636 2635 2615
v 0.2691054 0.3288878 -0.0368191
v 0.2691055 0.3368941 0.0069351
v 0.2894255 0.3288879 -0.0368187
f 2637 2638 2615
f 2637 2615 2639
v 0.2691054 0.3195827 -0.0802491
f 2640 2637 2639
f 2640 2639 2620
v 0.2691054 0.3076142 -0.1230149
v 0.2691055 0.3195828 -0.0802487
f 2641 2642 2620
f 2641 2620 2622
v 0.26924 0.2942296 -0.16466
v 0.2691055 0.3076143 -0.1230145
f 2643 2644 2622
f 2643 2622 2516
v 0.2487854 0.4010694 0.2654337
v 0.26924 0.4118835 0.3084898
f 2645 2589 2646
f 2645 2646 2626
v 0.2487854 0.3903572 0.2223546
v 0.2487855 0.4010695 0.2654341
v 0.2691055 0.3926188 0.2217911
f 2647 2648 2626
f 2647 2626 2649
v 0.2487854 0.380232 0.1791291
f 2650 2647 2649
f 2650 2649 2630
v 0.2487854 0.3674903 0.136556
v 0.2487855 0.3802321 0.1791295
v 0.2691055 0.3696859 0.1361724
f 2651 2652 2630
f 2651 2630 2653
v 0.2487854 0.3567781 0.0934769
f 2654 2651 2653
f 2654 2653 2634
v 0.2487854 0.3460659 0.0503978
v 0.2487855 0.3567782 0.0934773
v 0.2691055 0.3476063 0.0500142
f 2655 2656 2634
f 2655 2634 2657
v 0.2487854 0.3353537 0.0073187
f 2658 2655 2657
f 2658 2657 2638
v 0.2487854 0.3256156 -0.0360033
v 0.2487855 0.3353538 0.0073191
v 0.2691055 0.3288879 -0.0368187
f 2659 2660 2638
f 2659 2638 2661
v 0.2487854 0.316527 -0.0794872
f 2662 2659 2661
f 2662 2661 2642
v 0.2487854 0.3050849 -0.1223843
v 0.2487855 0.3165271 -0.0794868
f 2663 2664 2642
f 2663 2642 2644
v 0.24892 0.2926893 -0.1625451
v 0.2487855 0.305085 -0.1223839
f 2665 2666 2644
f 2665 2644 2643
v 0.2157654 0.3980866 0.2661774
f 2667 2590 2589
f 2667 2589 2648
v 0.2157654 0.3873744 0.2230983
v 0.2157655 0.3980867 0.2661778
v 0.2487855 0.3903573 0.222355
f 2668 2669 2648
f 2668 2648 2670
v 0.2157654 0.3766622 0.1800192
f 2671 2668 2670
f 2671 2670 2652
v 0.2091935 0.3619096 0.1241584
v 0.2157655 0.3766623 0.1800196
v 0.2487855 0.3674904 0.1365564
f 2672 2673 2652
f 2672 2652 2674
f 2572 2672 2674
f 2572 2674 2656
v 0.2487855 0.346066 0.0503982
f 2571 2572 2656
f 2571 2656 2675
v 0.2091935 0.337077 0.0213564
f 2676 2571 2675
f 2676 2675 2660
v 0.2157654 0.3231011 -0.0353763
v 0.2487855 0.3256157 -0.0360029
f 2677 2676 2660
f 2677 2660 2678
v 0.2157654 0.3123889 -0.0784555
f 2679 2677 2678
f 2679 2678 2664
v 0.2157654 0.3021079 -0.1216421
v 0.2157655 0.312389 -0.0784551
f 2680 2681 2664
f 2680 2664 2666
v 0.2159 0.2911489 -0.1638919
v 0.2157655 0.302108 -0.1216417
f 2682 2683 2666
f 2682 2666 2665
v 0.1903654 0.3961149 0.2661774
f 2684 2591 2590
f 2684 2590 2669
v 0.1903654 0.3854027 0.2230983
v 0.1903655 0.396115 0.2661778
v 0.2157655 0.3873745 0.2230987
f 2685 2686 2669
f 2685 2669 2687
v 0.1903654 0.3746905 0.1800192
f 2688 2685 2687
f 2688 2687 2673
v 0.1903655 0.3746906 0.1800196
f 2566 2689 2673
f 2566 2673 2672
v 0.1903654 0.3231011 -0.0353763
v 0.2157655 0.3231012 -0.0353759
f 2690 2570 2676
f 2690 2676 2691
v 0.1903654 0.3123889 -0.0784555
f 2692 2690 2691
f 2692 2691 2681
v 0.1903654 0.3021079 -0.1216421
v 0.1903655 0.312389 -0.0784551
f 2693 2694 2681
f 2693 2681 2683
v 0.1905 0.2911489 -0.1638919
v 0.1903655 0.302108 -0.1216417
f 2695 2696 2683
f 2695 2683 2682
v 0.1624254 0.3989564 0.2661774
f 2697 2592 2591
f 2697 2591 2686
v 0.1624254 0.3882442 0.2230983
v 0.1624255 0.3989565 0.2661778
v 0.1903655 0.3854028 0.2230987
f 2698 2699 2686
f 2698 2686 2700
v 0.1624254 0.377532 0.1800192
f 2701 2698 2700
f 2701 2700 2689
v 0.15621 0.3671322 0.1454494
v 0.1624255 0.3775321 0.1800196
f 2702 2703 2689
f 2702 2689 2566
v 0.1624254 0.3231011 -0.0353763
v 0.15621 0.3317533 6.54e-05
v 0.1903655 0.3231012 -0.0353759
f 2704 2705 2570
f 2704 2570 2706
v 0.1624254 0.3123889 -0.0784555
f 2707 2704 2706
f 2707 2706 2694
v 0.1624254 0.3021079 -0.1216421
v 0.1624255 0.312389 -0.0784551
f 2708 2709 2694
f 2708 2694 2696
v 0.16256 0.2911489 -0.1638919
v 0.1624255 0.302108 -0.1216417
f 2710 2711 2696
f 2710 2696 2695
v 0.1370254 0.3973231 0.2661774
f 2712 2593 2592
f 2712 2592 2697
v 0.1370254 0.3866109 0.2230983
v 0.1370255 0.3973232 0.2661778
f 2713 2714 2697
f 2713 2697 2698
v 0.1370254 0.3758986 0.1800192
f 2715 2713 2698
f 2715 2698 2701
v 0.1370255 0.3758987 0.1800196
f 2702 2716 2701
v 0.1370254 0.3206677 -0.0347696
f 2717 2569 2705
f 2717 2705 2704
v 0.1370254 0.3099555 -0.0778487
f 2718 2717 2704
f 2718 2704 2707
v 0.1370254 0.2996745 -0.1210354
v 0.1370255 0.3099556 -0.0778483
f 2719 2720 2707
f 2719 2707 2708
v 0.13716 0.2887155 -0.1632852
v 0.1370255 0.2996746 -0.121035
f 2721 2722 2708
f 2721 2708 2710
v 0.1116254 0.3980866 0.2661774
f 2723 2594 2593
f 2723 2593 2712
v 0.1116254 0.3873744 0.2230983
v 0.1116255 0.3980867 0.2661778
f 2724 2725 2712
f 2724 2712 2713
v 0.1116254 0.3766622 0.1800192
f 2726 2724 2713
f 2726 2713 2715
v 0.1116255 0.3766623 0.1800196
f 2565 2727 2715
f 2565 2715 2702
v 0.1116254 0.3231011 -0.0353763
f 2728 2569 2717
v 0.1116254 0.3123889 -0.0784555
f 2729 2728 2717
f 2729 2717 2718
v 0.1116254 0.3021079 -0.1216421
v 0.1116255 0.312389 -0.0784551
f 2730 2731 2718
f 2730 2718 2719
v 0.11176 0.2911489 -0.1638919
v 0.1116255 0.302108 -0.1216417
f 2732 2733 2719
f 2732 2719 2721
v 0.0735254 0.4026097 0.2650497
f 2734 2595 2594
f 2734 2594 2723
v 0.0735254 0.3926187 0.2217907
v 0.0735255 0.4026098 0.2650501
f 2735 2736 2723
f 2735 2723 2724
v 0.0735254 0.3825333 0.1785553
f 2737 2735 2724
f 2737 2724 2726
v 0.1034915 0.3618609 0.1244155
v 0.0735255 0.3825334 0.1785557
f 2738 2739 2726
f 2738 2726 2565
v 0.0735254 0.3288878 -0.0368191
v 0.0735255 0.3368941 0.0069351
f 2740 2741 2569
f 2740 2569 2728
v 0.0735254 0.3195827 -0.0802491
f 2742 2740 2728
f 2742 2728 2729
v 0.0735254 0.3076142 -0.1230149
v 0.0735255 0.3195828 -0.0802487
f 2743 2744 2729
f 2743 2729 2730
v 0.07366 0.2942296 -0.16466
v 0.0735255 0.3076143 -0.1230145
f 2745 2746 2730
f 2745 2730 2732
v 0.0328854 0.4041501 0.2646656
f 2747 2596 2595
f 2747 2595 2734
v 0.0328854 0.3941591 0.2214067
v 0.0328855 0.4041502 0.264666
f 2748 2749 2734
f 2748 2734 2735
v 0.0328854 0.3840737 0.1781713
f 2750 2748 2735
f 2750 2735 2737
v 0.0328854 0.3756479 0.1353526
v 0.0328855 0.3840738 0.1781717
f 2751 2752 2737
f 2751 2737 2738
v 0.0328854 0.3649357 0.0922735
f 2753 2751 2738
f 2753 2738 2567
v 0.0328854 0.3542165 0.0491962
v 0.0328855 0.3649358 0.0922739
f 2754 2755 2567
f 2754 2567 2568
v 0.0328854 0.3435042 0.0061171
v 0.0735254 0.336894 0.0069347
f 2756 2754 2568
f 2756 2568 2757
v 0.0328854 0.3337592 -0.0372032
v 0.0328855 0.3435043 0.0061175
f 2758 2759 2757
f 2758 2757 2740
v 0.0328854 0.321989 -0.080849
f 2760 2758 2740
f 2760 2740 2742
v 0.0328854 0.3099236 -0.1235908
v 0.0328855 0.3219891 -0.0808486
f 2761 2762 2742
f 2761 2742 2743
v 0.03302 0.29577 -0.1650441
v 0.0328855 0.3099237 -0.1235904
f 2763 2764 2743
f 2763 2743 2745
f 2150 1981 2596
f 2150 2596 2747
f 2151 2150 2747
f 2151 2747 2748
f 2152 2151 2748
f 2152 2748 2750
f 2153 2152 2750
f 2153 2750 2751
f 2154 2153 2751
f 2154 2751 2753
f 2155 2154 2753
f 2155 2753 2754
f 2156 2155 2754
f 2156 2754 2756
f 2157 2156 2756
f 2157 2756 2758
f 2158 2157 2758
f 2158 2758 2760
f 2159 2158 2760
f 2159 2760 2761
f 2160 2159 2761
f 2160 2761 2763
v 0.3140414 0.39534 0.2668642
f 2598 2481 2485
f 2598 2485 2765
v 0.3140414 0.3846278 0.2237851
f 2601 2598 2765
f 2601 2765 2766
v 0.3140414 0.3739156 0.180706
f 2603 2601 2766
f 2603 2766 2767
v 0.3140414 0.3632034 0.1376269
f 2606 2603 2767
f 2606 2767 2768
v 0.3140414 0.3524912 0.0945478
f 2608 2606 2768
f 2608 2768 2769
v 0.3140414 0.341779 0.0514686
f 2611 2608 2769
f 2611 2769 2770
v 0.3140414 0.3310668 0.0083895
f 2613 2611 2770
f 2613 2770 2771
v 0.3140414 0.3203546 -0.0346896
f 2616 2613 2771
f 2616 2771 2772
v 0.3140414 0.3096424 -0.0777687
f 2618 2616 2772
f 2618 2772 2773
v 0.3140414 0.2989302 -0.1208478
f 2621 2618 2773
f 2621 2773 2774
v 0.3140411 0.2883978 -0.163204
f 2517 2621 2774
f 2517 2774 2775
f 2522 2515 2516
f 2522 2516 2643
v 0.24892 0.2602513 -0.1878173
f 2776 2522 2643
f 2776 2643 2665
v 0.2159 0.2602513 -0.1895481
f 2777 2776 2665
f 2777 2665 2682
v 0.1905 0.2602513 -0.1895481
f 2778 2777 2682
f 2778 2682 2695
v 0.16256 0.2602513 -0.1895481
f 2779 2778 2695
f 2779 2695 2710
v 0.13716 0.2602513 -0.1828843
f 2780 2779 2710
f 2780 2710 2721
v 0.11176 0.2602513 -0.1895481
f 2781 2780 2721
f 2781 2721 2732
v 0.07366 0.2602513 -0.1845753
f 2782 2781 2732
f 2782 2732 2745
v 0.03302 0.2602513 -0.1895481
f 2783 2782 2745
f 2783 2745 2763
f 2180 2783 2763
f 2180 2763 2160
v 0.26924 0.2166389 -0.2052405
f 2527 2784 2522
f 2527 2522 2776
v 0.24892 0.2166389 -0.2022663
f 2526 2785 2776
f 2526 2776 2777
v 0.1905 0.2166448 -0.205217
f 2786 2526 2777
f 2786 2777 2778
v 0.16256 0.2166448 -0.205217
f 2787 2786 2778
f 2787 2778 2779
v 0.13716 0.2166448 -0.2008923
f 2788 2787 2779
f 2788 2779 2780
v 0.11176 0.2166448 -0.205217
f 2789 2788 2780
f 2789 2780 2781
v 0.07366 0.2166448 -0.2010879
f 2790 2789 2781
f 2790 2781 2782
v 0.03302 0.2166448 -0.205217
f 2791 2790 2782
f 2791 2782 2783
f 2189 2791 2783
f 2189 2783 2180
f 2541 2525 2526
f 2541 2526 2786
f 2539 2541 2786
f 2539 2786 2787
f 2537 2539 2787
f 2537 2787 2788
f 2535 2537 2788
f 2535 2788 2789
f 2533 2535 2789
f 2533 2789 2790
f 2531 2533 2790
f 2531 2790 2791
f 1512 2531 2791
f 1512 2791 2189
v 0.1032265 0.337077 0.0213564
f 2569 2757 2568
f 2569 2568 2792
v 0.3071098 0.3338153 -0.1498272
v 0.310036 0.3639854 -0.1469321
v 0.3048 0.3567316 -0.1429896
f 2793 2794 2795
v 0.28956 0.3590852 -0.1431575
v 0.28956 0.3213925 -0.1618165
f 2795 2796 2797
f 2795 2797 2793
v 0.03302 0.3563177 -0.1469285
v 0.03302 0.3204441 -0.1638438
f 2798 1563 1562
f 2798 1562 2799
v 0.28956 0.5463776 -0.2707128
v 0.26924 0.5461461 -0.2706033
v 0.26924 0.5362976 -0.2310786
v 0.28956 0.5363195 -0.231089
f 2800 2801 2802
f 2800 2802 2803
v 0.3071098 0.5452295 -0.2498284
v 0.3048 0.5363195 -0.231089
f 2804 2800 2803
f 2804 2803 2805
v 0.310036 0.5344702 -0.2275733
f 2805 2806 2804
v 0.26924 0.297619 -0.1847684
v 0.24892 0.2921886 -0.1962489
v 0.2445573 0.2880243 -0.2050529
v 0.2711185 0.2958915 -0.1884206
f 2807 2808 2809
f 2807 2809 2810
v 0.2159 0.2921886 -0.1962489
v 0.1905 0.2921886 -0.1962489
v 0.2001256 0.2825036 -0.2167241
v 0.2159 0.2845022 -0.2126194
f 2811 2812 2813
f 2811 2813 2814
f 2808 2811 2814
f 2808 2814 2809
v 0.16256 0.2921886 -0.1962489
v 0.160264 0.2797795 -0.2226036
f 2812 2815 2816
f 2812 2816 2813
v 0.13716 0.2921886 -0.1962489
v 0.13716 0.2791995 -0.2237093
f 2815 2817 2818
f 2815 2818 2816
v 0.11176 0.2921886 -0.1962489
v 0.11176 0.2786478 -0.2249962
f 2817 2819 2820
f 2817 2820 2818
v 0.07366 0.2921886 -0.1962489
v 0.07366 0.2777785 -0.226834
f 2819 2821 2822
f 2819 2822 2820
v 0.03302 0.2921886 -0.1962489
v 0.0318945 0.2767624 -0.2288617
f 2821 2823 2824
f 2821 2824 2822
f 2823 1592 1591
f 2823 1591 2824
f 2799 1562 1592
f 2799 1592 2823
v 0.26924 0.3204441 -0.1638438
f 2797 2825 2807
v 0.2911421 0.3110078 -0.1683436
f 2797 2826 2793
f 2797 2807 2810
f 2797 2810 2826
v 0.24892 0.3204441 -0.1638438
f 2825 2827 2808
f 2825 2808 2807
v 0.2159 0.3204441 -0.1638438
f 2827 2828 2811
f 2827 2811 2808
v 0.2711238 0.5461249 -0.306775
v 0.2445573 0.5428439 -0.3255853
v 0.24892 0.5479549 -0.3172291
v 0.26924 0.547849 -0.3031299
f 2829 2830 2831
f 2829 2831 2832
v 0.2159 0.5432934 -0.3350305
v 0.2159 0.5479549 -0.3172291
f 2830 2833 2834
f 2830 2834 2831
v 0.07366 0.5389116 -0.3503548
v 0.0318945 0.5379429 -0.3524029
v 0.03302 0.5479549 -0.3172291
v 0.07366 0.5479549 -0.3172291
f 2835 2836 2837
f 2835 2837 2838
f 2836 1608 1607
f 2836 1607 2837
v 0.2001256 0.5424895 -0.3397003
v 0.1905 0.5479549 -0.3172291
f 2833 2839 2840
f 2833 2840 2834
v 0.160264 0.5409127 -0.3461244
v 0.16256 0.5479549 -0.3172291
f 2839 2841 2842
f 2839 2842 2840
v 0.13716 0.5403799 -0.3472508
v 0.13716 0.5479549 -0.3172291
f 2841 2843 2844
f 2841 2844 2842
v 0.11176 0.5397812 -0.3485165
v 0.11176 0.5479549 -0.3172291
f 2843 2845 2846
f 2843 2846 2844
f 2845 2835 2838
f 2845 2838 2846
v 0.24892 0.5461461 -0.2706033
f 2832 2831 2847
f 2832 2847 2801
v 0.2159 0.5461461 -0.2706033
f 2831 2834 2848
f 2831 2848 2847
v 0.2911421 0.5497533 -0.2812729
f 2849 2832 2801
f 2849 2801 2800
f 2800 2804 2849
f 2849 2829 2832
v 0.19431 0.4694557 -0.1880796
v 0.1719915 0.489631 -0.1976227
v 0.1604184 0.4541105 -0.2073739
v 0.16637 0.4487305 -0.2048291
f 2850 2851 2852
f 2850 2852 2853
v 0.1719915 0.4207482 -0.1650404
v 0.19431 0.4409235 -0.1745835
v 0.16637 0.4411219 -0.2012302
v 0.1604184 0.4357418 -0.1986853
f 2854 2855 2856
f 2854 2856 2857
f 2855 2850 2853
f 2855 2853 2856
v 0.1404285 0.489631 -0.1976227
v 0.1520016 0.4541105 -0.2073739
f 2851 2858 2859
f 2851 2859 2852
v 0.1404285 0.4207482 -0.1650404
v 0.1520016 0.4357418 -0.1986853
f 2860 2854 2857
f 2860 2857 2861
v 0.03302 0.3832699 -0.1418899
f 2862 1632 1563
f 2862 1563 2798
v 0.3111784 0.3821156 -0.1475053
v 0.3048 0.3832699 -0.1450649
f 2863 2864 2795
f 2863 2795 2794
v 0.28956 0.3832699 -0.1418899
f 2864 2865 2796
f 2864 2796 2795
v 0.11811 0.4409235 -0.1745835
v 0.14605 0.4411219 -0.2012302
f 2866 2860 2861
f 2866 2861 2867
v 0.11811 0.4694557 -0.1880796
v 0.14605 0.4487305 -0.2048291
f 2858 2868 2869
f 2858 2869 2859
f 2868 2866 2867
f 2868 2867 2869
v 0.14605 0.4509026 -0.2002369
v 0.1520016 0.4562827 -0.2027817
f 2859 2869 2870
f 2859 2870 2871
v 0.1604184 0.4562827 -0.2027817
f 2852 2859 2871
f 2852 2871 2872
v 0.16637 0.4509026 -0.2002369
f 2853 2852 2872
f 2853 2872 2873
v 0.1520016 0.4379139 -0.1940931
v 0.14605 0.443294 -0.196638
f 2867 2861 2874
f 2867 2874 2875
v 0.16637 0.443294 -0.196638
v 0.1604184 0.4379139 -0.1940931
f 2857 2856 2876
f 2857 2876 2877
f 2861 2857 2877
f 2861 2877 2874
f 2869 2867 2875
f 2869 2875 2870
f 2856 2853 2873
f 2856 2873 2876
v 0.15621 0.4470983 -0.1984374
f 2871 2870 2875
f 2871 2875 2878
f 2873 2872 2871
f 2873 2871 2878
f 2878 2877 2876
f 2878 2876 2873
f 2874 2877 2878
f 2874 2878 2875
v 0.28956 0.5177504 -0.2079732
v 0.3048 0.5177504 -0.2079732
f 2805 2803 2879
f 2805 2879 2880
v 0.310036 0.5344236 -0.2275513
v 0.3111784 0.5165961 -0.2104136
f 2881 2805 2880
f 2881 2880 2882
v 0.1905 0.5461461 -0.2706033
f 2834 2840 2883
f 2834 2883 2848
v 0.16256 0.5461461 -0.2706033
f 2840 2842 2884
f 2840 2884 2883
v 0.13716 0.5461461 -0.2706033
f 2842 2844 2885
f 2842 2885 2884
v 0.11176 0.5461461 -0.2706033
f 2844 2846 2886
f 2844 2886 2885
v 0.07366 0.5461461 -0.2706033
f 2846 2838 2887
f 2846 2887 2886
v 0.03302 0.5461461 -0.2706033
f 2838 2837 2888
f 2838 2888 2887
f 2837 1607 2196
f 2837 2196 2888
v 0.24892 0.536066 -0.2309691
f 2801 2847 2889
f 2801 2889 2802
v 0.2159 0.5362976 -0.2310786
f 2847 2848 2890
f 2847 2890 2889
v 0.07366 0.5362976 -0.2310786
v 0.11176 0.5362976 -0.2310786
f 2886 2887 2891
f 2886 2891 2892
v 0.03302 0.5362976 -0.2310786
f 2887 2888 2893
f 2887 2893 2891
f 2888 2196 2202
f 2888 2202 2893
v 0.1905 0.5362976 -0.2310786
f 2848 2883 2894
f 2848 2894 2890
v 0.16256 0.5362976 -0.2310786
f 2883 2884 2895
f 2883 2895 2894
v 0.13716 0.5362976 -0.2310786
f 2884 2885 2896
f 2884 2896 2895
f 2885 2886 2892
f 2885 2892 2896
v 0.26924 0.5177285 -0.2079628
f 2803 2802 2897
f 2803 2897 2879
v 0.24892 0.5187945 -0.2078533
f 2802 2889 2898
f 2802 2898 2897
v 0.2159 0.5214309 -0.2079628
f 2889 2890 2899
f 2889 2899 2898
v 0.1905 0.5215157 -0.2047878
f 2890 2894 2900
f 2890 2900 2899
v 0.16256 0.5215157 -0.2047878
f 2894 2895 2901
f 2894 2901 2900
v 0.13716 0.5190498 -0.2047878
f 2895 2896 2902
f 2895 2902 2901
v 0.11176 0.5190498 -0.2047878
f 2896 2892 2903
f 2896 2903 2902
v 0.07366 0.5190498 -0.2047878
f 2892 2891 2904
f 2892 2904 2903
v 0.03302 0.5177504 -0.2079732
f 2891 2893 2905
f 2891 2905 2904
f 2893 2202 2215
f 2893 2215 2905
v 0.1905 0.3204441 -0.1638438
f 2812 2811 2828
f 2812 2828 2906
v 0.16256 0.3204441 -0.1638438
f 2815 2812 2906
f 2815 2906 2907
v 0.13716 0.3204441 -0.1638438
f 2817 2815 2907
f 2817 2907 2908
v 0.11176 0.3204441 -0.1638438
f 2819 2817 2908
f 2819 2908 2909
v 0.07366 0.3204441 -0.1638438
f 2821 2819 2909
f 2821 2909 2910
f 2823 2821 2910
f 2823 2910 2799
v 0.26924 0.3563177 -0.1469285
f 2825 2797 2796
f 2825 2796 2911
v 0.24892 0.3563177 -0.1469285
f 2827 2825 2911
f 2827 2911 2912
v 0.2159 0.3563177 -0.1469285
f 2828 2827 2912
f 2828 2912 2913
v 0.1905 0.3563177 -0.1469285
f 2906 2828 2913
f 2906 2913 2914
v 0.16256 0.3563177 -0.1469285
f 2907 2906 2914
f 2907 2914 2915
v 0.13716 0.3563177 -0.1469285
f 2908 2907 2915
f 2908 2915 2916
v 0.11176 0.3563177 -0.1469285
f 2909 2908 2916
f 2909 2916 2917
v 0.07366 0.3563177 -0.1469285
f 2910 2909 2917
f 2910 2917 2918
f 2799 2910 2918
f 2799 2918 2798
v 0.26924 0.3832699 -0.1418899
f 2911 2796 2865
f 2911 2865 2919
v 0.24892 0.3832699 -0.1418899
f 2912 2911 2919
f 2912 2919 2920
v 0.2159 0.3832699 -0.1418899
f 2913 2912 2920
f 2913 2920 2921
v 0.1905 0.3832699 -0.1418899
f 2914 2913 2921
f 2914 2921 2922
v 0.16256 0.3832699 -0.1418899
f 2915 2914 2922
f 2915 2922 2923
v 0.13716 0.3832699 -0.1418899
f 2916 2915 2923
f 2916 2923 2924
v 0.11176 0.3832699 -0.1418899
f 2917 2916 2924
f 2917 2924 2925
v 0.07366 0.3832699 -0.1418899
f 2918 2917 2925
f 2918 2925 2926
f 2798 2918 2926
f 2798 2926 2862
v 0.3111784 0.4953875 -0.2004925
v 0.3048 0.4977368 -0.1954705
f 2927 2882 2880
f 2927 2880 2928
v 0.3111784 0.471675 -0.1894001
v 0.3048 0.4747931 -0.1827346
f 2929 2927 2928
f 2929 2928 2930
v 0.3111784 0.4453041 -0.1770641
v 0.3048 0.4484221 -0.1703986
f 2931 2929 2930
f 2931 2930 2932
v 0.3111784 0.4222691 -0.1662886
v 0.3048 0.4247716 -0.1609391
f 2933 2931 2932
f 2933 2932 2934
v 0.3111784 0.4016582 -0.1566471
v 0.3048 0.4040299 -0.151577
f 2935 2933 2934
f 2935 2934 2936
f 2863 2935 2936
f 2863 2936 2864
v 0.28956 0.4990553 -0.1926518
f 2928 2880 2879
f 2928 2879 2937
v 0.28956 0.4772058 -0.177577
f 2930 2928 2937
f 2930 2937 2938
v 0.28956 0.4508348 -0.165241
f 2932 2930 2938
f 2932 2938 2939
v 0.28956 0.4271702 -0.1558114
f 2934 2932 2939
f 2934 2939 2940
v 0.28956 0.4053885 -0.1486727
f 2936 2934 2940
f 2936 2940 2941
f 2864 2936 2941
f 2864 2941 2865
v 0.26924 0.5000582 -0.1905079
f 2937 2879 2897
f 2937 2897 2942
v 0.26924 0.4786356 -0.1745203
f 2938 2937 2942
f 2938 2942 2943
v 0.26924 0.4522647 -0.1621843
f 2939 2938 2943
f 2939 2943 2944
v 0.26924 0.4284541 -0.1530667
f 2940 2939 2944
f 2940 2944 2945
v 0.26924 0.4057977 -0.1446228
f 2941 2940 2945
f 2941 2945 2946
f 2865 2941 2946
f 2865 2946 2919
v 0.24892 0.5003042 -0.1899821
f 2942 2897 2898
f 2942 2898 2947
v 0.24892 0.4790584 -0.1736166
f 2943 2942 2947
f 2943 2947 2948
v 0.24892 0.4526873 -0.1612808
f 2944 2943 2948
f 2944 2948 2949
v 0.24892 0.4284543 -0.1530664
f 2945 2944 2949
f 2945 2949 2950
v 0.24892 0.4057978 -0.1446227
f 2946 2945 2950
f 2946 2950 2951
f 2919 2946 2951
f 2919 2951 2920
v 0.2159 0.5002781 -0.1900378
f 2947 2898 2899
f 2947 2899 2952
v 0.2159 0.4775958 -0.1767432
f 2948 2947 2952
f 2948 2952 2953
v 0.2159 0.4512248 -0.1644072
f 2949 2948 2953
f 2949 2953 2954
v 0.2159 0.4276649 -0.1547539
f 2950 2949 2954
f 2950 2954 2955
v 0.2159 0.4053286 -0.1456258
f 2951 2950 2955
f 2951 2955 2956
f 2920 2951 2956
f 2920 2956 2921
v 0.1905 0.4983238 -0.1894531
f 2952 2899 2900
f 2952 2900 2957
f 2953 2952 2957
f 2953 2957 2850
f 2954 2953 2850
f 2954 2850 2855
v 0.1905 0.4246445 -0.1612108
f 2955 2954 2855
f 2955 2855 2958
v 0.1905 0.4044057 -0.1475987
f 2956 2955 2958
f 2956 2958 2959
f 2921 2956 2959
f 2921 2959 2922
v 0.16256 0.4979797 -0.1949512
f 2957 2900 2901
f 2957 2901 2960
f 2850 2957 2960
f 2850 2960 2851
v 0.16256 0.4044057 -0.1475987
f 2959 2958 2854
f 2959 2854 2961
f 2922 2959 2961
f 2922 2961 2923
v 0.13716 0.4979797 -0.1949512
f 2960 2901 2902
f 2960 2902 2962
v 0.13716 0.4047932 -0.1467703
f 2961 2854 2860
f 2961 2860 2963
f 2923 2961 2963
f 2923 2963 2924
v 0.11176 0.49822 -0.1944376
f 2962 2902 2903
f 2962 2903 2964
f 2858 2962 2964
f 2858 2964 2868
v 0.11176 0.4252861 -0.159839
v 0.11176 0.4047932 -0.1467703
f 2963 2860 2965
f 2963 2965 2966
f 2924 2963 2966
f 2924 2966 2925
v 0.07366 0.4992066 -0.1923285
f 2964 2903 2904
f 2964 2904 2967
v 0.07366 0.477751 -0.1764115
f 2868 2964 2967
f 2868 2967 2968
v 0.07366 0.4522638 -0.1621862
f 2866 2868 2968
f 2866 2968 2969
v 0.07366 0.428345 -0.1533001
f 2965 2866 2969
f 2965 2969 2970
v 0.07366 0.4054772 -0.1453082
f 2966 2965 2970
f 2966 2970 2971
f 2925 2966 2971
f 2925 2971 2926
v 0.03302 0.4997437 -0.1911802
f 2967 2904 2905
f 2967 2905 2972
v 0.03302 0.4778965 -0.1761005
f 2968 2967 2972
f 2968 2972 2973
v 0.03302 0.4524552 -0.161777
f 2969 2968 2973
f 2969 2973 2974
v 0.03302 0.4284905 -0.152989
f 2970 2969 2974
f 2970 2974 2975
v 0.03302 0.4060144 -0.1441597
f 2971 2970 2975
f 2971 2975 2976
f 2926 2971 2976
f 2926 2976 2862
f 2972 2905 2215
f 2972 2215 2287
f 2973 2972 2287
f 2973 2287 2288
f 2974 2973 2288
f 2974 2288 2289
f 2975 2974 2289
f 2975 2289 2290
f 2976 2975 2290
f 2976 2290 2291
f 2862 2976 2291
f 2862 2291 1632
f 2851 2960 2962
f 2851 2962 2858
v 0.1831508 0.4308359 -0.169812
f 2855 2977 2854
f 2855 2854 2958
v 0.1292692 0.4308359 -0.169812
f 2978 2866 2965
f 2978 2965 2860
v 0.1391547 0.7197486 -0.3098831
v 0.1730113 0.7197486 -0.3098831
v 0.1604184 0.7465877 -0.3336525
v 0.1520016 0.7465877 -0.3336525
f 2979 2980 2981
f 2979 2981 2982
v 0.1730113 0.8002072 -0.3242837
v 0.1391547 0.8002072 -0.3242837
v 0.1520016 0.7665898 -0.3372325
v 0.1604184 0.7665898 -0.3372325
f 2983 2984 2985
f 2983 2985 2986
v 0.1969516 0.7433144 -0.3141009
v 0.1969516 0.7766414 -0.3200659
v 0.16637 0.7607313 -0.3361839
v 0.16637 0.7524461 -0.334701
f 2987 2988 2989
f 2987 2989 2990
f 2980 2987 2990
f 2980 2990 2981
f 2988 2983 2986
f 2988 2986 2989
v 0.1520016 0.7474827 -0.3286519
v 0.1604184 0.7474827 -0.3286519
v 0.15621 0.7574837 -0.3304419
v 0.14605 0.7533412 -0.3297005
f 2991 2992 2993
f 2991 2993 2994
v 0.16637 0.7533412 -0.3297005
v 0.16637 0.7616263 -0.3311834
f 2993 2992 2995
f 2993 2995 2996
v 0.1520016 0.7674848 -0.332232
v 0.14605 0.7616263 -0.3311834
f 2997 2998 2994
f 2997 2994 2993
f 2990 2989 2996
f 2990 2996 2995
v 0.14605 0.7607313 -0.3361839
v 0.14605 0.7524461 -0.334701
f 2999 3000 2994
f 2999 2994 2998
v 0.1152144 0.7766414 -0.3200659
v 0.1152144 0.7433144 -0.3141009
f 3001 3002 3000
f 3001 3000 2999
f 3002 2979 2982
f 3002 2982 3000
f 2981 2990 2995
f 2981 2995 2992
f 2982 2981 2992
f 2982 2992 2991
f 3000 2982 2991
f 3000 2991 2994
f 2984 3001 2999
f 2984 2999 2985
v 0.1604184 0.7674848 -0.332232
f 2996 3003 2997
f 2996 2997 2993
f 2989 2986 3003
f 2989 3003 2996
f 2986 2985 2997
f 2986 2997 3003
f 2985 2999 2998
f 2985 2998 2997
v 0.03175 0.6092958 -0.3323029
v 0.03175 0.6015764 -0.3754326
f 3004 1680 1679
f 3004 1679 3005
v 0.16002 0.6092958 -0.3323029
v 0.16002 0.6026952 -0.3691819
f 3006 3004 3005
f 3006 3005 3007
v 0.200025 0.6092958 -0.3323029
v 0.200025 0.6039258 -0.3623062
f 3008 3006 3007
f 3008 3007 3009
v 0.244475 0.6092958 -0.3323029
v 0.244475 0.6061633 -0.3498048
f 3010 3008 3009
f 3010 3009 3011
v 0.03175 0.6270092 -0.3090246
f 3012 1689 1680
f 3012 1680 3004
v 0.16002 0.6270092 -0.3090246
f 3013 3012 3004
f 3013 3004 3006
v 0.200025 0.6270092 -0.3090246
f 3014 3013 3006
f 3014 3006 3008
v 0.244475 0.6270092 -0.3090246
f 3015 3014 3008
f 3015 3008 3010
v 0.271145 0.6390897 -0.3028006
v 0.244475 0.6390897 -0.3028006
v 0.271145 0.6270092 -0.3090246
f 3016 3017 3015
f 3016 3015 3018
v 0.2911094 0.6391098 -0.3022093
v 0.2911094 0.6276342 -0.3091365
f 3019 3016 3018
f 3019 3018 3020
v 0.271145 0.6520552 -0.2988403
v 0.244475 0.6520552 -0.2988403
f 3021 3022 3017
f 3021 3017 3016
v 0.2911094 0.6523817 -0.2985119
f 3023 3021 3016
f 3023 3016 3019
v 0.03175 0.886607 -0.426448
v 0.03175 0.8943264 -0.3833183
f 3024 1703 1702
f 3024 1702 3025
v 0.16002 0.8877257 -0.4201973
v 0.16002 0.8943264 -0.3833183
f 3026 3024 3025
f 3026 3025 3027
v 0.200025 0.8889564 -0.4133216
v 0.200025 0.8943264 -0.3833183
f 3028 3026 3027
f 3028 3027 3029
v 0.244475 0.8911939 -0.4008202
v 0.244475 0.8943264 -0.3833183
f 3030 3028 3029
f 3030 3029 3031
v 0.271145 0.8930763 -0.3830946
v 0.271145 0.8931881 -0.3824695
f 3032 3030 3031
f 3032 3031 3033
v 0.271145 0.610546 -0.3325267
v 0.271145 0.6106578 -0.3319016
f 3034 3035 3010
f 3034 3010 3011
f 3015 3010 3035
f 3015 3035 3018
v 0.271145 0.6625586 -0.2978241
v 0.244475 0.6625586 -0.2978241
f 3036 3037 3022
f 3036 3022 3021
v 0.271145 0.6748471 -0.2976464
v 0.244475 0.6748471 -0.2976464
f 3037 3036 3038
f 3037 3038 3039
f 3018 3035 3034
f 3018 3034 3020
v 0.191135 0.8943264 -0.3833183
v 0.16002 0.8863001 -0.3560781
v 0.191135 0.8863001 -0.3560781
f 3040 3027 3041
f 3040 3041 3042
v 0.244475 0.8863001 -0.3560781
v 0.271145 0.88505 -0.3558544
f 3033 3031 3043
f 3033 3043 3044
v 0.2911094 0.8849249 -0.355832
f 3045 3032 3033
f 3045 3033 3044
v 0.16002 0.8777534 -0.3461623
v 0.191135 0.8777534 -0.3461623
f 3042 3041 3046
f 3042 3046 3047
v 0.244475 0.8777534 -0.3461623
v 0.271145 0.8765033 -0.3459385
f 3044 3043 3048
f 3044 3048 3049
v 0.2911094 0.8763783 -0.3459161
f 3045 3044 3049
f 3045 3049 3050
v 0.16002 0.8664242 -0.3373761
v 0.191135 0.8664242 -0.3373761
f 3047 3046 3051
f 3047 3051 3052
v 0.244475 0.8661471 -0.3389242
v 0.271145 0.8648969 -0.3387005
f 3049 3048 3053
f 3049 3053 3054
v 0.2911094 0.8647719 -0.3386781
f 3050 3049 3054
f 3050 3054 3055
v 0.244475 0.856274 -0.3328148
v 0.271145 0.8550239 -0.3325911
f 3054 3053 3056
f 3054 3056 3057
v 0.2911094 0.8550027 -0.3319885
f 3055 3054 3057
f 3055 3057 3058
v 0.1531191 0.8566574 -0.330673
v 0.1842341 0.8566574 -0.330673
f 3052 3051 3059
f 3052 3059 3060
v 0.16002 0.8453033 -0.3256299
v 0.191135 0.8453033 -0.3256299
f 3060 3059 3061
f 3060 3061 3062
v 0.244475 0.8450433 -0.3270822
v 0.271145 0.8437932 -0.3268584
f 3057 3056 3063
f 3057 3063 3064
v 0.2911094 0.8433502 -0.3286127
f 3058 3057 3064
f 3058 3064 3065
v 0.2911094 0.6631836 -0.2979359
f 3036 3021 3023
f 3036 3023 3066
v 0.2911094 0.6753475 -0.2984549
f 3038 3036 3066
f 3038 3066 3067
v 0.2975864 0.6391121 -0.3026756
f 3068 3019 3020
v 0.3005836 0.6523518 -0.3007877
v 0.2975864 0.6517715 -0.3004258
f 3069 3070 3068
f 3023 3019 3068
f 3023 3068 3070
v 0.2975864 0.66222 -0.2997155
f 3066 3023 3070
f 3066 3070 3071
v 0.2975864 0.6742082 -0.3012161
f 3067 3066 3071
f 3067 3071 3072
v 0.3005836 0.6628004 -0.3000774
v 0.3005836 0.6747885 -0.301578
f 3073 3074 3072
f 3073 3072 3071
f 3069 3073 3071
f 3069 3071 3070
v 0.3019846 0.6728026 -0.301861
f 3073 3069 3075
f 3073 3075 3074
v 0.2975864 0.8764006 -0.3457911
f 3076 3050 3045
v 0.3005836 0.8641245 -0.3386912
v 0.2975864 0.8647943 -0.3385531
f 3077 3078 3076
v 0.3016504 0.8438508 -0.3330241
v 0.3005836 0.853834 -0.3349141
v 0.3005836 0.8421814 -0.3315383
f 3079 3077 3080
f 3079 3080 3081
v 0.2975864 0.8545038 -0.334776
f 3082 3080 3077
f 3082 3077 3078
f 3058 3082 3078
f 3058 3078 3055
f 3050 3055 3078
f 3050 3078 3076
v 0.2975864 0.8428513 -0.3314002
f 3083 3082 3058
f 3083 3058 3065
f 3081 3080 3082
f 3081 3082 3083
v 0.3023189 0.8321648 -0.3298355
f 3084 3079 3081
v 0.3023189 0.684774 -0.3034552
f 3085 3075 3074
f 3085 3084 3081
f 3085 3081 3074
v 0.244475 0.6935823 -0.2993687
v 0.271145 0.6935823 -0.2993687
f 3086 3039 3038
f 3086 3038 3087
v 0.244475 0.7123279 -0.3010331
v 0.271145 0.7122409 -0.3015189
f 3088 3086 3087
f 3088 3087 3089
v 0.244475 0.7312225 -0.3018647
v 0.271145 0.7311356 -0.3023505
f 3090 3088 3089
f 3090 3089 3091
v 0.244475 0.7502794 -0.3017899
v 0.271145 0.7498853 -0.3039919
f 3092 3090 3091
f 3092 3091 3093
v 0.244475 0.7687317 -0.3050926
v 0.271145 0.7683376 -0.3072946
f 3094 3092 3093
f 3094 3093 3095
v 0.244475 0.7870022 -0.3094113
v 0.271145 0.7869872 -0.3094956
f 3096 3094 3095
f 3096 3095 3097
v 0.244475 0.8050877 -0.3147639
v 0.271145 0.8050726 -0.3148482
f 3098 3096 3097
f 3098 3097 3099
v 0.244475 0.8233922 -0.3188929
v 0.271145 0.8234141 -0.3187703
f 3100 3098 3099
f 3100 3099 3101
f 3063 3100 3101
f 3063 3101 3064
v 0.217805 0.6939376 -0.2973835
v 0.217805 0.675184 -0.2957641
f 3102 3103 3039
f 3102 3039 3086
v 0.217805 0.7129714 -0.2974379
f 3104 3102 3086
f 3104 3086 3088
v 0.217805 0.7314237 -0.3007406
f 3105 3104 3088
f 3105 3088 3090
v 0.217805 0.7498989 -0.3039159
f 3106 3105 3090
f 3106 3090 3092
v 0.217805 0.7683512 -0.3072186
f 3107 3106 3092
f 3107 3092 3094
v 0.217805 0.7865721 -0.3118144
f 3108 3107 3094
f 3108 3094 3096
v 0.217805 0.8050877 -0.3147639
f 3109 3108 3096
f 3109 3096 3098
v 0.217805 0.8231603 -0.3201882
f 3110 3109 3098
f 3110 3098 3100
v 0.217805 0.8453712 -0.3252505
f 3111 3110 3100
f 3111 3100 3063
v 0.191135 0.6942351 -0.2957217
v 0.191135 0.675184 -0.2957641
f 3112 3113 3103
f 3112 3103 3102
v 0.191135 0.7123514 -0.3009018
f 3114 3112 3102
f 3114 3102 3104
f 2980 3114 3104
f 2980 3104 3105
f 2987 2980 3105
f 2987 3105 3106
f 2988 2987 3106
f 2988 3106 3107
v 0.1849815 0.7884243 -0.3221748
f 3115 2988 3107
f 3115 3107 3108
v 0.191135 0.8046395 -0.3172682
f 3116 3115 3108
f 3116 3108 3109
v 0.191135 0.8233209 -0.319291
f 3117 3116 3109
f 3117 3109 3110
f 3062 3117 3110
f 3062 3110 3111
v 0.05334 0.6943697 -0.2949692
v 0.05334 0.6748979 -0.2973628
v 0.08001 0.6748979 -0.2973628
v 0.08001 0.6942448 -0.2956674
f 3118 3119 3120
f 3118 3120 3121
v 0.05334 0.7130368 -0.2970725
v 0.08001 0.7125929 -0.2995525
f 3122 3118 3121
f 3122 3121 3123
v 0.05334 0.7318456 -0.2983834
v 0.08001 0.7314017 -0.3008634
f 3124 3122 3123
f 3124 3123 3125
v 0.05334 0.7504404 -0.3008903
v 0.08001 0.7499965 -0.3033704
f 3126 3124 3125
f 3126 3125 3127
v 0.05334 0.7688928 -0.304193
v 0.08001 0.7684489 -0.306673
f 3128 3126 3127
f 3128 3127 3129
v 0.05334 0.7872027 -0.3082913
v 0.08001 0.7867588 -0.3107713
f 3130 3128 3129
f 3130 3129 3131
v 0.05334 0.8052986 -0.3135857
v 0.08001 0.8048547 -0.3160657
f 3132 3130 3131
f 3132 3131 3133
v 0.05334 0.8236101 -0.317675
v 0.08001 0.8229468 -0.3213812
f 3134 3132 3133
f 3134 3133 3135
v 0.05334 0.8449161 -0.327793
v 0.08001 0.8449161 -0.327793
f 3136 3134 3135
f 3136 3135 3137
v 0.02667 0.6943697 -0.2949692
v 0.02667 0.6748979 -0.2973628
f 3138 3139 3119
f 3138 3119 3118
v 0.02667 0.7136227 -0.2937988
f 3140 3138 3118
f 3140 3118 3122
v 0.02667 0.7328733 -0.2926415
f 3141 3140 3122
f 3141 3122 3124
v 0.02667 0.7514681 -0.2951485
f 3142 3141 3124
f 3142 3124 3126
v 0.02667 0.7699204 -0.2984511
f 3143 3142 3126
f 3143 3126 3128
v 0.02667 0.7882304 -0.3025494
f 3144 3143 3128
f 3144 3128 3130
v 0.02667 0.8058845 -0.310312
f 3145 3144 3130
f 3145 3130 3132
v 0.02667 0.8236101 -0.317675
f 3146 3145 3132
f 3146 3132 3134
v 0.02667 0.8449161 -0.327793
f 3147 3146 3134
f 3147 3134 3136
f 2358 2357 3139
f 2358 3139 3138
f 2359 2358 3138
f 2359 3138 3140
f 2360 2359 3140
f 2360 3140 3141
f 2361 2360 3141
f 2361 3141 3142
f 2362 2361 3142
f 2362 3142 3143
f 2363 2362 3143
f 2363 3143 3144
f 2364 2363 3144
f 2364 3144 3145
f 2365 2364 3145
f 2365 3145 3146
f 2366 2365 3146
f 2366 3146 3147
v 0.13335 0.6942351 -0.2957217
v 0.13335 0.675184 -0.2957641
v 0.16002 0.675184 -0.2957641
v 0.16002 0.6942351 -0.2957217
f 3148 3149 3150
f 3148 3150 3151
v 0.13335 0.7123514 -0.3009018
v 0.16002 0.7123514 -0.3009018
f 3152 3148 3151
f 3152 3151 3153
v 0.156083 0.7197486 -0.3098831
f 2979 3152 3153
f 2979 3153 3154
v 0.13335 0.8037527 -0.3222226
v 0.16002 0.8037527 -0.3222226
f 3155 2984 2983
f 3155 2983 3156
v 0.13335 0.8233209 -0.319291
v 0.16002 0.8233209 -0.319291
f 3157 3155 3156
f 3157 3156 3158
v 0.13335 0.8453033 -0.3256299
f 3159 3157 3158
f 3159 3158 3061
v 0.10668 0.6940156 -0.2969476
v 0.10668 0.675184 -0.2957641
f 3160 3161 3149
f 3160 3149 3148
v 0.10668 0.7120952 -0.3023333
f 3162 3160 3148
f 3162 3148 3152
v 0.10668 0.7305475 -0.3056359
f 3163 3162 3152
f 3163 3152 2979
v 0.10668 0.7494424 -0.3064664
f 3164 3163 2979
f 3164 2979 3002
v 0.10668 0.7678947 -0.309769
f 3165 3164 3002
f 3165 3002 3001
v 0.10668 0.8042875 -0.3192346
v 0.10668 0.7862235 -0.3137623
f 3166 3167 2984
f 3166 2984 3155
v 0.10668 0.8229692 -0.3212561
f 3168 3166 3155
f 3168 3155 3157
v 0.10668 0.8453033 -0.3256299
f 3169 3168 3157
f 3169 3157 3159
f 3121 3120 3161
f 3121 3161 3160
f 3123 3121 3160
f 3123 3160 3162
f 3125 3123 3162
f 3125 3162 3163
f 3127 3125 3163
f 3127 3163 3164
f 3129 3127 3164
f 3129 3164 3165
f 3131 3129 3165
f 3131 3165 3167
f 3133 3131 3167
f 3133 3167 3166
f 3135 3133 3166
f 3135 3166 3168
f 3137 3135 3168
f 3137 3168 3169
f 3151 3150 3113
f 3151 3113 3112
f 3153 3151 3112
f 3153 3112 3114
f 3154 3153 3114
f 3154 3114 2980
f 3156 2983 3115
f 3156 3115 3116
f 3158 3156 3116
f 3158 3116 3117
f 3061 3158 3117
f 3061 3117 3062
v 0.217805 0.6625586 -0.2978241
f 3170 3037 3039
f 3170 3039 3103
v 0.191135 0.6625586 -0.2978241
f 3171 3170 3103
f 3171 3103 3113
v 0.16002 0.6625586 -0.2978241
f 3172 3171 3113
f 3172 3113 3150
v 0.13335 0.6625586 -0.2978241
f 3173 3172 3150
f 3173 3150 3149
v 0.10668 0.6625586 -0.2978241
f 3174 3173 3149
f 3174 3149 3161
v 0.217805 0.6390897 -0.3028006
v 0.217805 0.6270092 -0.3090246
f 3017 3175 3176
f 3017 3176 3015
v 0.217805 0.6520552 -0.2988403
f 3022 3177 3175
f 3022 3175 3017
f 3037 3170 3177
f 3037 3177 3022
v 0.191135 0.6390897 -0.3028006
v 0.191135 0.6270092 -0.3090246
f 3175 3178 3179
f 3175 3179 3176
v 0.191135 0.6520552 -0.2988403
f 3177 3180 3178
f 3177 3178 3175
f 3170 3171 3180
f 3170 3180 3177
v 0.16002 0.6390897 -0.3028006
f 3178 3181 3013
f 3178 3013 3179
v 0.16002 0.6520552 -0.2988403
f 3180 3182 3181
f 3180 3181 3178
f 3171 3172 3182
f 3171 3182 3180
v 0.13335 0.6390897 -0.3028006
v 0.13335 0.6270092 -0.3090246
f 3181 3183 3184
f 3181 3184 3013
v 0.13335 0.6520552 -0.2988403
f 3182 3185 3183
f 3182 3183 3181
f 3172 3173 3185
f 3172 3185 3182
v 0.10668 0.6390897 -0.3028006
v 0.10668 0.6270092 -0.3090246
f 3183 3186 3187
f 3183 3187 3184
v 0.10668 0.6520552 -0.2988403
f 3185 3188 3186
f 3185 3186 3183
f 3173 3174 3188
f 3173 3188 3185
v 0.08001 0.6624815 -0.2982544
f 3189 3174 3161
f 3189 3161 3120
v 0.08001 0.6390897 -0.3028006
v 0.08001 0.6270092 -0.3090246
f 3186 3190 3191
f 3186 3191 3187
v 0.08001 0.6520552 -0.2988403
f 3188 3192 3190
f 3188 3190 3186
f 3174 3189 3192
f 3174 3192 3188
v 0.05334 0.6624815 -0.2982544
f 3193 3189 3120
f 3193 3120 3119
v 0.05334 0.6390897 -0.3028006
v 0.05334 0.6270092 -0.3090246
f 3190 3194 3195
f 3190 3195 3191
v 0.05334 0.6517491 -0.3005508
f 3192 3196 3194
f 3192 3194 3190
f 3189 3193 3196
f 3189 3196 3192
v 0.02667 0.6624815 -0.2982544
f 3197 3193 3119
f 3197 3119 3139
v 0.02667 0.6390897 -0.3028006
v 0.02667 0.6270092 -0.3090246
f 3194 3198 3199
f 3194 3199 3195
v 0.02667 0.6517491 -0.3005508
f 3196 3200 3198
f 3196 3198 3194
f 3193 3197 3200
f 3193 3200 3196
f 2420 3197 3139
f 2420 3139 2357
f 3198 2421 1689
f 3198 1689 3199
f 3200 2422 2421
f 3200 2421 3198
f 3197 2420 2422
f 3197 2422 3200
v 0.02667 0.8943264 -0.3833183
v 0.02667 0.8863001 -0.3560781
f 3201 1702 2423
f 3201 2423 3202
v 0.02667 0.8777534 -0.3461623
f 3202 2423 2426
f 3202 2426 3203
v 0.02667 0.8661471 -0.3389242
f 3203 2426 2428
f 3203 2428 3204
v 0.02667 0.8562838 -0.3327601
f 3204 2428 2430
f 3204 2430 3205
f 3205 2430 2366
f 3205 2366 3147
v 0.05334 0.8943264 -0.3833183
v 0.05334 0.8863001 -0.3560781
f 3206 3201 3202
f 3206 3202 3207
v 0.05334 0.8777534 -0.3461623
f 3207 3202 3203
f 3207 3203 3208
v 0.05334 0.8661471 -0.3389242
f 3208 3203 3204
f 3208 3204 3209
v 0.05334 0.8562838 -0.3327601
f 3209 3204 3205
f 3209 3205 3210
f 3210 3205 3147
f 3210 3147 3136
v 0.08001 0.8943264 -0.3833183
v 0.08001 0.8863001 -0.3560781
f 3211 3206 3207
f 3211 3207 3212
v 0.08001 0.8777534 -0.3461623
f 3212 3207 3208
f 3212 3208 3213
v 0.08001 0.8661471 -0.3389242
f 3213 3208 3209
f 3213 3209 3214
v 0.08001 0.8562838 -0.3327601
f 3214 3209 3210
f 3214 3210 3215
f 3215 3210 3136
f 3215 3136 3137
v 0.10668 0.8943264 -0.3833183
v 0.10668 0.8863001 -0.3560781
f 3216 3211 3212
f 3216 3212 3217
v 0.10668 0.8777534 -0.3461623
f 3217 3212 3213
f 3217 3213 3218
v 0.10668 0.8664242 -0.3373761
f 3218 3213 3214
f 3218 3214 3219
v 0.0997791 0.8566574 -0.330673
f 3219 3214 3215
f 3219 3215 3220
f 3220 3215 3137
f 3220 3137 3169
v 0.13335 0.8943264 -0.3833183
v 0.13335 0.8863001 -0.3560781
f 3221 3216 3217
f 3221 3217 3222
v 0.13335 0.8777534 -0.3461623
f 3222 3217 3218
f 3222 3218 3223
v 0.13335 0.8664242 -0.3373761
f 3223 3218 3219
f 3223 3219 3224
v 0.1264491 0.8566574 -0.330673
f 3224 3219 3220
f 3224 3220 3225
f 3225 3220 3169
f 3225 3169 3159
f 3027 3221 3222
f 3027 3222 3041
f 3041 3222 3223
f 3041 3223 3046
f 3046 3223 3224
f 3046 3224 3051
f 3051 3224 3225
f 3051 3225 3059
f 3059 3225 3159
f 3059 3159 3061
v 0.217805 0.8943264 -0.3833183
v 0.217805 0.8863001 -0.3560781
f 3031 3226 3227
f 3031 3227 3043
v 0.217805 0.8777534 -0.3461623
f 3043 3227 3228
f 3043 3228 3048
v 0.217805 0.8664242 -0.3373761
f 3048 3228 3229
f 3048 3229 3053
v 0.2109041 0.8566574 -0.330673
f 3053 3229 3230
f 3053 3230 3056
f 3056 3230 3111
f 3056 3111 3063
f 3226 3040 3042
f 3226 3042 3227
f 3227 3042 3047
f 3227 3047 3228
f 3228 3047 3052
f 3228 3052 3229
f 3229 3052 3060
f 3229 3060 3230
f 3230 3060 3062
f 3230 3062 3111
f 2984 3167 3165
f 2984 3165 3001
v 0.2911094 0.6931349 -0.3018682
f 3087 3038 3067
f 3087 3067 3231
v 0.2911094 0.7119719 -0.3030219
f 3089 3087 3231
f 3089 3231 3232
v 0.2911094 0.7308666 -0.3038535
f 3091 3089 3232
f 3091 3232 3233
v 0.2911094 0.7495183 -0.306042
f 3093 3091 3233
f 3093 3233 3234
v 0.2911094 0.7679707 -0.3093446
f 3095 3093 3234
f 3095 3234 3235
v 0.2911094 0.7864789 -0.3123351
f 3097 3095 3235
f 3097 3235 3236
v 0.2911094 0.8045644 -0.3176877
f 3099 3097 3236
f 3099 3236 3237
v 0.2911094 0.8227357 -0.3225605
f 3101 3099 3237
f 3101 3237 3238
f 3064 3101 3238
f 3064 3238 3065
v 0.2975864 0.6932856 -0.3046306
f 3231 3067 3072
f 3231 3072 3239
v 0.2975864 0.711738 -0.3079332
f 3232 3231 3239
f 3232 3239 3240
v 0.2975864 0.7306326 -0.3087649
f 3233 3232 3240
f 3233 3240 3241
v 0.2975864 0.7497585 -0.3083042
f 3234 3233 3241
f 3234 3241 3242
v 0.2975864 0.7682109 -0.3116068
f 3235 3234 3242
f 3235 3242 3243
v 0.2975864 0.7863384 -0.3167244
f 3236 3235 3243
f 3236 3243 3244
v 0.2975864 0.8047908 -0.3200271
f 3237 3236 3244
f 3237 3244 3245
v 0.2975864 0.8227923 -0.3258486
f 3238 3237 3245
f 3238 3245 3246
f 3065 3238 3246
f 3065 3246 3083
v 0.3005836 0.6926158 -0.3047688
f 3239 3072 3074
f 3239 3074 3247
v 0.3005836 0.7110682 -0.3080714
f 3240 3239 3247
f 3240 3247 3248
v 0.3005836 0.7295205 -0.311374
f 3241 3240 3248
f 3241 3248 3249
v 0.3005836 0.7479729 -0.3146767
f 3242 3241 3249
f 3242 3249 3250
v 0.3005836 0.7664252 -0.3179793
f 3243 3242 3250
f 3243 3250 3251
v 0.3005836 0.7848776 -0.321282
f 3244 3243 3251
f 3244 3251 3252
v 0.3005836 0.80333 -0.3245846
f 3245 3244 3252
f 3245 3252 3253
v 0.3005836 0.8217823 -0.3278873
f 3246 3245 3253
f 3246 3253 3254
f 3083 3246 3254
f 3083 3254 3081
v 0.4069999 0.5102052 0.1990881
v 0.39878 0.5105138 0.2024822
v 0.39878 0.5051455 0.2053
v 0.408305 0.5048005 0.2015056
f 3255 3256 3257
f 3255 3257 3258
v 0.4133005 0.5096384 0.1928534
v 0.41529 0.5041682 0.1945493
f 3259 3255 3258
f 3259 3258 3260
v 0.4167798 0.5088841 0.1845563
v 0.4191 0.5033058 0.1850634
f 3261 3259 3260
f 3261 3260 3262
v 0.4045883 0.5141538 0.1951701
v 0.39878 0.5143951 0.1978246
f 3263 3264 3256
f 3263 3256 3255
v 0.4096243 0.5137082 0.1902686
f 3265 3263 3255
f 3265 3255 3259
v 0.4124928 0.5131536 0.1841682
f 3266 3265 3259
f 3266 3259 3261
v 0.4014374 0.5160451 0.190348
v 0.39878 0.5161986 0.1920362
f 3267 3268 3264
f 3267 3264 3263
v 0.4048212 0.5157579 0.1871885
f 3269 3267 3263
f 3269 3263 3265
v 0.4068914 0.5154642 0.1839581
f 3270 3269 3265
f 3270 3265 3266
v 0.408305 0.48485 0.2033193
v 0.39878 0.4851949 0.2071137
v 0.39878 0.4794065 0.2053102
v 0.4069999 0.479098 0.2019161
f 3271 3272 3273
f 3271 3273 3274
v 0.41529 0.4842176 0.196363
v 0.4133005 0.4785312 0.1956813
f 3275 3271 3274
f 3275 3274 3276
v 0.4191 0.4833552 0.1868771
v 0.4167798 0.4777769 0.1873842
f 3277 3275 3276
f 3277 3276 3278
v 0.4096243 0.474062 0.1938728
v 0.4124928 0.4735074 0.1877724
f 3279 3280 3278
f 3279 3278 3276
v 0.4045883 0.4745076 0.1987743
f 3281 3279 3276
f 3281 3276 3274
v 0.39878 0.4747489 0.2014288
f 3282 3281 3274
f 3282 3274 3273
v 0.39878 0.4719312 0.1960606
v 0.4014374 0.4717777 0.1943723
f 3281 3282 3283
f 3281 3283 3284
v 0.4048212 0.4714905 0.1912129
f 3279 3281 3284
f 3279 3284 3285
v 0.4068914 0.4711968 0.1879824
f 3280 3279 3285
f 3280 3285 3286
f 3258 3257 3272
f 3258 3272 3271
f 3260 3258 3271
f 3260 3271 3275
f 3262 3260 3275
f 3262 3275 3277
v 0.418465 0.4533453 -0.1432316
v 0.40894 0.4530004 -0.1470259
v 0.40894 0.472951 -0.1488396
v 0.418465 0.4732959 -0.1450453
f 3287 3288 3289
f 3287 3289 3290
v 0.42545 0.4540352 -0.1356429
v 0.42545 0.4739858 -0.1374566
f 3291 3287 3290
f 3291 3290 3292
v 0.4171004 0.4790441 -0.1436837
v 0.40894 0.4787394 -0.1470361
f 3293 3294 3289
f 3293 3289 3290
v 0.423474 0.4796742 -0.1367527
f 3292 3290 3293
f 3292 3293 3295
v 0.4145788 0.4836275 -0.140619
v 0.40894 0.483397 -0.1431548
f 3296 3297 3294
f 3296 3294 3293
v 0.4198229 0.4841471 -0.1349032
f 3295 3293 3296
f 3295 3296 3298
v 0.4112843 0.4863483 -0.1363176
v 0.40894 0.4862147 -0.1377865
f 3299 3300 3297
f 3299 3297 3296
v 0.4150525 0.4867235 -0.1321897
f 3298 3296 3299
f 3298 3299 3301
v 0.4171004 0.4479369 -0.1408558
v 0.40894 0.4476321 -0.1442082
f 3302 3303 3288
f 3302 3288 3287
v 0.423474 0.448567 -0.1339248
f 3304 3302 3287
f 3304 3287 3291
v 0.4198229 0.4445009 -0.131299
v 0.4145788 0.4439813 -0.1370148
f 3302 3304 3305
f 3302 3305 3306
v 0.40894 0.4437508 -0.1395506
f 3303 3302 3306
f 3303 3306 3307
v 0.4112843 0.4420808 -0.1322933
v 0.40894 0.4419473 -0.1337622
f 3308 3309 3307
f 3308 3307 3306
v 0.4150525 0.4424561 -0.1281654
f 3310 3308 3306
f 3310 3306 3305
v 0.4226528 0.4846385 -0.1294983
v 0.4170514 0.4869491 -0.1297084
f 3311 3298 3301
f 3311 3301 3312
v 0.4269398 0.480369 -0.1291102
f 3313 3295 3298
f 3313 3298 3311
v 0.42926 0.4747907 -0.1286031
f 3292 3295 3313
f 3292 3313 3314
v 0.42926 0.4548401 -0.1267894
f 3315 3314 3292
f 3315 3292 3291
v 0.4269398 0.4492617 -0.1262823
f 3304 3291 3315
f 3304 3315 3316
v 0.4226528 0.4449923 -0.1258941
f 3305 3304 3316
f 3305 3316 3317
v 0.4170514 0.4426816 -0.1256841
f 3310 3305 3317
f 3310 3317 3318
f 3311 3312 3270
f 3311 3270 3266
f 3313 3311 3266
f 3313 3266 3261
f 3314 3313 3261
f 3314 3261 3262
f 3315 3314 3262
f 3315 3262 3277
f 3316 3315 3277
f 3316 3277 3278
f 3317 3316 3278
f 3317 3278 3280
f 3318 3317 3280
f 3318 3280 3286
v 0.3746157 0.4419493 -0.1337401
v 0.3746157 0.4719292 0.1960385
f 3319 3318 3286
f 3319 3286 3320
v 0.2827186 0.3570787 -0.0923973
v 0.2827186 0.3569063 -0.0872806
v 0.2771172 0.3592169 -0.0874907
v 0.2771172 0.3593894 -0.0926073
f 3321 3322 3323
f 3321 3323 3324
v 0.2827186 0.358516 -0.0976289
v 0.2771172 0.3608266 -0.0978389
f 3325 3321 3324
f 3325 3324 3326
v 0.2827186 0.3624828 -0.1030904
v 0.2771172 0.3647934 -0.1033005
f 3327 3325 3326
f 3327 3326 3328
v 0.2827186 0.3748432 -0.114416
v 0.2771172 0.3767019 -0.1138791
f 3329 3327 3328
f 3329 3328 3330
v 0.3021164 0.3570787 -0.0923973
v 0.3021164 0.3569063 -0.0872806
f 3331 3332 3322
f 3331 3322 3321
v 0.3021164 0.358516 -0.0976289
f 3333 3331 3321
f 3333 3321 3325
v 0.3021164 0.3624828 -0.1030904
f 3334 3333 3325
f 3334 3325 3327
v 0.3021164 0.3748432 -0.114416
f 3335 3334 3327
f 3335 3327 3329
v 0.307463 0.3592843 -0.0925978
v 0.307463 0.3591118 -0.0874811
f 3336 3337 3332
f 3336 3332 3331
v 0.307463 0.3607215 -0.0978294
f 3338 3336 3331
f 3338 3331 3333
v 0.307463 0.3646884 -0.1032909
f 3339 3338 3333
f 3339 3333 3334
v 0.307463 0.3765968 -0.1138696
f 3340 3339 3334
f 3340 3334 3335
v 0.2795557 0.439326 -0.1436839
v 0.2842861 0.43768 -0.1456332
f 3329 3330 3341
f 3329 3341 3342
v 0.3040323 0.43768 -0.1456332
f 3335 3329 3342
f 3335 3342 3343
v 0.3097273 0.439318 -0.1436832
f 3340 3335 3343
f 3340 3343 3344
v 0.3021164 0.3969195 0.184533
v 0.307463 0.399125 0.1843325
v 0.307463 0.4044716 0.1940484
v 0.3021164 0.402266 0.1942489
f 3345 3346 3347
f 3345 3347 3348
v 0.2827186 0.3969195 0.184533
v 0.2827186 0.402266 0.1942489
f 3349 3345 3348
f 3349 3348 3350
v 0.2771172 0.3992301 0.184323
v 0.2771172 0.4045767 0.1940388
f 3351 3349 3350
f 3351 3350 3352
v 0.3021164 0.4058879 0.1990206
v 0.307463 0.4080935 0.1988201
f 3353 3348 3347
f 3353 3347 3354
v 0.3021164 0.416926 0.208219
v 0.307463 0.4191316 0.2080185
f 3355 3353 3354
f 3355 3354 3356
v 0.3021164 0.4300338 0.2121283
v 0.307463 0.4309858 0.2110987
f 3357 3355 3356
f 3357 3356 3358
v 0.2827186 0.4058879 0.1990206
f 3359 3350 3348
f 3359 3348 3353
v 0.2827186 0.416926 0.208219
f 3360 3359 3353
f 3360 3353 3355
v 0.2827186 0.4300338 0.2121283
f 3361 3360 3355
f 3361 3355 3357
v 0.2771172 0.4081985 0.1988105
f 3362 3352 3350
f 3362 3350 3359
v 0.2771172 0.4192367 0.2080089
f 3363 3362 3359
f 3363 3359 3360
v 0.2771172 0.4310909 0.2110892
f 3364 3363 3360
f 3364 3360 3361
f 3332 3337 3346
f 3332 3346 3345
f 3322 3332 3345
f 3322 3345 3349
f 3323 3322 3349
f 3323 3349 3351
v 0.281178 0.4552882 -0.1408577
v 0.281178 0.4864479 0.2018988
f 3365 3323 3351
f 3365 3351 3366
v 0.2838093 0.4540684 -0.1445726
f 3341 3330 3365
f 3341 3365 3367
v 0.2838093 0.485803 0.2045079
f 3364 3363 3366
f 3364 3366 3368
v 0.3746157 0.5161966 0.1920141
v 0.3746157 0.5143931 0.1978025
f 3264 3268 3369
f 3264 3369 3370
v 0.3746157 0.5117765 0.2023452
f 3256 3264 3370
f 3256 3370 3371
v 0.3746157 0.5064083 0.2051629
f 3257 3256 3371
f 3257 3371 3372
v 0.3746157 0.4864577 0.2069766
f 3272 3257 3372
f 3272 3372 3373
v 0.3746157 0.4806693 0.2051731
f 3273 3272 3373
f 3273 3373 3374
v 0.3746157 0.4747469 0.2014067
f 3282 3273 3374
f 3282 3374 3375
f 3283 3282 3375
f 3283 3375 3320
v 0.2948397 0.4945457 0.2060428
v 0.2903097 0.4976167 0.203434
v 0.2890672 0.4840895 0.2069934
f 3376 3377 3368
f 3376 3368 3378
v 0.3105275 0.4831833 0.2070758
v 0.3072753 0.4774283 0.207599
f 3379 3376 3378
f 3379 3378 3380
v 0.3148515 0.479851 0.205155
v 0.312294 0.4753917 0.2055604
f 3381 3379 3380
f 3381 3380 3382
v 0.3158963 0.4892252 0.2065265
v 0.3193191 0.4849342 0.2046929
f 3383 3379 3381
f 3383 3381 3384
v 0.3223445 0.491954 0.2062785
v 0.3244326 0.4868517 0.2045185
f 3385 3383 3384
f 3385 3384 3386
v 0.3034781 0.5040658 0.2051774
f 3387 3376 3379
f 3387 3379 3383
v 0.3154036 0.5084732 0.2047767
f 3388 3387 3383
f 3388 3383 3385
v 0.35306 0.5072789 0.2048853
v 0.35306 0.4917551 0.2062965
f 3389 3388 3385
f 3389 3385 3390
v 0.2998922 0.5081412 0.2024772
f 3391 3377 3376
f 3391 3376 3387
v 0.313216 0.5133985 0.2019992
f 3392 3391 3387
f 3392 3387 3388
v 0.35306 0.5126472 0.2020675
f 3393 3392 3388
f 3393 3388 3389
v 0.35306 0.4862299 0.2045751
f 3390 3385 3386
f 3390 3386 3394
f 3378 3368 3364
f 3378 3364 3361
f 3380 3378 3361
f 3380 3361 3357
f 3382 3380 3357
f 3382 3357 3358
v 0.3154036 0.4763185 -0.148925
v 0.313216 0.4816639 -0.1470812
v 0.35306 0.4809126 -0.1470129
v 0.35306 0.4751242 -0.1488165
f 3395 3396 3397
f 3395 3397 3398
v 0.3223445 0.4597993 -0.1474233
v 0.35306 0.4596004 -0.1474052
f 3399 3395 3398
f 3399 3398 3400
v 0.35306 0.4544763 -0.1447156
v 0.3244326 0.455098 -0.1447721
f 3399 3400 3401
f 3399 3401 3402
v 0.3193191 0.4531805 -0.1445978
v 0.3158963 0.4570705 -0.1471752
f 3403 3402 3399
f 3403 3399 3404
v 0.3105275 0.4510286 -0.1466259
v 0.3148515 0.4480973 -0.1441357
f 3405 3404 3403
f 3405 3403 3406
v 0.3072753 0.4452736 -0.1461028
v 0.312294 0.443638 -0.1437303
f 3407 3405 3406
f 3407 3406 3408
f 3343 3407 3408
f 3343 3408 3344
v 0.2890672 0.4519348 -0.1467083
f 3407 3343 3342
f 3407 3342 3409
v 0.2948397 0.462391 -0.1476589
f 3405 3407 3409
f 3405 3409 3410
v 0.3034781 0.4719111 -0.1485244
f 3404 3405 3410
f 3404 3410 3411
f 3399 3404 3411
f 3399 3411 3395
v 0.2998922 0.4764066 -0.1466033
f 3412 3396 3395
f 3412 3395 3411
v 0.2903097 0.4658821 -0.1456465
f 3413 3412 3411
f 3413 3411 3410
f 3367 3413 3410
f 3367 3410 3409
f 3341 3367 3409
f 3341 3409 3342
v 0.3746157 0.483399 -0.1431327
v 0.3746157 0.4862167 -0.1377644
f 3414 3415 3300
f 3414 3300 3297
v 0.3746157 0.4800062 -0.147129
f 3416 3414 3297
f 3416 3297 3294
v 0.3746157 0.4742178 -0.1489325
f 3417 3416 3294
f 3417 3294 3289
v 0.3746157 0.4542672 -0.1471188
f 3418 3417 3289
f 3418 3289 3288
v 0.3746157 0.4488989 -0.1443011
f 3419 3418 3288
f 3419 3288 3303
v 0.3746157 0.4437528 -0.1395285
f 3420 3419 3303
f 3420 3303 3307
f 3319 3420 3307
f 3319 3307 3309
f 3398 3397 3416
f 3398 3416 3417
f 3415 3414 3416
f 3415 3416 3397
v 0.3116994 0.4856843 -0.143621
f 3421 3415 3397
f 3421 3397 3396
v 0.2976961 0.4799078 -0.1430959
f 3422 3421 3396
f 3422 3396 3412
v 0.2869784 0.4692341 -0.1421255
f 3423 3422 3412
f 3423 3412 3413
f 3365 3423 3413
f 3365 3413 3367
f 3400 3398 3417
f 3400 3417 3418
f 3401 3400 3418
f 3401 3418 3419
f 3324 3323 3365
f 3324 3365 3326
f 3328 3326 3365
f 3328 3365 3330
v 0.3123779 0.4743517 0.2029985
f 3356 3424 3382
f 3356 3382 3358
v 0.3123692 0.4743307 0.2030004
f 3425 3356 3354
f 3425 3354 3347
v 0.3123692 0.4741955 0.2030127
f 3426 3347 3346
v 0.3123692 0.4430561 -0.141021
f 3427 3426 3346
f 3427 3346 3337
v 0.3146894 0.4486344 -0.1415281
v 0.3146894 0.4799091 0.2024933
f 3428 3429 3426
f 3428 3426 3427
v 0.3189764 0.4841786 0.2021051
v 0.3189764 0.4529039 -0.1419162
f 3430 3429 3428
f 3430 3428 3431
v 0.3245778 0.4864892 0.2018951
v 0.3245778 0.4552145 -0.1421263
f 3432 3430 3431
f 3432 3431 3433
v 0.35306 0.4859499 0.2019441
v 0.35306 0.4546752 -0.1420773
f 3434 3432 3433
f 3434 3433 3435
f 3430 3432 3386
f 3430 3386 3384
f 3429 3430 3384
f 3429 3384 3381
f 3425 3429 3381
f 3425 3381 3382
v 0.3116994 0.516844 0.1991355
v 0.2976961 0.5110674 0.1996607
f 3436 3437 3391
f 3436 3391 3392
f 3389 3390 3373
f 3389 3373 3372
f 3393 3389 3372
f 3393 3372 3371
f 3369 3393 3371
f 3369 3371 3370
f 3392 3393 3369
f 3392 3369 3436
v 0.2869784 0.5003938 0.200631
f 3377 3391 3437
f 3377 3437 3438
f 3368 3377 3438
f 3368 3438 3366
f 3390 3394 3374
f 3390 3374 3373
v 0.3245141 0.4868862 0.2045154
f 3432 3434 3394
f 3432 3394 3439
v 0.3606881 0.4783531 0.2026347
v 0.35306 0.4551351 -0.1370181
v 0.3606881 0.4475384 -0.1363275
f 3440 3434 3441
f 3440 3441 3442
f 3269 3270 3312
f 3269 3312 3301
f 3267 3269 3301
f 3267 3301 3299
f 3268 3267 3299
f 3268 3299 3300
f 3369 3268 3300
f 3369 3300 3415
f 3436 3369 3415
f 3436 3415 3421
f 3310 3319 3309
f 3310 3309 3308
v 0.3958336 0.4423155 -0.1297121
f 3318 3443 3319
f 3318 3319 3310
f 3433 3431 3403
f 3433 3403 3402
f 3435 3433 3402
f 3435 3402 3401
f 3406 3403 3431
f 3406 3431 3428
f 3408 3406 3428
f 3408 3428 3427
f 3362 3363 3366
f 3362 3366 3352
f 3351 3352 3366
f 3437 3436 3421
f 3437 3421 3422
f 3438 3423 3422
f 3438 3422 3437
f 3365 3366 3438
f 3365 3438 3423
f 3427 3337 3336
f 3427 3336 3338
f 3427 3338 3339
f 3427 3339 3340
f 3408 3427 3340
f 3408 3340 3344
f 3320 3286 3285
f 3320 3285 3284
f 3320 3284 3283
f 3375 3374 3394
f 3375 3394 3434
f 3319 3320 3440
f 3319 3440 3442
f 3320 3375 3434
f 3320 3434 3440
f 3319 3442 3441
f 3319 3441 3401
f 3319 3401 3419
f 3319 3419 3420
