# Blender 5.2.0 LTS
# www.blender.org
mtllib EamesLoungeLow.mtl
o SEAT-BASE
v 0.012019 0.012700 0.411352
v 0.012700 0.052345 0.408601
v 0.009297 0.051363 0.414495
v 0.012700 0.012700 0.401795
v 0.012700 0.053444 0.401795
v 0.006153 0.012700 0.393179
v 0.009297 0.054401 0.395901
v 0.003403 0.054957 0.392498
v -0.003403 0.012700 0.392498
v -0.003403 0.054957 0.392498
v -0.012019 0.012700 0.399045
v -0.009297 0.054401 0.395901
v -0.012700 0.053444 0.401795
v -0.012700 0.012700 0.408601
v -0.012700 0.052345 0.408601
v -0.006153 0.012700 0.417218
v -0.009297 0.051363 0.414495
v -0.003403 0.050809 0.417898
v 0.003403 0.012700 0.417898
v 0.003403 0.050809 0.417898
v -0.012925 0.038101 0.099265
v -0.004295 0.038100 0.102938
v -0.006063 0.107950 0.111828
v -0.017266 0.107950 0.107188
v -0.000957 0.127009 0.107648
v -0.015425 0.127000 0.102266
v -0.003537 0.127000 0.099128
v -0.010696 0.127000 0.096070
v 0.004295 0.038100 0.102938
v 0.006063 0.107950 0.111828
v 0.003537 0.127000 0.099128
v 0.013046 0.038101 0.099177
v 0.017266 0.107950 0.107188
v 0.015127 0.127000 0.102482
v 0.010696 0.127000 0.096070
v -0.005049 0.056925 0.419865
v 0.002779 0.056860 0.420263
v 0.010602 0.057524 0.416204
v -0.013161 0.058139 0.412423
v 0.013970 0.058666 0.409218
v 0.014314 0.106735 0.119029
v -0.014632 0.106618 0.119637
v 0.018377 0.107693 0.112297
v -0.018738 0.107684 0.112443
v 0.013970 0.052399 0.408194
v 0.009857 0.051137 0.415914
v 0.002779 0.050593 0.419238
v -0.006023 0.050723 0.418443
v -0.013565 0.052032 0.410439
v 0.018276 0.107950 0.106559
v -0.018327 0.107950 0.106517
v 0.017736 0.101683 0.105760
v 0.017628 0.100790 0.111512
v 0.005902 0.101593 0.111019
v -0.005908 0.101821 0.111048
v -0.017625 0.100783 0.111513
v -0.017734 0.101682 0.105758
v 0.014073 0.099546 0.118899
v -0.014815 0.099700 0.117978
v 0.001905 0.025400 0.392498
v 0.001905 0.038100 0.102938
v 0.003810 0.100994 0.110459
v 0.003810 0.054957 0.392498
v -0.001905 0.038100 0.102938
v -0.001905 0.025400 0.392498
v -0.003810 0.054957 0.392498
v -0.003810 0.100994 0.110459
v 0.296510 0.025400 0.175687
v 0.295333 0.025400 0.179311
v 0.019945 0.038100 0.089832
v 0.021122 0.038100 0.086208
v 0.310804 0.058139 0.196173
v 0.316140 0.058666 0.169379
v 0.040260 0.106735 0.079379
v 0.031894 0.106618 0.107096
v 0.030259 0.099700 0.106757
v 0.040062 0.099546 0.079568
v 0.317958 0.051877 0.170815
v 0.308792 0.052032 0.195944
v 0.294744 0.054957 0.181122
v 0.026509 0.100994 0.093968
v 0.028864 0.100994 0.086720
v 0.297099 0.054957 0.173875
v 0.318735 0.050723 0.191244
v 0.322535 0.050658 0.180837
v 0.321743 0.057524 0.174741
v 0.317885 0.057203 0.192956
v 0.322956 0.056780 0.185729
v 0.294964 0.012700 0.177903
v 0.294870 0.054957 0.180735
v 0.296973 0.054957 0.174262
v 0.319026 0.012700 0.188584
v 0.321049 0.012700 0.177954
v 0.321130 0.050809 0.182112
v 0.319026 0.050809 0.188584
v 0.304530 0.012700 0.168374
v 0.302031 0.054401 0.169708
v 0.308688 0.053444 0.168293
v 0.315161 0.012700 0.170397
v 0.315161 0.052345 0.170397
v 0.319715 0.051363 0.175454
v 0.298433 0.012700 0.190953
v 0.296285 0.054401 0.187392
v 0.303269 0.052974 0.194249
v 0.311469 0.012700 0.194473
v 0.313969 0.051363 0.193138
v 0.030042 0.101593 0.084904
v 0.034135 0.100790 0.073904
v 0.023242 0.100783 0.107433
v 0.026421 0.101821 0.096145
v 0.023783 0.107684 0.108778
v 0.035113 0.107693 0.073435
v 0.030862 0.107950 0.085001
v 0.027115 0.107950 0.096533
v 0.024717 0.127009 0.090386
v 0.018003 0.127000 0.083479
v 0.015817 0.127000 0.090206
v 0.019206 0.038100 0.092104
v 0.021860 0.038100 0.083935
v 0.020987 0.038101 0.074450
v 0.029910 0.107950 0.072913
v 0.024774 0.127000 0.073492
v 0.028694 0.101683 0.072023
v 0.029605 0.107950 0.071710
v 0.017307 0.127000 0.075725
v 0.019240 0.107950 0.105754
v 0.181348 0.025400 -0.171497
v 0.184431 0.025400 -0.169258
v 0.014232 0.038100 0.065001
v 0.011149 0.038100 0.062762
v 0.205249 0.058139 -0.178761
v 0.181415 0.058665 -0.192116
v 0.010568 0.106735 0.042450
v 0.034343 0.106618 0.058972
v 0.033516 0.099700 0.060422
v 0.010687 0.099546 0.042697
v 0.183343 0.051877 -0.193401
v 0.204409 0.052032 -0.176918
v 0.185972 0.054957 -0.168138
v 0.020194 0.100994 0.060036
v 0.014029 0.100994 0.055557
v 0.179807 0.054957 -0.172617
v 0.203012 0.050723 -0.187827
v 0.194288 0.050658 -0.194657
v 0.188246 0.057523 -0.195787
v 0.203060 0.056925 -0.189550
v 0.196961 0.056860 -0.194473
v 0.182978 0.012700 -0.169342
v 0.185642 0.054957 -0.168377
v 0.180136 0.054957 -0.172378
v 0.202397 0.012700 -0.186759
v 0.191087 0.012700 -0.194135
v 0.195066 0.050809 -0.192927
v 0.200572 0.050809 -0.188926
v 0.176871 0.012700 -0.181385
v 0.177368 0.054401 -0.178595
v 0.178080 0.053444 -0.185364
v 0.182080 0.012700 -0.190870
v 0.182080 0.052345 -0.190870
v 0.188297 0.051363 -0.193638
v 0.196461 0.012700 -0.168609
v 0.192411 0.054401 -0.167666
v 0.198629 0.053444 -0.170434
v 0.202629 0.012700 -0.175940
v 0.202629 0.052345 -0.175940
v 0.203340 0.051363 -0.182709
v 0.012665 0.101593 0.053875
v 0.003469 0.100790 0.046583
v 0.031990 0.100782 0.067304
v 0.022237 0.101821 0.060793
v 0.033437 0.107684 0.067206
v 0.003324 0.107693 0.045509
v 0.013011 0.107950 0.053126
v 0.022821 0.107950 0.060253
v 0.016234 0.127009 0.060634
v 0.007590 0.127000 0.064885
v 0.013312 0.127000 0.069043
v 0.016165 0.038100 0.066406
v 0.009216 0.038100 0.061357
v -0.000075 0.038101 0.059257
v 0.001220 0.107950 0.050295
v 0.000184 0.127000 0.055359
v -0.000002 0.101682 0.051178
v 0.000000 0.107950 0.050215
v 0.000000 0.127000 0.063151
v 0.029156 0.107950 0.070592
v -0.184431 0.025400 -0.169258
v -0.181348 0.025400 -0.171497
v -0.011149 0.038100 0.062762
v -0.014232 0.038100 0.065001
v -0.183953 0.058139 -0.194233
v -0.205009 0.058299 -0.177738
v -0.033729 0.106735 0.059277
v -0.010668 0.106618 0.041771
v -0.009544 0.099700 0.043006
v -0.033457 0.099546 0.059241
v -0.203417 0.052399 -0.174864
v -0.182461 0.052032 -0.192865
v -0.179807 0.054957 -0.172617
v -0.014029 0.100994 0.055557
v -0.020194 0.100994 0.060036
v -0.185972 0.054957 -0.168138
v -0.190971 0.050936 -0.194964
v -0.204627 0.051136 -0.183528
v -0.198469 0.050513 -0.192717
v -0.194890 0.056925 -0.195486
v -0.203614 0.056990 -0.188656
v -0.181877 0.012700 -0.170142
v -0.180136 0.054957 -0.172378
v -0.185642 0.054957 -0.168377
v -0.192441 0.012700 -0.193993
v -0.202951 0.012700 -0.185515
v -0.200572 0.050809 -0.188926
v -0.195066 0.050809 -0.192927
v -0.195218 0.012700 -0.168055
v -0.192411 0.054401 -0.167666
v -0.198629 0.053444 -0.170434
v -0.202629 0.012700 -0.175940
v -0.202629 0.052345 -0.175940
v -0.203340 0.051363 -0.182709
v -0.177013 0.012700 -0.182739
v -0.177368 0.054401 -0.178595
v -0.178080 0.053444 -0.185364
v -0.182080 0.012700 -0.190870
v -0.182080 0.052345 -0.190870
v -0.188297 0.051363 -0.193638
v -0.022215 0.101593 0.060813
v -0.031992 0.100790 0.067306
v -0.003471 0.100783 0.046584
v -0.012678 0.101821 0.053848
v -0.003118 0.107684 0.045177
v -0.033058 0.107693 0.067111
v -0.022821 0.107950 0.060253
v -0.013011 0.107950 0.053126
v -0.014684 0.127009 0.059508
v -0.013312 0.127000 0.069043
v -0.007590 0.127000 0.064885
v -0.009216 0.038100 0.061357
v -0.016165 0.038100 0.066406
v -0.021033 0.038101 0.074593
v -0.029156 0.107950 0.070592
v -0.024660 0.127000 0.073142
v -0.028182 0.101683 0.070908
v -0.028894 0.101679 0.072976
v -0.029577 0.107950 0.071741
v -0.017307 0.127000 0.075725
v -0.001220 0.107950 0.050295
v -0.295333 0.025400 0.179311
v -0.296510 0.025400 0.175687
v -0.021122 0.038100 0.086208
v -0.019945 0.038100 0.089832
v -0.318938 0.058139 0.171139
v -0.307506 0.058666 0.195952
v -0.031414 0.106735 0.106606
v -0.040937 0.106618 0.079265
v -0.039415 0.099700 0.078577
v -0.031364 0.099546 0.106336
v -0.309821 0.051877 0.195859
v -0.317176 0.052032 0.170142
v -0.297099 0.054957 0.173875
v -0.028864 0.100994 0.086720
v -0.026509 0.100994 0.093968
v -0.294744 0.054957 0.181122
v -0.322457 0.050723 0.179788
v -0.319414 0.050658 0.190441
v -0.315190 0.057524 0.194907
v -0.322776 0.057203 0.177904
v -0.322630 0.056780 0.186731
v -0.295384 0.012700 0.176609
v -0.296973 0.054957 0.174262
v -0.294870 0.054957 0.180735
v -0.321332 0.012700 0.179285
v -0.319026 0.012700 0.188584
v -0.319026 0.050809 0.188584
v -0.321130 0.050809 0.182112
v -0.297522 0.012700 0.189941
v -0.296285 0.054401 0.187392
v -0.300839 0.053444 0.192450
v -0.310138 0.012700 0.194756
v -0.307312 0.052345 0.194553
v -0.313969 0.051363 0.193138
v -0.305862 0.012700 0.168091
v -0.302031 0.054401 0.169708
v -0.308688 0.053444 0.168293
v -0.315161 0.012700 0.170397
v -0.315161 0.052345 0.170397
v -0.319715 0.051363 0.175454
v -0.026395 0.101593 0.096130
v -0.023240 0.100790 0.107435
v -0.034135 0.100782 0.073908
v -0.030072 0.101821 0.084907
v -0.035364 0.107684 0.073136
v -0.023755 0.107693 0.108389
v -0.027115 0.107950 0.096533
v -0.030862 0.107950 0.085001
v -0.025309 0.127009 0.088565
v -0.015817 0.127000 0.090206
v -0.018003 0.127000 0.083479
v -0.021860 0.038100 0.083935
v -0.019206 0.038100 0.092104
v -0.019240 0.107950 0.105754
v -0.029910 0.107950 0.072913
v -0.024330 0.130810 0.082234
v -0.024330 0.127000 0.080462
v -0.017830 0.127000 0.097926
v -0.016578 0.130810 0.099179
v -0.000886 0.127000 0.105678
v 0.000886 0.130810 0.105678
v 0.016578 0.127000 0.099179
v 0.017830 0.130810 0.097926
v 0.024330 0.127000 0.082234
v 0.024330 0.130810 0.080462
v 0.019918 0.127000 0.068039
v 0.019918 0.130810 0.068039
v 0.010129 0.127000 0.059209
v 0.008492 0.130810 0.058531
v -0.008492 0.127000 0.058531
v -0.010129 0.130810 0.059209
v -0.019918 0.127000 0.068039
v -0.019918 0.130810 0.068039
v 0.133153 0.227910 0.254447
v 0.121454 0.227931 0.254533
v 0.140378 0.225295 0.243952
v 0.018594 0.203930 0.158195
v 0.070511 0.186545 0.088414
v 0.006806 0.202285 0.151591
v -0.134332 0.227745 0.253786
v -0.140434 0.224983 0.242700
v -0.122316 0.228018 0.254881
v -0.070493 0.186499 0.088227
v -0.018594 0.203930 0.158195
v -0.006806 0.202285 0.151591
v -0.138339 0.161828 -0.010798
v -0.127098 0.160358 -0.016700
v -0.139456 0.164744 0.000905
v -0.006806 0.172197 0.030823
v -0.077291 0.180290 0.063306
v 0.139019 0.162113 -0.009654
v 0.139085 0.164957 0.001760
v 0.128354 0.160375 -0.016632
v 0.077291 0.180290 0.063306
v 0.006806 0.172197 0.030823
v 0.070485 0.183140 0.074744
v -0.070485 0.183140 0.074744
v 0.122316 0.234180 0.253346
v 0.140434 0.231145 0.241165
v 0.070493 0.192660 0.086692
v 0.018594 0.210092 0.156660
v 0.139456 0.170905 -0.000631
v 0.127098 0.166519 -0.018235
v 0.006806 0.178359 0.029287
v 0.077291 0.186452 0.061770
v 0.006806 0.208447 0.150056
v 0.070485 0.189301 0.073209
v -0.006806 0.208447 0.150056
v -0.006806 0.178359 0.029287
v -0.070511 0.192707 0.086879
v -0.077291 0.186452 0.061770
v -0.070485 0.189301 0.073209
v -0.140378 0.231457 0.242417
v -0.121454 0.234093 0.252998
v -0.018594 0.210092 0.156660
v -0.133153 0.234072 0.252911
v -0.128354 0.166536 -0.018167
v -0.139085 0.171118 0.000225
v -0.139019 0.168275 -0.011189
v 0.134332 0.233907 0.252251
v 0.138339 0.167990 -0.012333
v -0.018594 0.189511 0.099942
v -0.025400 0.186690 0.088154
v -0.025400 0.130810 0.088154
v -0.018594 0.130810 0.099942
v -0.006806 0.191135 0.106748
v -0.006806 0.130810 0.106748
v 0.006806 0.191135 0.106748
v 0.006806 0.130810 0.106748
v 0.018594 0.189511 0.099942
v 0.018594 0.130810 0.099942
v 0.025400 0.186690 0.088154
v 0.025400 0.130810 0.088154
v 0.025400 0.183515 0.074542
v 0.025400 0.130810 0.074542
v 0.018594 0.180340 0.062754
v 0.018594 0.130810 0.062754
v 0.006806 0.178435 0.055948
v 0.006806 0.130810 0.055948
v -0.006806 0.178435 0.055948
v -0.006806 0.130810 0.055948
v -0.018594 0.180340 0.062754
v -0.018594 0.130810 0.062754
v -0.025400 0.183515 0.074542
v -0.025400 0.130810 0.074542
v -0.012793 0.190500 0.103292
v -0.112990 0.223059 0.234593
v -0.112990 0.216709 0.234593
v -0.012793 0.153035 0.103292
v -0.118018 0.222168 0.230724
v -0.018318 0.189511 0.100102
v -0.018318 0.153035 0.100102
v -0.118018 0.215818 0.230724
v 0.018318 0.189511 0.100102
v 0.118018 0.222168 0.230724
v 0.118018 0.215818 0.230724
v 0.018318 0.153035 0.100102
v 0.112990 0.216709 0.234593
v 0.012793 0.153035 0.103292
v 0.112990 0.223059 0.234593
v 0.012793 0.190500 0.103292
v 0.110490 0.167005 0.008958
v 0.022225 0.182245 0.069918
v 0.022225 0.153035 0.069918
v 0.106680 0.165543 0.003878
v 0.018415 0.153035 0.064838
v 0.018415 0.180975 0.064838
v -0.110490 0.167005 0.008958
v -0.106680 0.165543 0.003878
v -0.018415 0.153035 0.064838
v -0.022225 0.153035 0.069918
v -0.022225 0.182245 0.069918
v -0.018415 0.180975 0.064838
v -0.167640 0.401913 -0.316532
v -0.157483 0.397978 -0.329588
v -0.163109 0.393898 -0.312789
v -0.152400 0.390049 -0.310970
v -0.147001 0.397919 -0.329542
v -0.143767 0.392645 -0.312190
v -0.137781 0.399297 -0.315313
v -0.137743 0.700905 -0.418806
v -0.146863 0.695661 -0.434269
v -0.146872 0.709363 -0.420336
v -0.152122 0.698507 -0.434485
v -0.158915 0.708988 -0.420270
v -0.157840 0.695951 -0.434301
v -0.167202 0.700293 -0.418697
v -0.158772 0.565670 -0.419993
v -0.146059 0.564502 -0.419620
v -0.137151 0.570006 -0.395016
v -0.167636 0.571434 -0.395474
v -0.168670 0.396752 -0.296533
v -0.168670 0.390017 -0.310908
v -0.158355 0.384625 -0.308382
v -0.158355 0.391360 -0.294006
v -0.156654 0.681998 -0.399299
v -0.156654 0.679201 -0.414925
v -0.148146 0.679201 -0.414925
v -0.148146 0.681998 -0.399299
v -0.140779 0.683388 -0.415675
v -0.140779 0.686185 -0.400048
v -0.136525 0.690641 -0.416973
v -0.136525 0.693438 -0.401346
v -0.136525 0.699015 -0.418472
v -0.136525 0.701812 -0.402845
v -0.140779 0.706268 -0.419770
v -0.140779 0.709064 -0.404143
v -0.148146 0.710455 -0.420519
v -0.148146 0.713252 -0.404892
v -0.156654 0.710455 -0.420519
v -0.156654 0.713252 -0.404892
v -0.164021 0.706268 -0.419770
v -0.164021 0.709064 -0.404143
v -0.168275 0.699015 -0.418472
v -0.168275 0.701812 -0.402845
v -0.168275 0.690641 -0.416973
v -0.168275 0.693438 -0.401346
v -0.164021 0.683388 -0.415675
v -0.164021 0.686185 -0.400048
v -0.146445 0.384625 -0.308382
v -0.146445 0.391360 -0.294006
v -0.136130 0.390017 -0.310908
v -0.136130 0.396752 -0.296533
v -0.130175 0.399358 -0.315284
v -0.130175 0.406093 -0.300909
v -0.130175 0.410143 -0.320337
v -0.130175 0.416878 -0.305962
v -0.136130 0.419483 -0.324713
v -0.136130 0.426218 -0.310338
v -0.146445 0.424876 -0.327240
v -0.146445 0.431611 -0.312864
v -0.158355 0.424876 -0.327240
v -0.158355 0.431611 -0.312864
v -0.168670 0.419483 -0.324713
v -0.168670 0.426218 -0.310338
v -0.174625 0.410143 -0.320337
v -0.174625 0.416878 -0.305962
v -0.174625 0.399358 -0.315284
v -0.174625 0.406093 -0.300909
v 0.140779 0.686185 -0.400048
v 0.140779 0.683388 -0.415675
v 0.148146 0.679201 -0.414925
v 0.148146 0.681998 -0.399299
v 0.136525 0.693438 -0.401346
v 0.136525 0.690641 -0.416973
v 0.136525 0.701812 -0.402845
v 0.136525 0.699015 -0.418472
v 0.140779 0.709064 -0.404143
v 0.140779 0.706268 -0.419770
v 0.148146 0.713252 -0.404892
v 0.148146 0.710455 -0.420519
v 0.156654 0.713252 -0.404892
v 0.156654 0.710455 -0.420519
v 0.164021 0.709064 -0.404143
v 0.164021 0.706268 -0.419770
v 0.168275 0.701812 -0.402845
v 0.168275 0.699015 -0.418472
v 0.168275 0.693438 -0.401346
v 0.168275 0.690641 -0.416973
v 0.164021 0.686185 -0.400048
v 0.164021 0.683388 -0.415675
v 0.156654 0.681998 -0.399299
v 0.156654 0.679201 -0.414925
v 0.137160 0.401913 -0.316532
v 0.167019 0.399297 -0.315313
v 0.167649 0.570006 -0.395016
v 0.137164 0.571434 -0.395474
v 0.158741 0.564502 -0.419620
v 0.157799 0.397919 -0.329542
v 0.146028 0.565670 -0.419993
v 0.167057 0.700905 -0.418806
v 0.137598 0.700293 -0.418697
v 0.146960 0.695951 -0.434301
v 0.145885 0.708988 -0.420270
v 0.152678 0.698507 -0.434485
v 0.157928 0.709363 -0.420336
v 0.157937 0.695661 -0.434269
v 0.136130 0.396752 -0.296533
v 0.136130 0.390017 -0.310908
v 0.146445 0.384625 -0.308382
v 0.146445 0.391360 -0.294006
v 0.158355 0.384625 -0.308382
v 0.158355 0.391360 -0.294006
v 0.168670 0.390017 -0.310908
v 0.168670 0.396752 -0.296533
v 0.174625 0.399358 -0.315284
v 0.174625 0.406093 -0.300909
v 0.174625 0.410143 -0.320337
v 0.174625 0.416878 -0.305962
v 0.168670 0.419483 -0.324713
v 0.168670 0.426218 -0.310338
v 0.136130 0.426218 -0.310338
v 0.136130 0.419483 -0.324713
v 0.130175 0.410143 -0.320337
v 0.130175 0.416878 -0.305962
v 0.130175 0.399358 -0.315284
v 0.130175 0.406093 -0.300909
v 0.161033 0.392645 -0.312190
v 0.152400 0.390049 -0.310970
v 0.147317 0.397978 -0.329588
v 0.141691 0.393898 -0.312789
v 0.158355 0.424876 -0.327240
v 0.158355 0.431611 -0.312864
v 0.146445 0.424876 -0.327240
v 0.146445 0.431611 -0.312864
v -0.174625 0.486456 -0.338921
v -0.174625 0.479721 -0.353297
v -0.168670 0.470381 -0.348921
v -0.168670 0.477116 -0.334545
v -0.136130 0.477116 -0.334545
v -0.136130 0.470381 -0.348921
v -0.130175 0.479721 -0.353297
v -0.130175 0.486456 -0.338921
v -0.146445 0.471723 -0.332019
v -0.146445 0.464988 -0.346394
v -0.158355 0.471723 -0.332019
v -0.158355 0.464988 -0.346394
v -0.174625 0.497241 -0.343974
v -0.174625 0.490506 -0.358350
v -0.168670 0.506582 -0.348350
v -0.168670 0.499847 -0.362726
v -0.130175 0.497241 -0.343974
v -0.130175 0.490506 -0.358350
v -0.136130 0.499847 -0.362726
v -0.136130 0.506582 -0.348350
v -0.158355 0.511974 -0.350877
v -0.158355 0.505239 -0.365252
v -0.146445 0.511974 -0.350877
v -0.146445 0.505239 -0.365252
v 0.168670 0.477116 -0.334545
v 0.168670 0.470381 -0.348921
v 0.174625 0.479721 -0.353297
v 0.174625 0.486456 -0.338921
v 0.130175 0.486456 -0.338921
v 0.130175 0.479721 -0.353297
v 0.136130 0.470381 -0.348921
v 0.136130 0.477116 -0.334545
v 0.146445 0.464988 -0.346394
v 0.146445 0.471723 -0.332019
v 0.158355 0.464988 -0.346394
v 0.158355 0.471723 -0.332019
v 0.174625 0.490506 -0.358350
v 0.174625 0.497241 -0.343974
v 0.168670 0.499847 -0.362726
v 0.168670 0.506582 -0.348350
v 0.136130 0.506582 -0.348350
v 0.136130 0.499847 -0.362726
v 0.130175 0.490506 -0.358350
v 0.130175 0.497241 -0.343974
v 0.158355 0.505239 -0.365252
v 0.158355 0.511974 -0.350877
v 0.146445 0.505239 -0.365252
v 0.146445 0.511974 -0.350877
vn 0.8827 -0.0111 0.4698
vn 0.9750 -0.0013 0.2221
vn 0.7148 0.0084 0.6993
vn 0.9602 -0.0098 -0.2791
vn 0.9601 -0.0068 -0.2796
vn 0.4703 -0.0104 -0.8825
vn 0.6983 0.0080 -0.7157
vn 0.2416 0.0001 -0.9704
vn -0.2791 -0.0098 -0.9602
vn -0.2469 -0.0074 -0.9690
vn -0.8824 -0.0104 -0.4703
vn -0.6898 0.0068 -0.7240
vn -0.9622 0.0023 -0.2724
vn -0.9604 -0.0105 0.2786
vn -0.9738 -0.0081 0.2274
vn -0.4699 -0.0111 0.8827
vn -0.7241 0.0072 0.6896
vn -0.2530 0.0010 0.9675
vn 0.2786 -0.0105 0.9604
vn 0.2601 -0.0076 0.9655
vn -0.5808 -0.1304 0.8035
vn -0.1983 -0.1287 0.9717
vn -0.1537 0.4585 0.8753
vn -0.4130 0.5143 0.7516
vn -0.0234 0.7455 0.6661
vn -0.3932 0.7511 0.5302
vn 0.0003 1.0000 -0.0012
vn -0.0001 1.0000 -0.0003
vn 0.1993 -0.1297 0.9713
vn 0.1488 0.4411 0.8850
vn 0.0001 1.0000 -0.0008
vn 0.5848 -0.1304 0.8007
vn 0.4183 0.5137 0.7491
vn 0.3828 0.7511 0.5379
vn -0.0003 1.0000 -0.0000
vn -0.2831 0.5173 0.8076
vn 0.1537 0.5279 0.8353
vn 0.5620 0.5519 0.6161
vn -0.7045 0.5722 0.4199
vn 0.7323 0.6249 0.2706
vn 0.6208 0.7317 0.2815
vn -0.6169 0.7388 0.2714
vn 0.5021 0.6917 0.5190
vn -0.5457 0.6841 0.4839
vn 0.7308 -0.6796 0.0631
vn 0.5190 -0.7262 0.4507
vn 0.1409 -0.7669 0.6261
vn -0.3467 -0.7403 0.5759
vn -0.7322 -0.6636 0.1534
vn 0.0339 0.9985 0.0441
vn -0.0315 0.9985 0.0458
vn -0.0997 -0.9844 -0.1450
vn 0.4570 -0.8406 0.2907
vn -0.0084 -0.6058 -0.7956
vn 0.0036 -0.4417 -0.8972
vn -0.4495 -0.8629 0.2309
vn 0.1070 -0.9844 -0.1396
vn 0.6350 -0.7725 0.0032
vn -0.6263 -0.7790 0.0304
vn 0.6759 -0.7361 -0.0367
vn 0.6791 -0.7333 -0.0322
vn 0.9995 -0.0324 -0.0019
vn 0.9979 -0.0643 -0.0105
vn -0.6784 -0.7339 -0.0344
vn -0.6743 -0.7378 -0.0324
vn -0.9982 -0.0599 -0.0031
vn -0.9995 -0.0297 -0.0048
vn 0.1739 -0.7361 -0.6541
vn -0.2391 -0.7378 0.6313
vn -0.2424 -0.7339 0.6345
vn 0.1793 -0.7333 -0.6558
vn 0.1696 0.5732 0.8017
vn 0.4452 0.6154 -0.6504
vn 0.4596 0.7317 -0.5034
vn 0.0675 0.7388 0.6706
vn -0.1646 -0.7790 0.6050
vn 0.1992 -0.7725 -0.6029
vn 0.4001 -0.6857 -0.6080
vn -0.0804 -0.6635 0.7438
vn -0.3114 -0.0599 0.9484
vn -0.3135 -0.0297 0.9491
vn 0.3070 -0.0324 -0.9512
vn 0.2984 -0.0643 -0.9523
vn 0.4530 -0.7416 0.4949
vn 0.6690 -0.7395 -0.0749
vn 0.7808 0.5351 -0.3225
vn 0.5392 0.5417 0.6449
vn 0.8340 0.4976 0.2386
vn -0.9650 -0.0283 -0.2607
vn -0.9988 0.0011 -0.0488
vn -0.8367 -0.0007 -0.5477
vn 0.8496 -0.0106 0.5274
vn 0.9703 -0.0112 -0.2415
vn 0.9986 0.0081 0.0528
vn 0.8316 -0.0079 0.5553
vn -0.2913 -0.0241 -0.9563
vn -0.4807 -0.0007 -0.8769
vn 0.0342 0.0083 -0.9994
vn 0.5270 -0.0100 -0.8498
vn 0.5265 -0.0069 -0.8501
vn 0.8764 -0.0009 -0.4816
vn -0.7124 -0.0375 0.7008
vn -0.8927 0.0006 0.4507
vn -0.3678 0.0200 0.9297
vn 0.2123 -0.0216 0.9770
vn 0.3990 0.0059 0.9169
vn -0.7591 -0.6059 -0.2378
vn 0.4177 -0.8406 -0.3448
vn 0.0807 -0.8629 0.4989
vn -0.8521 -0.4418 -0.2806
vn 0.2916 0.6841 0.6686
vn 0.6488 0.6917 -0.3172
vn 0.8877 0.4412 0.1320
vn 0.7850 0.4585 0.4166
vn 0.6262 0.7455 0.2281
vn -0.0007 1.0000 -0.0004
vn -0.0010 1.0000 -0.0007
vn 0.8628 -0.1287 0.4888
vn 0.9854 -0.1297 0.1106
vn 0.9422 -0.1304 -0.3087
vn 0.8413 0.5144 -0.1664
vn 0.6298 0.7511 -0.1978
vn -0.1686 -0.9844 0.0501
vn 0.0524 0.9984 -0.0187
vn -0.0001 1.0000 0.0003
vn 0.5874 0.5140 0.6251
vn -0.5684 -0.7361 -0.3675
vn 0.5265 -0.7378 0.4225
vn 0.5286 -0.7339 0.4266
vn -0.5683 -0.7333 -0.3732
vn 0.8168 0.5722 0.0743
vn -0.4810 0.6154 -0.6244
vn -0.3368 0.7317 -0.5926
vn 0.6586 0.7388 0.1431
vn 0.5246 -0.7790 0.3435
vn -0.5119 -0.7725 -0.3758
vn -0.4546 -0.6857 -0.5684
vn 0.6826 -0.6635 0.3063
vn 0.8057 -0.0599 0.5892
vn 0.8058 -0.0297 0.5914
vn -0.8097 -0.0324 -0.5859
vn -0.8135 -0.0643 -0.5780
vn 0.6126 -0.7390 -0.2805
vn 0.1517 -0.7464 -0.6479
vn -0.0756 0.5365 -0.8405
vn 0.7000 0.5088 -0.5012
vn 0.4007 0.5196 -0.7546
vn -0.5461 -0.0283 0.8372
vn -0.3551 0.0011 0.9348
vn -0.7794 -0.0007 0.6265
vn 0.8751 -0.0258 -0.4832
vn 0.1053 -0.0156 -0.9943
vn 0.3640 -0.0009 -0.9314
vn 0.7734 0.0010 -0.6340
vn -0.9995 -0.0241 -0.0185
vn -0.9825 -0.0007 0.1861
vn -0.9399 0.0083 -0.3414
vn -0.6454 -0.0100 -0.7638
vn -0.6458 -0.0069 -0.7635
vn -0.1873 -0.0009 -0.9823
vn 0.4053 -0.0144 0.9141
vn 0.1267 -0.0021 0.9919
vn 0.6183 0.0023 0.7859
vn 0.9407 -0.0105 0.3391
vn 0.9215 -0.0081 0.3884
vn 0.9912 0.0072 -0.1323
vn -0.4607 -0.6059 0.6485
vn -0.1989 -0.8406 -0.5039
vn 0.4994 -0.8629 0.0774
vn -0.5302 -0.4419 0.7236
vn 0.7260 0.6841 -0.0707
vn -0.1012 0.6917 -0.7151
vn 0.3998 0.4412 -0.8034
vn 0.6388 0.4585 -0.6178
vn 0.4105 0.7455 -0.5251
vn -0.0006 1.0000 0.0006
vn -0.0010 1.0000 0.0008
vn 0.7315 -0.1287 -0.6695
vn 0.4097 -0.1297 -0.9029
vn -0.0024 -0.1304 -0.9915
vn 0.1017 0.5144 -0.8515
vn 0.0065 0.7511 -0.6601
vn -0.0045 -0.9844 0.1758
vn -0.0015 0.9985 -0.0556
vn 0.0003 1.0000 0.0002
vn 0.7760 0.5141 -0.3654
vn -0.5252 -0.7361 0.4270
vn 0.5645 -0.7378 -0.3701
vn 0.5690 -0.7339 -0.3709
vn -0.5305 -0.7333 0.4252
vn 0.3300 0.5808 -0.7442
vn -0.8001 0.5870 0.1234
vn -0.6680 0.7315 0.1369
vn 0.3396 0.7388 -0.5821
vn 0.4888 -0.7790 -0.3928
vn -0.5160 -0.7724 0.3703
vn -0.6177 -0.6727 0.4073
vn 0.5165 -0.6636 -0.5411
vn 0.8094 -0.0599 -0.5842
vn 0.8115 -0.0297 -0.5836
vn -0.8075 -0.0324 0.5890
vn -0.8011 -0.0643 0.5950
vn 0.0716 -0.7404 -0.6684
vn -0.6967 -0.7146 -0.0633
vn -0.3897 -0.7487 -0.5363
vn -0.2514 0.5232 -0.8143
vn -0.7264 0.5083 -0.4626
vn 0.6275 -0.0283 0.7781
vn 0.7794 0.0011 0.6266
vn 0.3549 -0.0007 0.9349
vn -0.1891 -0.0258 -0.9816
vn -0.9131 -0.0156 -0.4074
vn -0.7734 -0.0009 -0.6340
vn -0.3639 0.0010 -0.9314
vn -0.3265 -0.0241 0.9449
vn -0.1266 -0.0007 0.9920
vn -0.6151 0.0083 0.7884
vn -0.9259 -0.0100 0.3777
vn -0.9257 -0.0069 0.3783
vn -0.9921 -0.0009 -0.1255
vn 0.9946 -0.0144 -0.1030
vn 0.9825 -0.0021 0.1861
vn 0.9385 0.0023 -0.3452
vn 0.6132 -0.0105 -0.7898
vn 0.6541 -0.0081 -0.7564
vn 0.1805 0.0072 -0.9836
vn 0.4751 -0.6039 0.6399
vn -0.5398 -0.8411 0.0330
vn 0.2279 -0.8629 -0.4511
vn 0.5244 -0.4419 0.7279
vn 0.1570 0.6841 -0.7123
vn -0.7113 0.6917 -0.1247
vn -0.6405 0.4412 -0.6285
vn -0.3901 0.4585 -0.7985
vn -0.3726 0.7455 -0.5526
vn 0.0004 1.0000 0.0007
vn 0.0004 1.0000 0.0012
vn -0.4107 -0.1287 -0.9026
vn -0.7321 -0.1297 -0.6687
vn -0.9437 -0.1304 -0.3041
vn -0.7771 0.5171 -0.3588
vn -0.6258 0.7511 -0.2102
vn 0.1636 -0.9839 0.0720
vn 0.1766 -0.9831 0.0476
vn -0.0523 0.9985 -0.0161
vn 0.0003 1.0000 -0.0002
vn -0.1077 0.5143 -0.8508
vn 0.2438 -0.7361 0.6314
vn -0.1776 -0.7378 -0.6513
vn -0.1769 -0.7339 -0.6558
vn 0.2404 -0.7333 0.6359
vn -0.6084 0.5732 -0.5489
vn 0.0222 0.6154 0.7879
vn -0.0759 0.7317 0.6774
vn -0.4487 0.7388 -0.5028
vn -0.2225 -0.7790 -0.5862
vn 0.1932 -0.7725 0.6049
vn 0.0337 -0.6858 0.7271
vn -0.3722 -0.6635 -0.6490
vn -0.3055 -0.0599 -0.9503
vn -0.3043 -0.0297 -0.9521
vn 0.3107 -0.0324 0.9500
vn 0.3183 -0.0643 0.9458
vn -0.6573 -0.7416 -0.1341
vn -0.4972 -0.7395 0.4538
vn -0.4421 0.5352 0.7198
vn -0.8153 0.5417 -0.2048
vn -0.8149 0.4976 0.2972
vn 0.9339 -0.0283 -0.3563
vn 0.8367 0.0011 -0.5476
vn 0.9988 -0.0007 -0.0487
vn -0.9847 -0.0111 -0.1741
vn -0.8273 -0.0105 0.5617
vn -0.8379 -0.0076 0.5458
vn -0.9983 0.0010 0.0583
vn 0.7758 -0.0286 0.6303
vn 0.9043 -0.0007 0.4269
vn 0.5562 0.0003 0.8310
vn -0.1228 -0.0250 0.9921
vn 0.0900 -0.0013 0.9959
vn -0.4442 0.0084 0.8959
vn 0.2094 -0.0144 -0.9777
vn 0.4806 -0.0021 -0.8770
vn -0.0383 0.0023 -0.9993
vn -0.5617 -0.0105 -0.8273
vn -0.5172 -0.0081 -0.8558
vn -0.8796 0.0072 -0.4756
vn 0.7539 -0.6060 -0.2538
vn -0.1353 -0.8406 0.5245
vn -0.3591 -0.8629 -0.3555
vn 0.8549 -0.4404 -0.2742
vn -0.6289 0.6841 -0.3695
vn -0.3384 0.6917 0.6380
vn -0.7957 0.4412 0.4150
vn -0.8799 0.4585 0.1243
vn -0.6407 0.7455 0.1836
vn 0.0008 1.0000 -0.0001
vn 0.0012 1.0000 -0.0000
vn -0.9854 -0.1287 0.1117
vn -0.8622 -0.1297 0.4897
vn -0.5830 0.5140 0.6292
vn -0.8408 0.5171 -0.1604
vn -0.9922 -0.0295 0.1209
vn -0.9977 0.0156 -0.0654
vn -0.7748 0.0201 0.6319
vn -0.6319 -0.0201 0.7748
vn -0.1010 0.0201 0.9947
vn 0.1010 -0.0201 0.9947
vn 0.6319 0.0201 0.7748
vn 0.7748 -0.0201 0.6319
vn 0.9922 0.0295 0.1209
vn 0.9977 -0.0156 -0.0654
vn 0.8334 -0.0128 -0.5526
vn 0.8294 0.0128 -0.5585
vn 0.4422 0.0156 -0.8968
vn 0.2680 -0.0295 -0.9630
vn -0.2680 0.0295 -0.9630
vn -0.4422 -0.0156 -0.8968
vn -0.8294 -0.0128 -0.5585
vn -0.8334 0.0128 -0.5526
vn 0.3524 -0.4313 0.8306
vn -0.3123 -0.4396 0.8422
vn 0.7813 -0.5787 0.2339
vn -0.4076 -0.5829 0.7029
vn 0.6384 -0.7681 0.0499
vn -0.1651 -0.5985 0.7839
vn -0.4514 -0.4431 0.7746
vn -0.7876 -0.6008 0.1369
vn 0.2513 -0.4328 0.8657
vn -0.6420 -0.7648 0.0538
vn 0.4076 -0.5829 0.7029
vn 0.1650 -0.5985 0.7839
vn -0.6455 -0.7079 -0.2866
vn -0.0030 -0.7902 -0.6128
vn -0.7352 -0.5492 0.3972
vn 0.1264 -0.8868 -0.4445
vn -0.5397 -0.6155 0.5743
vn 0.7026 -0.6857 -0.1904
vn 0.7099 -0.5353 0.4578
vn 0.0980 -0.7896 -0.6057
vn 0.5397 -0.6155 0.5744
vn -0.1264 -0.8868 -0.4446
vn 0.6159 -0.7077 0.3461
vn -0.7315 0.6811 0.0320
vn -0.2513 0.7884 0.5615
vn 0.7876 0.5948 -0.1610
vn 0.6420 0.7006 -0.3113
vn -0.4076 0.8445 0.3472
vn 0.7352 0.6714 0.0931
vn 0.0030 0.4103 -0.9119
vn -0.1264 0.5746 -0.8086
vn 0.5397 0.8130 0.2184
vn -0.1651 0.8963 0.4115
vn 0.6159 0.7874 -0.0263
vn 0.1651 0.8963 0.4115
vn 0.1264 0.5746 -0.8087
vn -0.6384 0.7017 -0.3163
vn -0.5397 0.8131 0.2184
vn -0.6160 0.7873 -0.0264
vn -0.7813 0.6207 -0.0650
vn 0.3123 0.7833 0.5375
vn 0.4076 0.8446 0.3472
vn -0.3524 0.7705 0.5312
vn -0.0980 0.4131 -0.9054
vn -0.7099 0.6875 0.1532
vn -0.7026 0.5162 -0.4898
vn 0.4514 0.7547 0.4761
vn 0.6455 0.4907 -0.5852
vn -0.6868 -0.0000 0.7269
vn -0.9556 -0.0000 0.2946
vn -0.9659 -0.0000 0.2588
vn -0.7071 -0.0000 0.7071
vn -0.2486 -0.0000 0.9686
vn -0.2588 -0.0000 0.9659
vn 0.2486 -0.0000 0.9686
vn 0.2588 -0.0000 0.9659
vn 0.6868 -0.0000 0.7268
vn 0.7071 -0.0000 0.7071
vn 0.9556 -0.0000 0.2946
vn 0.9659 -0.0000 0.2588
vn 0.9753 -0.0000 -0.2209
vn 0.9659 -0.0000 -0.2588
vn 0.7284 -0.0000 -0.6852
vn 0.7071 -0.0000 -0.7071
vn 0.2698 -0.0000 -0.9629
vn 0.2588 -0.0000 -0.9659
vn -0.2698 -0.0000 -0.9629
vn -0.2588 -0.0000 -0.9659
vn -0.7284 -0.0000 -0.6852
vn -0.7071 -0.0000 -0.7071
vn -0.9753 -0.0000 -0.2209
vn -0.9659 -0.0000 -0.2588
vn 0.7950 -0.0000 0.6066
vn 0.1116 -0.0000 0.9938
vn 0.0957 -0.4138 0.9053
vn 0.3597 -0.7018 0.6149
vn -0.9715 -0.0000 0.2372
vn -0.7949 -0.0000 -0.6067
vn -0.6222 -0.7767 -0.0983
vn -0.8512 -0.4936 0.1784
vn 0.7949 -0.0000 -0.6067
vn 0.9715 -0.0000 0.2372
vn 0.8517 -0.4925 0.1787
vn 0.6216 -0.7768 -0.1011
vn -0.0956 -0.4128 0.9058
vn -0.3617 -0.7020 0.6135
vn -0.1116 -0.0000 0.9938
vn -0.7950 -0.0000 0.6066
vn 0.3130 -0.9182 0.2428
vn 0.5683 -0.0000 0.8228
vn 0.4511 -0.7385 0.5010
vn 0.1358 -0.9903 -0.0294
vn -0.3233 -0.7186 -0.6156
vn -0.5683 -0.0000 -0.8228
vn -0.1134 -0.9927 -0.0404
vn -0.1303 -0.9914 -0.0147
vn 0.3136 -0.7205 -0.6185
vn 0.3013 -0.7369 -0.6052
vn 0.5683 -0.0000 -0.8228
vn -0.8864 -0.0387 0.4613
vn -0.3868 -0.6628 -0.6412
vn -0.6075 -0.4975 0.6192
vn -0.2471 0.2775 0.9284
vn 0.4374 -0.5732 -0.6929
vn 0.1130 0.5753 0.8101
vn 0.8658 -0.1323 0.4826
vn 0.8292 0.4302 0.3570
vn 0.4975 0.1865 -0.8472
vn 0.3174 0.9070 0.2769
vn 0.0224 0.4607 -0.8873
vn -0.3676 0.8864 0.2814
vn -0.4859 0.2043 -0.8498
vn -0.8389 0.4010 0.3681
vn -0.5411 -0.2423 -0.8053
vn 0.5439 -0.2613 -0.7974
vn 0.8511 0.1499 0.5031
vn -0.8485 0.1568 0.5054
vn -0.7071 -0.6403 0.3000
vn -0.5354 -0.7620 -0.3644
vn -0.1960 -0.9394 -0.2812
vn -0.2588 -0.8747 0.4098
vn -0.2588 -0.9508 0.1702
vn -0.1960 -0.8350 -0.5142
vn 0.1960 -0.8350 -0.5142
vn 0.2588 -0.9508 0.1702
vn 0.5354 -0.6421 -0.5487
vn 0.7071 -0.6960 0.1246
vn 0.7314 -0.3080 -0.6085
vn 0.9659 -0.2548 0.0456
vn 0.7314 0.0778 -0.6775
vn 0.9659 0.2548 -0.0456
vn 0.5354 0.4119 -0.7373
vn 0.7071 0.6960 -0.1246
vn 0.1960 0.6048 -0.7719
vn 0.2588 0.9508 -0.1702
vn -0.1960 0.6048 -0.7719
vn -0.2588 0.9508 -0.1702
vn -0.5354 0.4119 -0.7373
vn -0.7071 0.6960 -0.1246
vn -0.7314 0.0778 -0.6775
vn -0.9659 0.2548 -0.0456
vn -0.7314 -0.3080 -0.6085
vn -0.9659 -0.2548 0.0456
vn -0.5354 -0.6421 -0.5487
vn -0.7071 -0.6960 0.1246
vn 0.1960 -0.9394 -0.2812
vn 0.2588 -0.8747 0.4098
vn 0.5354 -0.7620 -0.3644
vn 0.7071 -0.6403 0.3000
vn 0.7314 -0.4546 -0.5084
vn 0.9659 -0.2344 0.1098
vn 0.7314 -0.0997 -0.6747
vn 0.9659 0.2344 -0.1098
vn 0.5354 0.2077 -0.8187
vn 0.7071 0.6403 -0.3000
vn 0.1960 0.3852 -0.9018
vn 0.2588 0.8747 -0.4098
vn -0.1960 0.3852 -0.9018
vn -0.2588 0.8747 -0.4098
vn -0.5354 0.2077 -0.8187
vn -0.7071 0.6403 -0.3000
vn -0.7314 -0.0997 -0.6747
vn -0.9659 0.2344 -0.1098
vn -0.7314 -0.4546 -0.5084
vn -0.9659 -0.2344 0.1098
vn 0.4373 -0.5732 -0.6929
vn 0.1960 0.3851 -0.9018
s 1
usemtl SEAT-BASE
f 1//1 2//2 3//3
f 1//1 4//4 5//5
f 1//1 5//5 2//2
f 4//4 6//6 7//7
f 4//4 7//7 5//5
f 6//6 8//8 7//7
f 6//6 9//9 10//10
f 6//6 10//10 8//8
f 9//9 11//11 12//12
f 9//9 12//12 10//10
f 11//11 13//13 12//12
f 11//11 14//14 15//15
f 11//11 15//15 13//13
f 14//14 16//16 17//17
f 14//14 17//17 15//15
f 16//16 18//18 17//17
f 16//16 19//19 20//20
f 16//16 20//20 18//18
f 19//19 1//1 3//3
f 19//19 3//3 20//20
f 21//21 22//22 23//23
f 21//21 23//23 24//24
f 24//24 23//23 25//25
f 24//24 25//25 26//26
f 25//25 27//27 28//28
f 25//25 28//28 26//26
f 22//22 29//29 30//30
f 22//22 30//30 23//23
f 23//23 30//30 25//25
f 25//25 31//31 27//27
f 29//29 32//32 33//33
f 29//29 33//33 30//30
f 30//30 33//33 34//34
f 30//30 34//34 25//25
f 34//34 35//35 31//31
f 34//34 31//31 25//25
f 36//36 37//37 38//38
f 36//36 38//38 39//39
f 39//39 38//38 40//40
f 39//39 40//40 41//41
f 39//39 41//41 42//42
f 42//42 41//41 43//43
f 42//42 43//43 44//44
f 44//44 43//43 30//30
f 44//44 30//30 23//23
f 45//45 40//40 38//38
f 45//45 38//38 46//46
f 46//46 38//38 37//37
f 46//46 37//37 47//47
f 47//47 37//37 36//36
f 47//47 36//36 48//48
f 48//48 36//36 39//39
f 48//48 39//39 49//49
f 30//30 43//43 33//33
f 43//43 50//50 33//33
f 23//23 24//24 293//293
f 23//23 293//293 44//44
f 24//24 51//51 293//293
f 53//53 54//54 52//52
f 53//53 52//52 109//109
f 55//55 56//56 57//57
f 109//109 43//43 53//53
f 53//53 43//43 41//41
f 53//53 41//41 58//58
f 58//58 41//41 40//40
f 58//58 40//40 45//45
f 49//49 39//39 42//42
f 49//49 42//42 59//59
f 59//59 42//42 44//44
f 59//59 44//44 56//56
f 56//56 44//44 293//293
f 60//60 61//61 62//62
f 60//60 62//62 63//63
f 64//64 65//65 66//66
f 64//64 66//66 67//67
f 54//54 53//53 56//56
f 54//54 56//56 55//55
f 56//56 53//53 58//58
f 56//56 58//58 59//59
f 59//59 58//58 45//45
f 59//59 45//45 49//49
f 49//49 45//45 46//46
f 49//49 46//46 48//48
f 48//48 46//46 47//47
f 60//60 65//65 64//64
f 60//60 64//64 61//61
f 68//68 69//69 70//70
f 68//68 70//70 71//71
f 72//72 73//73 74//74
f 72//72 74//74 75//75
f 76//76 77//77 78//78
f 76//76 78//78 79//79
f 70//70 69//69 80//80
f 70//70 80//80 81//81
f 68//68 71//71 82//82
f 68//68 82//82 83//83
f 77//77 74//74 73//73
f 77//77 73//73 78//78
f 79//79 72//72 75//75
f 79//79 75//75 76//76
f 79//79 78//78 85//85
f 79//79 85//85 84//84
f 72//72 86//86 73//73
f 87//87 86//86 72//72
f 88//88 86//86 87//87
f 89//89 90//90 91//91
f 92//92 93//93 94//94
f 92//92 94//94 95//95
f 85//85 88//88 84//84
f 96//96 89//89 91//91
f 96//96 91//91 97//97
f 96//96 97//97 98//98
f 99//99 96//96 98//98
f 99//99 98//98 100//100
f 93//93 99//99 100//100
f 93//93 100//100 101//101
f 93//93 101//101 94//94
f 78//78 73//73 86//86
f 78//78 86//86 85//85
f 85//85 86//86 88//88
f 89//89 102//102 103//103
f 89//89 103//103 90//90
f 102//102 104//104 103//103
f 102//102 105//105 104//104
f 105//105 106//106 104//104
f 105//105 92//92 95//95
f 105//105 95//95 106//106
f 84//84 88//88 87//87
f 84//84 87//87 72//72
f 84//84 72//72 79//79
f 107//107 108//108 109//109
f 107//107 109//109 110//110
f 109//109 108//108 77//77
f 109//109 77//77 76//76
f 111//111 112//112 113//113
f 111//111 113//113 114//114
f 75//75 74//74 112//112
f 75//75 112//112 111//111
f 115//115 116//116 117//117
f 114//114 113//113 115//115
f 118//118 119//119 113//113
f 118//118 113//113 114//114
f 119//119 120//120 121//121
f 119//119 121//121 113//113
f 113//113 121//121 122//122
f 113//113 122//122 115//115
f 108//108 112//112 74//74
f 108//108 74//74 77//77
f 169//169 112//112 108//108
f 108//108 107//107 123//123
f 108//108 123//123 169//169
f 112//112 124//124 121//121
f 113//113 112//112 121//121
f 122//122 125//125 116//116
f 122//122 116//116 115//115
f 32//32 118//118 114//114
f 32//32 114//114 126//126
f 126//126 114//114 115//115
f 126//126 115//115 34//34
f 76//76 75//75 111//111
f 76//76 111//111 109//109
f 109//109 111//111 43//43
f 110//110 109//109 52//52
f 126//126 50//50 43//43
f 114//114 126//126 43//43
f 114//114 43//43 111//111
f 115//115 117//117 35//35
f 115//115 35//35 34//34
f 127//127 128//128 129//129
f 127//127 129//129 130//130
f 131//131 132//132 133//133
f 131//131 133//133 134//134
f 135//135 136//136 137//137
f 135//135 137//137 138//138
f 129//129 128//128 139//139
f 129//129 139//139 140//140
f 127//127 130//130 141//141
f 127//127 141//141 142//142
f 136//136 133//133 132//132
f 136//136 132//132 137//137
f 138//138 131//131 134//134
f 138//138 134//134 135//135
f 138//138 137//137 144//144
f 138//138 144//144 143//143
f 131//131 145//145 132//132
f 146//146 145//145 131//131
f 146//146 147//147 145//145
f 148//148 149//149 150//150
f 151//151 152//152 153//153
f 151//151 153//153 154//154
f 144//144 147//147 146//146
f 144//144 146//146 143//143
f 155//155 148//148 150//150
f 155//155 150//150 156//156
f 155//155 156//156 157//157
f 158//158 155//155 157//157
f 158//158 157//157 159//159
f 152//152 158//158 159//159
f 152//152 159//159 160//160
f 152//152 160//160 153//153
f 137//137 132//132 145//145
f 137//137 145//145 144//144
f 144//144 145//145 147//147
f 148//148 161//161 162//162
f 148//148 162//162 149//149
f 161//161 163//163 162//162
f 161//161 164//164 165//165
f 161//161 165//165 163//163
f 164//164 151//151 166//166
f 164//164 166//166 165//165
f 151//151 154//154 166//166
f 143//143 146//146 131//131
f 143//143 131//131 138//138
f 167//167 168//168 169//169
f 167//167 169//169 170//170
f 169//169 168//168 136//136
f 169//169 136//136 135//135
f 171//171 172//172 173//173
f 171//171 173//173 174//174
f 134//134 133//133 172//172
f 134//134 172//172 171//171
f 175//175 176//176 177//177
f 174//174 173//173 175//175
f 178//178 179//179 173//173
f 178//178 173//173 174//174
f 179//179 180//180 181//181
f 179//179 181//181 173//173
f 173//173 181//181 182//182
f 173//173 182//182 175//175
f 168//168 172//172 133//133
f 168//168 133//133 136//136
f 229//229 172//172 168//168
f 168//168 167//167 183//183
f 168//168 183//183 229//229
f 172//172 184//184 181//181
f 173//173 172//172 181//181
f 182//182 185//185 176//176
f 182//182 176//176 175//175
f 120//120 178//178 174//174
f 120//120 174//174 186//186
f 186//186 174//174 175//175
f 186//186 175//175 122//122
f 135//135 134//134 171//171
f 135//135 171//171 169//169
f 169//169 171//171 112//112
f 170//170 169//169 123//123
f 186//186 124//124 112//112
f 174//174 186//186 112//112
f 174//174 112//112 171//171
f 175//175 177//177 125//125
f 175//175 125//125 122//122
f 187//187 188//188 189//189
f 187//187 189//189 190//190
f 191//191 192//192 193//193
f 191//191 193//193 194//194
f 195//195 196//196 197//197
f 195//195 197//197 198//198
f 189//189 188//188 199//199
f 189//189 199//199 200//200
f 187//187 190//190 201//201
f 187//187 201//201 202//202
f 196//196 193//193 192//192
f 196//196 192//192 197//197
f 198//198 191//191 194//194
f 198//198 194//194 195//195
f 203//203 204//204 205//205
f 198//198 204//204 203//203
f 206//206 207//207 192//192
f 206//206 192//192 191//191
f 198//198 197//197 204//204
f 208//208 209//209 210//210
f 211//211 212//212 213//213
f 211//211 213//213 214//214
f 205//205 207//207 206//206
f 215//215 208//208 210//210
f 215//215 210//210 216//216
f 215//215 216//216 217//217
f 218//218 215//215 217//217
f 218//218 217//217 219//219
f 212//212 218//218 219//219
f 212//212 219//219 220//220
f 212//212 220//220 213//213
f 197//197 192//192 204//204
f 204//204 192//192 207//207
f 204//204 207//207 205//205
f 208//208 221//221 222//222
f 208//208 222//222 209//209
f 221//221 223//223 222//222
f 221//221 224//224 225//225
f 221//221 225//225 223//223
f 224//224 211//211 226//226
f 224//224 226//226 225//225
f 211//211 214//214 226//226
f 205//205 206//206 203//203
f 203//203 206//206 191//191
f 203//203 191//191 198//198
f 227//227 228//228 229//229
f 227//227 229//229 230//230
f 229//229 228//228 196//196
f 229//229 196//196 195//195
f 231//231 232//232 233//233
f 231//231 233//233 234//234
f 194//194 193//193 232//232
f 194//194 232//232 231//231
f 235//235 236//236 237//237
f 234//234 233//233 235//235
f 238//238 239//239 233//233
f 238//238 233//233 234//234
f 239//239 240//240 241//241
f 239//239 241//241 233//233
f 233//233 241//241 242//242
f 233//233 242//242 235//235
f 228//228 232//232 193//193
f 228//228 193//193 196//196
f 290//290 232//232 228//228
f 290//290 243//243 244//244
f 228//228 227//227 243//243
f 228//228 243//243 290//290
f 232//232 245//245 241//241
f 233//233 232//232 241//241
f 242//242 246//246 236//236
f 242//242 236//236 235//235
f 180//180 238//238 234//234
f 180//180 234//234 247//247
f 247//247 234//234 235//235
f 247//247 235//235 182//182
f 195//195 194//194 231//231
f 195//195 231//231 229//229
f 229//229 231//231 172//172
f 230//230 229//229 183//183
f 247//247 184//184 172//172
f 234//234 247//247 172//172
f 234//234 172//172 231//231
f 235//235 237//237 185//185
f 235//235 185//185 182//182
f 248//248 249//249 250//250
f 248//248 250//250 251//251
f 252//252 253//253 254//254
f 252//252 254//254 255//255
f 256//256 257//257 258//258
f 256//256 258//258 259//259
f 250//250 249//249 260//260
f 250//250 260//260 261//261
f 248//248 251//251 262//262
f 248//248 262//262 263//263
f 257//257 254//254 253//253
f 257//257 253//253 258//258
f 259//259 252//252 255//255
f 259//259 255//255 256//256
f 259//259 258//258 265//265
f 259//259 265//265 264//264
f 252//252 266//266 253//253
f 267//267 266//266 252//252
f 268//268 266//266 267//267
f 269//269 270//270 271//271
f 272//272 273//273 274//274
f 272//272 274//274 275//275
f 265//265 268//268 264//264
f 276//276 269//269 271//271
f 276//276 271//271 277//277
f 276//276 277//277 278//278
f 279//279 276//276 278//278
f 279//279 278//278 280//280
f 279//279 280//280 281//281
f 273//273 279//279 281//281
f 273//273 281//281 274//274
f 258//258 253//253 266//266
f 258//258 266//266 265//265
f 265//265 266//266 268//268
f 269//269 282//282 283//283
f 269//269 283//283 270//270
f 282//282 284//284 283//283
f 282//282 285//285 286//286
f 282//282 286//286 284//284
f 285//285 272//272 287//287
f 285//285 287//287 286//286
f 272//272 275//275 287//287
f 264//264 268//268 267//267
f 264//264 267//267 252//252
f 264//264 252//252 259//259
f 288//288 289//289 290//290
f 288//288 290//290 291//291
f 290//290 289//289 257//257
f 290//290 257//257 256//256
f 292//292 293//293 294//294
f 292//292 294//294 295//295
f 255//255 254//254 293//293
f 255//255 293//293 292//292
f 296//296 297//297 298//298
f 295//295 294//294 296//296
f 299//299 300//300 294//294
f 299//299 294//294 295//295
f 300//300 21//21 301//301
f 300//300 301//301 294//294
f 294//294 301//301 26//26
f 294//294 26//26 296//296
f 289//289 293//293 254//254
f 289//289 254//254 257//257
f 56//56 293//293 289//289
f 289//289 288//288 57//57
f 289//289 57//57 56//56
f 293//293 51//51 301//301
f 294//294 293//293 301//301
f 26//26 28//28 297//297
f 26//26 297//297 296//296
f 240//240 299//299 295//295
f 240//240 295//295 302//302
f 302//302 295//295 296//296
f 302//302 296//296 242//242
f 256//256 255//255 292//292
f 256//256 292//292 290//290
f 290//290 292//292 232//232
f 291//291 290//290 244//244
f 302//302 245//245 232//232
f 295//295 302//302 232//232
f 295//295 232//232 292//292
f 296//296 298//298 246//246
f 296//296 246//246 242//242
f 34//34 33//33 126//126
f 32//32 126//126 33//33
f 122//122 121//121 186//186
f 186//186 121//121 120//120
f 182//182 181//181 247//247
f 247//247 181//181 180//180
f 242//242 241//241 302//302
f 302//302 241//241 240//240
f 26//26 301//301 24//24
f 24//24 301//301 21//21
f 303//303 304//304 305//305
f 303//303 305//305 306//306
f 306//306 305//305 307//307
f 306//306 307//307 308//308
f 308//308 307//307 309//309
f 308//308 309//309 310//310
f 310//310 309//309 311//311
f 310//310 311//311 312//312
f 312//312 311//311 313//313
f 312//312 313//313 314//314
f 314//314 313//313 315//315
f 314//314 315//315 316//316
f 316//316 315//315 317//317
f 316//316 317//317 318//318
f 318//318 317//317 319//319
f 318//318 319//319 320//320
f 320//320 319//319 304//304
f 320//320 304//304 303//303
f 321//321 322//322 323//323
f 323//323 322//322 324//324
f 323//323 324//324 325//325
f 325//325 324//324 326//326
f 327//327 328//328 329//329
f 329//329 328//328 330//330
f 329//329 330//330 331//331
f 331//331 330//330 332//332
f 333//333 334//334 335//335
f 335//335 334//334 336//336
f 335//335 336//336 337//337
f 338//338 339//339 340//340
f 340//340 339//339 341//341
f 340//340 341//341 342//342
f 342//342 341//341 343//343
f 342//342 343//343 336//336
f 337//337 336//336 330//330
f 337//337 330//330 344//344
f 325//325 326//326 332//332
f 325//325 332//332 343//343
f 336//336 343//343 332//332
f 336//336 332//332 330//330
f 345//345 346//346 347//347
f 345//345 347//347 348//348
f 349//349 350//350 351//351
f 349//349 351//351 352//352
f 353//353 347//347 354//354
f 353//353 354//354 355//355
f 354//354 356//356 357//357
f 354//354 357//357 355//355
f 356//356 358//358 359//359
f 356//356 359//359 357//357
f 360//360 361//361 362//362
f 360//360 362//362 357//357
f 357//357 362//362 355//355
f 363//363 361//361 360//360
f 348//348 347//347 353//353
f 364//364 365//365 358//358
f 364//364 358//358 356//356
f 366//366 365//365 364//364
f 352//352 351//351 356//356
f 352//352 356//356 354//354
f 367//367 346//346 345//345
f 368//368 350//350 349//349
f 322//322 345//345 348//348
f 322//322 348//348 324//324
f 324//324 348//348 353//353
f 324//324 353//353 326//326
f 326//326 353//353 355//355
f 326//326 355//355 332//332
f 332//332 355//355 362//362
f 332//332 362//362 331//331
f 329//329 361//361 363//363
f 329//329 363//363 327//327
f 327//327 363//363 360//360
f 327//327 360//360 328//328
f 328//328 360//360 357//357
f 328//328 357//357 330//330
f 330//330 357//357 359//359
f 330//330 359//359 344//344
f 344//344 359//359 358//358
f 344//344 358//358 337//337
f 331//331 362//362 361//361
f 331//331 361//361 329//329
f 337//337 358//358 365//365
f 337//337 365//365 335//335
f 335//335 365//365 366//366
f 335//335 366//366 333//333
f 333//333 366//366 364//364
f 333//333 364//364 334//334
f 334//334 364//364 356//356
f 334//334 356//356 336//336
f 336//336 356//356 351//351
f 336//336 351//351 342//342
f 342//342 351//351 350//350
f 342//342 350//350 340//340
f 340//340 350//350 368//368
f 340//340 368//368 338//338
f 338//338 368//368 349//349
f 338//338 349//349 339//339
f 339//339 349//349 352//352
f 339//339 352//352 341//341
f 341//341 352//352 354//354
f 341//341 354//354 343//343
f 343//343 354//354 347//347
f 343//343 347//347 325//325
f 325//325 347//347 346//346
f 325//325 346//346 323//323
f 323//323 346//346 367//367
f 323//323 367//367 321//321
f 321//321 367//367 345//345
f 321//321 345//345 322//322
f 369//369 370//370 371//371
f 369//369 371//371 372//372
f 373//373 369//369 372//372
f 373//373 372//372 374//374
f 375//375 373//373 374//374
f 375//375 374//374 376//376
f 377//377 375//375 376//376
f 377//377 376//376 378//378
f 379//379 377//377 378//378
f 379//379 378//378 380//380
f 381//381 379//379 380//380
f 381//381 380//380 382//382
f 383//383 381//381 382//382
f 383//383 382//382 384//384
f 385//385 383//383 384//384
f 385//385 384//384 386//386
f 387//387 385//385 386//386
f 387//387 386//386 388//388
f 389//389 387//387 388//388
f 389//389 388//388 390//390
f 391//391 389//389 390//390
f 391//391 390//390 392//392
f 370//370 391//391 392//392
f 370//370 392//392 371//371
f 393//393 394//394 395//395
f 393//393 395//395 396//396
f 397//397 398//398 399//399
f 397//397 399//399 400//400
f 394//394 397//397 400//400
f 394//394 400//400 395//395
f 395//395 400//400 399//399
f 395//395 399//399 396//396
f 401//401 402//402 403//403
f 401//401 403//403 404//404
f 403//403 405//405 406//406
f 403//403 406//406 404//404
f 407//407 408//408 406//406
f 407//407 406//406 405//405
f 402//402 407//407 405//405
f 402//402 405//405 403//403
f 409//409 410//410 411//411
f 412//412 409//409 411//411
f 412//412 411//411 413//413
f 414//414 412//412 413//413
f 415//415 416//416 417//417
f 415//415 417//417 418//418
f 415//415 419//419 418//418
f 416//416 420//419 417//417
f 421//420 422//421 423//422
f 423//422 422//421 424//423
f 424//423 422//421 425//424
f 425//424 424//423 426//425
f 426//425 425//424 427//426
f 428//427 429//428 430//429
f 430//429 429//428 431//430
f 430//429 431//430 432//431
f 432//431 431//430 433//432
f 432//431 433//432 434//433
f 429//428 433//432 431//430
f 428//427 437//436 436//435
f 428//427 436//435 429//428
f 429//428 436//435 435//434
f 429//428 435//434 433//432
f 435//434 438//437 434//433
f 435//434 434//433 433//432
f 437//436 427//426 425//424
f 437//436 425//424 436//435
f 436//435 425//424 422//421
f 436//435 422//421 435//434
f 435//434 422//421 421//420
f 435//434 421//420 438//437
f 421//420 427//426 437//436
f 421//420 437//436 438//437
f 438//437 437//436 428//427
f 438//437 428//427 434//433
f 434//433 428//427 430//429
f 434//433 430//429 432//431
f 427//426 421//420 423//422
f 427//426 423//422 426//425
f 426//425 423//422 424//423
f 439//438 440//439 441//440
f 439//438 441//440 442//441
f 443//442 444//443 445//444
f 443//442 445//444 446//445
f 446//445 445//444 447//446
f 446//445 447//446 448//447
f 448//447 447//446 449//448
f 448//447 449//448 450//449
f 450//449 449//448 451//450
f 450//449 451//450 452//451
f 452//451 451//450 453//452
f 452//451 453//452 454//453
f 454//453 453//452 455//454
f 454//453 455//454 456//455
f 456//455 455//454 457//456
f 456//455 457//456 458//457
f 458//457 457//456 459//458
f 458//457 459//458 460//459
f 460//459 459//458 461//460
f 460//459 461//460 462//461
f 462//461 461//460 463//462
f 462//461 463//462 464//463
f 464//463 463//462 465//464
f 464//463 465//464 466//465
f 466//465 465//464 444//443
f 466//465 444//443 443//442
f 442//441 441//440 467//466
f 442//441 467//466 468//467
f 468//467 467//466 469//468
f 468//467 469//468 470//469
f 470//469 469//468 471//470
f 470//469 471//470 472//471
f 472//471 471//470 473//472
f 472//471 473//472 474//473
f 474//473 473//472 475//474
f 474//473 475//474 476//475
f 476//475 475//474 477//476
f 476//475 477//476 478//477
f 478//477 477//476 479//478
f 478//477 479//478 480//479
f 480//479 479//478 481//480
f 480//479 481//480 482//481
f 482//481 481//480 483//482
f 482//481 483//482 484//483
f 484//483 483//482 485//484
f 484//483 485//484 486//485
f 486//485 485//484 440//439
f 486//485 440//439 439//438
f 487//465 488//464 489//443
f 487//465 489//443 490//442
f 491//463 492//462 488//464
f 491//463 488//464 487//465
f 493//461 494//460 492//462
f 493//461 492//462 491//463
f 495//459 496//458 494//460
f 495//459 494//460 493//461
f 497//457 498//456 496//458
f 497//457 496//458 495//459
f 499//455 500//454 498//456
f 499//455 498//456 497//457
f 501//453 502//452 500//454
f 501//453 500//454 499//455
f 503//451 504//450 502//452
f 503//451 502//452 501//453
f 505//449 506//448 504//450
f 505//449 504//450 503//451
f 507//447 508//446 506//448
f 507//447 506//448 505//449
f 509//445 510//444 508//446
f 509//445 508//446 507//447
f 490//442 489//443 510//444
f 490//442 510//444 509//445
f 511//420 512//426 513//436
f 511//420 513//436 514//437
f 515//435 516//486 547//421
f 515//435 547//421 517//434
f 517//434 547//421 511//420
f 517//434 511//420 514//437
f 513//436 512//426 516//486
f 513//436 516//486 515//435
f 514//437 513//436 518//427
f 514//437 518//427 519//433
f 524//428 515//435 517//434
f 524//428 517//434 520//432
f 517//434 514//437 519//433
f 517//434 519//433 520//432
f 518//427 513//436 515//435
f 518//427 515//435 524//428
f 521//431 520//432 519//433
f 521//431 522//430 520//432
f 523//429 522//430 521//431
f 523//429 524//428 522//430
f 518//427 524//428 523//429
f 524//428 520//432 522//430
f 519//433 518//427 523//429
f 519//433 523//429 521//431
f 525//438 526//439 527//440
f 525//438 527//440 528//441
f 528//441 527//440 529//466
f 528//441 529//466 530//467
f 530//467 529//466 531//468
f 530//467 531//468 532//469
f 532//469 531//468 533//470
f 532//469 533//470 534//471
f 534//471 533//470 535//472
f 534//471 535//472 536//473
f 536//473 535//472 537//474
f 536//473 537//474 538//475
f 539//481 540//480 541//482
f 539//481 541//482 542//483
f 542//483 541//482 543//484
f 542//483 543//484 544//485
f 544//485 543//484 526//439
f 544//485 526//439 525//438
f 545//425 516//486 512//426
f 516//486 546//423 545//425
f 546//423 547//421 516//486
f 548//422 547//421 546//423
f 511//420 547//421 548//422
f 538//475 537//474 549//487
f 538//475 549//487 550//477
f 550//477 549//487 551//478
f 550//477 551//478 552//479
f 552//479 551//478 540//480
f 552//479 540//480 539//481
f 512//426 511//420 548//422
f 512//426 548//422 545//425
f 545//425 548//422 546//423
f 553//485 554//484 555//439
f 553//485 555//439 556//438
f 557//469 558//468 559//470
f 557//469 559//470 560//471
f 561//467 562//466 558//468
f 561//467 558//468 557//469
f 563//441 564//440 562//466
f 563//441 562//466 561//467
f 556//438 555//439 564//440
f 556//438 564//440 563//441
f 565//483 566//482 554//484
f 565//483 554//484 553//485
f 567//481 568//480 566//482
f 567//481 566//482 565//483
f 569//473 570//472 571//474
f 569//473 571//474 572//475
f 560//471 559//470 570//472
f 560//471 570//472 569//473
f 573//479 574//478 568//480
f 573//479 568//480 567//481
f 575//477 576//476 574//478
f 575//477 574//478 573//479
f 572//475 571//474 576//476
f 572//475 576//476 575//477
f 577//469 578//468 579//470
f 577//469 579//470 580//471
f 581//485 582//484 583//439
f 581//485 583//439 584//438
f 584//438 583//439 585//440
f 584//438 585//440 586//441
f 586//441 585//440 587//466
f 586//441 587//466 588//467
f 588//467 587//466 578//468
f 588//467 578//468 577//469
f 580//471 579//470 589//472
f 580//471 589//472 590//473
f 590//473 589//472 591//474
f 590//473 591//474 592//475
f 593//481 594//480 595//482
f 593//481 595//482 596//483
f 596//483 595//482 582//484
f 596//483 582//484 581//485
f 592//475 591//474 597//476
f 592//475 597//476 598//477
f 598//477 597//476 599//478
f 598//477 599//478 600//479
f 600//479 599//478 594//480
f 600//479 594//480 593//481
f 529//466 527//440 526//439
f 529//466 526//439 531//468
f 531//468 526//439 543//484
f 531//468 543//484 533//470
f 533//470 543//484 541//482
f 533//470 541//482 535//472
f 535//472 541//482 540//480
f 535//472 540//480 537//474
f 537//474 540//480 551//478
f 537//474 551//478 549//487
f 578//468 583//439 582//484
f 578//468 582//484 579//470
f 579//470 582//484 595//482
f 579//470 595//482 589//472
f 591//474 594//480 599//478
f 591//474 599//478 597//476
f 589//472 595//482 594//480
f 589//472 594//480 591//474
f 587//466 585//440 583//439
f 587//466 583//439 578//468
f 558//468 555//439 554//484
f 558//468 554//484 559//470
f 559//470 554//484 566//482
f 559//470 566//482 570//472
f 571//474 568//480 574//478
f 571//474 574//478 576//476
f 570//472 566//482 568//480
f 570//472 568//480 571//474
f 562//466 564//440 555//439
f 562//466 555//439 558//468
f 469//468 440//439 485//484
f 469//468 485//484 471//470
f 471//470 485//484 483//482
f 471//470 483//482 473//472
f 475//474 481//480 479//478
f 475//474 479//478 477//476
f 473//472 483//482 481//480
f 473//472 481//480 475//474
f 467//466 441//440 440//439
f 467//466 440//439 469//468
f 510//444 489//443 488//464
f 510//444 488//464 508//446
f 508//446 488//464 492//462
f 508//446 492//462 506//448
f 506//448 492//462 494//460
f 506//448 494//460 504//450
f 504//450 494//460 496//458
f 504//450 496//458 502//452
f 502//452 496//458 498//456
f 502//452 498//456 500//454
f 449//448 463//462 461//460
f 449//448 461//460 451//450
f 447//446 465//464 463//462
f 447//446 463//462 449//448
f 451//450 461//460 459//458
f 451//450 459//458 453//452
f 453//452 459//458 457//456
f 453//452 457//456 455//454
f 445//444 444//443 465//464
f 445//444 465//464 447//446
o SEAT-FABRIC
v -0.289560 0.396569 0.355618
v -0.289560 0.411884 0.308487
v -0.304800 0.408804 0.309255
v -0.304800 0.396569 0.355618
v -0.314041 0.406052 0.309943
v -0.312217 0.398055 0.350035
v -0.289560 0.367015 0.396151
v -0.307104 0.376560 0.387483
v -0.031971 0.289318 0.433485
v 0.073573 0.324302 0.424777
v -0.073535 0.324297 0.424782
v -0.073660 0.291508 0.432915
v -0.111760 0.324321 0.422556
v -0.124627 0.294259 0.432581
v -0.137160 0.324321 0.424763
v -0.162560 0.324321 0.422745
v -0.160264 0.296048 0.431780
v -0.190693 0.324276 0.424795
v -0.200204 0.302354 0.430233
v -0.248920 0.324321 0.424763
v -0.244557 0.314872 0.427126
v -0.269240 0.336641 0.421683
v -0.271118 0.332722 0.422663
v -0.291142 0.355367 0.411764
v -0.190500 0.367015 0.396151
v -0.269240 0.367015 0.396151
v -0.279400 0.351828 0.408917
v -0.305952 0.386564 0.371550
v -0.290351 0.361191 0.403957
v -0.289560 0.294230 -0.164660
v -0.289560 0.260251 -0.189548
v -0.304800 0.260251 -0.189548
v -0.304800 0.290322 -0.163892
v -0.312217 0.263747 -0.187096
v -0.314041 0.288398 -0.163204
v -0.269240 0.260257 -0.189525
v -0.269240 0.216645 -0.205217
v -0.289560 0.216583 -0.205466
v -0.307104 0.228838 -0.203294
v -0.215900 0.216645 -0.205217
v -0.248922 0.166921 -0.204823
v -0.248920 0.216645 -0.202243
v -0.269240 0.179215 -0.207904
v -0.291142 0.200405 -0.207966
v 0.033020 0.166894 -0.204823
v 0.000000 0.132022 -0.196103
v -0.031895 0.131895 -0.196071
v -0.033020 0.166894 -0.204823
v -0.073660 0.134093 -0.196621
v -0.073660 0.166894 -0.202322
v -0.129752 0.136961 -0.197648
v -0.111760 0.166894 -0.204823
v -0.137160 0.166894 -0.202175
v -0.160264 0.138633 -0.197756
v -0.162560 0.166894 -0.204823
v -0.200204 0.144946 -0.199279
v -0.244557 0.157458 -0.202411
v -0.271124 0.175303 -0.206926
v -0.279738 0.189372 -0.207934
v -0.305952 0.244545 -0.196421
v -0.290351 0.208500 -0.206691
v -0.152002 0.331819 0.087759
v -0.152002 0.326890 0.088991
v -0.146050 0.325447 0.083217
v -0.146050 0.330375 0.081985
v -0.146050 0.323405 0.075052
v -0.146050 0.328333 0.073820
v -0.152002 0.321961 0.069278
v -0.152002 0.326889 0.068046
v -0.160418 0.321961 0.069278
v -0.160418 0.326889 0.068046
v -0.166370 0.323405 0.075052
v -0.166370 0.328333 0.073820
v -0.166370 0.325447 0.083217
v -0.166370 0.330375 0.081985
v -0.160418 0.326890 0.088991
v -0.160418 0.331819 0.087759
v -0.187247 0.368106 0.145449
v -0.125173 0.366158 0.145449
v -0.081280 0.357459 0.102867
v -0.081280 0.342401 0.042647
v -0.125173 0.331753 0.000065
v -0.187247 0.331753 0.000065
v -0.231140 0.342401 0.042647
v -0.231140 0.355713 0.102867
v -0.310036 0.363985 -0.146932
v -0.307110 0.333815 -0.149827
v -0.304800 0.356732 -0.142990
v -0.289560 0.321393 -0.161817
v -0.289560 0.359085 -0.143158
v 0.000000 0.320444 -0.163844
v 0.000000 0.358394 -0.146929
v -0.033019 0.356318 -0.146929
v -0.254554 0.536060 -0.230784
v -0.268835 0.546167 -0.270709
v -0.291231 0.549665 -0.281118
v -0.289560 0.536319 -0.231089
v -0.307110 0.545229 -0.249828
v -0.310013 0.534364 -0.227639
v -0.244557 0.288024 -0.205053
v -0.269240 0.297619 -0.184768
v -0.271118 0.295891 -0.188421
v -0.200203 0.282529 -0.216722
v -0.248843 0.292185 -0.196254
v -0.160190 0.279764 -0.222608
v -0.031970 0.276791 -0.228870
v -0.269240 0.320444 -0.163844
v -0.291142 0.311008 -0.168344
v -0.248920 0.547955 -0.317229
v -0.244557 0.542844 -0.325585
v -0.271124 0.546125 -0.306775
v -0.269240 0.547849 -0.303130
v -0.215647 0.547932 -0.317115
v -0.215900 0.543293 -0.335031
v -0.095247 0.547953 -0.317287
v -0.031699 0.538003 -0.352418
v 0.094548 0.547953 -0.317269
v 0.000000 0.537999 -0.352285
v -0.200126 0.542490 -0.339700
v -0.160259 0.540828 -0.346103
v -0.160418 0.454110 -0.207374
v -0.171991 0.489631 -0.197623
v -0.194310 0.469456 -0.188080
v -0.166370 0.448730 -0.204829
v -0.166370 0.441122 -0.201230
v -0.194310 0.440924 -0.174584
v -0.171991 0.420748 -0.165040
v -0.160418 0.435742 -0.198685
v -0.152002 0.454110 -0.207374
v -0.140428 0.489631 -0.197623
v -0.140428 0.420748 -0.165040
v -0.152002 0.435742 -0.198685
v -0.028390 0.384081 -0.141805
v -0.304800 0.383270 -0.145065
v -0.311158 0.382112 -0.147529
v -0.289560 0.383270 -0.141890
v -0.118110 0.440924 -0.174584
v -0.146050 0.441122 -0.201230
v -0.146050 0.448730 -0.204829
v -0.118110 0.469456 -0.188080
v -0.146050 0.450903 -0.200237
v -0.152002 0.456283 -0.202782
v -0.160418 0.456283 -0.202782
v -0.166370 0.450903 -0.200237
v -0.152002 0.437914 -0.194093
v -0.146050 0.443294 -0.196638
v -0.166370 0.443294 -0.196638
v -0.160418 0.437914 -0.194093
v -0.289560 0.517750 -0.207973
v -0.304800 0.517750 -0.207973
v -0.311178 0.516596 -0.210414
v -0.160418 0.746588 -0.333653
v -0.173011 0.719749 -0.309883
v -0.139155 0.719749 -0.309883
v -0.152002 0.746588 -0.333653
v -0.152002 0.766590 -0.337233
v -0.139155 0.800207 -0.324284
v -0.173011 0.800207 -0.324284
v -0.160418 0.766590 -0.337233
v -0.166370 0.760731 -0.336184
v -0.196952 0.776641 -0.320066
v -0.196952 0.743314 -0.314101
v -0.166370 0.752446 -0.334701
v -0.152002 0.767485 -0.332232
v -0.160418 0.747483 -0.328652
v -0.152002 0.747483 -0.328652
v -0.146050 0.753341 -0.329701
v -0.166370 0.753341 -0.329701
v -0.166370 0.761626 -0.331183
v -0.146050 0.761626 -0.331183
v -0.146050 0.752446 -0.334701
v -0.146050 0.760731 -0.336184
v -0.115214 0.743314 -0.314101
v -0.115214 0.776641 -0.320066
v -0.160418 0.767485 -0.332232
v -0.031750 0.601576 -0.375433
v 0.244476 0.609296 -0.332303
v -0.244476 0.609296 -0.332303
v -0.160020 0.602695 -0.369182
v -0.200025 0.603926 -0.362306
v -0.244475 0.606163 -0.349805
v -0.180023 0.627009 -0.309025
v -0.271121 0.627035 -0.309054
v -0.271145 0.639090 -0.302801
v -0.297582 0.638985 -0.302543
v -0.291109 0.627634 -0.309137
v -0.291900 0.652133 -0.298778
v -0.004604 0.894326 -0.383318
v -0.031750 0.886607 -0.426448
v -0.160020 0.887726 -0.420197
v -0.148191 0.894326 -0.383318
v -0.200025 0.888956 -0.413322
v -0.200025 0.894326 -0.383318
v -0.244475 0.891194 -0.400820
v -0.244475 0.894326 -0.383318
v -0.271313 0.893160 -0.382995
v -0.271117 0.610462 -0.332528
v -0.290738 0.661938 -0.297873
v -0.290276 0.673345 -0.297919
v -0.244475 0.674847 -0.297646
v -0.290997 0.884999 -0.356037
v -0.244474 0.877753 -0.346162
v -0.297559 0.876308 -0.345946
v -0.208113 0.858359 -0.331551
v -0.253897 0.856112 -0.333122
v -0.300213 0.866007 -0.339402
v -0.291172 0.855035 -0.332011
v -0.106680 0.845303 -0.325630
v -0.215059 0.846433 -0.325831
v -0.244475 0.845043 -0.327082
v -0.271145 0.843793 -0.326858
v -0.300606 0.652530 -0.300805
v -0.297908 0.663901 -0.299764
v -0.300568 0.665676 -0.300155
v -0.302298 0.678409 -0.302207
v -0.300575 0.845017 -0.332161
v -0.302312 0.834081 -0.330221
v -0.297208 0.848888 -0.332856
v -0.398508 0.505417 0.205303
v -0.398780 0.510514 0.202482
v -0.407000 0.510205 0.199088
v -0.408305 0.504800 0.201506
v -0.413301 0.509638 0.192853
v -0.415290 0.504168 0.194549
v -0.416780 0.508884 0.184556
v -0.419100 0.503306 0.185063
v -0.401176 0.514556 0.196832
v -0.409624 0.513708 0.190269
v -0.412493 0.513154 0.184168
v -0.399304 0.516179 0.191776
v -0.406649 0.515564 0.184971
v -0.398780 0.479407 0.205310
v -0.398780 0.485195 0.207114
v -0.408305 0.484850 0.203319
v -0.407000 0.479098 0.201916
v -0.415290 0.484218 0.196363
v -0.413301 0.478531 0.195681
v -0.419100 0.483355 0.186877
v -0.416780 0.477777 0.187384
v -0.412493 0.473507 0.187772
v -0.409624 0.474062 0.193873
v -0.404588 0.474508 0.198774
v -0.398780 0.474749 0.201429
v -0.399430 0.471914 0.195931
v -0.406431 0.471277 0.188949
v -0.408742 0.473021 -0.148905
v -0.408940 0.453000 -0.147026
v -0.418465 0.453345 -0.143232
v -0.418465 0.473296 -0.145045
v -0.425450 0.454035 -0.135643
v -0.425450 0.473986 -0.137457
v -0.408940 0.478739 -0.147036
v -0.417100 0.479044 -0.143684
v -0.423474 0.479674 -0.136753
v -0.408940 0.483397 -0.143155
v -0.414579 0.483627 -0.140619
v -0.421974 0.484740 -0.130905
v -0.409700 0.486248 -0.137531
v -0.416875 0.486936 -0.129851
v -0.408940 0.447632 -0.144208
v -0.417100 0.447937 -0.140856
v -0.423474 0.448567 -0.133925
v -0.422328 0.444838 -0.127487
v -0.414579 0.443981 -0.137015
v -0.408940 0.443751 -0.139551
v -0.411181 0.442018 -0.132703
v -0.426940 0.480369 -0.129110
v -0.429260 0.474791 -0.128603
v -0.429260 0.454840 -0.126789
v -0.426940 0.449262 -0.126282
v -0.417051 0.442682 -0.125684
v -0.374616 0.441949 -0.133740
v -0.374616 0.471929 0.196038
v -0.277116 0.359026 -0.090551
v -0.282936 0.356715 -0.090348
v -0.282719 0.358516 -0.097629
v -0.277116 0.362041 -0.100254
v -0.282719 0.362483 -0.103090
v -0.282719 0.374843 -0.114416
v -0.277117 0.376702 -0.113879
v -0.302337 0.356806 -0.090361
v -0.302116 0.358516 -0.097629
v -0.302116 0.362483 -0.103090
v -0.302116 0.374843 -0.114416
v -0.307467 0.359014 -0.090595
v -0.307480 0.361422 -0.099440
v -0.307463 0.376597 -0.113870
v -0.279556 0.439326 -0.143684
v -0.284286 0.437680 -0.145633
v -0.304032 0.437680 -0.145633
v -0.312264 0.443260 -0.143718
v -0.307463 0.404472 0.194048
v -0.307463 0.399125 0.184332
v -0.302116 0.396919 0.184533
v -0.301855 0.404408 0.197562
v -0.282719 0.396919 0.184533
v -0.282458 0.404520 0.197558
v -0.277117 0.399230 0.184323
v -0.277121 0.406859 0.197387
v -0.307463 0.408094 0.198820
v -0.302116 0.416926 0.208219
v -0.307463 0.419132 0.208018
v -0.302116 0.430034 0.212128
v -0.307463 0.430986 0.211099
v -0.282719 0.416926 0.208219
v -0.282719 0.430034 0.212128
v -0.277117 0.419237 0.208009
v -0.277117 0.431091 0.211089
v -0.281178 0.455288 -0.140858
v -0.281178 0.486448 0.201899
v -0.283809 0.454068 -0.144573
v -0.283809 0.485803 0.204508
v -0.374616 0.516197 0.192014
v -0.374616 0.514393 0.197802
v -0.374611 0.511921 0.202251
v -0.374616 0.486458 0.206977
v -0.374616 0.480669 0.205173
v -0.374616 0.474747 0.201407
v -0.286928 0.500235 0.200820
v -0.290992 0.489141 0.206557
v -0.307792 0.479012 0.207451
v -0.314851 0.479851 0.205155
v -0.312294 0.475392 0.205560
v -0.318116 0.490913 0.206364
v -0.319217 0.484746 0.204654
v -0.324433 0.486852 0.204518
v -0.303478 0.504066 0.205177
v -0.315404 0.508473 0.204777
v -0.353060 0.491755 0.206296
v -0.297700 0.510983 0.200100
v -0.313216 0.513399 0.201999
v -0.353060 0.486230 0.204575
v -0.374607 0.479938 -0.147154
v -0.313216 0.481664 -0.147081
v -0.315404 0.476319 -0.148925
v -0.319309 0.459258 -0.147364
v -0.353060 0.459600 -0.147405
v -0.353060 0.454478 -0.144716
v -0.324321 0.455054 -0.144739
v -0.319375 0.453044 -0.144497
v -0.309153 0.449024 -0.146414
v -0.314444 0.447822 -0.144142
v -0.291871 0.458186 -0.147262
v -0.303478 0.471911 -0.148524
v -0.299892 0.476407 -0.146603
v -0.290310 0.465882 -0.145647
v -0.374604 0.486025 -0.138586
v -0.374616 0.454267 -0.147119
v -0.374616 0.448899 -0.144301
v -0.374616 0.443753 -0.139529
v -0.311699 0.485684 -0.143621
v -0.297696 0.479908 -0.143096
v -0.286978 0.469234 -0.142126
v -0.312378 0.474352 0.202998
v -0.312369 0.474331 0.203000
v -0.312369 0.474196 0.203013
v -0.314689 0.479909 0.202493
v -0.324578 0.486489 0.201895
v -0.353060 0.485950 0.201944
v -0.311699 0.516844 0.199135
v -0.324514 0.486886 0.204515
v -0.353060 0.455135 -0.137018
v -0.360688 0.478353 0.202635
v -0.360688 0.447538 -0.136328
v -0.395834 0.442315 -0.129712
v -0.248920 0.396569 0.355618
v -0.194213 0.396406 0.355886
v -0.162560 0.367015 0.394805
v -0.137160 0.367015 0.396151
v -0.111760 0.367015 0.393944
v -0.073660 0.367015 0.396151
v -0.162560 0.396569 0.354273
v -0.137160 0.396569 0.355618
v -0.111760 0.396569 0.353411
v -0.073660 0.396569 0.355618
v -0.002316 0.396891 0.355166
v -0.269240 0.411884 0.308487
v -0.248920 0.410344 0.308871
v -0.215900 0.408804 0.309255
v -0.190500 0.406832 0.309255
v -0.162560 0.409673 0.307910
v -0.137160 0.408040 0.309255
v -0.111760 0.408804 0.307048
v -0.073660 0.411884 0.308487
v -0.033020 0.413425 0.308103
v 0.000000 0.416505 0.307335
v -0.289425 0.402610 0.265050
v -0.304912 0.401011 0.266227
v -0.289425 0.402610 0.265050
v -0.289407 0.382426 0.178580
v -0.304621 0.380703 0.179977
v -0.289426 0.382544 0.178553
v -0.289425 0.369698 0.136172
v -0.289425 0.358318 0.093093
v -0.304800 0.359167 0.093860
v -0.289423 0.358232 0.093115
v -0.289427 0.337285 0.006993
v -0.304633 0.337847 0.007669
v -0.289425 0.337521 0.006935
v -0.289425 0.328888 -0.036819
v -0.304800 0.326240 -0.035378
v -0.289425 0.319583 -0.080249
v -0.304800 0.315528 -0.078457
v -0.289428 0.319635 -0.080262
v -0.289425 0.307614 -0.123015
v -0.304800 0.303552 -0.121643
v -0.289425 0.307614 -0.123015
v -0.304800 0.290322 -0.163892
v -0.269105 0.402610 0.265050
v -0.269105 0.402621 0.265047
v -0.269105 0.382533 0.178555
v -0.269107 0.382543 0.178553
v -0.269105 0.369686 0.136172
v -0.289425 0.369699 0.136172
v -0.269105 0.358318 0.093093
v -0.269105 0.358319 0.093093
v -0.269105 0.336894 0.006935
v -0.269105 0.336894 0.006935
v -0.269114 0.319996 -0.080337
v -0.269105 0.319583 -0.080249
v -0.269105 0.307614 -0.123015
v -0.269105 0.307614 -0.123015
v -0.269240 0.294230 -0.164660
v -0.269240 0.411884 0.308490
v -0.248785 0.401069 0.265434
v -0.248782 0.400971 0.265457
v -0.248777 0.380163 0.179145
v -0.248785 0.380232 0.179129
v -0.248785 0.367490 0.136556
v -0.269105 0.369686 0.136172
v -0.248785 0.356778 0.093477
v -0.248785 0.356778 0.093477
v -0.248785 0.335354 0.007319
v -0.248785 0.335354 0.007319
v -0.248785 0.325616 -0.036003
v -0.269105 0.328888 -0.036819
v -0.248785 0.316527 -0.079487
v -0.248785 0.316527 -0.079487
v -0.248785 0.305085 -0.122384
v -0.248785 0.305085 -0.122384
v -0.248920 0.292689 -0.162545
v -0.215765 0.398087 0.266177
v -0.215765 0.398087 0.266178
v -0.215765 0.376662 0.180019
v -0.215766 0.376662 0.180020
v -0.209193 0.361910 0.124158
v -0.248785 0.367490 0.136556
v -0.248785 0.346066 0.050398
v -0.209193 0.337077 0.021356
v -0.215765 0.323101 -0.035376
v -0.248785 0.325616 -0.036003
v -0.215765 0.312389 -0.078456
v -0.215766 0.312389 -0.078455
v -0.215765 0.302108 -0.121642
v -0.215766 0.302108 -0.121642
v -0.215900 0.291149 -0.163892
v -0.190365 0.396115 0.266177
v -0.190365 0.396115 0.266178
v -0.190365 0.374691 0.180019
v -0.190365 0.374691 0.180020
v -0.190365 0.323101 -0.035376
v -0.215766 0.323101 -0.035376
v -0.190365 0.312389 -0.078456
v -0.190365 0.312389 -0.078455
v -0.190365 0.302108 -0.121642
v -0.190365 0.302108 -0.121642
v -0.162425 0.398956 0.266177
v -0.162426 0.398957 0.266178
v -0.162425 0.377532 0.180019
v -0.162426 0.377532 0.180020
v -0.156210 0.367132 0.145449
v -0.158830 0.331782 0.000057
v -0.190365 0.323101 -0.035376
v -0.162425 0.312389 -0.078456
v -0.162426 0.312389 -0.078455
v -0.162425 0.302108 -0.121642
v -0.162426 0.302108 -0.121642
v -0.162560 0.291149 -0.163892
v -0.137025 0.397323 0.266177
v -0.137026 0.397323 0.266178
v -0.137025 0.375899 0.180019
v -0.137026 0.375899 0.180020
v -0.137025 0.320668 -0.034770
v -0.137025 0.309956 -0.077849
v -0.137026 0.309956 -0.077848
v -0.137025 0.299675 -0.121035
v -0.137026 0.299675 -0.121035
v -0.137160 0.288716 -0.163285
v -0.111625 0.398087 0.266177
v -0.111626 0.398087 0.266178
v -0.111630 0.376715 0.180005
v -0.111626 0.376662 0.180020
v -0.111625 0.323101 -0.035376
v -0.111625 0.312389 -0.078456
v -0.111626 0.312389 -0.078455
v -0.111625 0.302108 -0.121642
v -0.111626 0.302108 -0.121642
v -0.111760 0.291149 -0.163892
v -0.073525 0.402610 0.265050
v -0.073526 0.402610 0.265050
v -0.073516 0.382498 0.178564
v -0.073526 0.382533 0.178556
v -0.103492 0.361861 0.124415
v -0.073526 0.336894 0.006935
v -0.073525 0.328888 -0.036819
v -0.073525 0.319583 -0.080249
v -0.073526 0.319583 -0.080249
v -0.073525 0.307614 -0.123015
v -0.073526 0.307614 -0.123015
v -0.073660 0.294230 -0.164660
v -0.032885 0.404150 0.264666
v -0.032885 0.404150 0.264666
v -0.032882 0.384102 0.178165
v -0.032885 0.384074 0.178172
v -0.032885 0.375648 0.135353
v -0.032885 0.364936 0.092273
v -0.032885 0.364936 0.092274
v -0.032892 0.343607 0.006098
v -0.073525 0.336894 0.006935
v -0.032885 0.343504 0.006117
v -0.032885 0.333759 -0.037203
v -0.032885 0.321989 -0.080849
v -0.032885 0.321989 -0.080849
v -0.032885 0.309924 -0.123591
v -0.032885 0.309924 -0.123590
v -0.033020 0.295770 -0.165044
v -0.000000 0.406828 0.262099
v 0.000000 0.387142 0.177406
v -0.000000 0.375674 0.134519
v 0.032883 0.333617 -0.037674
v 0.000000 0.325057 -0.081614
v 0.000000 0.312992 -0.124355
v 0.000000 0.297646 -0.165512
v -0.314041 0.384627 0.223783
v -0.314041 0.331066 0.008388
v -0.314028 0.300374 -0.114932
v -0.314041 0.288398 -0.163204
v -0.248920 0.260251 -0.187817
v -0.215900 0.260251 -0.189548
v -0.162560 0.260251 -0.189548
v -0.137160 0.260251 -0.182884
v -0.111760 0.260251 -0.189548
v -0.073660 0.260251 -0.184575
v -0.033020 0.260251 -0.189548
v 0.000000 0.260251 -0.189548
v -0.269240 0.216639 -0.205241
v -0.248920 0.216639 -0.202266
v -0.162560 0.216645 -0.205217
v -0.137160 0.216645 -0.200892
v -0.111760 0.216645 -0.205217
v -0.073660 0.216645 -0.201088
v -0.033020 0.216645 -0.205217
v -0.215900 0.536298 -0.231079
v -0.073660 0.536298 -0.231079
v -0.033020 0.536298 -0.231079
v -0.162560 0.536298 -0.231079
v -0.264753 0.518316 -0.208290
v -0.215900 0.521431 -0.207963
v -0.190500 0.521516 -0.204788
v -0.162560 0.521516 -0.204788
v -0.135361 0.519092 -0.204911
v -0.073660 0.519050 -0.204788
v -0.033020 0.517750 -0.207973
v 0.000000 0.518682 -0.205981
v -0.269240 0.356318 -0.146929
v -0.219634 0.383194 -0.141917
v -0.162560 0.383270 -0.141890
v -0.099023 0.383272 -0.141904
v -0.311159 0.491048 -0.198489
v -0.304800 0.497737 -0.195471
v -0.304800 0.474793 -0.182735
v -0.311178 0.422269 -0.166289
v -0.304800 0.448422 -0.170399
v -0.304800 0.424772 -0.160939
v -0.304210 0.405140 -0.151629
v -0.289560 0.499055 -0.192652
v -0.289560 0.477206 -0.177577
v -0.289560 0.450835 -0.165241
v -0.289560 0.427170 -0.155811
v -0.266616 0.499222 -0.189593
v -0.269240 0.478636 -0.174520
v -0.268671 0.445762 -0.159316
v -0.266744 0.406887 -0.144637
v -0.248920 0.479058 -0.173617
v -0.248920 0.452687 -0.161281
v -0.248920 0.428454 -0.153066
v -0.215900 0.500278 -0.190038
v -0.215900 0.477596 -0.176743
v -0.215900 0.451225 -0.164407
v -0.215900 0.427665 -0.154754
v -0.215900 0.405329 -0.145626
v -0.190500 0.498324 -0.189453
v -0.190500 0.424645 -0.161211
v -0.188962 0.404194 -0.147729
v -0.162440 0.497999 -0.195053
v -0.137160 0.404793 -0.146770
v -0.111760 0.498220 -0.194438
v -0.111760 0.425286 -0.159839
v -0.111760 0.404793 -0.146770
v -0.073660 0.499207 -0.192329
v -0.073660 0.477751 -0.176412
v -0.073660 0.452264 -0.162186
v -0.073660 0.428345 -0.153300
v -0.073660 0.405477 -0.145308
v -0.002308 0.502168 -0.191653
v -0.033020 0.477897 -0.176101
v -0.023895 0.452867 -0.161777
v -0.033020 0.406014 -0.144160
v 0.000000 0.478402 -0.175021
v 0.000000 0.452959 -0.160700
v 0.000000 0.429006 -0.151888
v 0.000000 0.406749 -0.145765
v -0.183151 0.430836 -0.169812
v -0.129269 0.430836 -0.169812
v -0.103226 0.337077 0.021356
v -0.246954 0.704778 -0.300408
v -0.271145 0.693582 -0.299369
v -0.273091 0.719107 -0.301984
v -0.244475 0.731223 -0.301865
v -0.244475 0.750279 -0.301790
v -0.290571 0.748969 -0.305719
v -0.244475 0.768732 -0.305093
v -0.271145 0.768338 -0.307295
v -0.243909 0.787727 -0.309716
v -0.271145 0.786987 -0.309496
v -0.228735 0.813174 -0.317286
v -0.271145 0.805073 -0.314848
v -0.244475 0.823392 -0.318893
v -0.271145 0.823414 -0.318770
v -0.217805 0.675184 -0.295764
v -0.217805 0.693938 -0.297384
v -0.217805 0.712971 -0.297438
v -0.217805 0.731424 -0.300741
v -0.217805 0.749899 -0.303916
v -0.217805 0.768351 -0.307219
v -0.217805 0.786572 -0.311814
v -0.191135 0.694235 -0.295722
v -0.191135 0.712351 -0.300902
v -0.184981 0.788424 -0.322175
v -0.191135 0.804640 -0.317268
v -0.191135 0.823321 -0.319291
v -0.080010 0.674898 -0.297363
v -0.053340 0.694370 -0.294969
v -0.080010 0.694245 -0.295667
v -0.056071 0.712611 -0.297354
v -0.053340 0.731846 -0.298383
v -0.075046 0.743047 -0.301720
v -0.053344 0.759670 -0.302338
v -0.106406 0.767632 -0.309485
v -0.053340 0.787203 -0.308291
v -0.103890 0.787011 -0.313469
v -0.053340 0.805299 -0.313586
v -0.104629 0.804540 -0.318964
v -0.053340 0.823610 -0.317675
v -0.080010 0.822947 -0.321381
v -0.053340 0.844916 -0.327793
v -0.080010 0.844916 -0.327793
v -0.026670 0.713623 -0.293799
v -0.025473 0.735736 -0.292566
v -0.026670 0.769920 -0.298451
v -0.026670 0.788230 -0.302549
v -0.026670 0.805884 -0.310312
v -0.026670 0.823610 -0.317675
v 0.026670 0.732873 -0.292642
v 0.000000 0.751835 -0.293097
v 0.000000 0.770288 -0.296400
v 0.000000 0.788230 -0.302549
v 0.026670 0.805885 -0.310312
v 0.026670 0.823610 -0.317675
v -0.111537 0.674407 -0.295852
v -0.133350 0.694235 -0.295722
v -0.133350 0.712351 -0.300902
v -0.156083 0.719749 -0.309883
v -0.133350 0.803753 -0.322223
v -0.160020 0.803753 -0.322223
v -0.133350 0.823321 -0.319291
v -0.160020 0.823321 -0.319291
v -0.106680 0.694016 -0.296948
v -0.106680 0.712095 -0.302333
v -0.106680 0.730547 -0.305636
v -0.106680 0.749442 -0.306466
v -0.106680 0.822969 -0.321256
v -0.217805 0.662559 -0.297824
v -0.085014 0.662822 -0.297998
v -0.204470 0.627009 -0.309025
v -0.120015 0.627009 -0.309025
v -0.053340 0.639090 -0.302801
v -0.080010 0.652055 -0.298840
v -0.006429 0.627009 -0.309025
v -0.053340 0.651749 -0.300551
v 0.244475 0.886300 -0.356078
v -0.046673 0.894326 -0.383318
v 0.106679 0.877753 -0.346162
v -0.078172 0.856816 -0.333062
v -0.244475 0.886300 -0.356078
v -0.106680 0.877753 -0.346162
v -0.106680 0.866425 -0.337376
v -0.099779 0.856657 -0.330673
v -0.291109 0.693135 -0.301868
v -0.291109 0.711972 -0.303022
v -0.291109 0.730867 -0.303854
v -0.290880 0.785583 -0.312101
v -0.291109 0.804564 -0.317688
v -0.291109 0.822736 -0.322561
v -0.297586 0.693286 -0.304631
v -0.297586 0.711738 -0.307933
v -0.297586 0.730633 -0.308765
v -0.297586 0.749758 -0.308304
v -0.297586 0.768211 -0.311607
v -0.297586 0.786338 -0.316724
v -0.297586 0.804791 -0.320027
v -0.297586 0.822792 -0.325849
v -0.300584 0.711068 -0.308071
v -0.300584 0.729520 -0.311374
v -0.300584 0.766426 -0.317979
v -0.300583 0.812884 -0.326294
v 0.304800 0.408804 0.309255
v 0.289560 0.411884 0.308487
v 0.289560 0.396569 0.355618
v 0.304800 0.396569 0.355618
v 0.314041 0.406052 0.309943
v 0.312217 0.398055 0.350035
v 0.289560 0.367015 0.396151
v 0.307104 0.376560 0.387483
v 0.031895 0.289321 0.433515
v 0.073660 0.291508 0.432915
v 0.111760 0.324321 0.422556
v 0.124627 0.294259 0.432581
v 0.137160 0.324321 0.424763
v 0.162560 0.324321 0.422745
v 0.160264 0.296048 0.431780
v 0.190693 0.324276 0.424795
v 0.200204 0.302354 0.430233
v 0.248920 0.324321 0.424763
v 0.244557 0.314872 0.427126
v 0.269240 0.336641 0.421683
v 0.271118 0.332722 0.422663
v 0.291142 0.355367 0.411764
v 0.269240 0.367015 0.396151
v 0.190500 0.367015 0.396151
v 0.279400 0.351828 0.408917
v 0.305952 0.386564 0.371550
v 0.290351 0.361191 0.403957
v 0.304800 0.260251 -0.189548
v 0.289560 0.260251 -0.189548
v 0.289560 0.294230 -0.164660
v 0.304800 0.290322 -0.163892
v 0.312217 0.263747 -0.187096
v 0.314041 0.288398 -0.163204
v 0.289560 0.216583 -0.205466
v 0.269240 0.216645 -0.205217
v 0.269240 0.260257 -0.189525
v 0.307104 0.228838 -0.203294
v 0.248922 0.166921 -0.204823
v 0.215900 0.216645 -0.205217
v 0.248920 0.216645 -0.202243
v 0.269240 0.179215 -0.207904
v 0.291142 0.200405 -0.207966
v 0.031895 0.131895 -0.196071
v 0.073660 0.134093 -0.196621
v 0.073660 0.166894 -0.202322
v 0.129752 0.136961 -0.197648
v 0.111760 0.166894 -0.204823
v 0.137160 0.166894 -0.202175
v 0.160264 0.138633 -0.197756
v 0.162560 0.166894 -0.204823
v 0.200204 0.144946 -0.199279
v 0.244557 0.157458 -0.202411
v 0.271124 0.175303 -0.206926
v 0.279738 0.189372 -0.207934
v 0.305952 0.244545 -0.196421
v 0.290351 0.208500 -0.206691
v 0.146050 0.325447 0.083217
v 0.152002 0.326890 0.088991
v 0.152002 0.331819 0.087759
v 0.146050 0.330375 0.081985
v 0.146050 0.323405 0.075052
v 0.146050 0.328333 0.073820
v 0.152002 0.321961 0.069278
v 0.152002 0.326889 0.068046
v 0.160418 0.321961 0.069278
v 0.160418 0.326889 0.068046
v 0.166370 0.323405 0.075052
v 0.166370 0.328333 0.073820
v 0.166370 0.325447 0.083217
v 0.166370 0.330375 0.081985
v 0.160418 0.326890 0.088991
v 0.160418 0.331819 0.087759
v 0.125173 0.366158 0.145449
v 0.187247 0.368106 0.145449
v 0.081280 0.357459 0.102867
v 0.081280 0.342401 0.042647
v 0.125173 0.331753 0.000065
v 0.187247 0.331753 0.000065
v 0.231140 0.342401 0.042647
v 0.231140 0.355713 0.102867
v 0.248920 0.396569 0.355618
v 0.194213 0.396406 0.355886
v 0.162560 0.367015 0.394805
v 0.137160 0.367015 0.396151
v 0.111760 0.367015 0.393944
v 0.073660 0.367015 0.396151
v 0.162560 0.396569 0.354273
v 0.137160 0.396569 0.355618
v 0.111760 0.396569 0.353411
v 0.071487 0.396288 0.355990
v 0.269240 0.411884 0.308487
v 0.248920 0.410344 0.308871
v 0.215900 0.408804 0.309255
v 0.190500 0.406832 0.309255
v 0.162560 0.409673 0.307910
v 0.137160 0.408040 0.309255
v 0.111760 0.408804 0.307048
v 0.073660 0.411884 0.308487
v 0.033020 0.413425 0.308103
v 0.289425 0.402610 0.265050
v 0.304912 0.401011 0.266227
v 0.289407 0.382426 0.178580
v 0.289425 0.402610 0.265050
v 0.304621 0.380703 0.179977
v 0.289425 0.369698 0.136172
v 0.289426 0.382544 0.178553
v 0.289425 0.358318 0.093093
v 0.304800 0.359167 0.093860
v 0.289427 0.337285 0.006993
v 0.289423 0.358232 0.093115
v 0.304633 0.337847 0.007669
v 0.289425 0.328888 -0.036819
v 0.289425 0.337521 0.006935
v 0.304800 0.326240 -0.035378
v 0.289425 0.319583 -0.080249
v 0.304800 0.315528 -0.078457
v 0.289425 0.307614 -0.123015
v 0.289428 0.319635 -0.080262
v 0.304800 0.303552 -0.121643
v 0.289425 0.307614 -0.123015
v 0.304800 0.290322 -0.163892
v 0.269105 0.402610 0.265050
v 0.269105 0.402621 0.265047
v 0.269105 0.382533 0.178555
v 0.269105 0.369686 0.136172
v 0.269107 0.382543 0.178553
v 0.289425 0.369699 0.136172
v 0.269105 0.358318 0.093093
v 0.269105 0.336894 0.006935
v 0.269105 0.358319 0.093093
v 0.269114 0.319996 -0.080337
v 0.269105 0.336894 0.006935
v 0.269105 0.307614 -0.123015
v 0.269105 0.319583 -0.080249
v 0.269240 0.294230 -0.164660
v 0.269105 0.307614 -0.123015
v 0.248785 0.401069 0.265434
v 0.269240 0.411884 0.308490
v 0.248777 0.380163 0.179145
v 0.248782 0.400971 0.265457
v 0.248785 0.367490 0.136556
v 0.248785 0.380232 0.179129
v 0.269105 0.369686 0.136172
v 0.248785 0.356778 0.093477
v 0.248785 0.335354 0.007319
v 0.248785 0.356778 0.093477
v 0.248785 0.325616 -0.036003
v 0.248785 0.335354 0.007319
v 0.269105 0.328888 -0.036819
v 0.248785 0.316527 -0.079487
v 0.248785 0.305085 -0.122384
v 0.248785 0.316527 -0.079487
v 0.248920 0.292689 -0.162545
v 0.248785 0.305085 -0.122384
v 0.215765 0.398087 0.266177
v 0.215765 0.398087 0.266178
v 0.215765 0.376662 0.180019
v 0.209193 0.361910 0.124158
v 0.215766 0.376662 0.180020
v 0.248785 0.367490 0.136556
v 0.248785 0.346066 0.050398
v 0.209193 0.337077 0.021356
v 0.215765 0.323101 -0.035376
v 0.248785 0.325616 -0.036003
v 0.215765 0.312389 -0.078456
v 0.215765 0.302108 -0.121642
v 0.215766 0.312389 -0.078455
v 0.215900 0.291149 -0.163892
v 0.215766 0.302108 -0.121642
v 0.190365 0.396115 0.266177
v 0.190365 0.374691 0.180019
v 0.190365 0.396115 0.266178
v 0.190365 0.374691 0.180020
v 0.190365 0.323101 -0.035376
v 0.215766 0.323101 -0.035376
v 0.190365 0.312389 -0.078456
v 0.190365 0.302108 -0.121642
v 0.190365 0.312389 -0.078455
v 0.190365 0.302108 -0.121642
v 0.162425 0.398956 0.266177
v 0.162425 0.377532 0.180019
v 0.162426 0.398957 0.266178
v 0.156210 0.367132 0.145449
v 0.162426 0.377532 0.180020
v 0.158830 0.331782 0.000057
v 0.190365 0.323101 -0.035376
v 0.162425 0.312389 -0.078456
v 0.162425 0.302108 -0.121642
v 0.162426 0.312389 -0.078455
v 0.162560 0.291149 -0.163892
v 0.162426 0.302108 -0.121642
v 0.137025 0.397323 0.266177
v 0.137025 0.375899 0.180019
v 0.137026 0.397323 0.266178
v 0.137026 0.375899 0.180020
v 0.137025 0.320668 -0.034770
v 0.137025 0.309956 -0.077849
v 0.137025 0.299675 -0.121035
v 0.137026 0.309956 -0.077848
v 0.137160 0.288716 -0.163285
v 0.137026 0.299675 -0.121035
v 0.111625 0.398087 0.266177
v 0.111630 0.376715 0.180005
v 0.111626 0.398087 0.266178
v 0.111626 0.376662 0.180020
v 0.111625 0.323101 -0.035376
v 0.111625 0.312389 -0.078456
v 0.111625 0.302108 -0.121642
v 0.111626 0.312389 -0.078455
v 0.111760 0.291149 -0.163892
v 0.111626 0.302108 -0.121642
v 0.073525 0.402610 0.265050
v 0.073516 0.382498 0.178564
v 0.073526 0.402610 0.265050
v 0.103492 0.361861 0.124415
v 0.073526 0.382533 0.178556
v 0.073525 0.328888 -0.036819
v 0.073526 0.336894 0.006935
v 0.073525 0.319583 -0.080249
v 0.073525 0.307614 -0.123015
v 0.073526 0.319583 -0.080249
v 0.073660 0.294230 -0.164660
v 0.073526 0.307614 -0.123015
v 0.032885 0.404150 0.264666
v 0.032882 0.384102 0.178165
v 0.032885 0.404150 0.264666
v 0.032885 0.375648 0.135353
v 0.032885 0.384074 0.178172
v 0.032885 0.364936 0.092273
v 0.032885 0.343498 0.006118
v 0.032885 0.364936 0.092274
v 0.073525 0.336894 0.006935
v 0.032885 0.343504 0.006117
v 0.032885 0.321989 -0.080849
v 0.032885 0.309924 -0.123591
v 0.032885 0.321989 -0.080849
v 0.033020 0.295770 -0.165044
v 0.032885 0.309924 -0.123590
v 0.314041 0.384627 0.223783
v 0.314041 0.331067 0.008389
v 0.314028 0.300374 -0.114932
v 0.314041 0.288398 -0.163204
v 0.248920 0.260251 -0.187817
v 0.215900 0.260251 -0.189548
v 0.162560 0.260251 -0.189548
v 0.137160 0.260251 -0.182884
v 0.111760 0.260251 -0.189548
v 0.073660 0.260251 -0.184575
v 0.033020 0.260251 -0.189548
v 0.269240 0.216639 -0.205241
v 0.248920 0.216639 -0.202266
v 0.162560 0.216645 -0.205217
v 0.137160 0.216645 -0.200892
v 0.111760 0.216645 -0.205217
v 0.073660 0.216645 -0.201088
v 0.033020 0.216645 -0.205217
v 0.103226 0.337077 0.021356
v 0.307110 0.333815 -0.149827
v 0.310036 0.363985 -0.146932
v 0.304800 0.356732 -0.142990
v 0.289560 0.359085 -0.143158
v 0.289560 0.321393 -0.161817
v 0.291231 0.549665 -0.281118
v 0.268798 0.546161 -0.270678
v 0.254554 0.536060 -0.230784
v 0.289560 0.536319 -0.231089
v 0.307110 0.545229 -0.249828
v 0.310013 0.534364 -0.227639
v 0.269240 0.297619 -0.184768
v 0.248893 0.292195 -0.196242
v 0.244557 0.288024 -0.205053
v 0.271118 0.295891 -0.188421
v 0.200203 0.282529 -0.216722
v 0.160190 0.279764 -0.222608
v 0.031895 0.276762 -0.228862
v 0.269240 0.320444 -0.163844
v 0.291142 0.311008 -0.168344
v 0.271124 0.546125 -0.306775
v 0.244557 0.542844 -0.325585
v 0.248920 0.547955 -0.317229
v 0.269240 0.547849 -0.303130
v 0.215900 0.543293 -0.335031
v 0.215647 0.547932 -0.317115
v 0.031699 0.538003 -0.352418
v 0.200126 0.542490 -0.339700
v 0.160259 0.540828 -0.346103
v 0.194310 0.469456 -0.188080
v 0.171991 0.489631 -0.197623
v 0.160418 0.454110 -0.207374
v 0.166370 0.448730 -0.204829
v 0.171991 0.420748 -0.165040
v 0.194310 0.440924 -0.174584
v 0.166370 0.441122 -0.201230
v 0.160418 0.435742 -0.198685
v 0.140428 0.489631 -0.197623
v 0.152002 0.454110 -0.207374
v 0.140428 0.420748 -0.165040
v 0.152002 0.435742 -0.198685
v 0.043377 0.383804 -0.141760
v 0.311158 0.382112 -0.147529
v 0.304800 0.383270 -0.145065
v 0.289560 0.383270 -0.141890
v 0.118110 0.440924 -0.174584
v 0.146050 0.441122 -0.201230
v 0.118110 0.469456 -0.188080
v 0.146050 0.448730 -0.204829
v 0.146050 0.450903 -0.200237
v 0.152002 0.456283 -0.202782
v 0.160418 0.456283 -0.202782
v 0.166370 0.450903 -0.200237
v 0.152002 0.437914 -0.194093
v 0.146050 0.443294 -0.196638
v 0.166370 0.443294 -0.196638
v 0.160418 0.437914 -0.194093
v 0.289560 0.517750 -0.207973
v 0.304800 0.517750 -0.207973
v 0.311178 0.516596 -0.210414
v 0.215900 0.536298 -0.231079
v 0.073660 0.536298 -0.231079
v 0.033020 0.536298 -0.231079
v 0.162560 0.536298 -0.231079
v 0.264753 0.518316 -0.208290
v 0.215900 0.521431 -0.207963
v 0.190500 0.521516 -0.204788
v 0.162560 0.521516 -0.204788
v 0.135361 0.519092 -0.204911
v 0.073660 0.519050 -0.204788
v 0.033020 0.517750 -0.207973
v 0.269240 0.356318 -0.146929
v 0.033020 0.356318 -0.146929
v 0.219634 0.383194 -0.141917
v 0.162560 0.383270 -0.141890
v 0.111760 0.383270 -0.141890
v 0.311159 0.491048 -0.198489
v 0.304800 0.497737 -0.195471
v 0.304800 0.474793 -0.182735
v 0.311178 0.422269 -0.166289
v 0.304800 0.448422 -0.170399
v 0.304800 0.424772 -0.160939
v 0.304210 0.405140 -0.151629
v 0.289560 0.499055 -0.192652
v 0.289560 0.477206 -0.177577
v 0.289560 0.450835 -0.165241
v 0.289560 0.427170 -0.155811
v 0.266616 0.499222 -0.189593
v 0.269240 0.478636 -0.174520
v 0.268671 0.445762 -0.159316
v 0.266744 0.406887 -0.144637
v 0.248920 0.479058 -0.173617
v 0.248920 0.452687 -0.161281
v 0.248920 0.428454 -0.153066
v 0.215900 0.500278 -0.190038
v 0.215900 0.477596 -0.176743
v 0.215900 0.451225 -0.164407
v 0.215900 0.427665 -0.154754
v 0.215900 0.405329 -0.145626
v 0.190500 0.498324 -0.189453
v 0.190500 0.424645 -0.161211
v 0.188962 0.404194 -0.147729
v 0.162440 0.497999 -0.195053
v 0.137160 0.404793 -0.146770
v 0.111760 0.498220 -0.194438
v 0.111760 0.425286 -0.159839
v 0.111760 0.404793 -0.146770
v 0.073660 0.499207 -0.192329
v 0.073660 0.477751 -0.176412
v 0.073660 0.452264 -0.162186
v 0.073660 0.428345 -0.153300
v 0.073660 0.405477 -0.145308
v 0.033020 0.499744 -0.191180
v 0.033020 0.477897 -0.176101
v 0.023895 0.452867 -0.161777
v 0.033020 0.406014 -0.144160
v 0.183151 0.430836 -0.169812
v 0.129269 0.430836 -0.169812
v 0.139155 0.719749 -0.309883
v 0.173011 0.719749 -0.309883
v 0.160418 0.746588 -0.333653
v 0.152002 0.746588 -0.333653
v 0.173011 0.800207 -0.324284
v 0.139155 0.800207 -0.324284
v 0.152002 0.766590 -0.337233
v 0.160418 0.766590 -0.337233
v 0.196952 0.743314 -0.314101
v 0.196952 0.776641 -0.320066
v 0.166370 0.760731 -0.336184
v 0.166370 0.752446 -0.334701
v 0.152002 0.747483 -0.328652
v 0.160418 0.747483 -0.328652
v 0.152002 0.767485 -0.332232
v 0.146050 0.753341 -0.329701
v 0.166370 0.753341 -0.329701
v 0.166370 0.761626 -0.331183
v 0.146050 0.761626 -0.331183
v 0.146050 0.760731 -0.336184
v 0.146050 0.752446 -0.334701
v 0.115214 0.776641 -0.320066
v 0.115214 0.743314 -0.314101
v 0.160418 0.767485 -0.332232
v 0.031750 0.601576 -0.375433
v 0.160020 0.602695 -0.369182
v 0.200025 0.603926 -0.362306
v 0.244475 0.606163 -0.349805
v 0.150019 0.627009 -0.309025
v 0.271121 0.627035 -0.309054
v 0.271145 0.639090 -0.302801
v 0.297582 0.638985 -0.302543
v 0.291109 0.627634 -0.309137
v 0.291900 0.652133 -0.298778
v 0.031750 0.886607 -0.426448
v 0.160020 0.887726 -0.420197
v 0.148191 0.894326 -0.383318
v 0.200025 0.888956 -0.413322
v 0.200025 0.894326 -0.383318
v 0.244475 0.891194 -0.400820
v 0.244475 0.894326 -0.383318
v 0.271313 0.893160 -0.382995
v 0.271117 0.610462 -0.332528
v 0.290738 0.661938 -0.297873
v 0.290276 0.673345 -0.297919
v 0.244475 0.674847 -0.297646
v 0.290997 0.884999 -0.356037
v 0.244474 0.877753 -0.346162
v 0.297559 0.876308 -0.345946
v 0.208113 0.858359 -0.331551
v 0.253897 0.856112 -0.333122
v 0.291172 0.855035 -0.332011
v 0.106680 0.845303 -0.325630
v 0.215059 0.846433 -0.325831
v 0.244475 0.845043 -0.327082
v 0.271145 0.843793 -0.326858
v 0.300606 0.652530 -0.300805
v 0.297908 0.663901 -0.299764
v 0.300568 0.665676 -0.300155
v 0.302298 0.678409 -0.302207
v 0.300213 0.866007 -0.339402
v 0.302312 0.834081 -0.330221
v 0.300575 0.845017 -0.332161
v 0.297208 0.848888 -0.332856
v 0.246954 0.704778 -0.300408
v 0.271145 0.693582 -0.299369
v 0.273091 0.719107 -0.301984
v 0.244475 0.731223 -0.301865
v 0.244475 0.750279 -0.301790
v 0.290571 0.748969 -0.305719
v 0.244475 0.768732 -0.305093
v 0.271145 0.768338 -0.307295
v 0.243909 0.787727 -0.309716
v 0.271145 0.786987 -0.309496
v 0.228735 0.813174 -0.317286
v 0.271145 0.805073 -0.314848
v 0.244475 0.823392 -0.318893
v 0.271145 0.823414 -0.318770
v 0.217805 0.693938 -0.297384
v 0.217805 0.675184 -0.295764
v 0.217805 0.712971 -0.297438
v 0.217805 0.731424 -0.300741
v 0.217805 0.749899 -0.303916
v 0.217805 0.768351 -0.307219
v 0.217805 0.786572 -0.311814
v 0.191135 0.694235 -0.295722
v 0.191135 0.712351 -0.300902
v 0.184981 0.788424 -0.322175
v 0.191135 0.804640 -0.317268
v 0.191135 0.823321 -0.319291
v 0.053340 0.694370 -0.294969
v 0.080010 0.674898 -0.297363
v 0.080010 0.694245 -0.295667
v 0.056071 0.712611 -0.297354
v 0.053340 0.731846 -0.298383
v 0.075046 0.743047 -0.301720
v 0.053344 0.759670 -0.302338
v 0.106406 0.767632 -0.309485
v 0.053340 0.787203 -0.308291
v 0.103890 0.787011 -0.313469
v 0.053340 0.805299 -0.313586
v 0.104629 0.804540 -0.318964
v 0.053340 0.823610 -0.317675
v 0.080010 0.822947 -0.321381
v 0.053340 0.844916 -0.327793
v 0.080010 0.844916 -0.327793
v 0.026670 0.713623 -0.293799
v 0.026788 0.766131 -0.297549
v 0.026670 0.788230 -0.302549
v 0.133350 0.694235 -0.295722
v 0.111537 0.674407 -0.295852
v 0.133350 0.712351 -0.300902
v 0.156083 0.719749 -0.309883
v 0.133350 0.803753 -0.322223
v 0.160020 0.803753 -0.322223
v 0.133350 0.823321 -0.319291
v 0.160020 0.823321 -0.319291
v 0.106680 0.694016 -0.296948
v 0.106680 0.712095 -0.302333
v 0.106680 0.730547 -0.305636
v 0.106680 0.749442 -0.306466
v 0.106680 0.822969 -0.321256
v 0.217805 0.662559 -0.297824
v 0.106679 0.662559 -0.297824
v 0.204470 0.627009 -0.309025
v 0.053340 0.639090 -0.302801
v 0.080010 0.652055 -0.298840
v 0.080010 0.662482 -0.298254
v 0.046673 0.627009 -0.309025
v 0.053340 0.651749 -0.300551
v 0.078303 0.856943 -0.333129
v 0.066675 0.894326 -0.383318
v 0.106680 0.866425 -0.337376
v 0.099779 0.856657 -0.330673
v 0.291109 0.693135 -0.301868
v 0.291109 0.711972 -0.303022
v 0.291109 0.730867 -0.303854
v 0.290880 0.785583 -0.312101
v 0.291109 0.804564 -0.317688
v 0.291109 0.822736 -0.322561
v 0.297586 0.693286 -0.304631
v 0.297586 0.711738 -0.307933
v 0.297586 0.730633 -0.308765
v 0.297586 0.749758 -0.308304
v 0.297586 0.768211 -0.311607
v 0.297586 0.786338 -0.316724
v 0.297586 0.804791 -0.320027
v 0.297586 0.822792 -0.325849
v 0.300584 0.711068 -0.308071
v 0.300584 0.729520 -0.311374
v 0.300584 0.766425 -0.317979
v 0.300583 0.812884 -0.326294
v 0.407000 0.510205 0.199088
v 0.398780 0.510514 0.202482
v 0.398508 0.505417 0.205303
v 0.408305 0.504800 0.201506
v 0.413301 0.509638 0.192853
v 0.415290 0.504168 0.194549
v 0.416780 0.508884 0.184556
v 0.419100 0.503306 0.185063
v 0.401176 0.514556 0.196832
v 0.409624 0.513708 0.190269
v 0.412493 0.513154 0.184168
v 0.399304 0.516179 0.191776
v 0.406649 0.515564 0.184971
v 0.408305 0.484850 0.203319
v 0.398780 0.485195 0.207114
v 0.398780 0.479407 0.205310
v 0.407000 0.479098 0.201916
v 0.415290 0.484218 0.196363
v 0.413301 0.478531 0.195681
v 0.419100 0.483355 0.186877
v 0.416780 0.477777 0.187384
v 0.409624 0.474062 0.193873
v 0.412493 0.473507 0.187772
v 0.404588 0.474508 0.198774
v 0.398780 0.474749 0.201429
v 0.399430 0.471914 0.195931
v 0.406431 0.471277 0.188949
v 0.418465 0.453345 -0.143232
v 0.408940 0.453000 -0.147026
v 0.408742 0.473021 -0.148905
v 0.418465 0.473296 -0.145045
v 0.425450 0.454035 -0.135643
v 0.425450 0.473986 -0.137457
v 0.417100 0.479044 -0.143684
v 0.408940 0.478739 -0.147036
v 0.423474 0.479674 -0.136753
v 0.414579 0.483627 -0.140619
v 0.408940 0.483397 -0.143155
v 0.421974 0.484740 -0.130905
v 0.409700 0.486248 -0.137531
v 0.416875 0.486936 -0.129851
v 0.417100 0.447937 -0.140856
v 0.408940 0.447632 -0.144208
v 0.423474 0.448567 -0.133925
v 0.422328 0.444838 -0.127487
v 0.414579 0.443981 -0.137015
v 0.408940 0.443751 -0.139551
v 0.411181 0.442018 -0.132703
v 0.426940 0.480369 -0.129110
v 0.429260 0.474791 -0.128603
v 0.429260 0.454840 -0.126789
v 0.426940 0.449262 -0.126282
v 0.417051 0.442682 -0.125684
v 0.374616 0.441949 -0.133740
v 0.374616 0.471929 0.196038
v 0.282936 0.356715 -0.090348
v 0.277116 0.359026 -0.090551
v 0.282719 0.358516 -0.097629
v 0.277116 0.362041 -0.100254
v 0.282719 0.362483 -0.103090
v 0.282719 0.374843 -0.114416
v 0.277117 0.376702 -0.113879
v 0.302337 0.356806 -0.090361
v 0.302116 0.358516 -0.097629
v 0.302116 0.362483 -0.103090
v 0.302116 0.374843 -0.114416
v 0.307467 0.359014 -0.090595
v 0.307480 0.361422 -0.099440
v 0.307463 0.376597 -0.113870
v 0.279556 0.439326 -0.143684
v 0.284286 0.437680 -0.145633
v 0.304032 0.437680 -0.145633
v 0.312264 0.443260 -0.143718
v 0.302116 0.396919 0.184533
v 0.307463 0.399125 0.184332
v 0.307463 0.404472 0.194048
v 0.301855 0.404408 0.197562
v 0.282719 0.396919 0.184533
v 0.282458 0.404520 0.197558
v 0.277117 0.399230 0.184323
v 0.277121 0.406859 0.197387
v 0.307463 0.408094 0.198820
v 0.302116 0.416926 0.208219
v 0.307463 0.419132 0.208018
v 0.302116 0.430034 0.212128
v 0.307463 0.430986 0.211099
v 0.282719 0.416926 0.208219
v 0.282719 0.430034 0.212128
v 0.277117 0.419237 0.208009
v 0.277117 0.431091 0.211089
v 0.281178 0.455288 -0.140858
v 0.281178 0.486448 0.201899
v 0.283809 0.454068 -0.144573
v 0.283809 0.485803 0.204508
v 0.374616 0.516197 0.192014
v 0.374616 0.514393 0.197802
v 0.374611 0.511921 0.202251
v 0.374616 0.486458 0.206977
v 0.374616 0.480669 0.205173
v 0.374616 0.474747 0.201407
v 0.290992 0.489141 0.206557
v 0.286928 0.500235 0.200820
v 0.307792 0.479012 0.207451
v 0.314851 0.479851 0.205155
v 0.312294 0.475392 0.205560
v 0.318116 0.490913 0.206364
v 0.319217 0.484746 0.204654
v 0.324433 0.486852 0.204518
v 0.303478 0.504066 0.205177
v 0.315404 0.508473 0.204777
v 0.353060 0.491755 0.206296
v 0.297700 0.510983 0.200100
v 0.313216 0.513399 0.201999
v 0.353060 0.486230 0.204575
v 0.315404 0.476319 -0.148925
v 0.313216 0.481664 -0.147081
v 0.374607 0.479938 -0.147154
v 0.319309 0.459258 -0.147364
v 0.353060 0.459600 -0.147405
v 0.353060 0.454478 -0.144716
v 0.324321 0.455054 -0.144739
v 0.319375 0.453044 -0.144497
v 0.309153 0.449024 -0.146414
v 0.314444 0.447822 -0.144142
v 0.291871 0.458186 -0.147262
v 0.303478 0.471911 -0.148524
v 0.299892 0.476407 -0.146603
v 0.290310 0.465882 -0.145647
v 0.374604 0.486025 -0.138586
v 0.374616 0.454267 -0.147119
v 0.374616 0.448899 -0.144301
v 0.374616 0.443753 -0.139529
v 0.311699 0.485684 -0.143621
v 0.297696 0.479908 -0.143096
v 0.286978 0.469234 -0.142126
v 0.312378 0.474352 0.202998
v 0.312369 0.474331 0.203000
v 0.312369 0.474196 0.203013
v 0.314689 0.479909 0.202493
v 0.324578 0.486489 0.201895
v 0.353060 0.485950 0.201944
v 0.311699 0.516844 0.199135
v 0.324514 0.486886 0.204515
v 0.360688 0.478353 0.202635
v 0.353060 0.455135 -0.137018
v 0.360688 0.447538 -0.136328
v 0.395834 0.442315 -0.129712
vn -0.0088 0.8956 0.4447
vn -0.0970 0.9942 0.0470
vn -0.2244 0.9735 0.0439
vn -0.0668 0.9015 0.4277
vn -0.2866 0.9572 0.0397
vn -0.0200 0.9592 0.2819
vn 0.1001 0.7717 0.6280
vn 0.1513 0.8243 0.5455
vn -0.0002 0.2415 0.9704
vn 0.0265 0.4037 0.9145
vn -0.0265 0.4036 0.9145
vn -0.0131 0.2564 0.9665
vn 0.0174 0.4285 0.9034
vn 0.0112 0.2895 0.9571
vn -0.0055 0.4019 0.9157
vn 0.0054 0.4271 0.9042
vn 0.0132 0.2928 0.9561
vn 0.0234 0.4112 0.9113
vn -0.0000 0.2409 0.9706
vn 0.0292 0.3880 0.9212
vn 0.0005 0.2428 0.9701
vn -0.0600 0.4857 0.8721
vn -0.0835 0.3606 0.9290
vn 0.4083 0.7113 0.5721
vn 0.0194 0.6904 0.7232
vn 0.0166 0.7168 0.6971
vn -0.0000 -0.0000 1.0000
vn -0.2153 0.8340 0.5081
vn 0.1317 0.7881 0.6013
vn -0.2020 0.9489 -0.2425
vn 0.0186 0.3630 -0.9316
vn -0.0377 0.4993 -0.8656
vn -0.2124 0.7759 -0.5940
vn -0.0165 0.5850 -0.8108
vn -0.1936 0.6754 -0.7116
vn -0.0805 -0.5785 0.8117
vn 0.0682 0.1728 -0.9826
vn 0.0195 0.2293 -0.9732
vn 0.0653 0.3255 -0.9433
vn 0.0048 -0.2278 0.9737
vn 0.0301 -0.1919 -0.9810
vn -0.0581 -0.2164 -0.9746
vn 0.0194 -0.0803 -0.9966
vn 0.0284 0.1003 -0.9946
vn -0.1139 -0.9852 0.1280
vn -0.0000 -0.2426 -0.9701
vn 0.1139 -0.9852 0.1279
vn -0.0125 -0.1883 -0.9820
vn -0.1360 -0.9895 0.0493
vn -0.0144 -0.1808 -0.9834
vn 0.1538 -0.9746 0.1630
vn -0.1276 -0.9915 0.0245
vn 0.0233 -0.2122 -0.9770
vn -0.0227 -0.9873 0.1570
vn -0.0004 -0.2444 -0.9697
vn -0.0015 -0.2477 -0.9688
vn -0.0626 -0.2141 -0.9748
vn -0.0000 0.1556 -0.9878
vn -0.6396 0.4264 -0.6396
vn 0.9946 -0.1010 0.0232
vn 0.2971 0.7854 0.5430
vn 0.1483 0.9781 0.1460
vn 0.3674 0.9270 -0.0749
vn 0.7173 0.6835 0.1353
vn 0.3674 0.8532 -0.3702
vn 0.7173 0.5394 -0.4411
vn 0.1522 0.8010 -0.5790
vn 0.2971 0.4374 -0.8488
vn -0.1522 0.8010 -0.5790
vn -0.2971 0.4374 -0.8488
vn -0.3735 0.8533 -0.3639
vn -0.7173 0.5394 -0.4411
vn -0.3785 0.9223 -0.0780
vn -0.7173 0.6835 0.1354
vn -0.1460 0.9793 0.1401
vn -0.2971 0.7854 0.5430
vn 0.0611 0.9374 -0.3429
vn -0.0682 0.9265 -0.3700
vn -0.2604 0.9000 -0.3495
vn -0.2255 0.9596 -0.1682
vn -0.0938 0.9878 -0.1246
vn 0.0531 0.9918 -0.1163
vn 0.2204 0.9700 -0.1025
vn 0.2011 0.9346 -0.2935
vn -0.6357 -0.0399 0.7709
vn 0.2687 -0.3302 0.9049
vn -0.2922 -0.1670 0.9417
vn 0.1530 -0.5223 0.8389
vn 0.0703 -0.2064 0.9759
vn -0.0000 -0.5992 0.8006
vn -0.0000 -0.2967 0.9550
vn 0.0065 -0.3064 0.9519
vn -0.0101 0.9016 0.4325
vn 0.0421 0.9871 0.1542
vn 0.0919 0.9857 0.1416
vn 0.0295 0.8838 0.4669
vn 0.1514 0.9402 0.3052
vn -0.0261 0.8265 0.5623
vn 0.0004 -0.9040 0.4276
vn -0.0272 -0.7903 0.6122
vn -0.0763 -0.8608 0.5031
vn 0.0004 -0.9041 0.4274
vn 0.0221 -0.8441 0.5357
vn -0.0002 -0.9048 0.4259
vn -0.0005 -0.9055 0.4244
vn 0.0474 -0.5795 0.8136
vn 0.3222 -0.5385 0.7786
vn -0.1431 0.9281 -0.3436
vn -0.0938 0.8654 -0.4921
vn -0.2421 0.9073 -0.3437
vn -0.0983 0.9843 -0.1469
vn -0.0217 0.9926 -0.1192
vn -0.0543 0.9668 -0.2496
vn 0.0030 0.9938 -0.1111
vn 0.0014 0.9627 -0.2707
vn -0.0031 0.9938 -0.1111
vn 0.0010 0.9612 -0.2759
vn -0.0058 0.9709 -0.2393
vn 0.0025 0.9694 -0.2454
vn -0.0846 0.6016 0.7943
vn 0.5060 -0.5731 0.6446
vn 0.5177 0.1263 0.8462
vn -0.2041 0.4935 0.8455
vn -0.2041 0.3406 0.9178
vn 0.4901 0.5112 0.7060
vn 0.1711 0.7539 0.6343
vn -0.0846 0.2325 0.9689
vn 0.0846 0.6016 0.7943
vn -0.1289 -0.1770 0.9757
vn -0.1788 0.7752 0.6059
vn 0.0846 0.2325 0.9689
vn 0.0093 -0.0305 0.9995
vn -0.2759 0.1640 0.9471
vn -0.4356 0.1718 0.8836
vn -0.1055 0.0776 0.9914
vn -0.4163 0.5439 0.7286
vn 0.2041 0.3406 0.9178
vn 0.2041 0.4935 0.8455
vn -0.3699 0.2717 0.8884
vn 0.7173 0.5381 0.4427
vn 0.2971 0.9179 0.2630
vn -0.2971 0.9179 0.2630
vn -0.7173 0.5381 0.4427
vn 0.2971 -0.3789 0.8764
vn 0.7173 0.0009 0.6968
vn -0.7173 0.0009 0.6968
vn -0.2971 -0.3789 0.8764
vn -0.0185 0.6929 0.7208
vn -0.1988 0.6089 0.7680
vn -0.3847 0.5347 0.7525
vn -0.1182 -0.1144 0.9864
vn 0.1236 0.6450 0.7542
vn -0.1688 0.6507 0.7404
vn 0.1196 -0.1146 0.9862
vn 0.1197 0.4509 0.8845
vn -0.1303 -0.3341 0.9335
vn 0.4928 -0.8607 0.1276
vn -0.1184 0.4507 0.8848
vn -0.2864 0.2850 0.9147
vn 0.5384 -0.1959 0.8196
vn 0.4185 0.3091 0.8540
vn -0.2862 0.0511 0.9568
vn 0.2971 0.8171 0.4940
vn -0.2971 -0.5950 0.7468
vn 0.2971 -0.5950 0.7468
vn 0.7173 -0.1814 0.6728
vn -0.7173 -0.1814 0.6728
vn -0.7173 0.4035 0.5681
vn 0.7173 0.4035 0.5681
vn 0.2880 0.0508 0.9563
vn 0.2882 0.2851 0.9141
vn -0.6445 0.4851 0.5911
vn -0.7340 -0.3787 0.5637
vn -0.2971 0.8171 0.4940
vn -0.0000 -0.9844 0.1762
vn 0.0170 -0.9175 0.3974
vn -0.0170 -0.9175 0.3974
vn -0.0155 -0.9842 0.1762
vn -0.0000 -0.6427 0.7661
vn -0.0116 -0.6578 0.7531
vn 0.0035 -0.3777 0.9259
vn -0.0487 -0.3413 0.9387
vn -0.0218 -0.6192 0.7849
vn -0.1029 -0.1617 0.9815
vn -0.0000 0.9985 0.0547
vn -0.0000 0.9844 -0.1762
vn -0.0156 0.9842 -0.1762
vn -0.0213 0.9983 0.0536
vn -0.0345 0.9822 0.1844
vn -0.0391 -0.8654 0.4996
vn -0.1236 -0.0331 0.9918
vn -0.2053 0.1001 0.9736
vn -0.0261 0.0272 0.9993
vn -0.0215 0.8425 0.5383
vn -0.0192 0.6573 0.7534
vn -0.0088 0.6257 0.7800
vn -0.0141 0.5155 0.8568
vn -0.0233 0.4935 0.8695
vn -0.0902 0.4920 0.8659
vn -0.1720 0.3952 0.9023
vn 0.0444 0.3030 0.9520
vn -0.0224 0.3641 0.9311
vn -0.0376 0.4035 0.9142
vn -0.0417 0.3813 0.9235
vn -0.2598 -0.1033 0.9601
vn -0.2178 0.0257 0.9757
vn -0.4808 0.0470 0.8756
vn 0.0877 0.1701 0.9815
vn -0.4053 0.2390 0.8824
vn -0.0487 0.1820 0.9821
vn -0.2824 0.2727 0.9197
vn -0.1823 0.2805 0.9424
vn -0.1641 0.6292 0.7597
vn -0.4688 0.6077 0.6410
vn -0.5399 0.2626 0.7997
vn -0.6961 0.5818 0.4207
vn -0.8193 0.2367 0.5223
vn -0.8233 0.5534 0.1261
vn -0.9621 0.2049 0.1798
vn -0.2000 0.8734 0.4441
vn -0.4530 0.8495 0.2705
vn -0.5619 0.8254 0.0555
vn -0.0856 0.9886 0.1237
vn -0.2131 0.9770 0.0114
vn -0.1470 -0.4663 0.8723
vn -0.1766 -0.1033 0.9788
vn -0.5422 -0.1140 0.8325
vn -0.4689 -0.4764 0.7438
vn -0.8198 -0.1410 0.5550
vn -0.6979 -0.4986 0.5142
vn -0.9614 -0.1706 0.2157
vn -0.8217 -0.5217 0.2294
vn -0.5604 -0.8010 0.2106
vn -0.4666 -0.7850 0.4075
vn -0.3309 -0.7743 0.5394
vn -0.1128 -0.7587 0.6415
vn -0.0880 -0.9489 0.3031
vn -0.2071 -0.9617 0.1798
vn -0.0305 -0.0587 -0.9978
vn -0.1800 -0.2786 -0.9434
vn -0.5585 -0.2622 -0.7869
vn -0.7160 -0.0586 -0.6956
vn -0.6702 -0.4332 -0.6027
vn -0.6687 0.3119 -0.6750
vn 0.9666 0.1852 -0.1774
vn -0.8184 0.0793 0.5691
vn -0.6920 0.5064 -0.5145
vn 0.8272 0.5480 -0.1240
vn -0.7042 0.6497 0.2863
vn -0.5311 0.8084 -0.2538
vn -0.0593 0.9762 -0.2088
vn -0.2175 0.9596 -0.1786
vn -0.1612 -0.6113 -0.7748
vn -0.4831 -0.6067 -0.6313
vn -0.6849 -0.5961 -0.4191
vn -0.5474 -0.8287 -0.1168
vn -0.3551 -0.8495 -0.3901
vn -0.1219 -0.8690 -0.4796
vn -0.1191 -0.9867 -0.1107
vn -0.8217 0.5335 -0.2004
vn -0.9280 0.3713 0.0309
vn -0.9265 -0.3645 0.0938
vn -0.8268 -0.5528 -0.1040
vn -0.2264 -0.9740 0.0088
vn 0.2124 -0.9667 -0.1430
vn 0.1865 -0.9423 0.2781
vn 0.8068 -0.5895 -0.0398
vn 0.1800 -0.9828 -0.0422
vn 0.1755 -0.9013 -0.3960
vn 0.7839 -0.5082 -0.3565
vn 0.1389 -0.7310 -0.6681
vn 0.1344 -0.5649 -0.8141
vn 0.7992 -0.3144 -0.5122
vn -0.2028 -0.9782 -0.0449
vn -0.1743 -0.9039 -0.3907
vn -0.1500 -0.7300 -0.6668
vn -0.1308 -0.5689 -0.8119
vn -0.7867 -0.6160 -0.0402
vn -0.7476 -0.5672 -0.3453
vn -0.7017 -0.4085 -0.5837
vn 0.8333 -0.0457 -0.5510
vn 0.2332 -0.2323 -0.9443
vn -0.1883 -0.2964 -0.9363
vn -0.7488 -0.3266 -0.5767
vn -0.7785 -0.5300 0.3362
vn -0.7805 -0.5917 0.2020
vn -0.1843 -0.9310 0.3150
vn -0.1512 -0.7651 0.6259
vn 0.1860 -0.9296 0.3180
vn 0.1726 -0.7637 0.6220
vn 0.8107 -0.5498 0.2010
vn 0.8050 -0.4431 0.3946
vn -0.7533 -0.4647 0.4655
vn -0.1151 -0.4896 0.8643
vn -0.6971 -0.3188 0.6422
vn -0.0975 -0.0978 0.9904
vn -0.6379 -0.0690 0.7670
vn 0.1203 -0.4875 0.8648
vn 0.1029 -0.1011 0.9895
vn 0.6638 -0.2979 0.6860
vn -0.5325 -0.0811 0.8425
vn 0.9210 0.2414 -0.3058
vn 0.9550 0.2960 0.0156
vn 0.5775 0.1727 -0.7979
vn 0.2864 0.2795 0.9165
vn 0.0083 0.9920 0.1260
vn 0.6745 0.6750 0.2991
vn -0.0053 0.7185 0.6955
vn 0.0380 -0.1143 0.9927
vn 0.0750 -0.4303 0.8996
vn 0.1651 -0.7493 0.6414
vn 0.4522 0.1523 0.8788
vn 0.2067 0.2043 0.9568
vn -0.1517 0.0265 0.9881
vn -0.6999 -0.4267 0.5728
vn -0.7294 -0.1785 0.6604
vn -0.0661 -0.0450 0.9968
vn -0.4692 -0.6035 0.6447
vn -0.1651 -0.6004 0.7825
vn 0.1480 0.2870 0.9464
vn 0.0312 0.3095 0.9504
vn 0.0246 -0.0998 0.9947
vn 0.0757 0.5343 0.8419
vn 0.0565 0.5681 0.8210
vn 0.1655 -0.7160 0.6782
vn -0.0135 0.5784 -0.8156
vn 0.0983 0.4870 -0.8678
vn 0.0331 0.1335 -0.9905
vn -0.0341 -0.1675 -0.9853
vn 0.0221 -0.2766 -0.9607
vn 0.1711 -0.8229 -0.5418
vn -0.1011 -0.9783 -0.1809
vn -0.6123 -0.7700 -0.1795
vn -0.1535 -0.1783 -0.9719
vn -0.6692 -0.5118 -0.5388
vn 0.1893 0.0226 -0.9817
vn 0.1233 0.0982 -0.9875
vn 0.3162 0.3941 -0.8630
vn 0.4482 0.2226 -0.8658
vn -0.0067 0.9407 -0.3393
vn 0.0365 -0.2917 -0.9558
vn 0.1292 -0.6292 -0.7665
vn 0.6574 -0.6403 -0.3973
vn 0.1812 0.8714 -0.4558
vn 0.2023 0.6219 -0.7565
vn 0.6545 0.1110 -0.7479
vn -0.9944 -0.0825 0.0661
vn -0.9085 -0.3990 0.1240
vn -0.9718 -0.2348 0.0225
vn -0.8376 -0.5463 0.0014
vn -0.1694 -0.9788 0.1152
vn 0.3031 -0.9421 0.1438
vn 0.1548 0.9126 0.3785
vn 0.0230 -0.9885 0.1492
vn 0.6153 -0.7883 -0.0038
vn 0.0754 -0.3347 0.9393
vn 0.3071 -0.6110 -0.7297
vn 0.1077 0.4446 0.8892
vn 0.0045 0.8946 0.4468
vn 0.0172 0.9054 0.4242
vn -0.0035 0.6935 0.7205
vn 0.0123 0.6891 0.7246
vn 0.0104 0.6970 0.7170
vn -0.0209 0.6912 0.7223
vn -0.0115 0.9056 0.4241
vn 0.0119 0.9006 0.4345
vn 0.0034 0.9075 0.4200
vn -0.0209 0.8926 0.4504
vn -0.0021 0.8814 0.4723
vn 0.0169 0.9911 0.1321
vn 0.0596 0.9978 0.0287
vn 0.0596 0.9982 -0.0032
vn -0.0030 1.0000 0.0015
vn -0.0241 0.9997 -0.0005
vn 0.0219 0.9997 0.0110
vn -0.0552 0.9985 0.0054
vn -0.0548 0.9967 0.0597
vn -0.0598 0.9950 0.0799
vn 0.0011 0.9965 0.0834
vn -0.1343 0.9739 -0.1831
vn -0.3218 0.9241 -0.2060
vn -0.0400 0.9745 -0.2206
vn -0.1287 0.9652 -0.2274
vn -0.3613 0.9033 -0.2314
vn -0.0482 0.9620 -0.2688
vn -0.0471 0.9648 -0.2587
vn 0.0328 0.9692 -0.2440
vn -0.2865 0.9300 -0.2304
vn 0.0150 0.9695 -0.2445
vn 0.0277 0.9705 -0.2396
vn -0.3062 0.9252 -0.2242
vn 0.0216 0.9783 -0.2062
vn -0.1659 0.9604 -0.2238
vn -0.3757 0.8995 -0.2230
vn -0.2541 0.9403 -0.2266
vn -0.4074 0.8843 -0.2281
vn -0.1003 0.9641 -0.2459
vn -0.2703 0.9276 -0.2580
vn -0.3726 0.8891 -0.2660
vn -0.0903 0.9519 -0.2927
vn -0.2514 0.9237 -0.2892
vn -0.0000 0.9780 -0.2088
vn 0.0556 0.9734 -0.2222
vn 0.0005 0.9741 -0.2262
vn 0.0780 0.9604 -0.2674
vn 0.0005 0.9621 -0.2727
vn -0.0001 0.9620 -0.2729
vn -0.0030 0.9665 -0.2567
vn 0.0505 0.9681 -0.2456
vn 0.0250 0.9717 -0.2347
vn 0.0699 0.9746 -0.2128
vn -0.0112 0.9799 -0.1994
vn 0.1008 0.9641 -0.2456
vn 0.0007 0.9628 -0.2704
vn 0.0827 0.9533 -0.2904
vn -0.0099 0.5499 0.8352
vn 0.0780 0.9750 -0.2079
vn 0.0782 0.9751 -0.2077
vn 0.0892 0.9697 -0.2273
vn 0.1145 0.9674 -0.2258
vn 0.1043 0.9603 -0.2587
vn 0.1096 0.9584 -0.2636
vn 0.1043 0.9582 -0.2665
vn 0.0863 0.9643 -0.2504
vn 0.1380 0.9634 -0.2299
vn 0.0779 0.9675 -0.2406
vn 0.0598 0.9710 -0.2313
vn 0.1519 0.9689 -0.1954
vn 0.1621 0.9682 -0.1905
vn 0.1560 0.9661 -0.2056
vn 0.1316 0.9635 -0.2329
vn 0.1344 0.9552 -0.2639
vn 0.0959 0.9572 -0.2729
vn 0.0337 0.6463 0.7624
vn 0.0727 0.9722 -0.2227
vn 0.0800 0.9673 -0.2405
vn 0.1059 0.9664 -0.2340
vn 0.0765 0.9697 -0.2320
vn 0.0328 0.9591 -0.2811
vn 0.0635 0.9561 -0.2862
vn 0.0857 0.9697 -0.2288
vn 0.0378 0.9715 -0.2340
vn 0.0704 0.9694 -0.2351
vn 0.0885 0.9710 -0.2220
vn 0.1078 0.9699 -0.2184
vn 0.0427 0.9711 -0.2346
vn 0.1071 0.9634 -0.2456
vn 0.0308 0.9691 -0.2446
vn 0.0480 0.4912 0.8697
vn 0.0751 0.9677 -0.2405
vn -0.0402 0.9696 -0.2412
vn 0.0751 0.9677 -0.2406
vn -0.0177 0.9747 -0.2228
vn 0.0006 0.9708 -0.2400
vn -0.0000 0.9707 -0.2403
vn -0.0000 0.9704 -0.2413
vn -0.0000 0.9720 -0.2348
vn -0.0000 0.9728 -0.2316
vn -0.0000 0.9696 -0.2446
vn 0.0069 0.9696 -0.2448
vn -0.0982 0.9658 -0.2401
vn 0.0060 0.9676 -0.2524
vn -0.0964 0.9482 -0.3026
vn 0.0129 0.9672 -0.2538
vn 0.0197 0.9652 -0.2607
vn 0.0012 0.9709 -0.2396
vn 0.0650 0.9690 -0.2383
vn 0.0656 0.9691 -0.2377
vn -0.0000 0.9680 -0.2511
vn -0.0179 0.5722 0.8199
vn 0.0023 0.9701 -0.2428
vn 0.0623 0.9686 -0.2408
vn 0.0070 0.9672 -0.2540
vn 0.0617 0.9588 -0.2774
vn 0.0009 0.9666 -0.2561
vn -0.0323 0.9706 -0.2387
vn 0.0983 0.9681 -0.2305
vn -0.0329 0.9707 -0.2379
vn 0.0983 0.9632 -0.2502
vn 0.0413 0.5133 0.8572
vn -0.0960 0.9655 -0.2422
vn -0.0292 0.9702 -0.2406
vn -0.1081 0.9614 -0.2530
vn -0.0288 0.9595 -0.2802
vn -0.1338 0.9572 -0.2567
vn -0.1536 0.9580 -0.2420
vn -0.0983 0.9681 -0.2305
vn -0.1212 0.9616 -0.2462
vn -0.0983 0.9634 -0.2496
vn -0.0956 0.5517 0.8285
vn -0.0587 0.9732 -0.2222
vn -0.1214 0.9668 -0.2248
vn -0.0965 0.9666 -0.2375
vn -0.1553 0.9485 -0.2762
vn -0.1416 0.9475 -0.2868
vn -0.0738 0.9810 -0.1795
vn -0.1175 0.9703 -0.2113
vn -0.0984 0.9671 -0.2346
vn -0.1909 0.9453 -0.2645
vn -0.0918 0.9565 -0.2768
vn -0.1470 0.9418 -0.3022
vn -0.0205 0.6212 0.7834
vn -0.0771 0.9738 -0.2138
vn -0.0390 0.9734 -0.2256
vn -0.0647 0.9716 -0.2278
vn -0.0399 0.9804 -0.1929
vn -0.0638 0.9710 -0.2303
vn -0.0562 0.9666 -0.2500
vn -0.1985 0.9514 -0.2355
vn -0.0622 0.9719 -0.2271
vn -0.1292 0.9743 -0.1843
vn -0.1610 0.9629 -0.2166
vn -0.0736 0.9717 -0.2243
vn -0.0930 0.9627 -0.2541
vn -0.0609 0.9606 -0.2712
vn -0.0785 0.9529 -0.2929
vn -0.0583 0.9448 -0.3224
vn -0.0401 0.5984 0.8002
vn -0.0000 0.9760 -0.2178
vn -0.0000 0.9702 -0.2424
vn 0.0001 0.9729 -0.2313
vn 0.0740 0.9717 -0.2242
vn 0.0001 0.9677 -0.2522
vn -0.0000 0.9505 -0.3106
vn -0.0000 0.6528 0.7575
vn -0.5569 0.8078 -0.1934
vn -0.5793 0.7895 -0.2028
vn -0.4621 0.8534 -0.2414
vn -0.2149 0.9479 -0.2351
vn -0.0154 -0.4727 0.8811
vn 0.0187 -0.4909 0.8710
vn -0.1033 -0.4947 0.8629
vn 0.0102 -0.4919 0.8706
vn 0.0479 -0.4786 0.8767
vn 0.0174 -0.4517 0.8920
vn 0.0458 -0.4467 0.8935
vn -0.0000 -0.4508 0.8926
vn -0.1374 -0.3358 0.9319
vn 0.0846 -0.3134 0.9459
vn -0.0773 -0.1714 0.9822
vn -0.0122 -0.1973 0.9803
vn 0.0404 -0.1772 0.9833
vn -0.0101 -0.1874 0.9822
vn 0.0518 -0.1688 0.9843
vn -0.0086 0.9212 0.3891
vn 0.0106 0.9123 0.4095
vn -0.0080 0.8993 0.4372
vn 0.0092 0.9258 0.3779
vn -0.0370 0.7389 0.6728
vn -0.0528 0.7535 0.6553
vn -0.0197 0.7337 0.6792
vn 0.0564 0.6852 0.7262
vn 0.0118 0.6579 0.7530
vn 0.0287 0.6920 0.7214
vn -0.0183 0.7302 0.6830
vn -0.0028 0.7344 0.6787
vn 0.0529 -0.2988 0.9528
vn 0.0155 -0.0052 0.9999
vn -0.0059 0.0307 0.9995
vn -0.0111 0.0050 0.9999
vn -0.6752 0.3570 0.6455
vn -0.4431 0.4763 0.7595
vn -0.5522 0.3862 0.7389
vn -0.6887 0.2923 0.6635
vn -0.5637 0.3352 0.7549
vn -0.5249 0.3367 0.7818
vn -0.4167 0.3256 0.8488
vn -0.1537 0.5926 0.7907
vn -0.2503 0.4867 0.8369
vn -0.2570 0.3855 0.8862
vn -0.1683 0.2888 0.9425
vn -0.0722 0.6436 0.7619
vn -0.1068 0.5094 0.8538
vn -0.0943 0.3711 0.9238
vn -0.0600 0.2595 0.9639
vn 0.0154 0.5068 0.8619
vn 0.0305 0.3785 0.9251
vn 0.0422 0.3365 0.9408
vn 0.0081 0.5786 0.8155
vn 0.2556 0.3867 0.8861
vn 0.3180 0.3763 0.8702
vn 0.1987 0.4027 0.8935
vn 0.0832 0.2906 0.9532
vn 0.1460 0.3259 0.9341
vn 0.2500 0.5820 0.7738
vn 0.0582 0.4358 0.8981
vn 0.1181 0.0477 0.9919
vn -0.0450 0.4789 0.8767
vn -0.0572 0.3269 0.9433
vn -0.2155 0.5660 0.7957
vn -0.0414 0.3613 0.9315
vn -0.0698 0.5461 0.8348
vn -0.1690 0.5271 0.8328
vn -0.1553 0.4349 0.8870
vn -0.0731 0.3559 0.9316
vn -0.0311 0.2631 0.9643
vn -0.0060 0.6195 0.7850
vn -0.0182 0.5214 0.8531
vn -0.0283 0.4218 0.9062
vn -0.0005 0.2298 0.9732
vn 0.0009 0.5315 0.8471
vn -0.0000 0.4185 0.9082
vn -0.0000 0.3272 0.9450
vn 0.0013 0.2079 0.9782
vn 0.2279 0.3419 0.9117
vn -0.2340 0.6150 0.7530
vn -0.3000 0.2314 0.9254
vn -0.0461 0.0783 0.9959
vn -0.0396 0.0903 0.9951
vn -0.0579 0.0690 0.9959
vn -0.0090 0.0402 0.9991
vn 0.0062 0.0971 0.9953
vn -0.2274 0.1033 0.9683
vn -0.0020 0.2067 0.9784
vn -0.0792 0.1595 0.9840
vn 0.0179 0.2368 0.9714
vn -0.0697 0.2012 0.9771
vn -0.0006 0.2629 0.9648
vn -0.0697 0.2466 0.9666
vn 0.0101 0.2636 0.9646
vn -0.0873 0.2923 0.9523
vn -0.0441 -0.0462 0.9980
vn -0.0438 0.0759 0.9962
vn 0.0249 0.1147 0.9931
vn 0.1333 0.1943 0.9718
vn 0.2643 0.1495 0.9528
vn 0.2591 0.1780 0.9493
vn 0.1581 0.1775 0.9713
vn -0.0220 0.1462 0.9890
vn 0.0522 0.4633 0.8847
vn 0.3084 -0.2196 0.9256
vn 0.1462 -0.0368 0.9886
vn 0.0123 0.2059 0.9785
vn 0.0180 -0.0776 0.9968
vn -0.0304 -0.0156 0.9994
vn -0.0250 0.0444 0.9987
vn -0.1085 0.0971 0.9893
vn -0.1633 0.1015 0.9813
vn -0.1095 0.1266 0.9859
vn -0.1545 0.1771 0.9720
vn -0.4014 0.1323 0.9063
vn -0.1426 0.2562 0.9560
vn -0.1474 0.2497 0.9570
vn -0.0940 0.2658 0.9594
vn -0.1100 0.2085 0.9718
vn -0.0619 0.3292 0.9422
vn -0.0691 0.2939 0.9533
vn -0.0187 0.4005 0.9161
vn 0.0354 0.3277 0.9441
vn -0.0433 -0.0405 0.9982
vn -0.1041 0.0565 0.9930
vn -0.1347 0.2034 0.9698
vn -0.1067 0.3085 0.9452
vn -0.0747 0.3804 0.9218
vn -0.0187 0.3909 0.9203
vn 0.1054 0.0438 0.9935
vn -0.0026 0.1247 0.9922
vn 0.0004 0.2527 0.9675
vn 0.0008 0.3424 0.9395
vn 0.0747 0.3804 0.9218
vn 0.0187 0.3909 0.9203
vn 0.0095 -0.0775 0.9970
vn 0.0186 0.1430 0.9896
vn -0.0560 0.4566 0.8879
vn -0.0000 0.7719 0.6358
vn -0.0396 -0.2582 0.9653
vn 0.0645 -0.3483 0.9352
vn 0.0265 0.0568 0.9980
vn 0.0257 0.0881 0.9958
vn -0.0143 0.1654 0.9861
vn -0.0347 0.2184 0.9752
vn -0.1383 0.1405 0.9804
vn -0.3848 0.1746 0.9063
vn 0.0194 0.1386 0.9902
vn -0.0112 -0.1211 0.9926
vn 0.0205 -0.0830 0.9963
vn -0.0000 -0.4582 0.8889
vn -0.0000 -0.4580 0.8890
vn 0.0108 -0.3286 0.9444
vn 0.0250 -0.1676 0.9855
vn 0.0192 -0.1893 0.9817
vn 0.0135 0.8791 0.4764
vn -0.0000 0.9592 0.2826
vn -0.0119 0.6803 0.7329
vn 0.0322 0.4775 0.8780
vn -0.0135 0.8791 0.4764
vn 0.0120 0.6802 0.7329
vn 0.0363 0.5967 0.8016
vn 0.0567 0.4884 0.8708
vn -0.2599 0.1225 0.9578
vn -0.3431 0.0692 0.9367
vn -0.3422 0.0794 0.9363
vn -0.3242 0.2215 0.9197
vn -0.2567 0.2346 0.9376
vn -0.2956 0.2786 0.9138
vn -0.2865 0.1456 0.9469
vn -0.3473 0.0971 0.9327
vn -0.6097 0.0464 0.7912
vn -0.6566 0.0780 0.7502
vn -0.6901 0.1444 0.7091
vn -0.7076 0.1638 0.6874
vn -0.6115 0.1714 0.7724
vn -0.5917 0.2304 0.7725
vn -0.1135 0.1224 0.9860
vn -0.7031 0.0732 0.7073
vn -0.9056 0.0899 0.4146
vn -0.7571 0.1829 0.6272
vn 0.2244 0.9735 0.0439
vn 0.0970 0.9942 0.0470
vn 0.0088 0.8956 0.4447
vn 0.0668 0.9015 0.4277
vn 0.2866 0.9572 0.0397
vn 0.0200 0.9592 0.2819
vn -0.1001 0.7717 0.6280
vn -0.1513 0.8243 0.5455
vn -0.0001 0.2424 0.9702
vn 0.0134 0.2565 0.9665
vn -0.0174 0.4285 0.9034
vn -0.0112 0.2895 0.9571
vn 0.0055 0.4019 0.9157
vn -0.0054 0.4271 0.9042
vn -0.0132 0.2928 0.9561
vn -0.0234 0.4112 0.9113
vn -0.0292 0.3880 0.9212
vn -0.0005 0.2428 0.9701
vn 0.0600 0.4857 0.8721
vn 0.0835 0.3606 0.9290
vn -0.4083 0.7113 0.5721
vn -0.0166 0.7168 0.6971
vn -0.0194 0.6904 0.7232
vn 0.2153 0.8340 0.5081
vn -0.1317 0.7881 0.6013
vn 0.0377 0.4993 -0.8656
vn -0.0186 0.3630 -0.9316
vn 0.2020 0.9489 -0.2425
vn 0.2124 0.7759 -0.5940
vn 0.0165 0.5850 -0.8108
vn 0.1936 0.6754 -0.7116
vn -0.0195 0.2293 -0.9732
vn -0.0682 0.1728 -0.9826
vn 0.0805 -0.5785 0.8117
vn -0.0653 0.3255 -0.9433
vn -0.0301 -0.1919 -0.9810
vn -0.0048 -0.2278 0.9737
vn 0.0581 -0.2164 -0.9746
vn -0.0194 -0.0803 -0.9966
vn -0.0284 0.1003 -0.9946
vn 0.0125 -0.1883 -0.9820
vn 0.1360 -0.9895 0.0493
vn 0.0144 -0.1808 -0.9834
vn -0.1538 -0.9746 0.1630
vn 0.1276 -0.9915 0.0245
vn -0.0233 -0.2122 -0.9770
vn 0.0227 -0.9873 0.1570
vn 0.0004 -0.2444 -0.9697
vn 0.0015 -0.2477 -0.9688
vn 0.0626 -0.2141 -0.9748
vn -0.0000 0.1338 -0.9910
vn 0.6396 0.4264 -0.6396
vn -0.9946 -0.1010 0.0232
vn -0.3674 0.9270 -0.0749
vn -0.1483 0.9781 0.1460
vn -0.7173 0.6835 0.1353
vn -0.3674 0.8532 -0.3702
vn 0.3735 0.8533 -0.3639
vn 0.3785 0.9223 -0.0780
vn 0.7173 0.6835 0.1354
vn 0.1460 0.9793 0.1401
vn 0.0682 0.9265 -0.3700
vn -0.0611 0.9374 -0.3429
vn 0.2602 0.9000 -0.3497
vn 0.2245 0.9599 -0.1682
vn 0.0938 0.9878 -0.1246
vn -0.0531 0.9918 -0.1163
vn -0.2204 0.9700 -0.1025
vn -0.2011 0.9346 -0.2935
vn -0.0045 0.8946 0.4468
vn -0.0172 0.9054 0.4242
vn 0.0035 0.6935 0.7205
vn -0.0123 0.6891 0.7246
vn -0.0104 0.6970 0.7170
vn 0.0209 0.6914 0.7222
vn 0.0115 0.9056 0.4241
vn -0.0119 0.9006 0.4345
vn -0.0051 0.9078 0.4194
vn 0.0227 0.8900 0.4554
vn -0.0169 0.9911 0.1321
vn -0.0596 0.9978 0.0287
vn -0.0596 0.9982 -0.0032
vn 0.0030 1.0000 0.0015
vn 0.0241 0.9997 -0.0005
vn -0.0219 0.9997 0.0110
vn 0.0544 0.9985 0.0062
vn 0.0602 0.9965 0.0582
vn 0.0534 0.9960 0.0718
vn 0.1343 0.9739 -0.1831
vn 0.3218 0.9241 -0.2060
vn 0.1287 0.9652 -0.2274
vn 0.0400 0.9745 -0.2206
vn 0.3613 0.9033 -0.2314
vn 0.0471 0.9648 -0.2587
vn 0.0482 0.9620 -0.2688
vn -0.0328 0.9692 -0.2440
vn 0.2865 0.9300 -0.2304
vn -0.0277 0.9705 -0.2396
vn -0.0150 0.9695 -0.2445
vn 0.3062 0.9252 -0.2242
vn 0.1659 0.9604 -0.2238
vn -0.0216 0.9783 -0.2062
vn 0.3757 0.8995 -0.2230
vn 0.2541 0.9403 -0.2266
vn 0.4074 0.8843 -0.2281
vn 0.2703 0.9276 -0.2580
vn 0.1003 0.9641 -0.2459
vn 0.3726 0.8891 -0.2660
vn 0.0903 0.9519 -0.2927
vn 0.2514 0.9237 -0.2892
vn -0.0556 0.9734 -0.2222
vn -0.0005 0.9741 -0.2262
vn -0.0005 0.9621 -0.2727
vn -0.0780 0.9604 -0.2674
vn 0.0001 0.9620 -0.2729
vn 0.0030 0.9665 -0.2567
vn -0.0250 0.9717 -0.2347
vn -0.0505 0.9681 -0.2456
vn 0.0112 0.9799 -0.1994
vn -0.0699 0.9746 -0.2128
vn -0.0007 0.9628 -0.2704
vn -0.1008 0.9641 -0.2456
vn 0.0099 0.5499 0.8352
vn -0.0827 0.9533 -0.2904
vn -0.0782 0.9751 -0.2077
vn -0.0780 0.9750 -0.2079
vn -0.1145 0.9674 -0.2258
vn -0.0892 0.9697 -0.2273
vn -0.1096 0.9584 -0.2636
vn -0.1043 0.9603 -0.2587
vn -0.1043 0.9582 -0.2665
vn -0.0863 0.9643 -0.2504
vn -0.0779 0.9675 -0.2406
vn -0.1380 0.9634 -0.2299
vn -0.1519 0.9689 -0.1954
vn -0.0598 0.9710 -0.2313
vn -0.1621 0.9682 -0.1905
vn -0.1560 0.9661 -0.2056
vn -0.1344 0.9552 -0.2639
vn -0.1316 0.9635 -0.2329
vn -0.0337 0.6463 0.7624
vn -0.0959 0.9572 -0.2729
vn -0.0727 0.9722 -0.2227
vn -0.0800 0.9673 -0.2405
vn -0.1059 0.9664 -0.2340
vn -0.0328 0.9591 -0.2811
vn -0.0765 0.9697 -0.2320
vn -0.0635 0.9561 -0.2862
vn -0.0857 0.9697 -0.2288
vn -0.0378 0.9715 -0.2340
vn -0.0704 0.9694 -0.2351
vn -0.0885 0.9710 -0.2220
vn -0.1078 0.9699 -0.2184
vn -0.1071 0.9634 -0.2456
vn -0.0427 0.9711 -0.2346
vn -0.0480 0.4912 0.8697
vn -0.0308 0.9691 -0.2446
vn -0.0751 0.9677 -0.2405
vn -0.0751 0.9677 -0.2406
vn 0.0402 0.9696 -0.2412
vn 0.0177 0.9747 -0.2228
vn -0.0006 0.9708 -0.2400
vn -0.0069 0.9696 -0.2448
vn -0.0060 0.9676 -0.2524
vn 0.0982 0.9658 -0.2401
vn -0.0129 0.9672 -0.2538
vn 0.0964 0.9482 -0.3026
vn -0.0197 0.9652 -0.2607
vn -0.0012 0.9709 -0.2396
vn -0.0650 0.9690 -0.2383
vn -0.0656 0.9691 -0.2377
vn 0.0179 0.5722 0.8199
vn -0.0023 0.9701 -0.2428
vn -0.0070 0.9672 -0.2540
vn -0.0623 0.9686 -0.2408
vn -0.0617 0.9588 -0.2774
vn -0.0009 0.9666 -0.2561
vn 0.0323 0.9706 -0.2387
vn 0.0329 0.9707 -0.2379
vn -0.0413 0.5133 0.8572
vn -0.0983 0.9632 -0.2502
vn 0.0960 0.9655 -0.2422
vn 0.1081 0.9614 -0.2530
vn 0.0292 0.9702 -0.2406
vn 0.0288 0.9595 -0.2802
vn 0.1338 0.9572 -0.2567
vn 0.1536 0.9580 -0.2420
vn 0.1212 0.9616 -0.2462
vn 0.0956 0.5517 0.8285
vn 0.0983 0.9634 -0.2496
vn 0.0587 0.9732 -0.2222
vn 0.0965 0.9666 -0.2375
vn 0.1214 0.9668 -0.2248
vn 0.1416 0.9475 -0.2868
vn 0.1553 0.9485 -0.2762
vn 0.1172 0.9704 -0.2112
vn 0.0738 0.9810 -0.1795
vn 0.0984 0.9671 -0.2346
vn 0.0918 0.9565 -0.2768
vn 0.1909 0.9453 -0.2645
vn 0.0205 0.6212 0.7834
vn 0.1470 0.9418 -0.3022
vn 0.0771 0.9738 -0.2138
vn 0.0647 0.9716 -0.2278
vn 0.0390 0.9734 -0.2256
vn 0.0638 0.9710 -0.2303
vn 0.0399 0.9804 -0.1929
vn 0.0536 0.9664 -0.2514
vn 0.0634 0.9719 -0.2267
vn 0.1987 0.9511 -0.2366
vn 0.1281 0.9745 -0.1843
vn 0.1610 0.9627 -0.2174
vn 0.0930 0.9627 -0.2540
vn 0.0785 0.9529 -0.2929
vn 0.0609 0.9606 -0.2712
vn 0.0401 0.5984 0.8002
vn 0.0583 0.9448 -0.3224
vn 0.5569 0.8078 -0.1934
vn 0.5793 0.7895 -0.2028
vn 0.4621 0.8534 -0.2414
vn 0.2149 0.9479 -0.2351
vn 0.0154 -0.4727 0.8811
vn -0.0187 -0.4909 0.8710
vn 0.1033 -0.4947 0.8629
vn -0.0102 -0.4919 0.8706
vn -0.0479 -0.4786 0.8767
vn -0.0174 -0.4517 0.8920
vn -0.0458 -0.4467 0.8935
vn 0.1374 -0.3358 0.9319
vn -0.0846 -0.3134 0.9459
vn 0.0773 -0.1714 0.9822
vn 0.0122 -0.1973 0.9803
vn -0.0404 -0.1772 0.9833
vn 0.0101 -0.1874 0.9822
vn -0.0518 -0.1688 0.9843
vn 0.3033 0.2311 0.9244
vn -0.2687 -0.3302 0.9049
vn 0.6357 -0.0399 0.7709
vn 0.2922 -0.1670 0.9417
vn -0.0703 -0.2064 0.9759
vn -0.1530 -0.5223 0.8389
vn -0.0919 0.9857 0.1416
vn -0.0420 0.9871 0.1543
vn 0.0101 0.9016 0.4326
vn -0.0295 0.8838 0.4669
vn -0.1514 0.9402 0.3052
vn 0.0261 0.8265 0.5623
vn 0.0270 -0.7902 0.6122
vn -0.0225 -0.8440 0.5359
vn -0.0006 -0.9037 0.4281
vn 0.0763 -0.8608 0.5031
vn -0.0005 -0.9039 0.4277
vn -0.0000 -0.9044 0.4266
vn 0.0002 -0.9034 0.4289
vn -0.0474 -0.5795 0.8136
vn -0.3222 -0.5385 0.7786
vn 0.2421 0.9073 -0.3437
vn 0.0938 0.8654 -0.4921
vn 0.1431 0.9282 -0.3436
vn 0.0983 0.9843 -0.1469
vn 0.0543 0.9668 -0.2496
vn 0.0217 0.9926 -0.1192
vn -0.0024 0.9633 -0.2685
vn 0.0058 0.9709 -0.2392
vn -0.0025 0.9694 -0.2454
vn -0.5177 0.1263 0.8462
vn -0.5060 -0.5731 0.6446
vn -0.1711 0.7539 0.6343
vn -0.4901 0.5112 0.7060
vn 0.1289 -0.1770 0.9757
vn 0.1788 0.7752 0.6059
vn 0.0008 -0.0287 0.9996
vn 0.4356 0.1718 0.8836
vn 0.2759 0.1640 0.9471
vn 0.1055 0.0776 0.9914
vn 0.4163 0.5439 0.7286
vn 0.3699 0.2717 0.8884
vn 0.0185 0.6929 0.7208
vn 0.1988 0.6089 0.7680
vn 0.3846 0.5347 0.7525
vn 0.0086 0.9212 0.3891
vn -0.0106 0.9123 0.4095
vn 0.0080 0.8993 0.4373
vn -0.0092 0.9258 0.3779
vn 0.0370 0.7389 0.6728
vn 0.0528 0.7535 0.6553
vn 0.0197 0.7337 0.6792
vn -0.0564 0.6852 0.7262
vn -0.0118 0.6579 0.7530
vn -0.0287 0.6920 0.7214
vn 0.0214 0.7300 0.6831
vn -0.0529 -0.2988 0.9528
vn -0.0072 -0.3062 0.9519
vn -0.0156 -0.0054 0.9999
vn 0.0061 0.0306 0.9995
vn 0.0073 0.0131 0.9999
vn 0.6752 0.3570 0.6455
vn 0.4431 0.4763 0.7595
vn 0.5522 0.3862 0.7389
vn 0.6887 0.2923 0.6635
vn 0.5637 0.3352 0.7549
vn 0.5249 0.3367 0.7818
vn 0.4167 0.3256 0.8488
vn 0.1537 0.5926 0.7907
vn 0.2503 0.4867 0.8369
vn 0.2570 0.3855 0.8862
vn 0.1683 0.2888 0.9425
vn 0.0722 0.6436 0.7619
vn 0.1068 0.5094 0.8538
vn 0.0943 0.3711 0.9238
vn 0.0600 0.2595 0.9639
vn -0.0154 0.5068 0.8619
vn -0.0305 0.3785 0.9251
vn -0.0422 0.3365 0.9408
vn -0.0081 0.5786 0.8155
vn -0.2556 0.3867 0.8861
vn -0.3180 0.3763 0.8702
vn -0.1987 0.4027 0.8935
vn -0.0832 0.2906 0.9532
vn -0.1460 0.3259 0.9341
vn -0.2500 0.5820 0.7738
vn -0.0582 0.4358 0.8981
vn -0.1181 0.0477 0.9919
vn 0.0451 0.4790 0.8767
vn 0.0572 0.3269 0.9433
vn 0.2155 0.5660 0.7957
vn 0.0449 0.3652 0.9298
vn 0.0688 0.5459 0.8350
vn 0.1680 0.5276 0.8327
vn 0.1553 0.4349 0.8870
vn 0.0731 0.3559 0.9316
vn 0.0222 0.2498 0.9681
vn 0.0315 0.6248 0.7801
vn 0.0206 0.5301 0.8477
vn 0.0283 0.4218 0.9062
vn -0.0013 0.2199 0.9755
vn -0.2279 0.3419 0.9117
vn 0.2340 0.6150 0.7530
vn 0.1688 0.6507 0.7404
vn -0.1236 0.6450 0.7542
vn 0.1182 -0.1144 0.9864
vn -0.1196 -0.1146 0.9862
vn -0.4928 -0.8607 0.1276
vn 0.1303 -0.3341 0.9335
vn -0.1197 0.4509 0.8845
vn 0.1184 0.4507 0.8848
vn -0.4185 0.3091 0.8540
vn -0.5384 -0.1959 0.8196
vn 0.2864 0.2850 0.9147
vn 0.2862 0.0511 0.9568
vn -0.2882 0.2851 0.9141
vn -0.2880 0.0507 0.9563
vn 0.7340 -0.3787 0.5637
vn 0.6445 0.4851 0.5911
vn 0.0155 -0.9842 0.1762
vn 0.0116 -0.6578 0.7531
vn -0.0035 -0.3777 0.9259
vn 0.0487 -0.3413 0.9387
vn 0.0218 -0.6192 0.7849
vn 0.1029 -0.1617 0.9815
vn 0.0156 0.9842 -0.1762
vn 0.0213 0.9983 0.0536
vn 0.0345 0.9822 0.1844
vn 0.0391 -0.8654 0.4996
vn 0.1236 -0.0331 0.9918
vn 0.2053 0.1001 0.9736
vn 0.0261 0.0272 0.9993
vn 0.0215 0.8425 0.5383
vn 0.0192 0.6573 0.7534
vn 0.0088 0.6257 0.7800
vn 0.0141 0.5155 0.8568
vn 0.0233 0.4935 0.8694
vn 0.1720 0.3952 0.9023
vn -0.0444 0.3030 0.9520
vn 0.0224 0.3641 0.9311
vn 0.0376 0.4035 0.9142
vn 0.0417 0.3813 0.9235
vn 0.2598 -0.1033 0.9601
vn 0.2178 0.0257 0.9757
vn 0.4808 0.0470 0.8756
vn -0.0877 0.1701 0.9815
vn 0.0902 0.4920 0.8659
vn 0.0487 0.1820 0.9821
vn 0.4053 0.2390 0.8824
vn 0.2824 0.2727 0.9197
vn 0.0461 0.0783 0.9959
vn 0.0396 0.0903 0.9951
vn 0.0579 0.0690 0.9959
vn 0.0090 0.0402 0.9991
vn -0.0062 0.0971 0.9953
vn 0.2274 0.1033 0.9683
vn 0.0020 0.2067 0.9784
vn 0.0792 0.1595 0.9840
vn -0.0179 0.2368 0.9714
vn 0.0697 0.2012 0.9771
vn 0.0006 0.2629 0.9648
vn 0.0697 0.2466 0.9666
vn -0.0101 0.2636 0.9646
vn 0.0873 0.2923 0.9523
vn 0.0438 0.0759 0.9962
vn 0.0444 -0.0459 0.9980
vn -0.0249 0.1147 0.9931
vn -0.1333 0.1943 0.9718
vn -0.2643 0.1495 0.9528
vn -0.2591 0.1780 0.9493
vn -0.1581 0.1775 0.9713
vn 0.0220 0.1462 0.9890
vn -0.0522 0.4633 0.8847
vn -0.3084 -0.2196 0.9256
vn -0.1462 -0.0368 0.9886
vn -0.0123 0.2059 0.9785
vn 0.0304 -0.0156 0.9994
vn -0.0206 -0.0830 0.9963
vn 0.0250 0.0444 0.9987
vn 0.1089 0.0970 0.9893
vn 0.1605 0.1030 0.9817
vn 0.1095 0.1266 0.9859
vn 0.1544 0.1754 0.9723
vn 0.4014 0.1323 0.9063
vn 0.1426 0.2562 0.9560
vn 0.1474 0.2497 0.9570
vn 0.0940 0.2658 0.9594
vn 0.1100 0.2085 0.9718
vn 0.0619 0.3292 0.9422
vn 0.0691 0.2939 0.9533
vn 0.0188 0.4008 0.9160
vn -0.0354 0.3282 0.9440
vn 0.0419 -0.0442 0.9981
vn 0.1396 0.1945 0.9709
vn 0.1069 0.3094 0.9449
vn -0.0186 0.1430 0.9896
vn -0.0113 -0.0690 0.9976
vn 0.0560 0.4566 0.8879
vn 0.0396 -0.2582 0.9653
vn -0.0645 -0.3483 0.9352
vn -0.0265 0.0568 0.9980
vn -0.0257 0.0881 0.9958
vn 0.0143 0.1654 0.9861
vn 0.0347 0.2184 0.9752
vn 0.1383 0.1405 0.9804
vn 0.3848 0.1746 0.9063
vn -0.0194 0.1386 0.9902
vn 0.0123 -0.1161 0.9932
vn -0.0058 -0.1257 0.9921
vn -0.0108 -0.3286 0.9444
vn -0.0236 -0.1684 0.9854
vn -0.0262 -0.0784 0.9966
vn -0.0192 -0.1831 0.9829
vn -0.0326 0.4784 0.8775
vn -0.0000 0.9592 0.2827
vn -0.0361 0.5967 0.8016
vn -0.0566 0.4882 0.8709
vn 0.2599 0.1225 0.9578
vn 0.3431 0.0692 0.9367
vn 0.3422 0.0794 0.9363
vn 0.3242 0.2215 0.9197
vn 0.2567 0.2346 0.9376
vn 0.2956 0.2786 0.9138
vn 0.2866 0.1456 0.9469
vn 0.3473 0.0971 0.9327
vn 0.6097 0.0464 0.7912
vn 0.6566 0.0780 0.7502
vn 0.6901 0.1444 0.7091
vn 0.7076 0.1638 0.6874
vn 0.6115 0.1714 0.7724
vn 0.5917 0.2304 0.7725
vn 0.1135 0.1224 0.9860
vn 0.7031 0.0732 0.7073
vn 0.9056 0.0899 0.4146
vn 0.7571 0.1829 0.6272
vn 0.4688 0.6077 0.6410
vn 0.1641 0.6292 0.7597
vn 0.1823 0.2805 0.9424
vn 0.5399 0.2626 0.7997
vn 0.6961 0.5818 0.4207
vn 0.8193 0.2367 0.5223
vn 0.8233 0.5534 0.1261
vn 0.9621 0.2049 0.1798
vn 0.2000 0.8734 0.4441
vn 0.4530 0.8495 0.2705
vn 0.5619 0.8254 0.0555
vn 0.0856 0.9886 0.1237
vn 0.2131 0.9770 0.0114
vn 0.5422 -0.1140 0.8325
vn 0.1766 -0.1033 0.9788
vn 0.1470 -0.4663 0.8723
vn 0.4689 -0.4764 0.7438
vn 0.8198 -0.1410 0.5550
vn 0.6979 -0.4986 0.5142
vn 0.9614 -0.1706 0.2157
vn 0.8217 -0.5217 0.2294
vn 0.4666 -0.7850 0.4075
vn 0.5604 -0.8010 0.2106
vn 0.3309 -0.7743 0.5394
vn 0.1128 -0.7587 0.6415
vn 0.0880 -0.9489 0.3031
vn 0.2071 -0.9617 0.1798
vn 0.5585 -0.2622 -0.7869
vn 0.1800 -0.2786 -0.9434
vn 0.0305 -0.0587 -0.9978
vn 0.7160 -0.0586 -0.6956
vn 0.6702 -0.4332 -0.6027
vn 0.6687 0.3119 -0.6750
vn 0.8184 0.0793 0.5691
vn -0.9666 0.1852 -0.1774
vn 0.6920 0.5064 -0.5145
vn 0.7042 0.6497 0.2863
vn -0.8272 0.5480 -0.1240
vn 0.5311 0.8084 -0.2538
vn 0.0593 0.9762 -0.2088
vn 0.2175 0.9596 -0.1786
vn 0.4831 -0.6067 -0.6313
vn 0.1612 -0.6113 -0.7748
vn 0.6849 -0.5961 -0.4191
vn 0.5474 -0.8287 -0.1168
vn 0.3551 -0.8495 -0.3901
vn 0.1219 -0.8690 -0.4796
vn 0.1191 -0.9867 -0.1107
vn 0.8217 0.5335 -0.2004
vn 0.9280 0.3713 0.0309
vn 0.9265 -0.3645 0.0938
vn 0.8268 -0.5528 -0.1040
vn 0.2265 -0.9740 0.0088
vn -0.2124 -0.9667 -0.1430
vn -0.1865 -0.9423 0.2781
vn -0.1800 -0.9828 -0.0422
vn -0.8068 -0.5895 -0.0398
vn -0.1755 -0.9013 -0.3960
vn -0.7839 -0.5082 -0.3565
vn -0.1389 -0.7310 -0.6681
vn -0.1344 -0.5649 -0.8141
vn -0.7992 -0.3144 -0.5122
vn 0.2028 -0.9782 -0.0449
vn 0.1743 -0.9039 -0.3907
vn 0.1500 -0.7300 -0.6668
vn 0.1308 -0.5689 -0.8119
vn 0.7867 -0.6160 -0.0402
vn 0.7476 -0.5672 -0.3453
vn 0.7017 -0.4085 -0.5837
vn -0.8333 -0.0457 -0.5510
vn -0.2332 -0.2323 -0.9443
vn 0.1883 -0.2964 -0.9363
vn 0.7488 -0.3266 -0.5767
vn 0.1843 -0.9310 0.3150
vn 0.7805 -0.5917 0.2020
vn 0.7785 -0.5300 0.3362
vn 0.1512 -0.7651 0.6259
vn -0.1860 -0.9296 0.3180
vn -0.1726 -0.7637 0.6220
vn -0.8107 -0.5498 0.2010
vn -0.8050 -0.4431 0.3946
vn 0.7533 -0.4647 0.4655
vn 0.1151 -0.4896 0.8643
vn 0.6971 -0.3188 0.6422
vn 0.0975 -0.0978 0.9904
vn 0.6379 -0.0690 0.7670
vn -0.1203 -0.4875 0.8648
vn -0.1029 -0.1011 0.9895
vn -0.6638 -0.2979 0.6860
vn 0.5325 -0.0811 0.8425
vn -0.9210 0.2414 -0.3058
vn -0.9550 0.2960 0.0156
vn -0.5775 0.1727 -0.7979
vn -0.2864 0.2795 0.9165
vn -0.0083 0.9920 0.1260
vn -0.6745 0.6750 0.2991
vn 0.0053 0.7185 0.6955
vn -0.0380 -0.1143 0.9927
vn -0.0750 -0.4303 0.8996
vn -0.1651 -0.7493 0.6414
vn -0.2067 0.2043 0.9568
vn -0.4522 0.1523 0.8788
vn 0.1517 0.0265 0.9881
vn 0.6999 -0.4267 0.5728
vn 0.7294 -0.1785 0.6604
vn 0.0661 -0.0450 0.9968
vn 0.4692 -0.6035 0.6447
vn 0.1651 -0.6004 0.7825
vn -0.1480 0.2870 0.9464
vn -0.0312 0.3095 0.9504
vn -0.0246 -0.0998 0.9947
vn -0.0757 0.5343 0.8419
vn -0.0565 0.5681 0.8210
vn -0.1655 -0.7160 0.6782
vn -0.0331 0.1335 -0.9905
vn -0.0983 0.4870 -0.8678
vn 0.0135 0.5784 -0.8156
vn 0.0341 -0.1675 -0.9853
vn -0.0221 -0.2766 -0.9607
vn -0.1711 -0.8229 -0.5418
vn 0.1011 -0.9783 -0.1809
vn 0.6122 -0.7700 -0.1795
vn 0.1535 -0.1783 -0.9719
vn 0.6692 -0.5118 -0.5388
vn -0.1893 0.0226 -0.9817
vn -0.1233 0.0982 -0.9875
vn -0.3162 0.3941 -0.8630
vn -0.4482 0.2226 -0.8658
vn 0.0067 0.9407 -0.3393
vn -0.0365 -0.2917 -0.9558
vn -0.1292 -0.6292 -0.7665
vn -0.6574 -0.6403 -0.3973
vn -0.1812 0.8714 -0.4558
vn -0.2023 0.6219 -0.7565
vn -0.6545 0.1110 -0.7479
vn 0.9944 -0.0825 0.0661
vn 0.9085 -0.3990 0.1240
vn 0.9718 -0.2348 0.0225
vn 0.8376 -0.5463 0.0014
vn 0.1694 -0.9788 0.1152
vn -0.3031 -0.9421 0.1438
vn -0.1548 0.9126 0.3785
vn -0.0230 -0.9885 0.1492
vn -0.0754 -0.3347 0.9393
vn -0.6153 -0.7883 -0.0038
vn -0.3071 -0.6110 -0.7297
vn -0.1077 0.4446 0.8892
s 1
usemtl SEAT-FABRIC
f 601//488 602//489 603//490
f 601//488 603//490 604//491
f 604//491 603//490 605//492
f 604//491 605//492 606//493
f 607//494 601//488 604//491
f 607//494 604//491 608//495
f 609//496 610//497 611//498
f 609//496 611//498 612//499
f 612//499 611//498 613//500
f 612//499 613//500 614//501
f 614//501 613//500 615//502
f 614//501 615//502 616//503
f 614//501 616//503 617//504
f 617//504 616//503 618//505
f 617//504 618//505 619//506
f 619//506 618//505 620//507
f 619//506 620//507 621//508
f 621//508 620//507 622//509
f 621//508 622//509 623//510
f 623//510 622//509 607//494
f 623//510 607//494 624//511
f 618//505 625//512 626//513
f 618//505 626//513 620//507
f 620//507 626//513 622//509
f 622//509 626//513 607//494
f 622//509 607//494 627//514
f 606//493 608//495 628//515
f 606//493 628//515 604//491
f 608//495 624//511 629//516
f 608//495 629//516 607//494
f 630//517 631//518 632//519
f 630//517 632//519 633//520
f 633//520 632//519 634//521
f 633//520 634//521 635//522
f 636//523 637//524 638//525
f 636//523 638//525 631//518
f 631//518 638//525 639//526
f 631//518 639//526 632//519
f 640//527 641//528 642//529
f 642//529 641//528 643//530
f 642//529 643//530 637//524
f 637//524 643//530 644//531
f 637//524 644//531 638//525
f 645//532 646//533 647//533
f 645//532 647//533 648//534
f 648//534 647//533 649//535
f 648//534 649//535 650//536
f 650//536 649//535 651//537
f 650//536 651//537 652//538
f 652//538 651//537 653//539
f 653//539 651//537 654//540
f 653//539 654//540 655//541
f 655//541 654//540 656//542
f 655//541 656//542 641//528
f 641//528 656//542 657//543
f 641//528 657//543 658//544
f 641//528 658//544 643//530
f 643//530 658//544 644//531
f 643//530 644//531 659//545
f 639//526 634//521 632//519
f 639//526 632//519 660//546
f 644//531 639//526 638//525
f 644//531 638//525 661//547
f 662//548 663//549 664//550
f 662//548 664//550 665//551
f 665//551 664//550 666//552
f 665//551 666//552 667//553
f 667//553 666//552 668//554
f 667//553 668//554 669//555
f 669//555 668//554 670//556
f 669//555 670//556 671//557
f 671//557 670//556 672//558
f 671//557 672//558 673//559
f 673//559 672//558 674//560
f 673//559 674//560 675//561
f 675//561 674//560 676//562
f 675//561 676//562 677//563
f 677//563 676//562 663//549
f 677//563 663//549 662//548
f 673//559 677//563 662//548
f 673//559 662//548 665//551
f 665//551 667//553 669//555
f 665//551 669//555 673//559
f 669//555 671//557 673//559
f 675//561 677//563 673//559
f 676//562 678//564 679//565
f 676//562 679//565 663//549
f 663//549 679//565 680//566
f 663//549 680//566 664//550
f 664//550 680//566 681//567
f 664//550 681//567 666//552
f 666//552 681//567 682//568
f 666//552 682//568 668//554
f 668//554 682//568 683//569
f 668//554 683//569 670//556
f 670//556 683//569 684//570
f 670//556 684//570 672//558
f 672//558 684//570 685//571
f 672//558 685//571 674//560
f 674//560 685//571 678//564
f 674//560 678//564 676//562
f 686//572 687//573 688//574
f 689//575 690//576 688//574
f 689//575 688//574 687//573
f 691//577 692//578 693//579
f 694//580 695//581 696//582
f 694//580 696//582 697//583
f 697//583 696//582 698//584
f 697//583 698//584 699//585
f 700//586 704//590 701//587
f 700//586 701//587 702//588
f 703//589 704//590 700//586
f 705//591 704//590 703//589
f 706//592 704//590 705//591
f 701//587 707//593 689//575
f 687//573 708//594 689//575
f 702//588 701//587 689//575
f 702//588 689//575 708//594
f 704//590 707//593 701//587
f 704//590 691//577 707//593
f 709//595 710//596 711//597
f 709//595 711//597 712//598
f 713//599 714//600 710//596
f 713//599 710//596 709//595
f 717//603 718//604 716//602
f 717//603 716//602 715//601
f 713//599 719//605 714//600
f 715//601 720//606 719//605
f 715//601 719//605 713//599
f 715//601 716//602 720//606
f 695//581 709//595 712//598
f 695//581 713//599 709//595
f 695//581 712//598 696//582
f 712//598 711//597 696//582
f 721//607 722//608 723//609
f 721//607 723//609 724//610
f 725//611 726//612 727//613
f 725//611 727//613 728//614
f 724//610 723//609 726//612
f 724//610 726//612 725//611
f 729//615 730//616 722//608
f 729//615 722//608 721//607
f 728//614 727//613 731//617
f 728//614 731//617 732//618
f 692//578 733//619 693//579
f 688//574 734//620 735//621
f 688//574 735//621 686//572
f 690//576 736//622 734//620
f 690//576 734//620 688//574
f 732//618 731//617 737//623
f 732//618 737//623 738//624
f 739//625 740//626 730//616
f 739//625 730//616 729//615
f 738//624 737//623 740//626
f 738//624 740//626 739//625
f 741//627 739//625 729//615
f 741//627 729//615 742//628
f 742//628 729//615 721//607
f 742//628 721//607 743//629
f 743//629 721//607 724//610
f 743//629 724//610 744//630
f 745//631 732//618 738//624
f 745//631 738//624 746//632
f 747//633 725//611 728//614
f 747//633 728//614 748//634
f 748//634 728//614 732//618
f 748//634 732//618 745//631
f 746//632 738//624 739//625
f 746//632 739//625 741//627
f 744//630 724//610 725//611
f 744//630 725//611 747//633
f 746//632 741//627 742//628
f 742//628 743//629 744//630
f 747//633 748//634 742//628
f 747//633 742//628 744//630
f 742//628 748//634 745//631
f 742//628 745//631 746//632
f 749//635 697//583 699//585
f 749//635 699//585 750//636
f 750//636 699//585 751//637
f 752//638 753//639 754//640
f 752//638 754//640 755//641
f 756//642 757//643 758//644
f 756//642 758//644 759//645
f 760//646 761//647 762//648
f 760//646 762//648 763//649
f 763//649 762//648 753//639
f 763//649 753//639 752//638
f 759//645 758//644 761//647
f 759//645 761//647 760//646
f 764//650 765//651 766//652
f 764//650 766//652 767//653
f 768//654 765//651 764//650
f 768//654 764//650 769//655
f 767//653 770//656 764//650
f 769//655 760//646 763//649
f 769//655 763//649 768//654
f 767//653 771//657 772//658
f 767//653 772//658 770//656
f 771//657 773//659 774//660
f 771//657 774//660 772//658
f 755//641 754//640 773//659
f 755//641 773//659 771//657
f 768//654 763//649 752//638
f 768//654 752//638 765//651
f 765//651 752//638 755//641
f 765//651 755//641 766//652
f 766//652 755//641 771//657
f 766//652 771//657 767//653
f 772//658 774//660 757//643
f 772//658 757//643 756//642
f 764//650 775//661 769//655
f 775//661 759//645 760//646
f 775//661 760//646 769//655
f 764//650 756//642 759//645
f 764//650 759//645 775//661
f 770//656 772//658 756//642
f 770//656 756//642 764//650
f 776//662 777//663 778//664
f 776//662 778//664 779//662
f 779//662 778//664 780//662
f 780//662 778//664 781//665
f 777//663 1289//666 782//666
f 777//663 782//666 778//664
f 778//664 782//666 783//667
f 783//667 784//668 785//669
f 783//667 785//669 786//670
f 784//668 787//671 785//669
f 788//672 789//673 790//673
f 788//672 790//673 791//672
f 791//672 790//673 792//673
f 791//672 792//673 793//673
f 793//673 792//673 794//674
f 793//673 794//674 795//675
f 795//675 794//674 796//676
f 778//664 797//677 781//665
f 797//677 778//664 783//667
f 799//679 798//678 800//680
f 797//677 783//667 786//670
f 1295//1173 791//672 795//675
f 1295//1173 795//675 796//676
f 1295//1173 796//676 801//681
f 1296//1174 1295//1173 802//682
f 802//682 1295//1173 801//681
f 802//682 801//681 803//683
f 1297//1175 1296//1174 802//682
f 1297//1175 802//682 804//684
f 805//685 802//682 803//683
f 805//685 803//683 806//686
f 805//685 806//686 807//687
f 1298//1176 1297//1175 804//684
f 808//688 1298//1176 804//684
f 808//688 804//684 809//689
f 810//690 805//685 811//691
f 811//691 805//685 807//687
f 785//669 787//671 812//692
f 812//692 787//671 798//678
f 812//692 798//678 813//693
f 813//693 798//678 799//679
f 813//693 814//694 812//692
f 815//695 812//692 814//694
f 816//696 806//686 817//697
f 806//686 816//696 818//698
f 806//686 818//698 807//687
f 816//696 817//697 815//695
f 816//696 815//695 814//694
f 819//699 820//700 821//701
f 819//699 821//701 822//702
f 822//702 821//701 823//703
f 822//702 823//703 824//704
f 824//704 823//703 825//705
f 824//704 825//705 826//706
f 820//700 827//707 821//701
f 821//701 827//707 828//708
f 821//701 828//708 823//703
f 823//703 828//708 829//709
f 823//703 829//709 825//705
f 827//707 830//710 831//711
f 827//707 831//711 828//708
f 828//708 831//711 829//709
f 832//712 833//713 834//714
f 832//712 834//714 835//715
f 835//715 834//714 836//716
f 835//715 836//716 837//717
f 837//717 836//716 838//718
f 837//717 838//718 839//719
f 839//719 840//720 841//721
f 839//719 841//721 837//717
f 837//717 841//721 842//722
f 837//717 842//722 835//715
f 835//715 842//722 843//723
f 835//715 843//723 832//712
f 844//724 843//723 842//722
f 844//724 842//722 841//721
f 844//724 841//721 845//725
f 845//725 841//721 840//720
f 833//713 819//699 822//702
f 833//713 822//702 834//714
f 834//714 822//702 824//704
f 834//714 824//704 836//716
f 836//716 824//704 826//706
f 836//716 826//706 838//718
f 846//726 847//727 848//728
f 846//726 848//728 849//729
f 849//729 848//728 850//730
f 849//729 850//730 851//731
f 846//726 852//732 853//733
f 846//726 853//733 849//729
f 853//733 849//729 851//731
f 853//733 851//731 854//734
f 852//732 855//735 856//736
f 852//732 856//736 853//733
f 856//736 853//733 854//734
f 856//736 854//734 857//737
f 855//735 858//738 856//736
f 858//738 856//736 857//737
f 858//738 857//737 859//739
f 847//727 860//740 861//741
f 847//727 861//741 848//728
f 848//728 861//741 862//742
f 848//728 862//742 850//730
f 863//743 862//742 861//741
f 863//743 861//741 864//744
f 864//744 861//741 860//740
f 864//744 860//740 865//745
f 865//745 866//746 864//744
f 864//744 866//746 863//743
f 857//737 854//734 867//747
f 867//747 854//734 851//731
f 867//747 851//731 868//748
f 851//731 868//748 869//749
f 851//731 869//749 850//730
f 869//749 850//730 862//742
f 869//749 862//742 870//750
f 870//750 862//742 863//743
f 863//743 866//746 871//751
f 831//711 859//739 857//737
f 831//711 857//737 829//709
f 829//709 857//737 867//747
f 829//709 867//747 825//705
f 825//705 867//747 868//748
f 825//705 868//748 826//706
f 826//706 868//748 869//749
f 826//706 869//749 838//718
f 838//718 869//749 870//750
f 838//718 870//750 839//719
f 839//719 870//750 863//743
f 839//719 863//743 840//720
f 840//720 863//743 871//751
f 840//720 871//751 845//725
f 845//725 871//751 872//752
f 845//725 872//752 873//753
f 874//754 875//755 876//756
f 874//754 876//756 877//757
f 877//757 876//756 878//758
f 877//757 878//758 879//759
f 877//757 879//759 880//760
f 875//755 881//761 882//762
f 875//755 882//762 876//756
f 876//756 882//762 883//763
f 876//756 883//763 878//758
f 878//758 883//763 884//764
f 878//758 884//764 879//759
f 881//761 885//765 886//766
f 881//761 886//766 882//762
f 882//762 886//766 883//763
f 883//763 886//766 887//767
f 883//763 887//767 884//764
f 888//768 880//760 879//759
f 888//768 879//759 889//769
f 889//769 879//759 884//764
f 889//769 884//764 890//770
f 890//770 884//764 887//767
f 890//770 887//767 891//771
f 892//772 893//773 894//774
f 892//772 894//774 895//775
f 895//775 894//774 896//776
f 895//775 896//776 897//777
f 897//777 896//776 898//778
f 897//777 898//778 899//779
f 892//772 895//775 900//780
f 900//780 895//775 901//781
f 900//780 901//781 902//782
f 902//782 901//781 903//783
f 902//782 903//783 904//784
f 895//775 897//777 905//785
f 895//775 905//785 901//781
f 901//781 905//785 906//786
f 901//781 906//786 903//783
f 897//777 899//779 907//787
f 897//777 907//787 905//785
f 905//785 907//787 908//788
f 905//785 908//788 906//786
f 893//773 885//765 881//761
f 893//773 881//761 894//774
f 894//774 881//761 875//755
f 894//774 875//755 896//776
f 896//776 875//755 874//754
f 896//776 874//754 898//778
f 898//778 874//754 909//789
f 898//778 909//789 910//790
f 909//789 880//760 888//768
f 909//789 888//768 911//791
f 910//790 907//787 908//788
f 910//790 908//788 912//792
f 913//793 830//710 827//707
f 913//793 827//707 914//794
f 914//794 827//707 820//700
f 914//794 820//700 915//795
f 915//795 820//700 819//699
f 819//699 833//713 916//796
f 916//796 833//713 832//712
f 916//796 832//712 917//797
f 917//797 832//712 843//723
f 917//797 843//723 918//798
f 918//798 843//723 844//724
f 918//798 844//724 873//753
f 912//792 919//799 920//800
f 921//801 922//802 923//803
f 922//802 921//801 924//804
f 922//802 924//804 925//805
f 925//805 924//804 926//806
f 921//801 920//800 927//807
f 921//801 927//807 924//804
f 924//804 927//807 928//808
f 924//804 928//808 819//699
f 924//804 819//699 929//809
f 920//800 919//799 930//810
f 920//800 930//810 927//807
f 927//807 930//810 931//811
f 927//807 931//811 928//808
f 928//808 931//811 915//795
f 928//808 915//795 819//699
f 926//806 924//804 929//809
f 926//806 929//809 932//812
f 908//788 912//792 920//800
f 908//788 920//800 906//786
f 906//786 920//800 921//801
f 906//786 921//801 903//783
f 903//783 921//801 923//803
f 903//783 923//803 904//784
f 933//813 934//814 935//815
f 933//813 935//815 846//726
f 846//726 935//815 936//816
f 846//726 936//816 937//817
f 938//818 937//817 936//816
f 938//818 936//816 939//819
f 936//816 939//819 940//820
f 940//820 936//816 941//821
f 940//820 941//821 942//822
f 942//822 941//821 891//771
f 891//771 941//821 890//770
f 889//769 890//770 941//821
f 889//769 941//821 943//823
f 943//823 941//821 936//816
f 943//823 936//816 944//824
f 944//824 936//816 935//815
f 935//815 934//814 945//825
f 935//815 945//825 944//824
f 944//824 945//825 946//826
f 944//824 946//826 943//823
f 943//823 946//826 911//791
f 943//823 911//791 888//768
f 943//823 888//768 889//769
f 858//738 947//827 855//735
f 855//735 947//827 933//813
f 855//735 933//813 852//732
f 852//732 933//813 846//726
f 846//726 948//828 847//727
f 847//727 948//828 949//829
f 847//727 949//829 860//740
f 860//740 949//829 950//830
f 860//740 950//830 865//745
f 865//745 950//830 872//752
f 865//745 872//752 866//746
f 933//813 947//827 951//831
f 933//813 951//831 934//814
f 934//814 951//831 952//832
f 934//814 952//832 945//825
f 945//825 952//832 953//833
f 945//825 953//833 946//826
f 946//826 953//833 909//789
f 946//826 909//789 911//791
f 846//726 937//817 948//828
f 948//828 937//817 938//818
f 948//828 938//818 949//829
f 909//789 874//754 877//757
f 909//789 877//757 880//760
f 923//803 954//834 902//782
f 923//803 902//782 904//784
f 900//780 902//782 955//835
f 900//780 955//835 892//772
f 892//772 956//836 893//773
f 893//773 956//836 891//771
f 893//773 891//771 885//765
f 956//836 957//837 942//822
f 956//836 942//822 891//771
f 942//822 957//837 925//805
f 942//822 925//805 940//820
f 940//820 925//805 958//838
f 940//820 958//838 939//819
f 939//819 958//838 959//839
f 939//819 959//839 938//818
f 926//806 958//838 925//805
f 925//805 957//837 922//802
f 922//802 957//837 955//835
f 922//802 955//835 923//803
f 930//810 960//840 931//811
f 916//796 929//809 819//699
f 915//795 913//793 914//794
f 913//793 915//795 931//811
f 913//793 931//811 960//840
f 919//799 912//792 910//790
f 917//797 932//812 929//809
f 917//797 929//809 916//796
f 932//812 959//839 958//838
f 932//812 958//838 961//841
f 962//842 959//839 963//843
f 962//842 963//843 964//844
f 859//739 831//711 830//710
f 859//739 830//710 858//738
f 858//738 830//710 913//793
f 858//738 913//793 947//827
f 947//827 913//793 960//840
f 947//827 960//840 951//831
f 872//752 965//845 871//751
f 872//752 871//751 866//746
f 910//790 907//787 899//779
f 910//790 899//779 898//778
f 951//831 960//840 930//810
f 951//831 930//810 952//832
f 952//832 953//833 919//799
f 952//832 919//799 930//810
f 919//799 910//790 909//789
f 919//799 909//789 953//833
f 885//765 891//771 886//766
f 886//766 891//771 887//767
f 845//725 873//753 844//724
f 932//812 917//797 918//798
f 932//812 918//798 959//839
f 963//843 873//753 872//752
f 963//843 872//752 964//844
f 959//839 918//798 873//753
f 959//839 873//753 963//843
f 962//842 964//844 872//752
f 962//842 872//752 938//818
f 949//829 938//818 872//752
f 949//829 872//752 950//830
f 601//488 607//494 626//513
f 601//488 626//513 966//846
f 966//846 626//513 625//512
f 966//846 625//512 967//847
f 625//512 618//505 616//503
f 625//512 616//503 968//848
f 968//848 616//503 615//502
f 968//848 615//502 969//849
f 969//849 615//502 613//500
f 969//849 613//500 970//850
f 970//850 613//500 611//498
f 970//850 611//498 971//851
f 971//851 611//498 610//497
f 967//847 625//512 968//848
f 967//847 968//848 972//852
f 972//852 968//848 969//849
f 972//852 969//849 973//853
f 973//853 969//849 970//850
f 973//853 970//850 974//854
f 974//854 970//850 971//851
f 974//854 971//851 975//855
f 975//855 971//851 976//856
f 602//489 601//488 966//846
f 602//489 966//846 977//857
f 977//857 966//846 978//858
f 978//858 966//846 967//847
f 978//858 967//847 979//859
f 979//859 967//847 980//860
f 980//860 967//847 972//852
f 980//860 972//852 981//861
f 981//861 972//852 973//853
f 981//861 973//853 982//862
f 982//862 973//853 974//854
f 982//862 974//854 983//863
f 983//863 974//854 975//855
f 983//863 975//855 984//864
f 984//864 975//855 976//856
f 984//864 976//856 985//865
f 985//865 976//856 986//866
f 603//490 602//489 987//867
f 603//490 987//867 988//868
f 988//868 989//869 990//870
f 988//868 990//870 991//871
f 991//871 992//872 993//873
f 991//871 993//873 994//874
f 991//871 994//874 995//875
f 995//875 996//876 997//877
f 995//875 997//877 998//878
f 998//878 999//879 1000//880
f 998//878 1000//880 1001//881
f 1001//881 1000//880 1002//882
f 1001//881 1002//882 1003//883
f 1003//883 1004//884 1005//885
f 1003//883 1005//885 1006//886
f 1006//886 1007//887 630//517
f 1006//886 630//517 1008//888
f 602//489 977//857 1009//889
f 602//489 1009//889 989//869
f 989//869 1010//890 992//872
f 992//872 1010//890 1011//891
f 992//872 1012//892 1013//893
f 992//872 1013//893 1014//894
f 1014//894 1013//893 1015//895
f 1014//894 1015//895 996//876
f 996//876 1016//896 1017//897
f 996//876 1017//897 999//879
f 999//879 1018//898 1019//899
f 999//879 1019//899 1004//884
f 1004//884 1020//900 1021//901
f 1004//884 1021//901 1007//887
f 1007//887 1022//902 1023//903
f 1007//887 1023//903 630//517
f 1024//904 978//858 1025//905
f 1024//904 1025//905 1010//890
f 1010//890 1026//906 1027//907
f 1010//890 1027//907 1012//892
f 1012//892 1028//908 1029//909
f 1012//892 1029//909 1030//910
f 1030//910 1029//909 1031//911
f 1030//910 1031//911 1016//896
f 1016//896 1032//912 1033//913
f 1016//896 1033//913 1018//898
f 1018//898 1034//914 1035//915
f 1018//898 1035//915 1036//916
f 1036//916 1035//915 1037//917
f 1036//916 1037//917 1020//900
f 1020//900 1038//918 1039//919
f 1020//900 1039//919 1022//902
f 1022//902 1040//920 1041//921
f 1022//902 1041//921 1023//903
f 978//858 979//859 1042//922
f 978//858 1042//922 1026//906
f 1026//906 1043//923 1044//924
f 1026//906 1044//924 1028//908
f 1028//908 1045//925 1046//926
f 1028//908 1046//926 1047//927
f 1047//927 1046//926 685//571
f 1047//927 685//571 1032//912
f 1032//912 685//571 684//570
f 1032//912 684//570 1048//928
f 1048//928 684//570 1049//929
f 1048//928 1049//929 1034//914
f 1034//914 1049//929 1050//930
f 1034//914 1050//930 1051//931
f 1051//931 1050//930 1052//932
f 1051//931 1052//932 1038//918
f 1038//918 1053//933 1054//934
f 1038//918 1054//934 1040//920
f 1040//920 1055//935 1056//936
f 1040//920 1056//936 1041//921
f 979//859 980//860 1057//937
f 979//859 1057//937 1043//923
f 1043//923 1058//938 1059//939
f 1043//923 1059//939 1045//925
f 1045//925 1060//940 678//564
f 1045//925 678//564 1046//926
f 1049//929 683//569 1061//941
f 1049//929 1061//941 1062//942
f 1062//942 1061//941 1063//943
f 1062//942 1063//943 1053//933
f 1053//933 1064//944 1065//945
f 1053//933 1065//945 1055//935
f 1055//935 1066//946 1056//936
f 980//860 981//861 1067//947
f 980//860 1067//947 1058//938
f 1058//938 1068//948 1069//949
f 1058//938 1069//949 1060//940
f 1060//940 1070//950 1071//951
f 1060//940 1071//951 678//564
f 683//569 1072//952 1073//953
f 1073//953 1072//952 1074//954
f 1073//953 1074//954 1064//944
f 1064//944 1075//945 1076//955
f 1064//944 1076//955 1066//946
f 1066//946 1077//956 1078//957
f 1066//946 1078//957 1056//936
f 981//861 982//862 1079//958
f 981//861 1079//958 1067//947
f 1067//947 1080//959 1081//960
f 1067//947 1081//960 1069//949
f 1069//949 1082//961 1071//951
f 1072//952 682//568 1083//962
f 1072//952 1083//962 1084//963
f 1072//952 1084//963 1074//954
f 1074//954 1085//964 1086//965
f 1074//954 1086//965 1076//955
f 1076//955 1087//966 1088//967
f 1076//955 1088//967 1078//957
f 982//862 983//863 1089//968
f 982//862 1089//968 1079//958
f 1079//958 1090//969 1091//970
f 1079//958 1091//970 1081//960
f 1081//960 1092//971 679//565
f 1081//960 679//565 1071//951
f 682//568 1093//972 1083//962
f 1083//962 1093//972 1094//973
f 1083//962 1094//973 1084//963
f 1084//963 1095//974 1096//975
f 1084//963 1096//975 1086//965
f 1086//965 1097//976 1098//977
f 1086//965 1098//977 1088//967
f 983//863 984//864 1099//978
f 983//863 1099//978 1089//968
f 1089//968 1100//979 1101//980
f 1089//968 1101//980 1091//970
f 1091//970 1102//981 1103//982
f 1091//970 1103//982 679//565
f 682//568 1104//983 1105//984
f 682//568 1105//984 1093//972
f 1093//972 1105//984 1106//985
f 1093//972 1106//985 1094//973
f 1094//973 1107//986 1108//987
f 1094//973 1108//987 1096//975
f 1096//975 1109//988 1110//989
f 1096//975 1110//989 1098//977
f 984//864 985//865 1111//990
f 984//864 1111//990 1099//978
f 1099//978 1112//991 1113//992
f 1099//978 1113//992 1101//980
f 1101//980 1114//993 1115//994
f 1101//980 1115//994 1103//982
f 1103//982 1115//994 1116//995
f 1103//982 1116//995 680//566
f 680//566 1117//996 1118//997
f 680//566 1118//997 681//567
f 681//567 1118//997 1119//998
f 1119//998 1120//999 1121//1000
f 1119//998 1121//1000 1105//984
f 1105//984 1121//1000 1122//1001
f 1105//984 1122//1001 1106//985
f 1106//985 1123//1002 1124//1003
f 1106//985 1124//1003 1108//987
f 1108//987 1125//1004 1126//1005
f 1108//987 1126//1005 1110//989
f 985//865 986//866 1127//1006
f 985//865 1127//1006 1111//990
f 1111//990 1127//1006 1113//992
f 1113//992 1127//1006 1128//1007
f 1113//992 1128//1007 1129//1008
f 1113//992 1129//1008 1115//994
f 1115//994 1129//1008 1116//995
f 1116//995 1129//1008 1118//997
f 1118//997 1130//1009 1121//1000
f 1121//1000 1130//1009 1131//1010
f 1121//1000 1131//1010 1122//1001
f 1122//1001 1131//1010 1132//1011
f 1122//1001 1132//1011 1124//1003
f 1124//1003 1132//1011 1133//1012
f 1124//1003 1133//1012 1126//1005
f 605//492 603//490 988//868
f 605//492 988//868 1134//1013
f 1134//1013 988//868 991//871
f 1134//1013 991//871 995//875
f 1134//1013 995//875 1135//1014
f 1135//1014 995//875 998//878
f 1135//1014 998//878 1001//881
f 1135//1014 1001//881 1136//1015
f 1136//1015 1001//881 1003//883
f 1136//1015 1003//883 1006//886
f 1136//1015 1006//886 633//520
f 1136//1015 633//520 1137//1016
f 630//517 631//518 636//523
f 630//517 636//523 1023//903
f 1023//903 636//523 1138//1017
f 1023//903 1138//1017 1041//921
f 1041//921 1138//1017 1139//1018
f 1041//921 1139//1018 1056//936
f 1056//936 1139//1018 1140//1019
f 1056//936 1140//1019 1078//957
f 1078//957 1140//1019 1141//1020
f 1078//957 1141//1020 1088//967
f 1088//967 1141//1020 1142//1021
f 1088//967 1142//1021 1098//977
f 1098//977 1142//1021 1143//1022
f 1098//977 1143//1022 1110//989
f 1110//989 1143//1022 1144//1023
f 1110//989 1144//1023 1126//1005
f 1126//1005 1144//1023 1145//1024
f 1126//1005 1145//1024 1133//1012
f 636//523 1146//1025 642//529
f 636//523 642//529 1138//1017
f 1138//1017 1147//1026 640//527
f 1138//1017 640//527 1139//1018
f 1139//1018 640//527 1148//1027
f 1139//1018 1148//1027 1140//1019
f 1140//1019 1148//1027 1149//1028
f 1140//1019 1149//1028 1141//1020
f 1141//1020 1149//1028 1150//1029
f 1141//1020 1150//1029 1142//1021
f 1142//1021 1150//1029 1151//1030
f 1142//1021 1151//1030 1143//1022
f 1143//1022 1151//1030 1152//1031
f 1143//1022 1152//1031 1144//1023
f 1144//1023 1152//1031 1145//1024
f 640//527 641//528 655//541
f 640//527 655//541 1148//1027
f 1148//1027 655//541 653//539
f 1148//1027 653//539 1149//1028
f 1149//1028 653//539 652//538
f 1149//1028 652//538 1150//1029
f 1150//1029 652//538 650//536
f 1150//1029 650//536 1151//1030
f 1151//1030 650//536 648//534
f 1151//1030 648//534 1152//1031
f 1152//1031 648//534 645//532
f 695//581 715//601 713//599
f 1580//1437 715//601 695//581
f 1580//1437 717//603 715//601
f 1153//1032 695//581 694//580
f 1154//1033 695//581 1156//1035
f 1155//1034 1580//1437 695//581
f 1155//1034 695//581 1154//1033
f 1156//1035 695//581 1153//1032
f 1157//1036 694//580 697//583
f 1157//1036 697//583 749//635
f 1158//1037 1153//1032 694//580
f 1158//1037 694//580 1157//1036
f 1159//1038 1153//1032 1158//1037
f 1160//1039 1156//1035 1153//1032
f 1160//1039 1153//1032 1159//1038
f 1161//1040 1156//1035 1160//1039
f 1162//1041 1154//1033 1156//1035
f 1162//1041 1156//1035 1161//1040
f 1163//1042 1155//1034 1154//1033
f 1163//1042 1154//1033 1162//1041
f 1164//1043 1155//1034 1163//1042
f 690//576 689//575 707//593
f 690//576 707//593 1165//1044
f 1165//1044 707//593 691//577
f 1165//1044 691//577 693//579
f 736//622 690//576 1165//1044
f 736//622 1165//1044 1166//1045
f 1166//1045 1165//1044 1167//1046
f 1167//1046 1165//1044 1168//1047
f 1168//1047 1165//1044 693//579
f 1168//1047 693//579 733//619
f 750//636 751//637 1169//1048
f 750//636 1169//1048 1170//1049
f 1170//1049 1169//1048 1171//1050
f 1171//1050 1169//1048 1172//1051
f 1171//1050 1172//1051 1173//1052
f 1173//1052 1172//1051 1174//1053
f 1174//1053 1172//1051 735//621
f 1174//1053 735//621 1175//1054
f 1175//1054 735//621 734//620
f 749//635 750//636 1170//1049
f 749//635 1170//1049 1176//1055
f 1176//1055 1170//1049 1171//1050
f 1176//1055 1171//1050 1177//1056
f 1177//1056 1171//1050 1173//1052
f 1177//1056 1173//1052 1178//1057
f 1178//1057 1173//1052 1174//1053
f 1178//1057 1174//1053 1179//1058
f 1179//1058 1174//1053 1175//1054
f 1175//1054 734//620 736//622
f 1157//1036 749//635 1176//1055
f 1157//1036 1176//1055 1180//1059
f 1180//1059 1176//1055 1177//1056
f 1180//1059 1177//1056 1181//1060
f 1181//1060 1177//1056 1178//1057
f 1181//1060 1178//1057 1182//1061
f 1182//1061 1178//1057 1179//1058
f 1182//1061 1179//1058 1175//1054
f 1182//1061 1175//1054 1183//1062
f 1183//1062 1175//1054 736//622
f 1183//1062 736//622 1166//1045
f 1180//1059 1181//1060 1184//1063
f 1184//1063 1181//1060 1182//1061
f 1184//1063 1182//1061 1185//1064
f 1185//1064 1182//1061 1186//1065
f 1186//1065 1182//1061 1183//1062
f 1158//1037 1157//1036 1180//1059
f 1158//1037 1180//1059 1187//1066
f 1187//1066 1180//1059 1184//1063
f 1187//1066 1184//1063 1188//1067
f 1188//1067 1184//1063 1185//1064
f 1188//1067 1185//1064 1189//1068
f 1189//1068 1185//1064 1186//1065
f 1189//1068 1186//1065 1190//1069
f 1190//1069 1186//1065 1183//1062
f 1190//1069 1183//1062 1191//1070
f 1191//1070 1183//1062 1166//1045
f 1159//1038 1158//1037 1187//1066
f 1159//1038 1187//1066 1192//1071
f 1192//1071 1187//1066 1188//1067
f 1192//1071 1188//1067 723//609
f 723//609 1188//1067 1189//1068
f 723//609 1189//1068 726//612
f 726//612 1189//1068 1190//1069
f 726//612 1190//1069 1193//1072
f 1193//1072 1190//1069 1191//1070
f 1193//1072 1191//1070 1194//1073
f 1194//1073 1191//1070 1166//1045
f 1160//1039 1159//1038 1192//1071
f 1160//1039 1192//1071 1195//1074
f 1195//1074 1192//1071 723//609
f 1195//1074 723//609 722//608
f 727//613 1193//1072 1194//1073
f 1194//1073 1166//1045 1167//1046
f 1161//1040 1160//1039 1195//1074
f 731//617 727//613 1194//1073
f 731//617 1194//1073 1196//1075
f 1196//1075 1194//1073 1167//1046
f 1196//1075 1167//1046 1168//1047
f 1161//1040 1195//1074 1197//1076
f 1197//1076 1195//1074 730//616
f 1197//1076 730//616 740//626
f 1198//1077 731//617 1196//1075
f 1198//1077 1196//1075 1199//1078
f 1199//1078 1196//1075 1168//1047
f 1162//1041 1161//1040 1197//1076
f 1162//1041 1197//1076 1200//1079
f 1200//1079 1197//1076 740//626
f 1200//1079 740//626 1201//1080
f 1201//1080 740//626 737//623
f 1201//1080 737//623 1202//1081
f 1202//1081 737//623 1198//1077
f 1202//1081 1198//1077 1203//1082
f 1203//1082 1198//1077 1199//1078
f 1203//1082 1199//1078 1204//1083
f 1204//1083 1199//1078 1168//1047
f 1163//1042 1162//1041 1200//1079
f 1163//1042 1200//1079 1205//1084
f 1205//1084 1200//1079 1201//1080
f 1205//1084 1201//1080 1206//1085
f 1206//1085 1201//1080 1202//1081
f 1206//1085 1202//1081 1207//1086
f 1207//1086 1202//1081 1203//1082
f 1207//1086 1203//1082 1204//1083
f 1207//1086 1204//1083 1208//1087
f 1208//1087 1204//1083 1168//1047
f 1208//1087 1168//1047 733//619
f 1164//1043 1163//1042 1205//1084
f 1205//1084 1206//1085 1209//1088
f 1209//1088 1206//1085 1207//1086
f 1209//1088 1207//1086 1210//1089
f 1210//1089 1207//1086 1211//1090
f 1211//1090 1207//1086 1208//1087
f 1211//1090 1208//1087 1212//1091
f 1212//1091 1208//1087 733//619
f 1195//1074 722//608 730//616
f 727//613 1213//1092 726//612
f 727//613 726//612 1193//1072
f 1198//1077 737//623 1214//1093
f 1198//1077 1214//1093 731//617
f 681//567 1119//998 682//568
f 681//567 682//568 1215//1094
f 799//679 800//680 1216//1095
f 799//679 1216//1095 1217//1096
f 1217//1096 1216//1095 1218//1097
f 1218//1097 1216//1095 1219//1098
f 1218//1097 1219//1098 1220//1099
f 1218//1097 1220//1099 1221//1100
f 1221//1100 1220//1099 1222//1101
f 1221//1100 1222//1101 1223//1102
f 1223//1102 1222//1101 1224//1103
f 1223//1102 1224//1103 1225//1104
f 1225//1104 1224//1103 1226//1105
f 1225//1104 1226//1105 1227//1106
f 1227//1106 1226//1105 1228//1107
f 1227//1106 1228//1107 1229//1108
f 1229//1108 1228//1107 810//690
f 1229//1108 810//690 811//691
f 800//680 1230//1109 1231//1110
f 800//680 1231//1110 1216//1095
f 1216//1095 1231//1110 1232//1111
f 1216//1095 1232//1111 1233//1112
f 1216//1095 1233//1112 1219//1098
f 1219//1098 1233//1112 1234//1113
f 1219//1098 1234//1113 1220//1099
f 1220//1099 1234//1113 1235//1114
f 1220//1099 1235//1114 1222//1101
f 1222//1101 1235//1114 1236//1115
f 1222//1101 1236//1115 1224//1103
f 1228//1107 1226//1105 809//689
f 1228//1107 809//689 810//690
f 1230//1109 1237//1116 1231//1110
f 1231//1110 1237//1116 1238//1117
f 1231//1110 1238//1117 1232//1111
f 1232//1111 1238//1117 753//639
f 1232//1111 753//639 1233//1112
f 1233//1112 753//639 762//648
f 1233//1112 762//648 1234//1113
f 1234//1113 762//648 761//647
f 1234//1113 761//647 1235//1114
f 1235//1114 761//647 1239//1118
f 1235//1114 1239//1118 1236//1115
f 1236//1115 1239//1118 1240//1119
f 1236//1115 1240//1119 1224//1103
f 1224//1103 1240//1119 1241//1120
f 1224//1103 1241//1120 1226//1105
f 1226//1105 1241//1120 809//689
f 1242//1121 1243//1122 1244//1123
f 1244//1123 1243//1122 1245//1124
f 1245//1124 1246//1125 1247//1126
f 1247//1126 1246//1125 1248//1127
f 1247//1126 1248//1127 1249//1128
f 1249//1128 1248//1127 1250//1129
f 1249//1128 1250//1129 1251//1130
f 1251//1130 1250//1129 1252//1131
f 1251//1130 1252//1131 1253//1132
f 1253//1132 1252//1131 1254//1133
f 1253//1132 1254//1133 1255//1134
f 1255//1134 1254//1133 1256//1135
f 1255//1134 1256//1135 1257//1136
f 1243//1122 1258//1137 1245//1124
f 1245//1124 1258//1137 1259//1138
f 1245//1124 1259//1138 1246//1125
f 1246//1125 1259//1138 1248//1127
f 1248//1127 1259//1138 1260//1139
f 1248//1127 1260//1139 1261//1140
f 1248//1127 1261//1140 1250//1129
f 1250//1129 1261//1140 1262//1141
f 1250//1129 1262//1141 1252//1131
f 1252//1131 1262//1141 1263//1142
f 1252//1131 1263//1142 1254//1133
f 1254//1133 1263//1142 1256//1135
f 1242//1121 1783//1607 1243//1122
f 1258//1137 1264//1143 1259//1138
f 1259//1138 1264//1143 1265//1144
f 1259//1138 1265//1144 1266//1145
f 1259//1138 1266//1145 1260//1139
f 1260//1139 1266//1145 1267//1146
f 1260//1139 1267//1146 1261//1140
f 1261//1140 1267//1146 1268//1147
f 1261//1140 1268//1147 1262//1141
f 1262//1141 1268//1147 1269//1148
f 1262//1141 1269//1148 1263//1142
f 1263//1142 1269//1148 1796//1620
f 1263//1142 1796//1620 1256//1135
f 1272//1151 754//640 1273//1152
f 758//644 757//643 1274//1153
f 758//644 1274//1153 1275//1154
f 1275//1154 1274//1153 1276//1155
f 1275//1154 1276//1155 1277//1156
f 1277//1156 1276//1155 808//688
f 1270//1149 1278//1157 1271//1150
f 1271//1150 1278//1157 1279//1158
f 1271//1150 1279//1158 1272//1151
f 1272//1151 1279//1158 1280//1159
f 1272//1151 1280//1159 754//640
f 754//640 1280//1159 1281//1160
f 754//640 1281//1160 773//659
f 773//659 1281//1160 1249//1128
f 773//659 1249//1128 774//660
f 757//643 1251//1130 1253//1132
f 757//643 1253//1132 1274//1153
f 1274//1153 1253//1132 1282//1161
f 1274//1153 1282//1161 1276//1155
f 1276//1155 1282//1161 808//688
f 1270//1149 1242//1121 1244//1123
f 1270//1149 1244//1123 1278//1157
f 1278//1157 1244//1123 1245//1124
f 1278//1157 1245//1124 1279//1158
f 1279//1158 1245//1124 1247//1126
f 1279//1158 1247//1126 1280//1159
f 1280//1159 1247//1126 1281//1160
f 1281//1160 1247//1126 1249//1128
f 1253//1132 1255//1134 1282//1161
f 1282//1161 1255//1134 1257//1136
f 1282//1161 1257//1136 808//688
f 1230//1109 1270//1149 1271//1150
f 1230//1109 1271//1150 1237//1116
f 1237//1116 1271//1150 1272//1151
f 1237//1116 1272//1151 1238//1117
f 1238//1117 1272//1151 1273//1152
f 1238//1117 1273//1152 753//639
f 1239//1118 758//644 1275//1154
f 1239//1118 1275//1154 1240//1119
f 1240//1119 1275//1154 1277//1156
f 1240//1119 1277//1156 1241//1120
f 1241//1120 1277//1156 808//688
f 1241//1120 808//688 809//689
f 800//680 798//678 1283//1162
f 800//680 1283//1162 1230//1109
f 1230//1109 1283//1162 1284//1163
f 1230//1109 1284//1163 1270//1149
f 1285//1164 784//668 783//667
f 787//671 1283//1162 798//678
f 782//666 784//668 1285//1164
f 787//671 1284//1163 1283//1162
f 1286//1165 784//668 782//666
f 1286//1165 1287//1166 784//668
f 1287//1166 1288//1167 787//671
f 1287//1166 787//671 784//668
f 1288//1167 1284//1163 787//671
f 1270//1149 1284//1163 1242//1121
f 1289//666 1287//1166 1286//1165
f 1287//1166 1290//1168 1288//1167
f 1290//1168 1284//1163 1288//1167
f 1242//1121 1284//1163 1819//1641
f 1242//1121 1819//1641 1783//1607
f 1289//666 1817//1639 1287//1166
f 1817//1639 1290//1168 1287//1166
f 1290//1168 1819//1641 1284//1163
f 1291//1169 788//672 1292//1170
f 1796//1620 1294//1172 1256//1135
f 1291//1169 1292//1170 1295//1173
f 1293//1171 1291//1169 1295//1173
f 1293//1171 1295//1173 1296//1174
f 1294//1172 1293//1171 1296//1174
f 1256//1135 1294//1172 1257//1136
f 1295//1173 1292//1170 791//672
f 1294//1172 1296//1174 1297//1175
f 1294//1172 1297//1175 1298//1176
f 1257//1136 1294//1172 1298//1176
f 1257//1136 1298//1176 808//688
f 804//684 802//682 805//685
f 809//689 804//684 805//685
f 809//689 805//685 810//690
f 1249//1128 1251//1130 757//643
f 1249//1128 757//643 774//660
f 799//679 1217//1096 1299//1177
f 1299//1177 1217//1096 1218//1097
f 1299//1177 1218//1097 1300//1178
f 1300//1178 1218//1097 1301//1179
f 1301//1179 1218//1097 1221//1100
f 1221//1100 1223//1102 1302//1180
f 1302//1180 1223//1102 1225//1104
f 1302//1180 1225//1104 1227//1106
f 1302//1180 1227//1106 1303//1181
f 1303//1181 1227//1106 1229//1108
f 1303//1181 1229//1108 1304//1182
f 1304//1182 1229//1108 811//691
f 1304//1182 811//691 807//687
f 813//693 799//679 1299//1177
f 813//693 1299//1177 1305//1183
f 1305//1183 1299//1177 1300//1178
f 1305//1183 1300//1178 1306//1184
f 1306//1184 1300//1178 1301//1179
f 1306//1184 1301//1179 1307//1185
f 1307//1185 1301//1179 1221//1100
f 1307//1185 1221//1100 1308//1186
f 1308//1186 1221//1100 1302//1180
f 1308//1186 1302//1180 1309//1187
f 1309//1187 1302//1180 1310//1188
f 1310//1188 1302//1180 1303//1181
f 1310//1188 1303//1181 1311//1189
f 1311//1189 1303//1181 1304//1182
f 1311//1189 1304//1182 1312//1190
f 1312//1190 1304//1182 807//687
f 1312//1190 807//687 818//698
f 814//694 813//693 1305//1183
f 814//694 1305//1183 1306//1184
f 814//694 1306//1184 1313//1191
f 1313//1191 1306//1184 1307//1185
f 1313//1191 1307//1185 1314//1192
f 1314//1192 1307//1185 1308//1186
f 1314//1192 1308//1186 1315//1193
f 1315//1193 1308//1186 1309//1187
f 1315//1193 1309//1187 1310//1188
f 1315//1193 1310//1188 1316//1194
f 1316//1194 1310//1188 1311//1189
f 1316//1194 1311//1189 1312//1190
f 1316//1194 1312//1190 818//698
f 1316//1194 818//698 816//696
f 1317//1195 1318//1196 1319//1197
f 1317//1195 1319//1197 1320//1198
f 1321//1199 1317//1195 1320//1198
f 1321//1199 1320//1198 1322//1200
f 1320//1198 1319//1197 1323//1201
f 1320//1198 1323//1201 1324//1202
f 610//497 609//496 1325//1203
f 610//497 1325//1203 1326//1204
f 1327//1205 610//497 1326//1204
f 1327//1205 1326//1204 1328//1206
f 1329//1207 1327//1205 1328//1206
f 1330//1208 1329//1207 1328//1206
f 1330//1208 1328//1206 1331//1209
f 1332//1210 1330//1208 1331//1209
f 1332//1210 1331//1209 1333//506
f 1334//1211 1332//1210 1333//506
f 1334//1211 1333//506 1335//1212
f 1336//1213 1334//1211 1335//1212
f 1336//1213 1335//1212 1337//1214
f 1323//1201 1336//1213 1337//1214
f 1323//1201 1337//1214 1338//1215
f 1339//1216 1340//1217 1332//1210
f 1339//1216 1332//1210 1334//1211
f 1339//1216 1334//1211 1336//1213
f 1323//1201 1339//1216 1336//1213
f 1323//1201 1336//1213 1341//514
f 1342//1218 1324//1202 1322//1200
f 1342//1218 1322//1200 1320//1198
f 1343//1219 1338//1215 1324//1202
f 1343//1219 1324//1202 1323//1201
f 1344//1220 1345//1221 1346//1222
f 1344//1220 1346//1222 1347//1223
f 1348//1224 1344//1220 1347//1223
f 1348//1224 1347//1223 1349//1225
f 1350//1226 1351//1227 1352//1228
f 1350//1226 1352//1228 1345//1221
f 1353//1229 1350//1226 1345//1221
f 1353//1229 1345//1221 1344//1220
f 1354//1230 1355//1231 1356//1232
f 1357//1233 1354//1230 1356//1232
f 1357//1233 1356//1232 1351//1227
f 1358//1234 1357//1233 1351//1227
f 1358//1234 1351//1227 1350//1226
f 1359//533 646//533 645//532
f 1360//1235 1359//533 645//532
f 1360//1235 645//532 1361//1236
f 1362//1237 1360//1235 1361//1236
f 1362//1237 1361//1236 1363//1238
f 1362//1237 1363//1238 1364//1239
f 1365//1240 1362//1237 1364//1239
f 1365//1240 1364//1239 1366//1241
f 1367//1242 1365//1240 1366//1241
f 1367//1242 1366//1241 1354//1230
f 1368//1243 1367//1242 1354//1230
f 1369//1244 1368//1243 1354//1230
f 1369//1244 1354//1230 1357//1233
f 1358//1234 1369//1244 1357//1233
f 1358//1234 1357//1233 1370//1245
f 1344//1220 1348//1224 1353//1229
f 1344//1220 1353//1229 1371//1246
f 1350//1226 1353//1229 1358//1234
f 1350//1226 1358//1234 1372//1247
f 1373//1248 1374//1249 1375//563
f 1373//1248 1375//563 1376//1250
f 1377//1251 1373//1248 1376//1250
f 1377//1251 1376//1250 1378//559
f 1379//556 1377//1251 1378//559
f 1379//556 1378//559 1380//557
f 1381//554 1379//556 1380//557
f 1381//554 1380//557 1382//555
f 1383//1252 1381//554 1382//555
f 1383//1252 1382//555 1384//553
f 1385//1253 1383//1252 1384//553
f 1385//1253 1384//553 1386//1254
f 1387//1255 1385//1253 1386//1254
f 1387//1255 1386//1254 1388//548
f 1374//1249 1387//1255 1388//548
f 1374//1249 1388//548 1375//563
f 1375//563 1388//548 1384//553
f 1375//563 1384//553 1376//1250
f 1380//557 1378//559 1376//1250
f 1380//557 1376//1250 1384//553
f 1384//553 1382//555 1380//557
f 1384//553 1388//548 1386//1254
f 1389//1256 1390//1257 1387//1255
f 1389//1256 1387//1255 1374//1249
f 1391//1258 1389//1256 1374//1249
f 1391//1258 1374//1249 1373//1248
f 1392//1259 1391//1258 1373//1248
f 1392//1259 1373//1248 1377//1251
f 1393//1260 1392//1259 1377//1251
f 1393//1260 1377//1251 1379//556
f 1394//1261 1393//1260 1379//556
f 1394//1261 1379//556 1381//554
f 1395//1262 1394//1261 1381//554
f 1395//1262 1381//554 1383//1252
f 1396//1263 1395//1262 1383//1252
f 1396//1263 1383//1252 1385//1253
f 1390//1257 1396//1263 1385//1253
f 1390//1257 1385//1253 1387//1255
f 1339//1216 1323//1201 1319//1197
f 1339//1216 1319//1197 1397//1264
f 1340//1217 1339//1216 1397//1264
f 1340//1217 1397//1264 1398//1265
f 1330//1208 1332//1210 1340//1217
f 1330//1208 1340//1217 1399//1266
f 1329//1207 1330//1208 1399//1266
f 1329//1207 1399//1266 1400//1267
f 1327//1205 1329//1207 1400//1267
f 1327//1205 1400//1267 1401//1268
f 610//497 1327//1205 1401//1268
f 610//497 1401//1268 1402//1269
f 610//497 1402//1269 971//851
f 1399//1266 1340//1217 1398//1265
f 1399//1266 1398//1265 1403//1270
f 1400//1267 1399//1266 1403//1270
f 1400//1267 1403//1270 1404//1271
f 1401//1268 1400//1267 1404//1271
f 1401//1268 1404//1271 1405//1272
f 1402//1269 1401//1268 1405//1272
f 1402//1269 1405//1272 1406//1273
f 971//851 1402//1269 1406//1273
f 971//851 1406//1273 976//856
f 1397//1264 1319//1197 1318//1196
f 1397//1264 1318//1196 1407//1274
f 1397//1264 1407//1274 1408//1275
f 1398//1265 1397//1264 1408//1275
f 1398//1265 1408//1275 1409//1276
f 1398//1265 1409//1276 1410//1277
f 1403//1270 1398//1265 1410//1277
f 1403//1270 1410//1277 1411//1278
f 1404//1271 1403//1270 1411//1278
f 1404//1271 1411//1278 1412//1279
f 1405//1272 1404//1271 1412//1279
f 1405//1272 1412//1279 1413//1280
f 1406//1273 1405//1272 1413//1280
f 1406//1273 1413//1280 1414//1281
f 1406//1273 1414//1281 1415//1282
f 976//856 1406//1273 1415//1282
f 976//856 1415//1282 986//866
f 1416//1283 1318//1196 1317//1195
f 1416//1283 1317//1195 1417//1284
f 1418//1285 1419//1286 1417//1284
f 1418//1285 1417//1284 1420//1287
f 1421//1288 1422//1289 1420//1287
f 1423//1290 1421//1288 1420//1287
f 1423//1290 1420//1287 1424//1291
f 1425//1292 1426//1293 1424//1291
f 1425//1292 1424//1291 1427//1294
f 1428//1295 1429//1296 1427//1294
f 1428//1295 1427//1294 1430//1297
f 1431//1298 1428//1295 1430//1297
f 1431//1298 1430//1297 1432//1299
f 1433//1300 1434//1301 1432//1299
f 1433//1300 1432//1299 1435//1302
f 1346//1222 1436//1303 1435//1302
f 1346//1222 1435//1302 1437//1304
f 1438//889 1407//1274 1318//1196
f 1438//889 1318//1196 1419//1286
f 1439//1305 1419//1286 1422//1289
f 1440//1306 1439//1305 1422//1289
f 1441//1307 1442//1308 1422//1289
f 1441//1307 1422//1289 1443//1309
f 1444//1310 1441//1307 1443//1309
f 1444//1310 1443//1309 1426//1293
f 1445//1311 1446//1312 1426//1293
f 1445//1311 1426//1293 1429//1296
f 1447//1313 1448//1314 1429//1296
f 1447//1313 1429//1296 1434//1301
f 1449//1315 1450//1316 1434//1301
f 1449//1315 1434//1301 1436//1303
f 1451//1317 1452//1318 1436//1303
f 1451//1317 1436//1303 1346//1222
f 1453//1319 1408//1275 1454//1320
f 1453//1319 1454//1320 1439//1305
f 1455//1321 1456//1322 1439//1305
f 1455//1321 1439//1305 1442//1308
f 1457//1323 1458//1324 1442//1308
f 1457//1323 1442//1308 1459//1325
f 1460//1326 1457//1323 1459//1325
f 1460//1326 1459//1325 1446//1312
f 1461//1327 1462//1328 1446//1312
f 1461//1327 1446//1312 1448//1314
f 1463//1329 1464//1330 1448//1314
f 1463//1329 1448//1314 1465//1331
f 1466//1332 1463//1329 1465//1331
f 1466//1332 1465//1331 1450//1316
f 1467//1333 1468//1334 1450//1316
f 1467//1333 1450//1316 1452//1318
f 1469//1335 1470//1336 1452//1318
f 1469//1335 1452//1318 1451//1317
f 1471//1337 1409//1276 1408//1275
f 1471//1337 1408//1275 1456//1322
f 1473//1339 1472//1338 1456//1322
f 1473//1339 1456//1322 1458//1324
f 1474//1340 1475//1341 1458//1324
f 1474//1340 1458//1324 1476//1342
f 1396//1263 1474//1340 1476//1342
f 1396//1263 1476//1342 1462//1328
f 1395//1262 1396//1263 1462//1328
f 1395//1262 1462//1328 1477//1343
f 1478//1344 1395//1262 1477//1343
f 1478//1344 1477//1343 1464//1330
f 1479//1345 1478//1344 1464//1330
f 1479//1345 1464//1330 1480//1346
f 1481//1347 1479//1345 1480//1346
f 1481//1347 1480//1346 1468//1334
f 1482//1348 1483//1349 1468//1334
f 1482//1348 1468//1334 1470//1336
f 1484//1350 1485//1351 1470//1336
f 1484//1350 1470//1336 1469//1335
f 1486//1352 1410//1277 1409//1276
f 1486//1352 1409//1276 1472//1338
f 1487//1353 1488//1354 1472//1338
f 1487//1353 1472//1338 1475//1341
f 1390//1257 1489//1355 1475//1341
f 1390//1257 1475//1341 1474//1340
f 1490//1356 1394//1261 1478//1344
f 1490//1356 1478//1344 1491//942
f 1492//943 1490//1356 1491//942
f 1492//943 1491//942 1483//1349
f 1493//945 1494//944 1483//1349
f 1493//945 1483//1349 1485//1351
f 1484//1350 1495//946 1485//1351
f 1496//1357 1411//1278 1410//1277
f 1496//1357 1410//1277 1488//1354
f 1497//1358 1498//1359 1488//1354
f 1497//1358 1488//1354 1489//1355
f 1499//1360 1500//1361 1489//1355
f 1499//1360 1489//1355 1390//1257
f 1501//1362 1394//1261 1502//1363
f 1503//1364 1501//1362 1502//1363
f 1503//1364 1502//1363 1494//944
f 1504//1365 1505//945 1494//944
f 1504//1365 1494//944 1495//946
f 1506//1366 1507//956 1495//946
f 1506//1366 1495//946 1484//1350
f 1508//1367 1412//1279 1411//1278
f 1508//1367 1411//1278 1496//1357
f 1509//1368 1510//1369 1496//1357
f 1509//1368 1496//1357 1497//1358
f 1499//1360 1511//1370 1497//1358
f 1512//1371 1393//1260 1501//1362
f 1513//1372 1512//1371 1501//1362
f 1513//1372 1501//1362 1503//1364
f 1514//1373 1515//974 1503//1364
f 1514//1373 1503//1364 1504//1365
f 1516//1374 1517//1375 1504//1365
f 1516//1374 1504//1365 1506//1366
f 1518//1376 1413//1280 1412//1279
f 1518//1376 1412//1279 1508//1367
f 1519//1377 1520//1378 1508//1367
f 1519//1377 1508//1367 1509//1368
f 1389//1256 1521//1379 1509//1368
f 1389//1256 1509//1368 1499//1360
f 1522//1380 1393//1260 1512//1371
f 1523//1381 1522//1380 1512//1371
f 1523//1381 1512//1371 1513//1372
f 1524//1382 1525//964 1513//1372
f 1524//1382 1513//1372 1514//1373
f 1526//1383 1527//1384 1514//1373
f 1526//1383 1514//1373 1516//1374
f 1528//1385 1414//1281 1413//1280
f 1528//1385 1413//1280 1518//1376
f 1529//1386 1530//1387 1518//1376
f 1529//1386 1518//1376 1519//1377
f 1531//1388 1532//1389 1519//1377
f 1531//1388 1519//1377 1389//1256
f 1533//1390 1534//1391 1393//1260
f 1533//1390 1393//1260 1522//1380
f 1535//1392 1533//1390 1522//1380
f 1535//1392 1522//1380 1523//1381
f 1536//1393 1537//1394 1523//1381
f 1536//1393 1523//1381 1524//1382
f 1538//1395 1539//1396 1524//1382
f 1538//1395 1524//1382 1526//1383
f 1540//1397 1415//1282 1414//1281
f 1540//1397 1414//1281 1528//1385
f 1541//1398 1542//1399 1528//1385
f 1541//1398 1528//1385 1529//1386
f 1543//1400 1544//1401 1529//1386
f 1543//1400 1529//1386 1531//1388
f 1545//1402 1543//1400 1531//1388
f 1545//1402 1531//1388 1391//1258
f 1546//1403 1547//1404 1391//1258
f 1546//1403 1391//1258 1392//1259
f 1546//1403 1392//1259 1548//1405
f 1130//1009 1549//1406 1548//1405
f 1130//1009 1548//1405 1533//1390
f 1550//1407 1130//1009 1533//1390
f 1550//1407 1533//1390 1535//1392
f 1551//1408 1552//1409 1535//1392
f 1551//1408 1535//1392 1536//1393
f 1553//1410 1554//1411 1536//1393
f 1553//1410 1536//1393 1538//1395
f 1127//1006 986//866 1415//1282
f 1127//1006 1415//1282 1540//1397
f 1127//1006 1540//1397 1541//1398
f 1128//1007 1127//1006 1541//1398
f 1129//1008 1128//1007 1541//1398
f 1129//1008 1541//1398 1543//1400
f 1129//1008 1543//1400 1545//1402
f 1118//997 1129//1008 1545//1402
f 1118//997 1545//1402 1546//1403
f 1130//1009 1118//997 1546//1403
f 1131//1010 1130//1009 1550//1407
f 1132//1011 1131//1010 1550//1407
f 1132//1011 1550//1407 1551//1408
f 1133//1012 1132//1011 1551//1408
f 1133//1012 1551//1408 1553//1410
f 1417//1284 1317//1195 1321//1199
f 1417//1284 1321//1199 1555//1412
f 1420//1287 1417//1284 1555//1412
f 1424//1291 1420//1287 1555//1412
f 1424//1291 1555//1412 1556//1413
f 1427//1294 1424//1291 1556//1413
f 1430//1297 1427//1294 1556//1413
f 1430//1297 1556//1413 1557//1414
f 1432//1299 1430//1297 1557//1414
f 1435//1302 1432//1299 1557//1414
f 1347//1223 1435//1302 1557//1414
f 1347//1223 1557//1414 1558//1415
f 1352//1228 1345//1221 1346//1222
f 1352//1228 1346//1222 1451//1317
f 1559//1416 1352//1228 1451//1317
f 1559//1416 1451//1317 1469//1335
f 1560//1417 1559//1416 1469//1335
f 1560//1417 1469//1335 1484//1350
f 1561//1418 1560//1417 1484//1350
f 1561//1418 1484//1350 1506//1366
f 1562//1419 1561//1418 1506//1366
f 1562//1419 1506//1366 1516//1374
f 1563//1420 1562//1419 1516//1374
f 1563//1420 1516//1374 1526//1383
f 1564//1421 1563//1420 1526//1383
f 1564//1421 1526//1383 1538//1395
f 1565//1422 1564//1421 1538//1395
f 1565//1422 1538//1395 1553//1410
f 1145//1024 1565//1422 1553//1410
f 1145//1024 1553//1410 1133//1012
f 1356//1232 1566//1423 1352//1228
f 1356//1232 1352//1228 1559//1416
f 1355//1231 1567//1424 1559//1416
f 1355//1231 1559//1416 1560//1417
f 1568//1425 1355//1231 1560//1417
f 1568//1425 1560//1417 1561//1418
f 1569//1426 1568//1425 1561//1418
f 1569//1426 1561//1418 1562//1419
f 1570//1427 1569//1426 1562//1419
f 1570//1427 1562//1419 1563//1420
f 1571//1428 1570//1427 1563//1420
f 1571//1428 1563//1420 1564//1421
f 1572//1429 1571//1428 1564//1421
f 1572//1429 1564//1421 1565//1422
f 1152//1031 1572//1429 1565//1422
f 1152//1031 1565//1422 1145//1024
f 1366//1241 1354//1230 1355//1231
f 1366//1241 1355//1231 1568//1425
f 1364//1239 1366//1241 1568//1425
f 1364//1239 1568//1425 1569//1426
f 1363//1238 1364//1239 1569//1426
f 1363//1238 1569//1426 1570//1427
f 1361//1236 1363//1238 1570//1427
f 1361//1236 1570//1427 1571//1428
f 645//532 1361//1236 1571//1428
f 645//532 1571//1428 1572//1429
f 645//532 1572//1429 1152//1031
f 1393//1260 1548//1405 1392//1259
f 1393//1260 1392//1259 1573//1430
f 1574//1431 1575//1432 1576//1433
f 1576//1433 1577//1434 1578//1435
f 1576//1433 1578//1435 1574//1431
f 1646//1487 692//578 691//577
f 1579//1436 1580//1437 1581//1438
f 1579//1436 1581//1438 1582//1439
f 1583//1440 1579//1436 1582//1439
f 1583//1440 1582//1439 1584//1441
f 1585//1442 1586//1443 1587//1444
f 1585//1442 1587//1444 1588//1445
f 1586//1443 1589//1446 1587//1444
f 1586//1443 1590//1447 1589//1446
f 1586//1443 704//590 1590//1447
f 704//590 1591//1448 1590//1447
f 704//590 706//592 1591//1448
f 1578//1435 1592//1449 1585//1442
f 1578//1435 1593//1450 1574//1431
f 1578//1435 1585//1442 1588//1445
f 1578//1435 1588//1445 1593//1450
f 1592//1449 1586//1443 1585//1442
f 1592//1449 691//577 1586//1443
f 1594//1451 1595//1452 1596//1453
f 1594//1451 1596//1453 1597//1454
f 1595//1452 1598//1455 1599//1456
f 1595//1452 1599//1456 1596//1453
f 1600//1457 718//604 717//603
f 1598//1455 1601//1458 1599//1456
f 1601//1458 1602//1459 717//603
f 1601//1458 717//603 1599//1456
f 1602//1459 1600//1457 717//603
f 1597//1454 1596//1453 1580//1437
f 1596//1453 1599//1456 1580//1437
f 1579//1436 1597//1454 1580//1437
f 1579//1436 1594//1451 1597//1454
f 1603//1460 1604//1461 1605//615
f 1603//1460 1605//615 1606//625
f 1607//1462 1608//1463 1609//624
f 1607//1462 1609//624 1610//618
f 1608//1463 1603//1460 1606//625
f 1608//1463 1606//625 1609//624
f 1604//1461 1611//1464 1612//607
f 1604//1461 1612//607 1605//615
f 1613//1465 1607//1462 1610//618
f 1613//1465 1610//618 1614//614
f 1615//1466 733//619 692//578
f 1615//1466 692//578 1646//1487
f 1616//1467 1617//1468 1576//1433
f 1616//1467 1576//1433 1575//1432
f 1617//1468 1618//1469 1577//1434
f 1617//1468 1577//1434 1576//1433
f 1619//1470 1613//1465 1614//614
f 1619//1470 1614//614 1620//611
f 1611//1464 1621//1471 1622//610
f 1611//1464 1622//610 1612//607
f 1621//1471 1619//1470 1620//611
f 1621//1471 1620//611 1622//610
f 1612//607 1622//610 1623//630
f 1612//607 1623//630 1624//629
f 1605//615 1612//607 1624//629
f 1605//615 1624//629 1625//628
f 1606//625 1605//615 1625//628
f 1606//625 1625//628 1626//627
f 1620//611 1614//614 1627//634
f 1620//611 1627//634 1628//633
f 1610//618 1609//624 1629//632
f 1610//618 1629//632 1630//631
f 1614//614 1610//618 1630//631
f 1614//614 1630//631 1627//634
f 1622//610 1620//611 1628//633
f 1622//610 1628//633 1623//630
f 1609//624 1606//625 1626//627
f 1609//624 1626//627 1629//632
f 1624//629 1623//630 1628//633
f 1626//627 1625//628 1624//629
f 1624//629 1630//631 1629//632
f 1624//629 1629//632 1626//627
f 1627//634 1630//631 1624//629
f 1627//634 1624//629 1628//633
f 1584//1441 1582//1439 1631//1472
f 1584//1441 1631//1472 1632//1473
f 1584//1441 1632//1473 1633//1474
f 1599//1456 717//603 1580//1437
f 1580//1437 1634//1475 1581//1438
f 1580//1437 1635//1476 1637//1478
f 1580//1437 1636//1477 1635//1476
f 1580//1437 1155//1034 1636//1477
f 1580//1437 1637//1478 1634//1475
f 1582//1439 1581//1438 1638//1479
f 1582//1439 1638//1479 1631//1472
f 1581//1438 1634//1475 1639//1480
f 1581//1438 1639//1480 1638//1479
f 1634//1475 1640//1481 1639//1480
f 1634//1475 1637//1478 1641//1482
f 1634//1475 1641//1482 1640//1481
f 1637//1478 1642//1483 1641//1482
f 1637//1478 1635//1476 1643//1484
f 1637//1478 1643//1484 1642//1483
f 1635//1476 1636//1477 1644//1485
f 1635//1476 1644//1485 1643//1484
f 1636//1477 1155//1034 1164//1043
f 1636//1477 1164//1043 1644//1485
f 704//590 1586//1443 691//577
f 1592//1449 1578//1435 1577//1434
f 1592//1449 1577//1434 1645//1486
f 691//577 1592//1449 1645//1486
f 691//577 1645//1486 1646//1487
f 1645//1486 1577//1434 1618//1469
f 1645//1486 1618//1469 1647//1488
f 1646//1487 1645//1486 1647//1488
f 1646//1487 1647//1488 1648//1489
f 1646//1487 1648//1489 1649//1490
f 1646//1487 1649//1490 1615//1466
f 1650//1491 1633//1474 1632//1473
f 1650//1491 1632//1473 1651//1492
f 1650//1491 1651//1492 1652//1493
f 1653//1494 1650//1491 1652//1493
f 1653//1494 1652//1493 1654//1495
f 1653//1494 1654//1495 1655//1496
f 1616//1467 1653//1494 1655//1496
f 1616//1467 1655//1496 1656//1497
f 1616//1467 1656//1497 1617//1468
f 1651//1492 1632//1473 1631//1472
f 1651//1492 1631//1472 1657//1498
f 1652//1493 1651//1492 1657//1498
f 1652//1493 1657//1498 1658//1499
f 1654//1495 1652//1493 1658//1499
f 1654//1495 1658//1499 1659//1500
f 1655//1496 1654//1495 1659//1500
f 1655//1496 1659//1500 1660//1501
f 1656//1497 1655//1496 1660//1501
f 1617//1468 1656//1497 1618//1469
f 1657//1498 1631//1472 1638//1479
f 1657//1498 1638//1479 1661//1502
f 1658//1499 1657//1498 1661//1502
f 1658//1499 1661//1502 1662//1503
f 1659//1500 1658//1499 1662//1503
f 1659//1500 1662//1503 1663//1504
f 1660//1501 1659//1500 1663//1504
f 1656//1497 1660//1501 1663//1504
f 1656//1497 1663//1504 1664//1505
f 1618//1469 1656//1497 1664//1505
f 1618//1469 1664//1505 1647//1488
f 1662//1503 1661//1502 1665//1506
f 1663//1504 1662//1503 1665//1506
f 1663//1504 1665//1506 1666//1507
f 1663//1504 1666//1507 1667//1508
f 1664//1505 1663//1504 1667//1508
f 1661//1502 1638//1479 1639//1480
f 1661//1502 1639//1480 1668//1509
f 1665//1506 1661//1502 1668//1509
f 1665//1506 1668//1509 1669//1510
f 1666//1507 1665//1506 1669//1510
f 1666//1507 1669//1510 1670//1511
f 1667//1508 1666//1507 1670//1511
f 1667//1508 1670//1511 1671//1512
f 1664//1505 1667//1508 1671//1512
f 1664//1505 1671//1512 1672//1513
f 1647//1488 1664//1505 1672//1513
f 1668//1509 1639//1480 1640//1481
f 1668//1509 1640//1481 1673//1514
f 1669//1510 1668//1509 1673//1514
f 1669//1510 1673//1514 1603//1460
f 1670//1511 1669//1510 1603//1460
f 1670//1511 1603//1460 1608//1463
f 1671//1512 1670//1511 1608//1463
f 1671//1512 1608//1463 1674//1515
f 1672//1513 1671//1512 1674//1515
f 1672//1513 1674//1515 1675//1516
f 1647//1488 1672//1513 1675//1516
f 1673//1514 1640//1481 1641//1482
f 1673//1514 1641//1482 1676//1517
f 1603//1460 1673//1514 1676//1517
f 1603//1460 1676//1517 1604//1461
f 1675//1516 1674//1515 1607//1462
f 1647//1488 1675//1516 1648//1489
f 1676//1517 1641//1482 1642//1483
f 1675//1516 1607//1462 1613//1465
f 1675//1516 1613//1465 1677//1518
f 1648//1489 1675//1516 1677//1518
f 1648//1489 1677//1518 1649//1490
f 1676//1517 1642//1483 1678//1519
f 1611//1464 1676//1517 1678//1519
f 1611//1464 1678//1519 1621//1471
f 1677//1518 1613//1465 1679//1520
f 1677//1518 1679//1520 1680//1521
f 1649//1490 1677//1518 1680//1521
f 1678//1519 1642//1483 1643//1484
f 1678//1519 1643//1484 1681//1522
f 1621//1471 1678//1519 1681//1522
f 1621//1471 1681//1522 1682//1523
f 1619//1470 1621//1471 1682//1523
f 1619//1470 1682//1523 1683//1524
f 1679//1520 1619//1470 1683//1524
f 1679//1520 1683//1524 1684//1525
f 1680//1521 1679//1520 1684//1525
f 1680//1521 1684//1525 1685//1526
f 1649//1490 1680//1521 1685//1526
f 1649//1490 1685//1526 1615//1466
f 1681//1522 1643//1484 1644//1485
f 1681//1522 1644//1485 1686//1527
f 1682//1523 1681//1522 1686//1527
f 1682//1523 1686//1527 1687//1528
f 1683//1524 1682//1523 1687//1528
f 1683//1524 1687//1528 1688//1529
f 1684//1525 1683//1524 1688//1529
f 1685//1526 1684//1525 1688//1529
f 1685//1526 1688//1529 1689//1530
f 1615//1466 1685//1526 1689//1530
f 1686//1527 1644//1485 1164//1043
f 1686//1527 1164//1043 1205//1084
f 1687//1528 1686//1527 1205//1084
f 1687//1528 1205//1084 1209//1088
f 1688//1529 1687//1528 1209//1088
f 1688//1529 1209//1088 1210//1089
f 1688//1529 1210//1089 1211//1090
f 1689//1530 1688//1529 1211//1090
f 1689//1530 1211//1090 1212//1091
f 1615//1466 1689//1530 1212//1091
f 1615//1466 1212//1091 733//619
f 1604//1461 1676//1517 1611//1464
f 1608//1463 1690//1531 1607//1462
f 1608//1463 1607//1462 1674//1515
f 1691//1532 1619//1470 1679//1520
f 1691//1532 1679//1520 1613//1465
f 1692//1533 1693//1534 1694//1535
f 1692//1533 1694//1535 1695//1536
f 1696//1537 1697//1538 1698//1539
f 1696//1537 1698//1539 1699//1540
f 1700//1541 1701//1542 1702//1543
f 1700//1541 1702//1543 1703//1544
f 1693//1534 1700//1541 1703//1544
f 1693//1534 1703//1544 1694//1535
f 1701//1542 1696//1537 1699//1540
f 1701//1542 1699//1540 1702//1543
f 1704//651 1705//652 1706//661
f 1704//651 1706//661 1707//654
f 1706//661 1705//652 1708//653
f 1706//661 1708//653 1709//656
f 1706//661 1710//655 1707//654
f 1703//1544 1702//1543 1709//656
f 1703//1544 1709//656 1708//653
f 1711//1545 1712//1546 1707//654
f 1711//1545 1707//654 1710//655
f 1713//1547 1714//1548 1712//1546
f 1713//1547 1712//1546 1711//1545
f 1714//1548 1692//1533 1695//1536
f 1714//1548 1695//1536 1712//1546
f 1694//1535 1703//1544 1708//653
f 1694//1535 1708//653 1705//652
f 1695//1536 1694//1535 1705//652
f 1695//1536 1705//652 1704//651
f 1712//1546 1695//1536 1704//651
f 1712//1546 1704//651 1707//654
f 1697//1538 1713//1547 1711//1545
f 1697//1538 1711//1545 1698//1539
f 1709//656 1715//650 1706//661
f 1702//1543 1699//1540 1715//650
f 1702//1543 1715//650 1709//656
f 1699//1540 1698//1539 1706//661
f 1699//1540 1706//661 1715//650
f 1698//1539 1711//1545 1710//655
f 1698//1539 1710//655 1706//661
f 777//663 776//662 1716//662
f 777//663 1716//662 1717//662
f 777//663 1717//662 1718//662
f 777//663 1718//662 1719//1549
f 1720//666 1289//666 777//663
f 1721//1550 1720//666 777//663
f 1723//1552 1722//1551 1721//1550
f 1723//1552 1721//1550 1724//1553
f 1725//1554 1722//1551 1723//1552
f 1726//673 789//673 788//672
f 1727//673 1726//673 788//672
f 1727//673 788//672 1728//672
f 1729//673 1727//673 1728//672
f 1729//673 1728//672 1730//673
f 1731//1555 1729//673 1730//673
f 1731//1555 1730//673 1732//1556
f 1733//1557 1731//1555 1732//1556
f 1734//1558 777//663 1719//1549
f 1721//1550 777//663 1734//1558
f 1735//1559 1736//1560 1737//1561
f 1721//1550 1734//1558 1724//1553
f 1732//1556 1728//672 1291//1169
f 1733//1557 1732//1556 1291//1169
f 1733//1557 1291//1169 1738//1562
f 1291//1169 1293//1171 1739//1563
f 1738//1562 1291//1169 1739//1563
f 1738//1562 1739//1563 1740//1564
f 1739//1563 1293//1171 1824//1645
f 1739//1563 1824//1645 1741//1565
f 1740//1564 1739//1563 1742//1566
f 1740//1564 1742//1566 1752//1576
f 1752//1576 1742//1566 1743//1567
f 1741//1565 1824//1645 1825//1646
f 1741//1565 1825//1646 1744//1568
f 1741//1565 1744//1568 1745//1569
f 1742//1566 1746//1570 1747//1571
f 1743//1567 1742//1566 1747//1571
f 1725//1554 1723//1552 1748//1572
f 1735//1559 1725//1554 1748//1572
f 1735//1559 1748//1572 1749//1573
f 1736//1560 1735//1559 1749//1573
f 1748//1572 1750//1574 1749//1573
f 1750//1574 1748//1572 1751//1575
f 1753//1577 1752//1576 1754//1578
f 1755//1579 1754//1578 1752//1576
f 1743//1567 1755//1579 1752//1576
f 1751//1575 1753//1577 1754//1578
f 1751//1575 1754//1578 1750//1574
f 1756//1580 1737//1561 1736//1560
f 1756//1580 1736//1560 1757//1581
f 1756//1580 1757//1581 1758//1582
f 1759//1583 1756//1580 1758//1582
f 1760//1584 1759//1583 1758//1582
f 1760//1584 1758//1582 1761//1585
f 1762//1586 1760//1584 1761//1585
f 1762//1586 1761//1585 1763//1587
f 1764//1588 1762//1586 1763//1587
f 1764//1588 1763//1587 1765//1589
f 1766//1590 1764//1588 1765//1589
f 1766//1590 1765//1589 1767//1591
f 1768//1592 1766//1590 1767//1591
f 1768//1592 1767//1591 1769//1593
f 1746//1570 1768//1592 1769//1593
f 1746//1570 1769//1593 1747//1571
f 1770//1594 1771//1595 1737//1561
f 1770//1594 1737//1561 1756//1580
f 1772//1596 1770//1594 1756//1580
f 1773//1597 1772//1596 1756//1580
f 1773//1597 1756//1580 1759//1583
f 1774//1598 1773//1597 1759//1583
f 1774//1598 1759//1583 1760//1584
f 1775//1599 1774//1598 1760//1584
f 1775//1599 1760//1584 1762//1586
f 1776//1600 1775//1599 1762//1586
f 1776//1600 1762//1586 1764//1588
f 1745//1569 1766//1590 1768//1592
f 1745//1569 1768//1592 1746//1570
f 1777//1601 1771//1595 1770//1594
f 1778//1602 1777//1601 1770//1594
f 1778//1602 1770//1594 1772//1596
f 1693//1534 1778//1602 1772//1596
f 1693//1534 1772//1596 1773//1597
f 1700//1541 1693//1534 1773//1597
f 1700//1541 1773//1597 1774//1598
f 1701//1542 1700//1541 1774//1598
f 1701//1542 1774//1598 1775//1599
f 1779//1603 1701//1542 1775//1599
f 1779//1603 1775//1599 1776//1600
f 1780//1604 1779//1603 1776//1600
f 1780//1604 1776//1600 1764//1588
f 1781//1605 1780//1604 1764//1588
f 1781//1605 1764//1588 1766//1590
f 1745//1569 1781//1605 1766//1590
f 1782//1606 1783//1607 1784//1608
f 1785//1609 1782//1606 1784//1608
f 1786//1610 1785//1609 1787//1611
f 1788//1612 1786//1610 1787//1611
f 1788//1612 1787//1611 1789//1613
f 1790//1614 1788//1612 1789//1613
f 1790//1614 1789//1613 1791//1615
f 1792//1616 1790//1614 1791//1615
f 1792//1616 1791//1615 1793//1617
f 1794//1618 1792//1616 1793//1617
f 1794//1618 1793//1617 1795//1619
f 1796//1620 1794//1618 1795//1619
f 1796//1620 1795//1619 1797//1621
f 1798//1622 1782//1606 1785//1609
f 1264//1143 1798//1622 1785//1609
f 1264//1143 1785//1609 1786//1610
f 1799//1623 1264//1143 1786//1610
f 1799//1623 1786//1610 1788//1612
f 1800//1624 1799//1623 1788//1612
f 1800//1624 1788//1612 1790//1614
f 1268//1147 1800//1624 1790//1614
f 1268//1147 1790//1614 1792//1616
f 1269//1148 1268//1147 1792//1616
f 1269//1148 1792//1616 1794//1618
f 1796//1620 1269//1148 1794//1618
f 1243//1122 1783//1607 1782//1606
f 1258//1137 1243//1122 1782//1606
f 1258//1137 1782//1606 1798//1622
f 1264//1143 1258//1137 1798//1622
f 1265//1144 1264//1143 1799//1623
f 1266//1145 1265//1144 1799//1623
f 1267//1146 1266//1145 1799//1623
f 1267//1146 1799//1623 1800//1624
f 1268//1147 1267//1146 1800//1624
f 1692//1533 1803//1627 1804//1152
f 1805//1628 1697//1538 1696//1537
f 1805//1628 1696//1537 1806//1629
f 1807//1630 1805//1628 1806//1629
f 1807//1630 1806//1629 1808//1631
f 1744//1568 1807//1630 1808//1631
f 1809//1632 1802//1626 1801//1625
f 1810//1633 1809//1632 1801//1625
f 1810//1633 1801//1625 1803//1627
f 1811//1634 1810//1633 1803//1627
f 1811//1634 1803//1627 1692//1533
f 1812//1635 1811//1634 1692//1533
f 1812//1635 1692//1533 1714//1548
f 1789//1613 1812//1635 1714//1548
f 1789//1613 1714//1548 1713//1547
f 1793//1617 1791//1615 1697//1538
f 1793//1617 1697//1538 1805//1628
f 1813//1636 1793//1617 1805//1628
f 1813//1636 1805//1628 1807//1630
f 1744//1568 1813//1636 1807//1630
f 1784//1608 1783//1607 1802//1626
f 1784//1608 1802//1626 1809//1632
f 1785//1609 1784//1608 1809//1632
f 1785//1609 1809//1632 1810//1633
f 1787//1611 1785//1609 1810//1633
f 1787//1611 1810//1633 1811//1634
f 1787//1611 1811//1634 1812//1635
f 1789//1613 1787//1611 1812//1635
f 1795//1619 1793//1617 1813//1636
f 1797//1621 1795//1619 1813//1636
f 1797//1621 1813//1636 1744//1568
f 1801//1625 1802//1626 1771//1595
f 1801//1625 1771//1595 1777//1601
f 1803//1627 1801//1625 1777//1601
f 1803//1627 1777//1601 1778//1602
f 1804//1152 1803//1627 1778//1602
f 1804//1152 1778//1602 1693//1534
f 1806//1629 1696//1537 1779//1603
f 1806//1629 1779//1603 1780//1604
f 1808//1631 1806//1629 1780//1604
f 1808//1631 1780//1604 1781//1605
f 1744//1568 1808//1631 1781//1605
f 1744//1568 1781//1605 1745//1569
f 1814//1637 1735//1559 1737//1561
f 1814//1637 1737//1561 1771//1595
f 1815//1638 1814//1637 1771//1595
f 1815//1638 1771//1595 1802//1626
f 1722//1551 1816//1164 1721//1550
f 1735//1559 1814//1637 1725//1554
f 1722//1551 1720//666 1816//1164
f 1814//1637 1815//1638 1725//1554
f 1722//1551 1817//1639 1720//666
f 1725//1554 1818//1640 1817//1639
f 1725//1554 1817//1639 1722//1551
f 1815//1638 1818//1640 1725//1554
f 1819//1641 1815//1638 1802//1626
f 1819//1641 1802//1626 1783//1607
f 1817//1639 1820//1165 1720//666
f 1815//1638 1819//1641 1818//1640
f 1818//1640 1821//1642 1817//1639
f 1819//1641 1821//1642 1818//1640
f 1817//1639 1289//666 1820//1165
f 1821//1642 1290//1168 1817//1639
f 1819//1641 1290//1168 1821//1642
f 1293//1171 1294//1172 1822//1643
f 1822//1643 1294//1172 1796//1620
f 1823//1644 788//672 1291//1169
f 1822//1643 1796//1620 1797//1621
f 1728//672 1823//1644 1291//1169
f 1293//1171 1822//1643 1824//1645
f 1824//1645 1822//1643 1825//1646
f 1825//1646 1822//1643 1797//1621
f 1825//1646 1797//1621 1744//1568
f 1739//1563 1741//1565 1742//1566
f 1742//1566 1741//1565 1745//1569
f 1742//1566 1745//1569 1746//1570
f 1697//1538 1791//1615 1789//1613
f 1697//1538 1789//1613 1713//1547
f 1757//1581 1736//1560 1826//1647
f 1758//1582 1757//1581 1826//1647
f 1758//1582 1826//1647 1827//1648
f 1758//1582 1827//1648 1828//1649
f 1761//1585 1758//1582 1828//1649
f 1763//1587 1761//1585 1829//1650
f 1765//1589 1763//1587 1829//1650
f 1767//1591 1765//1589 1829//1650
f 1767//1591 1829//1650 1830//1651
f 1769//1593 1767//1591 1830//1651
f 1769//1593 1830//1651 1831//1652
f 1747//1571 1769//1593 1831//1652
f 1747//1571 1831//1652 1743//1567
f 1826//1647 1736//1560 1749//1573
f 1826//1647 1749//1573 1832//1653
f 1827//1648 1826//1647 1832//1653
f 1827//1648 1832//1653 1833//1654
f 1828//1649 1827//1648 1833//1654
f 1828//1649 1833//1654 1834//1655
f 1761//1585 1828//1649 1834//1655
f 1761//1585 1834//1655 1835//1656
f 1829//1650 1761//1585 1835//1656
f 1829//1650 1835//1656 1836//1657
f 1829//1650 1836//1657 1837//1658
f 1830//1651 1829//1650 1837//1658
f 1830//1651 1837//1658 1838//1659
f 1831//1652 1830//1651 1838//1659
f 1831//1652 1838//1659 1839//1660
f 1743//1567 1831//1652 1839//1660
f 1743//1567 1839//1660 1755//1579
f 1832//1653 1749//1573 1750//1574
f 1833//1654 1832//1653 1750//1574
f 1833//1654 1750//1574 1840//1661
f 1834//1655 1833//1654 1840//1661
f 1834//1655 1840//1661 1841//1662
f 1835//1656 1834//1655 1841//1662
f 1835//1656 1841//1662 1842//1663
f 1836//1657 1835//1656 1842//1663
f 1837//1658 1836//1657 1842//1663
f 1837//1658 1842//1663 1843//1664
f 1838//1659 1837//1658 1843//1664
f 1839//1660 1838//1659 1843//1664
f 1755//1579 1839//1660 1843//1664
f 1755//1579 1843//1664 1754//1578
f 1844//1665 1845//1666 1846//1667
f 1844//1665 1846//1667 1847//1668
f 1848//1669 1844//1665 1847//1668
f 1848//1669 1847//1668 1849//1670
f 1850//1671 1848//1669 1849//1670
f 1850//1671 1849//1670 1851//1672
f 1852//1673 1845//1666 1844//1665
f 1853//1674 1852//1673 1844//1665
f 1853//1674 1844//1665 1848//1669
f 1854//1675 1853//1674 1848//1669
f 1854//1675 1848//1669 1850//1671
f 1856//1677 1855//1676 1852//1673
f 1856//1677 1852//1673 1853//1674
f 1856//1677 1853//1674 1854//1675
f 1857//1678 1858//1679 1859//1680
f 1857//1678 1859//1680 1860//1681
f 1861//1682 1857//1678 1860//1681
f 1861//1682 1860//1681 1862//1683
f 1863//1684 1861//1682 1862//1683
f 1863//1684 1862//1683 1864//1685
f 1865//1686 1866//1687 1864//1685
f 1865//1686 1864//1685 1862//1683
f 1867//1688 1865//1686 1862//1683
f 1867//1688 1862//1683 1860//1681
f 1868//1689 1867//1688 1860//1681
f 1868//1689 1860//1681 1859//1680
f 1867//1688 1868//1689 1869//1690
f 1865//1686 1867//1688 1869//1690
f 1865//1686 1869//1690 1870//1691
f 1866//1687 1865//1686 1870//1691
f 1847//1668 1846//1667 1858//1679
f 1847//1668 1858//1679 1857//1678
f 1849//1670 1847//1668 1857//1678
f 1849//1670 1857//1678 1861//1682
f 1851//1672 1849//1670 1861//1682
f 1851//1672 1861//1682 1863//1684
f 1871//1692 1872//1693 1873//1694
f 1871//1692 1873//1694 1874//1695
f 1875//1696 1871//1692 1874//1695
f 1875//1696 1874//1695 1876//1697
f 1877//1698 1878//1699 1873//1694
f 1877//1698 1873//1694 1874//1695
f 1876//1697 1874//1695 1877//1698
f 1876//1697 1877//1698 1879//1700
f 1880//1701 1881//1702 1878//1699
f 1880//1701 1878//1699 1877//1698
f 1879//1700 1877//1698 1880//1701
f 1879//1700 1880//1701 1882//1703
f 1883//1704 1881//1702 1880//1701
f 1882//1703 1880//1701 1883//1704
f 1882//1703 1883//1704 1884//1705
f 1885//1706 1886//1707 1872//1693
f 1885//1706 1872//1693 1871//1692
f 1887//1708 1885//1706 1871//1692
f 1887//1708 1871//1692 1875//1696
f 1885//1706 1887//1708 1888//1709
f 1885//1706 1888//1709 1889//1710
f 1886//1707 1885//1706 1889//1710
f 1886//1707 1889//1710 1890//1711
f 1891//1712 1890//1711 1889//1710
f 1891//1712 1889//1710 1888//1709
f 1892//1713 1879//1700 1882//1703
f 1876//1697 1879//1700 1892//1713
f 1876//1697 1892//1713 1893//1714
f 1894//1715 1893//1714 1876//1697
f 1894//1715 1876//1697 1875//1696
f 1887//1708 1875//1696 1894//1715
f 1887//1708 1894//1715 1895//1716
f 1888//1709 1887//1708 1895//1716
f 1891//1712 1888//1709 1896//1717
f 1882//1703 1884//1705 1856//1677
f 1882//1703 1856//1677 1854//1675
f 1892//1713 1882//1703 1854//1675
f 1892//1713 1854//1675 1850//1671
f 1893//1714 1892//1713 1850//1671
f 1893//1714 1850//1671 1851//1672
f 1894//1715 1893//1714 1851//1672
f 1894//1715 1851//1672 1863//1684
f 1895//1716 1894//1715 1863//1684
f 1895//1716 1863//1684 1864//1685
f 1888//1709 1895//1716 1864//1685
f 1888//1709 1864//1685 1866//1687
f 1896//1717 1888//1709 1866//1687
f 1896//1717 1866//1687 1870//1691
f 1897//1718 1896//1717 1870//1691
f 1897//1718 1870//1691 1898//1719
f 1901//1722 1899//1720 1900//1721
f 1901//1722 1900//1721 1902//1723
f 1903//1724 1901//1722 1902//1723
f 1904//1725 1903//1724 1902//1723
f 1904//1725 1902//1723 1905//1726
f 1907//1728 1906//1727 1899//1720
f 1907//1728 1899//1720 1901//1722
f 1908//1729 1907//1728 1901//1722
f 1908//1729 1901//1722 1903//1724
f 1909//1730 1908//1729 1903//1724
f 1909//1730 1903//1724 1904//1725
f 1911//1732 1910//1731 1906//1727
f 1911//1732 1906//1727 1907//1728
f 1911//1732 1907//1728 1908//1729
f 1912//1733 1911//1732 1908//1729
f 1912//1733 1908//1729 1909//1730
f 1904//1725 1905//1726 1913//1734
f 1904//1725 1913//1734 1914//1735
f 1909//1730 1904//1725 1914//1735
f 1909//1730 1914//1735 1915//1736
f 1912//1733 1909//1730 1915//1736
f 1912//1733 1915//1736 1916//1737
f 1917//1738 1918//1739 1919//1740
f 1917//1738 1919//1740 1920//1741
f 1921//1742 1917//1738 1920//1741
f 1921//1742 1920//1741 1922//1743
f 1923//1744 1921//1742 1922//1743
f 1923//1744 1922//1743 1924//1745
f 1920//1741 1919//1740 1925//1746
f 1926//1747 1920//1741 1925//1746
f 1926//1747 1925//1746 1927//1748
f 1928//1749 1926//1747 1927//1748
f 1928//1749 1927//1748 1929//1750
f 1930//1751 1922//1743 1920//1741
f 1930//1751 1920//1741 1926//1747
f 1931//1752 1930//1751 1926//1747
f 1931//1752 1926//1747 1928//1749
f 1932//1753 1924//1745 1922//1743
f 1932//1753 1922//1743 1930//1751
f 1933//1754 1932//1753 1930//1751
f 1933//1754 1930//1751 1931//1752
f 1906//1727 1910//1731 1918//1739
f 1906//1727 1918//1739 1917//1738
f 1899//1720 1906//1727 1917//1738
f 1899//1720 1917//1738 1921//1742
f 1900//1721 1899//1720 1921//1742
f 1900//1721 1921//1742 1923//1744
f 1934//1755 1900//1721 1923//1744
f 1934//1755 1923//1744 1935//1756
f 1913//1734 1905//1726 1934//1755
f 1913//1734 1934//1755 1936//1757
f 1933//1754 1932//1753 1935//1756
f 1933//1754 1935//1756 1937//1758
f 1852//1673 1855//1676 1938//1759
f 1852//1673 1938//1759 1939//1760
f 1845//1666 1852//1673 1939//1760
f 1845//1666 1939//1760 1940//1761
f 1846//1667 1845//1666 1940//1761
f 1858//1679 1846//1667 1941//1762
f 1859//1680 1858//1679 1941//1762
f 1859//1680 1941//1762 1942//1763
f 1868//1689 1859//1680 1942//1763
f 1868//1689 1942//1763 1943//1764
f 1869//1690 1868//1689 1943//1764
f 1869//1690 1943//1764 1898//1719
f 1944//1765 1945//1766 1937//1758
f 1947//1768 1946//1767 1948//1769
f 1949//1770 1946//1767 1947//1768
f 1949//1770 1947//1768 1950//1771
f 1949//1770 1950//1771 1951//1772
f 1952//1773 1944//1765 1946//1767
f 1952//1773 1946//1767 1949//1770
f 1953//1774 1952//1773 1949//1770
f 1846//1667 1953//1774 1949//1770
f 1846//1667 1949//1770 1954//1775
f 1955//1776 1945//1766 1944//1765
f 1955//1776 1944//1765 1952//1773
f 1956//1777 1955//1776 1952//1773
f 1956//1777 1952//1773 1953//1774
f 1940//1761 1956//1777 1953//1774
f 1940//1761 1953//1774 1846//1667
f 1954//1775 1949//1770 1951//1772
f 1954//1775 1951//1772 1957//1778
f 1944//1765 1937//1758 1933//1754
f 1944//1765 1933//1754 1931//1752
f 1946//1767 1944//1765 1931//1752
f 1946//1767 1931//1752 1928//1749
f 1948//1769 1946//1767 1928//1749
f 1948//1769 1928//1749 1929//1750
f 1958//1779 1959//1780 1960//1781
f 1958//1779 1960//1781 1873//1694
f 1961//1782 1958//1779 1873//1694
f 1961//1782 1873//1694 1962//1783
f 1961//1782 1962//1783 1963//1784
f 1961//1782 1963//1784 1964//1785
f 1965//1786 1964//1785 1961//1782
f 1966//1787 1961//1782 1965//1786
f 1966//1787 1965//1786 1967//1788
f 1966//1787 1967//1788 1916//1737
f 1915//1736 1966//1787 1916//1737
f 1966//1787 1915//1736 1914//1735
f 1966//1787 1914//1735 1968//1789
f 1961//1782 1966//1787 1968//1789
f 1961//1782 1968//1789 1969//1790
f 1961//1782 1969//1790 1958//1779
f 1970//1791 1959//1780 1958//1779
f 1970//1791 1958//1779 1969//1790
f 1971//1792 1970//1791 1969//1790
f 1971//1792 1969//1790 1968//1789
f 1936//1757 1971//1792 1968//1789
f 1913//1734 1936//1757 1968//1789
f 1913//1734 1968//1789 1914//1735
f 1972//1793 1883//1704 1881//1702
f 1960//1781 1972//1793 1881//1702
f 1960//1781 1881//1702 1878//1699
f 1873//1694 1960//1781 1878//1699
f 1973//1794 1873//1694 1872//1693
f 1974//1795 1973//1794 1872//1693
f 1974//1795 1872//1693 1886//1707
f 1975//1796 1974//1795 1886//1707
f 1975//1796 1886//1707 1890//1711
f 1897//1718 1975//1796 1890//1711
f 1897//1718 1890//1711 1891//1712
f 1976//1797 1972//1793 1960//1781
f 1976//1797 1960//1781 1959//1780
f 1977//1798 1976//1797 1959//1780
f 1977//1798 1959//1780 1970//1791
f 1978//1799 1977//1798 1970//1791
f 1978//1799 1970//1791 1971//1792
f 1934//1755 1978//1799 1971//1792
f 1934//1755 1971//1792 1936//1757
f 1962//1783 1873//1694 1973//1794
f 1963//1784 1962//1783 1973//1794
f 1963//1784 1973//1794 1974//1795
f 1900//1721 1934//1755 1902//1723
f 1902//1723 1934//1755 1905//1726
f 1927//1748 1979//1800 1948//1769
f 1927//1748 1948//1769 1929//1750
f 1980//1801 1927//1748 1925//1746
f 1980//1801 1925//1746 1919//1740
f 1981//1802 1919//1740 1918//1739
f 1916//1737 1981//1802 1918//1739
f 1916//1737 1918//1739 1910//1731
f 1967//1788 1982//1803 1981//1802
f 1967//1788 1981//1802 1916//1737
f 1950//1771 1982//1803 1967//1788
f 1950//1771 1967//1788 1965//1786
f 1983//1804 1950//1771 1965//1786
f 1983//1804 1965//1786 1964//1785
f 1984//1805 1983//1804 1964//1785
f 1984//1805 1964//1785 1963//1784
f 1950//1771 1983//1804 1951//1772
f 1982//1803 1950//1771 1947//1768
f 1980//1801 1982//1803 1947//1768
f 1980//1801 1947//1768 1948//1769
f 1985//1806 1955//1776 1956//1777
f 1846//1667 1954//1775 1941//1762
f 1938//1759 1940//1761 1939//1760
f 1956//1777 1940//1761 1938//1759
f 1956//1777 1938//1759 1985//1806
f 1937//1758 1945//1766 1935//1756
f 1954//1775 1957//1778 1942//1763
f 1954//1775 1942//1763 1941//1762
f 1983//1804 1984//1805 1957//1778
f 1983//1804 1957//1778 1986//1807
f 1987//1808 1984//1805 1988//1809
f 1987//1808 1988//1809 1989//1810
f 1855//1676 1856//1677 1884//1705
f 1855//1676 1884//1705 1883//1704
f 1938//1759 1855//1676 1883//1704
f 1938//1759 1883//1704 1972//1793
f 1985//1806 1938//1759 1972//1793
f 1985//1806 1972//1793 1976//1797
f 1896//1717 1990//1811 1897//1718
f 1896//1717 1897//1718 1891//1712
f 1924//1745 1932//1753 1935//1756
f 1923//1744 1924//1745 1935//1756
f 1955//1776 1985//1806 1976//1797
f 1955//1776 1976//1797 1977//1798
f 1945//1766 1978//1799 1977//1798
f 1945//1766 1977//1798 1955//1776
f 1934//1755 1935//1756 1945//1766
f 1934//1755 1945//1766 1978//1799
f 1916//1737 1910//1731 1911//1732
f 1916//1737 1911//1732 1912//1733
f 1898//1719 1870//1691 1869//1690
f 1943//1764 1942//1763 1957//1778
f 1943//1764 1957//1778 1984//1805
f 1897//1718 1898//1719 1987//1808
f 1897//1718 1987//1808 1989//1810
f 1898//1719 1943//1764 1984//1805
f 1898//1719 1984//1805 1987//1808
f 1897//1718 1989//1810 1988//1809
f 1897//1718 1988//1809 1963//1784
f 1897//1718 1963//1784 1974//1795
f 1897//1718 1974//1795 1975//1796
o SEAT-GLIDE
v 0.013946 0.000000 0.419144
v 0.020229 0.000000 0.404177
v 0.020229 0.006350 0.406219
v 0.013946 0.006350 0.419144
v 0.016183 0.006350 0.404382
v 0.011157 0.006350 0.416355
v 0.016183 0.011430 0.406015
v 0.011157 0.011430 0.416355
v 0.013946 0.000000 0.391253
v 0.013946 0.006350 0.391253
v 0.011157 0.006350 0.394042
v 0.011157 0.011430 0.394042
v -0.001021 0.000000 0.384969
v 0.001021 0.006350 0.384969
v -0.000817 0.006350 0.389015
v 0.000817 0.011430 0.389015
v -0.013946 0.000000 0.391253
v -0.013946 0.006350 0.391253
v -0.011157 0.006350 0.394042
v -0.011157 0.011430 0.394042
v -0.020229 0.000000 0.406219
v -0.020229 0.006350 0.404177
v -0.016183 0.006350 0.406015
v -0.016183 0.011430 0.404382
v -0.013946 0.000000 0.419144
v -0.013946 0.006350 0.419144
v -0.011157 0.006350 0.416355
v -0.011157 0.011430 0.416355
v 0.001021 0.000000 0.425427
v -0.001021 0.006350 0.425427
v 0.000817 0.006350 0.421381
v -0.000817 0.011430 0.421381
v 0.321232 0.011430 0.190016
v 0.305434 0.011430 0.165424
v 0.294767 0.011430 0.172830
v 0.310565 0.011430 0.197423
v 0.323999 0.011430 0.178858
v 0.292000 0.011430 0.183989
v 0.326923 0.006350 0.188645
v 0.323659 0.006350 0.177260
v 0.321232 0.006350 0.190016
v 0.327554 0.000000 0.186703
v 0.295223 0.006350 0.165707
v 0.288305 0.006350 0.180391
v 0.292340 0.006350 0.185587
v 0.294767 0.006350 0.172830
v 0.291459 0.000000 0.170682
v 0.288305 0.000000 0.180391
v 0.325572 0.000000 0.172470
v 0.323716 0.006350 0.168646
v 0.299046 0.000000 0.163851
v 0.313280 0.000000 0.161869
v 0.309032 0.006350 0.161728
v 0.303836 0.006350 0.165764
v 0.316593 0.006350 0.168191
v 0.316593 0.011430 0.168191
v 0.316953 0.000000 0.198996
v 0.316953 0.006350 0.198996
v 0.306967 0.000000 0.201118
v 0.306967 0.006350 0.201118
v 0.297258 0.000000 0.197964
v 0.292284 0.006350 0.194200
v 0.290427 0.000000 0.190377
v 0.312163 0.006350 0.197083
v 0.299407 0.006350 0.194656
v 0.299407 0.011430 0.194656
v 0.202616 0.011430 -0.190581
v 0.174345 0.011430 -0.183156
v 0.178093 0.011430 -0.170723
v 0.206363 0.011430 -0.178148
v 0.192858 0.011430 -0.196661
v 0.187851 0.011430 -0.164643
v 0.203070 0.006350 -0.196417
v 0.191234 0.006350 -0.196832
v 0.202616 0.006350 -0.190581
v 0.201418 -0.000000 -0.197617
v 0.175027 0.006350 -0.168241
v 0.183287 0.006350 -0.162240
v 0.189475 0.006350 -0.164472
v 0.178093 0.006350 -0.170723
v 0.175027 -0.000000 -0.168241
v 0.183287 -0.000000 -0.162240
v 0.187269 -0.000000 -0.200131
v 0.187269 0.006350 -0.200131
v 0.170130 -0.000000 -0.181751
v 0.170875 0.006350 -0.177567
v 0.174589 0.006350 -0.193368
v 0.177943 -0.000000 -0.195979
v 0.174175 0.006350 -0.181531
v 0.180425 0.006350 -0.192914
v 0.180425 0.011430 -0.192914
v 0.209834 -0.000000 -0.183737
v 0.209834 0.006350 -0.183737
v 0.207320 -0.000000 -0.169588
v 0.206120 0.006350 -0.167936
v 0.193439 -0.000000 -0.161173
v 0.193439 0.006350 -0.161173
v 0.206534 0.006350 -0.179773
v 0.200283 0.006350 -0.168390
v 0.200283 0.011430 -0.168390
v -0.191234 0.011430 -0.196832
v -0.189475 0.011430 -0.164472
v -0.202616 0.011430 -0.190581
v -0.200283 0.011430 -0.168390
v -0.178093 0.011430 -0.170723
v -0.180425 0.011430 -0.192914
v -0.201418 0.006350 -0.197617
v -0.202616 0.006350 -0.190581
v -0.192858 0.006350 -0.196661
v -0.203070 -0.000000 -0.196417
v -0.183287 0.006350 -0.162240
v -0.175027 0.006350 -0.168241
v -0.178093 0.006350 -0.170723
v -0.187851 0.006350 -0.164643
v -0.183287 -0.000000 -0.162240
v -0.175027 -0.000000 -0.168241
v -0.209834 -0.000000 -0.183737
v -0.209834 0.006350 -0.183737
v -0.193439 -0.000000 -0.161173
v -0.193439 0.006350 -0.161173
v -0.206120 -0.000000 -0.167936
v -0.207320 0.006350 -0.169588
v -0.206363 0.006350 -0.178148
v -0.206534 0.011430 -0.179773
v -0.200283 0.006350 -0.168390
v -0.187269 -0.000000 -0.200131
v -0.187269 0.006350 -0.200131
v -0.174589 -0.000000 -0.193368
v -0.177943 0.006350 -0.195979
v -0.170130 0.006350 -0.181751
v -0.170875 -0.000000 -0.177567
v -0.180425 0.006350 -0.192914
v -0.174345 0.006350 -0.183156
v -0.174175 0.011430 -0.181531
v -0.323659 0.011430 0.177260
v -0.292340 0.011430 0.185587
v -0.321232 0.011430 0.190016
v -0.299407 0.011430 0.194656
v -0.294767 0.011430 0.172830
v -0.316593 0.011430 0.168191
v -0.327554 0.006350 0.186703
v -0.321232 0.006350 0.190016
v -0.323999 0.006350 0.178858
v -0.326923 0.000000 0.188645
v -0.288305 0.006350 0.180391
v -0.291459 0.006350 0.170682
v -0.294767 0.006350 0.172830
v -0.292000 0.006350 0.183989
v -0.288305 0.000000 0.180391
v -0.295223 0.000000 0.165707
v -0.316953 0.000000 0.198996
v -0.316953 0.006350 0.198996
v -0.292284 0.000000 0.194200
v -0.290427 0.006350 0.190377
v -0.302720 0.006350 0.200978
v -0.306967 0.000000 0.201118
v -0.310565 0.006350 0.197423
v -0.312163 0.011430 0.197083
v -0.299407 0.006350 0.194656
v -0.323716 0.000000 0.168646
v -0.325572 0.006350 0.172470
v -0.313280 0.006350 0.161869
v -0.309032 0.000000 0.161728
v -0.299046 0.006350 0.163851
v -0.316593 0.006350 0.168191
v -0.305434 0.006350 0.165424
v -0.303836 0.011430 0.165764
vn 0.7121 -0.0175 0.7019
vn 0.9965 0.0066 -0.0837
vn 0.7817 0.6202 0.0657
vn 0.5388 0.6409 0.5467
vn 0.5806 0.8127 -0.0488
vn 0.4370 0.7896 0.4307
vn 0.7019 -0.0175 -0.7121
vn 0.5467 0.6409 -0.5388
vn 0.4307 0.7896 -0.4370
vn -0.0837 0.0066 -0.9965
vn 0.0657 0.6202 -0.7817
vn -0.0488 0.8127 -0.5806
vn 0.0657 0.6201 -0.7817
vn -0.7121 -0.0175 -0.7019
vn -0.5388 0.6409 -0.5467
vn -0.4370 0.7896 -0.4307
vn -0.9965 0.0066 0.0837
vn -0.7817 0.6202 -0.0657
vn -0.5806 0.8127 0.0488
vn -0.7019 -0.0175 0.7121
vn -0.5467 0.6409 0.5388
vn -0.4307 0.7896 0.4370
vn 0.0837 0.0066 0.9965
vn -0.0657 0.6202 0.7817
vn 0.0488 0.8127 0.5806
vn -0.0657 0.6201 0.7817
vn 0.6407 0.6409 0.4227
vn -0.0983 0.6202 -0.7783
vn -0.6407 0.6409 -0.4227
vn 0.0983 0.6202 0.7783
vn 0.7783 0.6202 -0.0983
vn -0.7783 0.6202 0.0983
vn 0.7339 0.6178 0.2823
vn 0.5578 0.8127 -0.1684
vn 0.5170 0.7896 0.3305
vn 0.9798 0.0456 0.1945
vn -0.4825 0.6193 -0.6194
vn -0.7614 0.6476 -0.0297
vn -0.5578 0.8127 0.1684
vn -0.5170 0.7896 -0.3305
vn -0.8662 0.0661 -0.4954
vn -0.9994 0.0222 -0.0263
vn 0.9319 0.0567 -0.3583
vn 0.6308 0.5913 -0.5024
vn -0.3201 0.0831 -0.9437
vn 0.2625 0.0777 -0.9618
vn -0.0409 0.6124 -0.7895
vn -0.1684 0.8127 -0.5578
vn 0.3304 0.7896 -0.5170
vn 0.4227 0.6409 -0.6407
vn 0.4916 -0.0173 0.8706
vn 0.3702 0.6467 0.6669
vn -0.0523 -0.0000 0.9986
vn -0.0564 0.6538 0.7545
vn -0.4954 0.0661 0.8662
vn -0.6104 0.6206 0.4922
vn -0.9294 0.0517 0.3653
vn 0.1684 0.8127 0.5578
vn -0.3305 0.7896 0.5170
vn -0.4227 0.6409 0.6407
vn 0.6000 0.6409 -0.4787
vn -0.7706 0.6202 -0.1470
vn -0.6000 0.6409 0.4787
vn 0.7706 0.6202 0.1470
vn 0.1470 0.6202 -0.7706
vn -0.1470 0.6202 0.7706
vn 0.5126 0.6202 -0.5938
vn 0.0122 0.8127 -0.5825
vn 0.4741 0.7896 -0.3896
vn 0.5180 0.0066 -0.8554
vn -0.6053 0.6463 0.4646
vn -0.2713 0.6532 0.7069
vn -0.0122 0.8127 0.5825
vn -0.4740 0.7896 0.3896
vn -0.7990 -0.0000 0.6013
vn -0.3584 -0.0000 0.9336
vn -0.1470 0.0225 -0.9889
vn -0.1146 0.6409 -0.7590
vn -0.9949 0.0688 -0.0738
vn -0.7582 0.6309 0.1647
vn -0.6376 0.5912 -0.4939
vn -0.5840 0.0251 -0.8114
vn -0.5825 0.8127 -0.0122
vn -0.3896 0.7896 -0.4741
vn -0.4787 0.6409 -0.6000
vn 0.9864 -0.0175 -0.1636
vn 0.7590 0.6409 -0.1146
vn 0.8554 0.0066 0.5180
vn 0.5938 0.6202 0.5126
vn 0.1985 -0.0173 0.9799
vn 0.1460 0.6467 0.7486
vn 0.5825 0.8127 0.0122
vn 0.3896 0.7896 0.4741
vn 0.4787 0.6409 0.6000
vn -0.0164 0.6202 -0.7843
vn 0.0164 0.6202 0.7843
vn -0.5930 0.6409 -0.4874
vn -0.4874 0.6409 0.5930
vn 0.5930 0.6409 0.4874
vn 0.4874 0.6409 -0.5930
vn -0.4064 0.6201 -0.6710
vn -0.4796 0.7896 -0.3827
vn -0.1092 0.8127 -0.5723
vn -0.6534 0.0066 -0.7570
vn 0.2713 0.6532 0.7069
vn 0.6094 0.6467 0.4586
vn 0.4796 0.7896 0.3827
vn 0.1092 0.8127 0.5723
vn 0.3584 -0.0000 0.9336
vn 0.7931 0.0222 0.6087
vn -0.9886 -0.0175 -0.1492
vn -0.7573 0.6409 -0.1256
vn -0.1914 -0.0000 0.9815
vn -0.1514 0.6471 0.7472
vn -0.7570 0.0066 0.6534
vn -0.6710 0.6201 0.4064
vn -0.5723 0.8127 0.1092
vn -0.7843 0.6202 0.0164
vn -0.3827 0.7896 0.4796
vn 0.1492 -0.0175 -0.9886
vn 0.1130 0.6399 -0.7601
vn 0.7887 0.0688 -0.6109
vn 0.4533 0.6309 -0.6297
vn 0.8043 0.5912 -0.0596
vn 0.9769 0.0251 0.2122
vn 0.3827 0.7896 -0.4797
vn 0.5723 0.8127 -0.1092
vn 0.7843 0.6202 -0.0164
vn -0.7510 0.6202 -0.2268
vn 0.7510 0.6202 0.2268
vn -0.6468 0.6409 0.4134
vn 0.4134 0.6409 0.6468
vn 0.6468 0.6409 -0.4134
vn -0.4134 0.6409 -0.6468
vn -0.7788 0.6079 0.1546
vn -0.5122 0.7896 0.3379
vn -0.5780 0.8127 -0.0730
vn -0.9333 -0.0036 0.3590
vn 0.7628 0.6463 -0.0201
vn 0.6777 0.6250 -0.3876
vn 0.5122 0.7896 -0.3379
vn 0.5780 0.8127 0.0730
vn 0.9985 -0.0378 -0.0390
vn 0.6145 0.0041 -0.7889
vn -0.4623 0.0225 0.8864
vn -0.3534 0.6409 0.6814
vn 0.7615 0.0688 0.6445
vn 0.7102 0.6309 0.3124
vn 0.2256 0.5912 0.7744
vn -0.0045 0.0251 0.9997
vn -0.0730 0.8127 0.5780
vn -0.2268 0.6202 0.7510
vn 0.3379 0.7896 0.5122
vn -0.7817 0.0368 -0.6226
vn -0.7379 0.6124 -0.2837
vn -0.2126 0.5897 -0.7792
vn 0.0517 0.0567 -0.9971
vn 0.2536 0.6140 -0.7475
vn -0.3379 0.7896 -0.5122
vn 0.0730 0.8127 -0.5780
vn 0.2267 0.6202 -0.7510
s 1
usemtl SEAT-GLIDE
f 1991//1812 1992//1813 1993//1814
f 1991//1812 1993//1814 1994//1815
f 1994//1815 1993//1814 1995//1816
f 1994//1815 1995//1816 1996//1817
f 1996//1817 1995//1816 1997//1814
f 1996//1817 1997//1814 1998//1815
f 1992//1813 1999//1818 2000//1819
f 1992//1813 2000//1819 1993//1814
f 1995//1816 2001//1820 2002//1819
f 1995//1816 2002//1819 1997//1814
f 1993//1814 2000//1819 2001//1820
f 1993//1814 2001//1820 1995//1816
f 1999//1818 2003//1821 2004//1822
f 1999//1818 2004//1822 2000//1819
f 2001//1820 2005//1823 2006//1824
f 2001//1820 2006//1824 2002//1819
f 2000//1819 2004//1822 2005//1823
f 2000//1819 2005//1823 2001//1820
f 2003//1821 2007//1825 2008//1826
f 2003//1821 2008//1826 2004//1822
f 2005//1823 2009//1827 2010//1826
f 2005//1823 2010//1826 2006//1824
f 2004//1822 2008//1826 2009//1827
f 2004//1822 2009//1827 2005//1823
f 2007//1825 2011//1828 2012//1829
f 2007//1825 2012//1829 2008//1826
f 2009//1827 2013//1830 2014//1829
f 2009//1827 2014//1829 2010//1826
f 2008//1826 2012//1829 2013//1830
f 2008//1826 2013//1830 2009//1827
f 2011//1828 2015//1831 2016//1832
f 2011//1828 2016//1832 2012//1829
f 2013//1830 2017//1833 2018//1832
f 2013//1830 2018//1832 2014//1829
f 2012//1829 2016//1832 2017//1833
f 2012//1829 2017//1833 2013//1830
f 2015//1831 2019//1834 2020//1835
f 2015//1831 2020//1835 2016//1832
f 2017//1833 2021//1836 2022//1837
f 2017//1833 2022//1837 2018//1832
f 2016//1832 2020//1835 2021//1836
f 2016//1832 2021//1836 2017//1833
f 2019//1834 1991//1812 1994//1815
f 2019//1834 1994//1815 2020//1835
f 2021//1836 1996//1817 1998//1815
f 2021//1836 1998//1815 2022//1837
f 2020//1835 1994//1815 1996//1817
f 2020//1835 1996//1817 2021//1836
f 1998//1815 1997//1814 2022//1837
f 2018//1832 2006//1824 2014//1829
f 2014//1829 2006//1824 2010//1826
f 2022//1837 1997//1814 2002//1819
f 2022//1837 2002//1819 2006//1824
f 2022//1837 2006//1824 2018//1832
f 2023//1838 2024//1839 2025//1840
f 2023//1838 2025//1840 2026//1841
f 2027//1842 2024//1839 2023//1838
f 2026//1841 2025//1840 2028//1843
f 2029//1844 2030//1845 2031//1846
f 2031//1846 2030//1845 2027//1842
f 2031//1846 2027//1842 2023//1838
f 2033//1848 2034//1849 2035//1850
f 2033//1848 2035//1850 2036//1851
f 2036//1851 2035//1850 2028//1843
f 2036//1851 2028//1843 2025//1840
f 2037//1852 2038//1853 2034//1849
f 2037//1852 2034//1849 2033//1848
f 2032//1847 2039//1854 2040//1855
f 2032//1847 2040//1855 2029//1844
f 2041//1856 2037//1852 2033//1848
f 2042//1857 2041//1856 2033//1848
f 2042//1857 2033//1848 2043//1858
f 2042//1857 2043//1858 2040//1855
f 2039//1854 2042//1857 2040//1855
f 2044//1859 2036//1851 2025//1840
f 2044//1859 2025//1840 2024//1839
f 2045//1860 2044//1859 2024//1839
f 2045//1860 2024//1839 2046//1861
f 2030//1845 2045//1860 2046//1861
f 2030//1845 2046//1861 2027//1842
f 2029//1844 2040//1855 2030//1845
f 2040//1855 2043//1858 2044//1859
f 2040//1855 2044//1859 2045//1860
f 2040//1855 2045//1860 2030//1845
f 2033//1848 2036//1851 2044//1859
f 2043//1858 2033//1848 2044//1859
f 2027//1842 2046//1861 2024//1839
f 2047//1862 2032//1847 2029//1844
f 2047//1862 2029//1844 2048//1863
f 2049//1864 2047//1862 2048//1863
f 2049//1864 2048//1863 2050//1865
f 2051//1866 2049//1864 2050//1865
f 2051//1866 2050//1865 2052//1867
f 2053//1868 2051//1866 2052//1867
f 2038//1853 2053//1868 2052//1867
f 2038//1853 2052//1867 2034//1849
f 2054//1869 2031//1846 2023//1838
f 2054//1869 2023//1838 2026//1841
f 2055//1870 2054//1869 2026//1841
f 2055//1870 2026//1841 2056//1871
f 2035//1850 2055//1870 2056//1871
f 2035//1850 2056//1871 2028//1843
f 2048//1863 2029//1844 2031//1846
f 2048//1863 2031//1846 2054//1869
f 2052//1867 2050//1865 2054//1869
f 2052//1867 2054//1869 2055//1870
f 2050//1865 2048//1863 2054//1869
f 2052//1867 2055//1870 2035//1850
f 2034//1849 2052//1867 2035//1850
f 2026//1841 2028//1843 2056//1871
f 2057//1872 2058//1873 2059//1874
f 2057//1872 2059//1874 2060//1875
f 2061//1876 2058//1873 2057//1872
f 2060//1875 2059//1874 2062//1877
f 2063//1878 2064//1879 2065//1880
f 2065//1880 2064//1879 2061//1876
f 2065//1880 2061//1876 2057//1872
f 2067//1882 2068//1883 2069//1884
f 2067//1882 2069//1884 2070//1885
f 2070//1885 2069//1884 2062//1877
f 2070//1885 2062//1877 2059//1874
f 2071//1886 2072//1887 2068//1883
f 2071//1886 2068//1883 2067//1882
f 2066//1881 2073//1888 2074//1889
f 2066//1881 2074//1889 2063//1878
f 2075//1890 2071//1886 2067//1882
f 2075//1890 2067//1882 2076//1891
f 2075//1890 2076//1891 2077//1892
f 2078//1893 2075//1890 2077//1892
f 2073//1888 2078//1893 2077//1892
f 2073//1888 2077//1892 2074//1889
f 2079//1894 2070//1885 2059//1874
f 2079//1894 2059//1874 2058//1873
f 2080//1895 2079//1894 2058//1873
f 2080//1895 2058//1873 2081//1896
f 2064//1879 2080//1895 2081//1896
f 2064//1879 2081//1896 2061//1876
f 2063//1878 2074//1889 2064//1879
f 2077//1892 2079//1894 2080//1895
f 2074//1889 2077//1892 2080//1895
f 2074//1889 2080//1895 2064//1879
f 2076//1891 2067//1882 2070//1885
f 2076//1891 2070//1885 2079//1894
f 2077//1892 2076//1891 2079//1894
f 2061//1876 2081//1896 2058//1873
f 2082//1897 2066//1881 2063//1878
f 2082//1897 2063//1878 2083//1898
f 2084//1899 2082//1897 2083//1898
f 2084//1899 2083//1898 2085//1900
f 2086//1901 2084//1899 2085//1900
f 2086//1901 2085//1900 2087//1902
f 2072//1887 2086//1901 2087//1902
f 2072//1887 2087//1902 2068//1883
f 2088//1903 2065//1880 2057//1872
f 2088//1903 2057//1872 2060//1875
f 2089//1904 2088//1903 2060//1875
f 2089//1904 2060//1875 2090//1905
f 2069//1884 2089//1904 2090//1905
f 2069//1884 2090//1905 2062//1877
f 2083//1898 2063//1878 2065//1880
f 2083//1898 2065//1880 2088//1903
f 2085//1900 2088//1903 2089//1904
f 2085//1900 2083//1898 2088//1903
f 2087//1902 2085//1900 2089//1904
f 2087//1902 2089//1904 2069//1884
f 2068//1883 2087//1902 2069//1884
f 2060//1875 2062//1877 2090//1905
f 2093//1908 2094//1909 2092//1907
f 2093//1908 2092//1907 2091//1906
f 2091//1906 2092//1907 2095//1910
f 2091//1906 2095//1910 2096//1911
f 2097//1912 2098//1913 2099//1914
f 2099//1914 2098//1913 2093//1908
f 2099//1914 2093//1908 2091//1906
f 2101//1916 2102//1917 2103//1918
f 2101//1916 2103//1918 2104//1919
f 2104//1919 2103//1918 2095//1910
f 2104//1919 2095//1910 2092//1907
f 2105//1920 2106//1921 2102//1917
f 2105//1920 2102//1917 2101//1916
f 2100//1915 2107//1922 2108//1923
f 2100//1915 2108//1923 2097//1912
f 2109//1924 2105//1920 2101//1916
f 2109//1924 2101//1916 2110//1925
f 2111//1926 2109//1924 2110//1925
f 2111//1926 2110//1925 2112//1927
f 2107//1922 2111//1926 2112//1927
f 2107//1922 2112//1927 2108//1923
f 2098//1913 2113//1928 2114//1929
f 2098//1913 2114//1929 2093//1908
f 2115//1930 2104//1919 2092//1907
f 2115//1930 2092//1907 2094//1909
f 2113//1928 2115//1930 2094//1909
f 2113//1928 2094//1909 2114//1929
f 2097//1912 2108//1923 2113//1928
f 2097//1912 2113//1928 2098//1913
f 2112//1927 2115//1930 2113//1928
f 2108//1923 2112//1927 2113//1928
f 2110//1925 2101//1916 2104//1919
f 2112//1927 2110//1925 2104//1919
f 2112//1927 2104//1919 2115//1930
f 2114//1929 2094//1909 2093//1908
f 2116//1931 2100//1915 2097//1912
f 2116//1931 2097//1912 2117//1932
f 2118//1933 2116//1931 2117//1932
f 2118//1933 2117//1932 2119//1934
f 2118//1933 2119//1934 2120//1935
f 2121//1936 2118//1933 2120//1935
f 2106//1921 2121//1936 2120//1935
f 2106//1921 2120//1935 2102//1917
f 2122//1937 2099//1914 2091//1906
f 2122//1937 2091//1906 2096//1911
f 2123//1938 2122//1937 2096//1911
f 2123//1938 2096//1911 2124//1939
f 2103//1918 2123//1938 2124//1939
f 2103//1918 2124//1939 2095//1910
f 2117//1932 2097//1912 2099//1914
f 2120//1935 2119//1934 2122//1937
f 2120//1935 2122//1937 2123//1938
f 2119//1934 2117//1932 2099//1914
f 2119//1934 2099//1914 2122//1937
f 2102//1917 2120//1935 2123//1938
f 2102//1917 2123//1938 2103//1918
f 2096//1911 2095//1910 2124//1939
f 2127//1942 2128//1943 2126//1941
f 2127//1942 2126//1941 2125//1940
f 2125//1940 2126//1941 2129//1944
f 2125//1940 2129//1944 2130//1945
f 2131//1946 2132//1947 2133//1948
f 2133//1948 2132//1947 2127//1942
f 2133//1948 2127//1942 2125//1940
f 2135//1950 2136//1951 2137//1952
f 2135//1950 2137//1952 2138//1953
f 2138//1953 2137//1952 2129//1944
f 2138//1953 2129//1944 2126//1941
f 2139//1954 2140//1955 2136//1951
f 2139//1954 2136//1951 2135//1950
f 2134//1949 2141//1956 2142//1957
f 2134//1949 2142//1957 2131//1946
f 2143//1958 2139//1954 2135//1950
f 2143//1958 2135//1950 2144//1959
f 2143//1958 2144//1959 2145//1960
f 2146//1961 2143//1958 2145//1960
f 2141//1956 2146//1961 2145//1960
f 2141//1956 2145//1960 2142//1957
f 2132//1947 2147//1962 2148//1963
f 2132//1947 2148//1963 2127//1942
f 2149//1964 2138//1953 2126//1941
f 2149//1964 2126//1941 2128//1943
f 2147//1962 2149//1964 2128//1943
f 2147//1962 2128//1943 2148//1963
f 2131//1946 2142//1957 2147//1962
f 2131//1946 2147//1962 2132//1947
f 2145//1960 2149//1964 2147//1962
f 2142//1957 2145//1960 2147//1962
f 2144//1959 2135//1950 2138//1953
f 2145//1960 2144//1959 2138//1953
f 2145//1960 2138//1953 2149//1964
f 2148//1963 2128//1943 2127//1942
f 2150//1965 2134//1949 2131//1946
f 2150//1965 2131//1946 2151//1966
f 2150//1965 2151//1966 2152//1967
f 2153//1968 2150//1965 2152//1967
f 2140//1955 2153//1968 2152//1967
f 2140//1955 2152//1967 2154//1969
f 2140//1955 2154//1969 2136//1951
f 2155//1970 2133//1948 2125//1940
f 2155//1970 2125//1940 2130//1945
f 2156//1971 2155//1970 2130//1945
f 2156//1971 2130//1945 2157//1972
f 2137//1952 2156//1971 2157//1972
f 2137//1952 2157//1972 2129//1944
f 2151//1966 2131//1946 2133//1948
f 2152//1967 2155//1970 2156//1971
f 2152//1967 2151//1966 2133//1948
f 2152//1967 2133//1948 2155//1970
f 2154//1969 2152//1967 2156//1971
f 2136//1951 2154//1969 2156//1971
f 2136//1951 2156//1971 2137//1952
f 2130//1945 2129//1944 2157//1972
o SEAT-OUTER_SHELL_BACK
v 0.160264 0.541489 -0.346392
v 0.161290 0.537434 -0.354965
v 0.032146 0.534447 -0.361279
v 0.031889 0.538520 -0.352669
v 0.161290 0.275679 -0.231152
v 0.160264 0.279734 -0.222579
v 0.031889 0.276765 -0.228856
v 0.032147 0.272692 -0.237466
v -0.291127 0.306895 -0.166347
v -0.291127 0.551383 -0.281992
v -0.307090 0.545536 -0.249979
v -0.307807 0.319829 -0.141533
v -0.299403 0.551484 -0.287481
v -0.299403 0.304792 -0.170793
v -0.316872 0.318505 -0.144233
v -0.316387 0.546215 -0.252998
v -0.320167 0.536676 -0.225821
v -0.310686 0.537080 -0.224968
v -0.314886 0.347357 -0.090131
v -0.315439 0.351355 -0.083122
v -0.324194 0.344129 -0.095467
v -0.323409 0.519706 -0.187476
v -0.313856 0.520458 -0.189066
v -0.314142 0.341041 -0.100916
v -0.314717 0.506359 -0.170328
v -0.324279 0.500088 -0.164388
v -0.314835 0.492991 -0.159749
v -0.314835 0.347016 -0.090673
v -0.314886 0.483918 -0.154754
v -0.277654 0.548479 -0.315693
v -0.277654 0.292878 -0.194791
v -0.271114 0.295896 -0.188412
v -0.271114 0.550119 -0.308662
v -0.031889 0.276765 -0.228856
v -0.032146 0.272692 -0.237466
v -0.248701 0.544355 -0.335936
v -0.248701 0.284300 -0.212927
v -0.202229 0.540284 -0.348938
v -0.202229 0.278530 -0.225125
v -0.161290 0.537434 -0.354965
v -0.161290 0.275679 -0.231152
v -0.032147 0.534447 -0.361279
v -0.244553 0.288026 -0.205050
v -0.244553 0.547071 -0.327581
v -0.200127 0.282510 -0.216711
v -0.200127 0.542565 -0.339720
v -0.160264 0.279734 -0.222579
v -0.160264 0.541489 -0.346392
v -0.031889 0.538520 -0.352669
v -0.325018 0.429190 -0.118681
v -0.315521 0.429206 -0.118647
v -0.325247 0.415740 -0.096978
v -0.315749 0.415757 -0.096944
v -0.326426 0.381292 -0.034039
v -0.326412 0.404756 -0.043305
v -0.316925 0.406172 -0.044964
v -0.316893 0.378728 -0.036046
v -0.316893 0.384012 -0.032714
v -0.316893 0.402108 -0.040080
v -0.326390 0.388022 -0.034218
v 0.291127 0.551383 -0.281992
v 0.291127 0.306895 -0.166347
v 0.307536 0.319517 -0.142129
v 0.307090 0.545536 -0.249979
v 0.299403 0.304792 -0.170793
v 0.299403 0.551484 -0.287481
v 0.316387 0.546215 -0.252998
v 0.317168 0.318853 -0.143559
v 0.320167 0.536676 -0.225821
v 0.310686 0.537080 -0.224968
v 0.314680 0.343969 -0.095742
v 0.313913 0.519716 -0.187472
v 0.323326 0.520639 -0.189346
v 0.324220 0.344420 -0.094934
v 0.324215 0.506354 -0.170340
v 0.314783 0.500076 -0.164356
v 0.324333 0.490908 -0.158807
v 0.277654 0.292878 -0.194791
v 0.277654 0.548479 -0.315693
v 0.271114 0.550119 -0.308662
v 0.271114 0.295896 -0.188412
v 0.202229 0.278530 -0.225125
v 0.202229 0.540284 -0.348938
v 0.248701 0.544355 -0.335936
v 0.248701 0.284300 -0.212927
v 0.200127 0.542565 -0.339720
v 0.200127 0.282510 -0.216711
v 0.244553 0.288026 -0.205050
v 0.244553 0.547071 -0.327581
v 0.315521 0.429206 -0.118647
v 0.325018 0.429190 -0.118681
v 0.315749 0.415757 -0.096944
v 0.325247 0.415740 -0.096978
v 0.316928 0.381597 -0.033386
v 0.326424 0.405863 -0.045618
v 0.326390 0.378419 -0.036700
v 0.326390 0.401799 -0.040734
v 0.316914 0.405096 -0.042687
v 0.316893 0.388332 -0.033564
v 0.326390 0.383703 -0.033368
v 0.160264 0.887830 -0.419613
v 0.161290 0.886159 -0.428948
v 0.032147 0.884929 -0.435824
v 0.031889 0.886607 -0.426448
v 0.161290 0.601129 -0.377933
v 0.160264 0.602800 -0.368598
v 0.031889 0.601576 -0.375433
v 0.032146 0.599898 -0.384809
v -0.031889 0.886607 -0.426448
v -0.031889 0.601576 -0.375433
v -0.032146 0.884929 -0.435824
v -0.248701 0.889711 -0.409102
v -0.248701 0.604681 -0.358087
v -0.277654 0.608216 -0.338339
v -0.277654 0.893246 -0.389354
v -0.202229 0.887334 -0.422386
v -0.202229 0.602304 -0.371370
v -0.161290 0.886159 -0.428948
v -0.161290 0.601129 -0.377933
v -0.032147 0.599898 -0.384809
v -0.244553 0.606216 -0.349509
v -0.244553 0.891247 -0.400525
v -0.271114 0.893239 -0.382184
v -0.271114 0.610709 -0.331616
v -0.200127 0.603943 -0.362208
v -0.200127 0.888974 -0.413223
v -0.160264 0.602800 -0.368598
v -0.160264 0.887830 -0.419613
v -0.310661 0.666304 -0.304437
v -0.302099 0.665690 -0.300322
v -0.302442 0.842958 -0.331524
v -0.310273 0.855833 -0.339075
v -0.298522 0.640666 -0.302000
v -0.301269 0.860789 -0.336703
v -0.307052 0.640700 -0.306506
v -0.297555 0.876560 -0.345621
v -0.305901 0.875722 -0.350306
v -0.291137 0.626909 -0.309584
v -0.291124 0.885058 -0.355810
v -0.299343 0.884219 -0.360495
v -0.299343 0.626067 -0.314290
v 0.202229 0.602304 -0.371370
v 0.202229 0.887334 -0.422386
v 0.248701 0.889711 -0.409102
v 0.248701 0.604681 -0.358087
v 0.277654 0.893246 -0.389354
v 0.277654 0.608216 -0.338339
v 0.200127 0.888974 -0.413223
v 0.200127 0.603943 -0.362208
v 0.244553 0.606216 -0.349509
v 0.244553 0.891247 -0.400525
v 0.271114 0.610709 -0.331616
v 0.271114 0.893239 -0.382184
v 0.300810 0.674763 -0.301720
v 0.308645 0.660494 -0.304363
v 0.309012 0.850072 -0.337685
v 0.300445 0.851966 -0.334018
v 0.299598 0.656631 -0.300380
v 0.296781 0.874700 -0.344197
v 0.305277 0.872990 -0.348329
v 0.304256 0.637515 -0.307994
v 0.296050 0.638358 -0.303287
v 0.299349 0.626011 -0.314603
v 0.299349 0.884163 -0.360807
v 0.291130 0.885002 -0.356122
v 0.291143 0.626853 -0.309896
vn -0.0568 0.9485 0.3115
vn 0.0900 0.3301 -0.9396
vn 0.0193 0.3290 -0.9441
vn -0.0189 0.9443 0.3284
vn 0.0773 -0.9340 -0.3487
vn -0.0747 -0.3550 0.9319
vn -0.0189 -0.3452 0.9384
vn 0.0193 -0.9386 -0.3446
vn 0.5542 -0.4801 0.6799
vn 0.4623 0.8154 0.3485
vn 0.5061 0.7651 0.3981
vn 0.6104 -0.5757 0.5441
vn -0.6752 0.6192 -0.4008
vn -0.6018 -0.7962 -0.0629
vn -0.7099 -0.6993 0.0842
vn -0.7636 0.6358 -0.1129
vn -0.7619 0.6293 0.1531
vn 0.6137 0.7059 0.3537
vn 0.4745 -0.7384 0.4791
vn 0.7017 -0.5987 0.3862
vn -0.7123 -0.6381 0.2923
vn -0.7118 0.6160 0.3375
vn 0.6484 0.6367 0.4173
vn 0.6831 -0.6071 0.4061
vn 0.6379 0.5525 0.5366
vn -0.6934 0.4659 0.5497
vn 0.6648 0.3877 0.6385
vn 0.8218 -0.4541 0.3442
vn 0.7046 0.3729 0.6038
vn -0.5628 0.4830 -0.6708
vn -0.5029 -0.8423 -0.1939
vn 0.4510 -0.4585 0.7658
vn 0.3698 0.8826 0.2902
vn 0.0189 -0.3452 0.9384
vn -0.0193 -0.9386 -0.3446
vn -0.3455 0.3942 -0.8516
vn -0.3181 -0.8937 -0.3164
vn -0.1715 0.4144 -0.8938
vn -0.1586 -0.9275 -0.3385
vn -0.0773 0.3229 -0.9433
vn -0.0773 -0.9340 -0.3487
vn -0.0193 0.3290 -0.9441
vn 0.2866 -0.4162 0.8629
vn 0.2415 0.9250 0.2933
vn 0.1526 -0.3627 0.9193
vn 0.1406 0.9047 0.4021
vn 0.0747 -0.3550 0.9319
vn 0.0723 0.9457 0.3169
vn 0.0189 0.9443 0.3284
vn -0.7779 0.4605 0.4275
vn 0.7357 0.4743 0.4835
vn -0.7587 0.6119 0.2233
vn 0.7460 0.6169 0.2507
vn -0.6556 -0.3742 0.6558
vn -0.6728 0.6046 0.4263
vn 0.6229 0.7134 0.3210
vn 0.6300 -0.5740 0.5231
vn 0.6095 -0.0630 0.7903
vn 0.6310 0.4514 0.6309
vn -0.6804 0.1997 0.7051
vn -0.4577 0.8217 0.3395
vn -0.5546 -0.4790 0.6804
vn -0.6090 -0.5745 0.5468
vn -0.5081 0.7695 0.3869
vn 0.6027 -0.7955 -0.0632
vn 0.6663 0.6274 -0.4031
vn 0.7586 0.6400 -0.1223
vn 0.7114 -0.6972 0.0885
vn 0.7619 0.6272 0.1614
vn -0.6121 0.7032 0.3617
vn -0.6864 -0.6061 0.4019
vn -0.6346 0.6371 0.4375
vn 0.7221 0.6231 0.3006
vn 0.7118 -0.6395 0.2906
vn 0.6945 0.5358 0.4801
vn -0.6365 0.4800 0.6037
vn 0.7274 0.3841 0.5687
vn 0.5027 -0.8423 -0.1942
vn 0.5630 0.4924 -0.6638
vn -0.3570 0.8884 0.2885
vn -0.4514 -0.4585 0.7655
vn 0.1586 -0.9275 -0.3385
vn 0.1523 0.4175 -0.8958
vn 0.3545 0.3964 -0.8469
vn 0.3181 -0.8937 -0.3164
vn -0.1572 0.9056 0.3940
vn -0.1526 -0.3627 0.9193
vn -0.2866 -0.4162 0.8629
vn -0.2286 0.9269 0.2977
vn -0.7397 0.4711 0.4805
vn 0.7791 0.4584 0.4276
vn -0.7423 0.6194 0.2554
vn 0.7579 0.6121 0.2257
vn -0.6059 -0.3562 0.7114
vn 0.6802 0.6797 0.2744
vn 0.6552 -0.5805 0.4835
vn 0.6785 0.4267 0.5979
vn -0.6061 0.6368 0.4766
vn -0.6349 0.2102 0.7435
vn 0.6579 -0.0755 0.7493
vn -0.0747 0.8298 0.5530
vn 0.0773 0.5584 -0.8259
vn 0.0193 0.5645 -0.8252
vn -0.0189 0.8255 0.5640
vn 0.0773 -0.8103 -0.5810
vn -0.0747 -0.5865 0.8065
vn -0.0189 -0.5786 0.8154
vn 0.0193 -0.8157 -0.5781
vn 0.0189 0.8255 0.5640
vn 0.0189 -0.5786 0.8154
vn -0.0193 0.5645 -0.8252
vn -0.3181 0.5444 -0.7762
vn -0.3249 -0.7826 -0.5310
vn -0.5370 -0.8027 -0.2592
vn -0.5509 0.6598 -0.5111
vn -0.1586 0.5591 -0.8138
vn -0.1586 -0.8067 -0.5693
vn -0.0773 0.5585 -0.8259
vn -0.0773 -0.8103 -0.5810
vn -0.0193 -0.8157 -0.5782
vn 0.2699 -0.6308 0.7275
vn 0.2846 0.8397 0.4625
vn 0.3421 0.8054 0.4841
vn 0.3562 -0.5961 0.7195
vn 0.1526 -0.5906 0.7924
vn 0.1526 0.8288 0.5383
vn 0.0747 -0.5865 0.8065
vn 0.0747 0.8298 0.5530
vn -0.9359 -0.0398 0.3501
vn 0.2502 0.0574 0.9665
vn 0.2227 0.1905 0.9561
vn -0.9351 0.2017 0.2913
vn 0.1858 -0.2193 0.9578
vn 0.2386 0.3730 0.8966
vn -0.9074 -0.3427 0.2434
vn 0.2080 0.5610 0.8013
vn -0.8908 0.4502 0.0620
vn 0.2996 -0.4771 0.8262
vn 0.3046 0.7318 0.6096
vn -0.7640 0.6198 -0.1792
vn -0.7663 -0.6402 0.0540
vn 0.1586 -0.8067 -0.5693
vn 0.1586 0.5591 -0.8138
vn 0.3249 0.5498 -0.7695
vn 0.3181 -0.7798 -0.5392
vn 0.5395 0.6652 -0.5163
vn 0.5469 -0.7974 -0.2550
vn -0.1526 0.8288 0.5383
vn -0.1526 -0.5906 0.7924
vn -0.2846 -0.6272 0.7250
vn -0.2699 0.8440 0.4635
vn -0.3466 -0.5869 0.7317
vn -0.3478 0.8091 0.4737
vn -0.2085 0.1539 0.9658
vn 0.9357 -0.0851 0.3424
vn 0.9390 0.1599 0.3044
vn -0.2435 0.2817 0.9281
vn -0.2514 -0.0372 0.9672
vn -0.2463 0.5303 0.8112
vn 0.9029 0.3925 0.1753
vn 0.8902 -0.3621 0.2764
vn -0.2632 -0.2458 0.9329
vn 0.7772 -0.6262 0.0614
vn 0.7846 0.6024 -0.1464
vn -0.2889 0.7345 0.6141
vn -0.2947 -0.4865 0.8225
s 1
usemtl SEAT-OUTER_SHELL_BACK
f 2158//1973 2159//1974 2160//1975
f 2158//1973 2160//1975 2161//1976
f 2162//1977 2163//1978 2164//1979
f 2162//1977 2164//1979 2165//1980
f 2161//1976 2164//1979 2163//1978
f 2161//1976 2163//1978 2158//1973
f 2165//1980 2160//1975 2159//1974
f 2165//1980 2159//1974 2162//1977
f 2166//1981 2167//1982 2168//1983
f 2166//1981 2168//1983 2169//1984
f 2170//1985 2171//1986 2172//1987
f 2170//1985 2172//1987 2173//1988
f 2173//1988 2172//1987 2174//1989
f 2169//1984 2168//1983 2175//1990
f 2178//1993 2176//1991 2177//1992
f 2174//1989 2172//1987 2178//1993
f 2174//1989 2178//1993 2179//1994
f 2169//1984 2175//1990 2180//1995
f 2169//1984 2180//1995 2181//1996
f 2181//1996 2180//1995 2182//1997
f 2179//1994 2178//1993 2183//1998
f 2181//1996 2182//1997 2184//1999
f 2181//1996 2184//1999 2185//2000
f 2185//2000 2184//1999 2186//2001
f 2185//2000 2186//2001 2176//1991
f 2187//2002 2188//2003 2171//1986
f 2187//2002 2171//1986 2170//1985
f 2189//2004 2190//2005 2167//1982
f 2189//2004 2167//1982 2166//1981
f 2161//1976 2191//2006 2164//1979
f 2192//2007 2160//1975 2165//1980
f 2193//2008 2194//2009 2188//2003
f 2193//2008 2188//2003 2187//2002
f 2195//2010 2196//2011 2194//2009
f 2195//2010 2194//2009 2193//2008
f 2197//2012 2198//2013 2196//2011
f 2197//2012 2196//2011 2195//2010
f 2199//2014 2192//2007 2198//2013
f 2199//2014 2198//2013 2197//2012
f 2160//1975 2192//2007 2199//2014
f 2200//2015 2201//2016 2190//2005
f 2200//2015 2190//2005 2189//2004
f 2202//2017 2203//2018 2201//2016
f 2202//2017 2201//2016 2200//2015
f 2204//2019 2205//2020 2203//2018
f 2204//2019 2203//2018 2202//2017
f 2191//2006 2206//2021 2205//2020
f 2191//2006 2205//2020 2204//2019
f 2191//2006 2161//1976 2206//2021
f 2189//2004 2188//2003 2194//2009
f 2189//2004 2194//2009 2200//2015
f 2202//2017 2196//2011 2198//2013
f 2202//2017 2198//2013 2204//2019
f 2200//2015 2194//2009 2196//2011
f 2200//2015 2196//2011 2202//2017
f 2165//1980 2164//1979 2191//2006
f 2165//1980 2191//2006 2192//2007
f 2204//2019 2198//2013 2192//2007
f 2204//2019 2192//2007 2191//2006
f 2169//1984 2172//1987 2171//1986
f 2169//1984 2171//1986 2166//1981
f 2166//1981 2171//1986 2188//2003
f 2166//1981 2188//2003 2189//2004
f 2181//1996 2178//1993 2172//1987
f 2181//1996 2172//1987 2169//1984
f 2178//1993 2181//1996 2185//2000
f 2178//1993 2185//2000 2176//1991
f 2174//1989 2175//1990 2168//1983
f 2174//1989 2168//1983 2173//1988
f 2187//2002 2190//2005 2201//2016
f 2187//2002 2201//2016 2193//2008
f 2195//2010 2203//2018 2205//2020
f 2195//2010 2205//2020 2197//2012
f 2193//2008 2201//2016 2203//2018
f 2193//2008 2203//2018 2195//2010
f 2199//2014 2206//2021 2161//1976
f 2199//2014 2161//1976 2160//1975
f 2197//2012 2205//2020 2206//2021
f 2197//2012 2206//2021 2199//2014
f 2173//1988 2168//1983 2167//1982
f 2173//1988 2167//1982 2170//1985
f 2170//1985 2167//1982 2190//2005
f 2170//1985 2190//2005 2187//2002
f 2183//1998 2182//1997 2179//1994
f 2207//2022 2208//2023 2186//2001
f 2207//2022 2186//2001 2183//1998
f 2183//1998 2186//2001 2184//1999
f 2183//1998 2184//1999 2182//1997
f 2178//1993 2209//2024 2207//2022
f 2177//1992 2208//2023 2210//2025
f 2211//2026 2212//2027 2209//2024
f 2211//2026 2209//2024 2178//1993
f 2177//1992 2210//2025 2213//2028
f 2177//1992 2213//2028 2214//2029
f 2215//2030 2213//2028 2216//2031
f 2214//2029 2213//2028 2215//2030
f 2217//2032 2212//2027 2211//2026
f 2216//2031 2212//2027 2217//2032
f 2216//2031 2217//2032 2215//2030
f 2178//1993 2177//1992 2214//2029
f 2178//1993 2214//2029 2211//2026
f 2211//2026 2214//2029 2215//2030
f 2211//2026 2215//2030 2217//2032
f 2213//2028 2210//2025 2209//2024
f 2213//2028 2209//2024 2212//2027
f 2207//2022 2209//2024 2210//2025
f 2207//2022 2210//2025 2208//2023
f 2213//2028 2212//2027 2216//2031
f 2179//1994 2180//1995 2175//1990
f 2179//1994 2175//1990 2174//1989
f 2179//1994 2182//1997 2180//1995
f 2218//2033 2219//2034 2220//2035
f 2218//2033 2220//2035 2221//2036
f 2222//2037 2223//2038 2224//2039
f 2222//2037 2224//2039 2225//2040
f 2225//2040 2224//2039 2226//2041
f 2221//2036 2220//2035 2227//2042
f 2227//2042 2220//2035 2228//2043
f 2227//2042 2228//2043 2229//2044
f 2225//2040 2226//2041 2230//2045
f 2225//2040 2230//2045 2231//2046
f 2231//2046 2230//2045 2232//2047
f 2229//2044 2228//2043 2233//2048
f 2231//2046 2232//2047 2234//2049
f 2235//2050 2236//2051 2223//2038
f 2235//2050 2223//2038 2222//2037
f 2237//2052 2238//2053 2219//2034
f 2237//2052 2219//2034 2218//2033
f 2239//2054 2240//2055 2241//2056
f 2239//2054 2241//2056 2242//2057
f 2162//1977 2159//1974 2240//2055
f 2162//1977 2240//2055 2239//2054
f 2242//2057 2241//2056 2236//2051
f 2242//2057 2236//2051 2235//2050
f 2243//2058 2244//2059 2245//2060
f 2243//2058 2245//2060 2246//2061
f 2246//2061 2245//2060 2238//2053
f 2246//2061 2238//2053 2237//2052
f 2158//1973 2163//1978 2244//2059
f 2158//1973 2244//2059 2243//2058
f 2235//2050 2238//2053 2245//2060
f 2235//2050 2245//2060 2242//2057
f 2239//2054 2244//2059 2163//1978
f 2239//2054 2163//1978 2162//1977
f 2242//2057 2245//2060 2244//2059
f 2242//2057 2244//2059 2239//2054
f 2225//2040 2220//2035 2219//2034
f 2225//2040 2219//2034 2222//2037
f 2222//2037 2219//2034 2238//2053
f 2222//2037 2238//2053 2235//2050
f 2231//2046 2228//2043 2220//2035
f 2231//2046 2220//2035 2225//2040
f 2227//2042 2226//2041 2224//2039
f 2227//2042 2224//2039 2221//2036
f 2237//2052 2236//2051 2241//2056
f 2237//2052 2241//2056 2246//2061
f 2243//2058 2240//2055 2159//1974
f 2243//2058 2159//1974 2158//1973
f 2246//2061 2241//2056 2240//2055
f 2246//2061 2240//2055 2243//2058
f 2221//2036 2224//2039 2223//2038
f 2221//2036 2223//2038 2218//2033
f 2218//2033 2223//2038 2236//2051
f 2218//2033 2236//2051 2237//2052
f 2233//2048 2232//2047 2229//2044
f 2247//2062 2248//2063 2234//2049
f 2247//2062 2234//2049 2233//2048
f 2233//2048 2234//2049 2232//2047
f 2247//2062 2228//2043 2249//2064
f 2250//2065 2231//2046 2248//2063
f 2249//2064 2228//2043 2251//2066
f 2249//2064 2251//2066 2255//2070
f 2252//2067 2253//2068 2231//2046
f 2252//2067 2231//2046 2250//2065
f 2254//2069 2255//2070 2256//2071
f 2254//2069 2256//2071 2257//2072
f 2252//2067 2257//2072 2253//2068
f 2254//2069 2257//2072 2252//2067
f 2255//2070 2251//2066 2256//2071
f 2228//2043 2231//2046 2253//2068
f 2228//2043 2253//2068 2251//2066
f 2251//2066 2257//2072 2256//2071
f 2251//2066 2253//2068 2257//2072
f 2249//2064 2255//2070 2252//2067
f 2249//2064 2252//2067 2250//2065
f 2250//2065 2248//2063 2247//2062
f 2250//2065 2247//2062 2249//2064
f 2252//2067 2255//2070 2254//2069
f 2229//2044 2230//2045 2226//2041
f 2229//2044 2226//2041 2227//2042
f 2229//2044 2232//2047 2230//2045
f 2258//2073 2259//2074 2260//2075
f 2258//2073 2260//2075 2261//2076
f 2262//2077 2263//2078 2264//2079
f 2262//2077 2264//2079 2265//2080
f 2261//2076 2264//2079 2263//2078
f 2261//2076 2263//2078 2258//2073
f 2265//2080 2260//2075 2259//2074
f 2265//2080 2259//2074 2262//2077
f 2266//2081 2267//2082 2264//2079
f 2266//2081 2264//2079 2261//2076
f 2265//2080 2268//2083 2260//2075
f 2269//2084 2270//2085 2271//2086
f 2269//2084 2271//2086 2272//2087
f 2273//2088 2274//2089 2270//2085
f 2273//2088 2270//2085 2269//2084
f 2275//2090 2276//2091 2274//2089
f 2275//2090 2274//2089 2273//2088
f 2268//2083 2277//2092 2276//2091
f 2268//2083 2276//2091 2275//2090
f 2268//2083 2265//2080 2277//2092
f 2278//2093 2279//2094 2280//2095
f 2278//2093 2280//2095 2281//2096
f 2282//2097 2283//2098 2279//2094
f 2282//2097 2279//2094 2278//2093
f 2284//2099 2285//2100 2283//2098
f 2284//2099 2283//2098 2282//2097
f 2267//2082 2266//2081 2285//2100
f 2267//2082 2285//2100 2284//2099
f 2281//2096 2271//2086 2270//2085
f 2281//2096 2270//2085 2278//2093
f 2282//2097 2274//2089 2276//2091
f 2282//2097 2276//2091 2284//2099
f 2278//2093 2270//2085 2274//2089
f 2278//2093 2274//2089 2282//2097
f 2265//2080 2264//2079 2267//2082
f 2267//2082 2277//2092 2265//2080
f 2284//2099 2276//2091 2277//2092
f 2284//2099 2277//2092 2267//2082
f 2272//2087 2280//2095 2279//2094
f 2272//2087 2279//2094 2269//2084
f 2273//2088 2283//2098 2285//2100
f 2273//2088 2285//2100 2275//2090
f 2269//2084 2279//2094 2283//2098
f 2269//2084 2283//2098 2273//2088
f 2261//2076 2260//2075 2268//2083
f 2261//2076 2268//2083 2266//2081
f 2275//2090 2285//2100 2266//2081
f 2275//2090 2266//2081 2268//2083
f 2286//2101 2287//2102 2288//2103
f 2286//2101 2288//2103 2289//2104
f 2290//2105 2291//2106 2287//2102
f 2287//2102 2291//2106 2288//2103
f 2289//2104 2292//2107 2286//2101
f 2290//2105 2293//2108 2291//2106
f 2294//2109 2292//2107 2289//2104
f 2295//2110 2296//2111 2293//2108
f 2295//2110 2293//2108 2290//2105
f 2297//2112 2298//2113 2292//2107
f 2297//2112 2292//2107 2294//2109
f 2281//2096 2280//2095 2296//2111
f 2281//2096 2296//2111 2295//2110
f 2272//2087 2271//2086 2298//2113
f 2272//2087 2298//2113 2297//2112
f 2271//2086 2281//2096 2295//2110
f 2271//2086 2295//2110 2298//2113
f 2298//2113 2295//2110 2290//2105
f 2298//2113 2290//2105 2292//2107
f 2292//2107 2290//2105 2287//2102
f 2292//2107 2287//2102 2286//2101
f 2289//2104 2291//2106 2293//2108
f 2289//2104 2293//2108 2294//2109
f 2294//2109 2293//2108 2296//2111
f 2294//2109 2296//2111 2297//2112
f 2297//2112 2296//2111 2280//2095
f 2297//2112 2280//2095 2272//2087
f 2289//2104 2288//2103 2291//2106
f 2299//2114 2300//2115 2301//2116
f 2299//2114 2301//2116 2302//2117
f 2262//2077 2259//2074 2300//2115
f 2262//2077 2300//2115 2299//2114
f 2302//2117 2301//2116 2303//2118
f 2302//2117 2303//2118 2304//2119
f 2305//2120 2306//2121 2307//2122
f 2305//2120 2307//2122 2308//2123
f 2308//2123 2307//2122 2309//2124
f 2308//2123 2309//2124 2310//2125
f 2258//2073 2263//2078 2306//2121
f 2258//2073 2306//2121 2305//2120
f 2304//2119 2309//2124 2307//2122
f 2304//2119 2307//2122 2302//2117
f 2299//2114 2306//2121 2263//2078
f 2299//2114 2263//2078 2262//2077
f 2302//2117 2307//2122 2306//2121
f 2302//2117 2306//2121 2299//2114
f 2310//2125 2303//2118 2301//2116
f 2310//2125 2301//2116 2308//2123
f 2305//2120 2300//2115 2259//2074
f 2305//2120 2259//2074 2258//2073
f 2308//2123 2301//2116 2300//2115
f 2308//2123 2300//2115 2305//2120
f 2311//2126 2312//2127 2313//2128
f 2311//2126 2313//2128 2314//2129
f 2314//2129 2315//2130 2311//2126
f 2316//2131 2315//2130 2314//2129
f 2312//2127 2317//2132 2313//2128
f 2318//2133 2317//2132 2312//2127
f 2316//2131 2319//2134 2315//2130
f 2320//2135 2321//2136 2317//2132
f 2320//2135 2317//2132 2318//2133
f 2322//2137 2323//2138 2319//2134
f 2322//2137 2319//2134 2316//2131
f 2310//2125 2309//2124 2323//2138
f 2310//2125 2323//2138 2322//2137
f 2304//2119 2303//2118 2321//2136
f 2304//2119 2321//2136 2320//2135
f 2319//2134 2318//2133 2312//2127
f 2319//2134 2312//2127 2315//2130
f 2309//2124 2304//2119 2320//2135
f 2309//2124 2320//2135 2323//2138
f 2323//2138 2320//2135 2318//2133
f 2323//2138 2318//2133 2319//2134
f 2315//2130 2312//2127 2311//2126
f 2316//2131 2317//2132 2321//2136
f 2316//2131 2321//2136 2322//2137
f 2322//2137 2321//2136 2303//2118
f 2322//2137 2303//2118 2310//2125
f 2314//2129 2313//2128 2317//2132
f 2314//2129 2317//2132 2316//2131
f 2178//1993 2207//2022 2183//1998
f 2177//1992 2185//2000 2186//2001
f 2177//1992 2186//2001 2208//2023
f 2228//2043 2247//2062 2233//2048
f 2231//2046 2234//2049 2248//2063
o SEAT-OUTER_SHELL_BOTTOM
v -0.322732 0.403882 0.339414
v -0.313235 0.403919 0.339405
v -0.313908 0.407541 0.322639
v -0.323456 0.407789 0.320664
v -0.314686 0.409878 0.289999
v -0.324230 0.409804 0.287489
v -0.320167 0.390562 0.368927
v -0.310686 0.391478 0.368698
v -0.316387 0.374999 0.391146
v -0.307090 0.377365 0.390554
v -0.299403 0.350641 0.412946
v -0.291127 0.355412 0.411753
v -0.277654 0.325885 0.424372
v -0.271114 0.332731 0.422660
v -0.248701 0.306422 0.429239
v -0.244553 0.314876 0.427125
v -0.202229 0.293331 0.432512
v -0.200127 0.302361 0.430254
v -0.161290 0.286863 0.434130
v -0.160264 0.296063 0.431829
v -0.032147 0.280087 0.435824
v -0.031889 0.289327 0.433513
v -0.315577 0.403849 0.110178
v -0.325100 0.404330 0.109060
v -0.316893 0.434783 0.082958
v -0.326390 0.434081 0.083134
v -0.316893 0.438556 0.074821
v -0.326390 0.437970 0.073987
v -0.325051 0.369213 -0.025963
v -0.315553 0.369228 -0.026121
v -0.326417 0.419123 0.001372
v -0.316933 0.417841 -0.000496
v -0.316893 0.421843 0.005030
v -0.314656 0.296187 -0.159852
v -0.324154 0.297385 -0.157745
v -0.323336 0.281492 -0.176818
v -0.313793 0.280395 -0.177486
v -0.310686 0.249917 -0.197437
v -0.320167 0.249001 -0.197208
v -0.307090 0.228410 -0.205150
v -0.316387 0.226045 -0.204559
v -0.291127 0.200296 -0.208593
v -0.299403 0.195525 -0.207400
v -0.271114 0.175151 -0.207542
v -0.277654 0.168305 -0.205830
v -0.244553 0.157296 -0.203077
v -0.248701 0.148842 -0.200964
v -0.200127 0.144781 -0.199948
v -0.202229 0.135751 -0.197690
v -0.160264 0.138483 -0.198373
v -0.161290 0.129283 -0.196073
v -0.031889 0.131747 -0.196689
v -0.032147 0.122506 -0.194379
v 0.031889 0.131747 -0.196689
v 0.313840 0.281499 -0.176826
v 0.313235 0.403919 0.339405
v 0.313959 0.407825 0.320655
v 0.323405 0.407504 0.322648
v 0.324153 0.296215 -0.159805
v 0.324182 0.409841 0.289998
v 0.323251 0.279989 -0.177843
v 0.322732 0.403882 0.339414
v 0.032147 0.280087 0.435824
v 0.032147 0.122506 -0.194379
v 0.161290 0.129283 -0.196073
v 0.161290 0.286863 0.434130
v 0.031889 0.289327 0.433513
v 0.160264 0.138483 -0.198373
v 0.160264 0.296063 0.431829
v 0.200127 0.302361 0.430254
v 0.200127 0.144781 -0.199948
v 0.244553 0.157296 -0.203077
v 0.244553 0.314876 0.427125
v 0.271114 0.332731 0.422660
v 0.271114 0.175151 -0.207542
v 0.291127 0.200296 -0.208593
v 0.291127 0.355412 0.411753
v 0.307090 0.377365 0.390554
v 0.307090 0.228410 -0.205150
v 0.314659 0.297381 -0.157757
v 0.314733 0.409841 0.287494
v 0.310686 0.249917 -0.197437
v 0.310686 0.391478 0.368698
v 0.320167 0.390562 0.368927
v 0.320167 0.249001 -0.197208
v 0.248701 0.306422 0.429239
v 0.248701 0.148842 -0.200964
v 0.277654 0.168305 -0.205830
v 0.277654 0.325885 0.424372
v 0.299403 0.350641 0.412946
v 0.299403 0.195525 -0.207400
v 0.316387 0.226045 -0.204559
v 0.316387 0.374999 0.391146
v 0.202229 0.135751 -0.197690
v 0.202229 0.293331 0.432512
v 0.325073 0.403801 0.110232
v 0.315521 0.403447 0.112394
v 0.315554 0.369249 -0.025972
v 0.325048 0.369131 -0.026174
v 0.315749 0.406527 0.106388
v 0.316893 0.434783 0.082958
v 0.316919 0.419786 0.001142
v 0.326432 0.417139 -0.000321
v 0.326390 0.434081 0.083134
v 0.316893 0.438672 0.073811
v 0.326390 0.421141 0.005205
v 0.326390 0.437854 0.074997
vn -0.7224 0.6420 0.2568
vn 0.6390 0.7425 0.2008
vn 0.6601 0.7458 0.0901
vn -0.7208 0.6843 0.1103
vn 0.6647 0.7471 0.0042
vn -0.7260 0.6875 0.0170
vn -0.7510 0.5302 0.3935
vn 0.5987 0.7332 0.3223
vn -0.7814 0.2446 0.5740
vn 0.4419 0.7822 0.4393
vn -0.6816 -0.0412 0.7305
vn 0.4136 0.7235 0.5527
vn -0.5254 -0.3115 0.7918
vn 0.3968 0.6914 0.6037
vn -0.3181 -0.4851 0.8146
vn 0.2866 0.7649 0.5769
vn -0.1586 -0.5133 0.8434
vn 0.1526 0.8307 0.5355
vn -0.0773 -0.5246 0.8478
vn 0.0747 0.8445 0.5304
vn -0.0193 -0.5215 0.8531
vn 0.0189 0.8528 0.5220
vn 0.8115 0.5493 0.1995
vn -0.8235 0.5044 0.2595
vn 0.6347 0.6287 0.4493
vn -0.6894 0.5716 0.4450
vn 0.6167 0.7826 0.0845
vn -0.6677 0.7428 0.0492
vn -0.7883 0.4223 -0.4474
vn 0.7678 0.4590 -0.4470
vn -0.6802 0.5645 -0.4675
vn 0.6248 0.5040 -0.5964
vn 0.6292 0.7187 -0.2959
vn 0.6489 0.6299 -0.4267
vn -0.7169 0.5737 -0.3962
vn -0.7048 0.4384 -0.5578
vn 0.6467 0.5214 -0.5567
vn 0.6067 0.4174 -0.6766
vn -0.7416 0.2045 -0.6390
vn 0.4856 0.3758 -0.7893
vn -0.7582 -0.1522 -0.6340
vn 0.4599 0.3427 -0.8192
vn -0.6656 -0.4352 -0.6063
vn 0.4010 0.3242 -0.8568
vn -0.5239 -0.6503 -0.5502
vn 0.2866 0.4034 -0.8690
vn -0.3181 -0.8114 -0.4904
vn 0.1526 0.4809 -0.8634
vn -0.1586 -0.8499 -0.5026
vn 0.0747 0.4954 -0.8654
vn -0.0773 -0.8619 -0.5011
vn 0.0189 0.5067 -0.8619
vn -0.0193 -0.8616 -0.5072
vn -0.0189 0.5067 -0.8619
vn -0.6287 0.5413 -0.5583
vn -0.6415 0.7425 0.1928
vn -0.6601 0.7473 0.0766
vn 0.7218 0.6807 0.1253
vn 0.7040 0.5687 -0.4253
vn 0.7203 0.6930 0.0290
vn 0.7170 0.4035 -0.5684
vn 0.7249 0.6415 0.2509
vn 0.0193 -0.5215 0.8531
vn 0.0193 -0.8616 -0.5072
vn 0.0773 -0.8619 -0.5011
vn 0.0773 -0.5246 0.8478
vn -0.0189 0.8528 0.5220
vn -0.0747 0.4955 -0.8654
vn -0.0747 0.8445 0.5304
vn -0.1526 0.8307 0.5355
vn -0.1526 0.4809 -0.8634
vn -0.2866 0.4034 -0.8690
vn -0.2866 0.7649 0.5769
vn -0.4010 0.6893 0.6034
vn -0.3968 0.3259 -0.8581
vn -0.4546 0.3429 -0.8220
vn -0.4210 0.7202 0.5514
vn -0.4501 0.7807 0.4334
vn -0.4786 0.3753 -0.7938
vn -0.6651 0.6320 -0.3978
vn -0.6698 0.7425 -0.0077
vn -0.6013 0.4145 -0.6832
vn -0.6052 0.7311 0.3151
vn 0.7569 0.5260 0.3878
vn 0.7364 0.2039 -0.6451
vn 0.3181 -0.4851 0.8146
vn 0.3181 -0.8114 -0.4904
vn 0.5254 -0.6475 -0.5520
vn 0.5239 -0.3148 0.7915
vn 0.6814 -0.0501 0.7302
vn 0.6649 -0.4303 -0.6106
vn 0.7544 -0.1471 -0.6397
vn 0.7861 0.2366 0.5709
vn 0.1586 -0.8499 -0.5026
vn 0.1586 -0.5133 0.8434
vn 0.8071 0.5413 0.2358
vn -0.7608 0.6399 0.1076
vn -0.7725 0.4544 -0.4435
vn 0.7815 0.4332 -0.4490
vn -0.7544 0.5154 0.4064
vn -0.6328 0.6280 0.4530
vn -0.6068 0.6253 -0.4907
vn 0.6899 0.4447 -0.5712
vn 0.6871 0.5652 0.4565
vn -0.6135 0.7884 0.0450
vn 0.6730 0.6848 -0.2796
vn 0.6691 0.7380 0.0880
s 1
usemtl SEAT-OUTER_SHELL_BOTTOM
f 2324//2139 2325//2140 2326//2141
f 2324//2139 2326//2141 2327//2142
f 2327//2142 2326//2141 2328//2143
f 2327//2142 2328//2143 2329//2144
f 2325//2140 2324//2139 2330//2145
f 2325//2140 2330//2145 2331//2146
f 2331//2146 2330//2145 2332//2147
f 2331//2146 2332//2147 2333//2148
f 2333//2148 2332//2147 2334//2149
f 2333//2148 2334//2149 2335//2150
f 2335//2150 2334//2149 2336//2151
f 2335//2150 2336//2151 2337//2152
f 2337//2152 2336//2151 2338//2153
f 2337//2152 2338//2153 2339//2154
f 2339//2154 2338//2153 2340//2155
f 2339//2154 2340//2155 2341//2156
f 2341//2156 2340//2155 2342//2157
f 2341//2156 2342//2157 2343//2158
f 2343//2158 2342//2157 2344//2159
f 2343//2158 2344//2159 2345//2160
f 2329//2144 2328//2143 2346//2161
f 2329//2144 2346//2161 2347//2162
f 2347//2162 2346//2161 2348//2163
f 2347//2162 2348//2163 2349//2164
f 2349//2164 2348//2163 2350//2165
f 2349//2164 2350//2165 2351//2166
f 2355//2170 2354//2169 2356//2171
f 2356//2171 2354//2169 2351//2166
f 2356//2171 2351//2166 2350//2165
f 2355//2170 2353//2168 2352//2167
f 2355//2170 2352//2167 2354//2169
f 2352//2167 2353//2168 2357//2172
f 2352//2167 2357//2172 2358//2173
f 2358//2173 2357//2172 2359//2174
f 2359//2174 2357//2172 2360//2175
f 2359//2174 2360//2175 2361//2176
f 2359//2174 2361//2176 2362//2177
f 2362//2177 2361//2176 2363//2178
f 2362//2177 2363//2178 2364//2179
f 2364//2179 2363//2178 2365//2180
f 2364//2179 2365//2180 2366//2181
f 2366//2181 2365//2180 2367//2182
f 2366//2181 2367//2182 2368//2183
f 2368//2183 2367//2182 2369//2184
f 2368//2183 2369//2184 2370//2185
f 2370//2185 2369//2184 2371//2186
f 2370//2185 2371//2186 2372//2187
f 2372//2187 2371//2186 2373//2188
f 2372//2187 2373//2188 2374//2189
f 2374//2189 2373//2188 2375//2190
f 2374//2189 2375//2190 2376//2191
f 2376//2191 2375//2190 2377//2192
f 2351//2166 2354//2169 2349//2164
f 2349//2164 2354//2169 2352//2167
f 2349//2164 2352//2167 2347//2162
f 2346//2161 2353//2168 2355//2170
f 2346//2161 2355//2170 2348//2163
f 2348//2163 2355//2170 2350//2165
f 2350//2165 2355//2170 2356//2171
f 2345//2160 2377//2192 2375//2190
f 2345//2160 2375//2190 2373//2188
f 2345//2160 2373//2188 2343//2158
f 2343//2158 2373//2188 2371//2186
f 2343//2158 2371//2186 2341//2156
f 2341//2156 2371//2186 2369//2184
f 2341//2156 2369//2184 2339//2154
f 2339//2154 2369//2184 2367//2182
f 2339//2154 2367//2182 2337//2152
f 2337//2152 2367//2182 2365//2180
f 2337//2152 2365//2180 2335//2150
f 2335//2150 2365//2180 2363//2178
f 2335//2150 2363//2178 2333//2148
f 2333//2148 2363//2178 2361//2176
f 2333//2148 2361//2176 2331//2146
f 2376//2191 2344//2159 2342//2157
f 2376//2191 2342//2157 2374//2189
f 2374//2189 2342//2157 2340//2155
f 2374//2189 2340//2155 2372//2187
f 2372//2187 2340//2155 2338//2153
f 2372//2187 2338//2153 2370//2185
f 2370//2185 2338//2153 2336//2151
f 2370//2185 2336//2151 2368//2183
f 2368//2183 2336//2151 2334//2149
f 2368//2183 2334//2149 2366//2181
f 2366//2181 2334//2149 2332//2147
f 2366//2181 2332//2147 2364//2179
f 2364//2179 2332//2147 2330//2145
f 2364//2179 2330//2145 2362//2177
f 2362//2177 2330//2145 2324//2139
f 2362//2177 2324//2139 2359//2174
f 2331//2146 2361//2176 2360//2175
f 2331//2146 2360//2175 2325//2140
f 2325//2140 2360//2175 2326//2141
f 2326//2141 2360//2175 2357//2172
f 2326//2141 2357//2172 2328//2143
f 2359//2174 2324//2139 2327//2142
f 2359//2174 2327//2142 2329//2144
f 2359//2174 2329//2144 2358//2173
f 2378//2193 2379//2194 2380//2195
f 2381//2196 2382//2197 2383//2198
f 2381//2196 2384//2199 2382//2197
f 2385//2200 2384//2199 2381//2196
f 2386//2201 2387//2202 2388//2203
f 2386//2201 2388//2203 2389//2204
f 2344//2159 2376//2191 2387//2202
f 2344//2159 2387//2202 2386//2201
f 2377//2192 2345//2160 2390//2205
f 2391//2206 2392//2207 2393//2208
f 2391//2206 2393//2208 2394//2209
f 2395//2210 2396//2211 2397//2212
f 2395//2210 2397//2212 2398//2213
f 2399//2214 2400//2215 2401//2216
f 2399//2214 2401//2216 2402//2217
f 2405//2220 2406//2221 2379//2194
f 2405//2220 2379//2194 2378//2193
f 2378//2193 2380//2195 2404//2219
f 2378//2193 2404//2219 2403//2218
f 2394//2209 2393//2208 2396//2211
f 2394//2209 2396//2211 2395//2210
f 2377//2192 2390//2205 2392//2207
f 2377//2192 2392//2207 2391//2206
f 2402//2217 2401//2216 2406//2221
f 2402//2217 2406//2221 2405//2220
f 2398//2213 2397//2212 2400//2215
f 2398//2213 2400//2215 2399//2214
f 2407//2222 2408//2223 2384//2199
f 2407//2222 2384//2199 2385//2200
f 2409//2224 2410//2225 2411//2226
f 2409//2224 2411//2226 2412//2227
f 2413//2228 2414//2229 2415//2230
f 2413//2228 2415//2230 2416//2231
f 2389//2204 2388//2203 2417//2232
f 2389//2204 2417//2232 2418//2233
f 2404//2219 2383//2198 2419//2234
f 2404//2219 2419//2234 2420//2235
f 2416//2231 2415//2230 2408//2223
f 2416//2231 2408//2223 2407//2222
f 2412//2227 2411//2226 2414//2229
f 2412//2227 2414//2229 2413//2228
f 2418//2233 2417//2232 2410//2225
f 2418//2233 2410//2225 2409//2224
f 2379//2194 2385//2200 2381//2196
f 2379//2194 2381//2196 2380//2195
f 2418//2233 2393//2208 2392//2207
f 2418//2233 2392//2207 2389//2204
f 2416//2231 2401//2216 2400//2215
f 2416//2231 2400//2215 2413//2228
f 2412//2227 2397//2212 2396//2211
f 2412//2227 2396//2211 2409//2224
f 2413//2228 2400//2215 2397//2212
f 2413//2228 2397//2212 2412//2227
f 2409//2224 2396//2211 2393//2208
f 2409//2224 2393//2208 2418//2233
f 2407//2222 2406//2221 2401//2216
f 2407//2222 2401//2216 2416//2231
f 2385//2200 2379//2194 2406//2221
f 2385//2200 2406//2221 2407//2222
f 2389//2204 2392//2207 2390//2205
f 2389//2204 2390//2205 2386//2201
f 2386//2201 2390//2205 2345//2160
f 2386//2201 2345//2160 2344//2159
f 2380//2195 2381//2196 2383//2198
f 2380//2195 2383//2198 2404//2219
f 2394//2209 2417//2232 2388//2203
f 2394//2209 2388//2203 2391//2206
f 2402//2217 2415//2230 2414//2229
f 2402//2217 2414//2229 2399//2214
f 2398//2213 2411//2226 2410//2225
f 2398//2213 2410//2225 2395//2210
f 2399//2214 2414//2229 2411//2226
f 2399//2214 2411//2226 2398//2213
f 2395//2210 2410//2225 2417//2232
f 2395//2210 2417//2232 2394//2209
f 2405//2220 2408//2223 2415//2230
f 2405//2220 2415//2230 2402//2217
f 2378//2193 2384//2199 2408//2223
f 2378//2193 2408//2223 2405//2220
f 2391//2206 2388//2203 2387//2202
f 2391//2206 2387//2202 2377//2192
f 2377//2192 2387//2202 2376//2191
f 2421//2236 2422//2237 2382//2197
f 2421//2236 2382//2197 2403//2218
f 2421//2236 2423//2238 2424//2239
f 2421//2236 2424//2239 2425//2240
f 2421//2236 2420//2235 2423//2238
f 2426//2241 2427//2242 2419//2234
f 2426//2241 2419//2234 2422//2237
f 2421//2236 2425//2240 2426//2241
f 2421//2236 2426//2241 2422//2237
f 2425//2240 2424//2239 2428//2243
f 2429//2244 2430//2245 2426//2241
f 2426//2241 2430//2245 2427//2242
f 2429//2244 2425//2240 2428//2243
f 2429//2244 2428//2243 2430//2245
f 2423//2238 2419//2234 2427//2242
f 2423//2238 2427//2242 2424//2239
f 2420//2235 2419//2234 2423//2238
f 2424//2239 2427//2242 2430//2245
f 2424//2239 2430//2245 2428//2243
f 2426//2241 2425//2240 2429//2244
f 2403//2218 2382//2197 2378//2193
f 2378//2193 2382//2197 2384//2199
f 2404//2219 2420//2235 2421//2236
f 2404//2219 2421//2236 2403//2218
f 2382//2197 2422//2237 2419//2234
f 2382//2197 2419//2234 2383//2198
f 2357//2172 2353//2168 2346//2161
f 2357//2172 2346//2161 2328//2143
f 2329//2144 2347//2162 2352//2167
f 2329//2144 2352//2167 2358//2173
