# Blender 5.2.0 LTS
# www.blender.org
mtllib LuvaCornerLow.mtl
o SEAT-FABRIC
v -1.052102 0.392733 -1.049678
v -1.179756 0.385022 -1.032732
v -1.044645 0.392954 -0.763819
v -1.242283 0.021358 -1.163427
v -0.720404 0.019079 -1.192519
v -1.197645 0.020340 -0.610197
v -0.762639 0.392739 -0.764757
v -0.772354 0.393100 -1.048663
v -0.711112 0.032959 -0.490674
v -1.015494 0.038025 -0.476630
v -1.085386 0.296489 -0.460942
v -0.909630 0.277345 -0.446995
v -0.911365 0.314324 -0.469616
v -1.032939 0.034088 -1.330211
v -0.721454 0.030804 -1.318985
v -0.724588 0.298173 -1.352127
v -0.906495 0.276587 -1.367974
v -0.902922 0.314324 -1.345054
v -0.551407 0.190102 -1.336424
v -0.605922 0.182453 -1.359870
v -0.433287 0.221321 -0.779577
v -0.431201 0.164612 -0.776064
v -0.434803 0.220586 -1.058402
v -0.702214 0.104903 -0.445596
v -0.778648 0.083219 -0.447223
v -1.096862 0.262970 -0.447147
v -1.027540 0.221655 -0.433275
v -1.381002 0.221321 -1.035092
v -1.383088 0.164614 -1.038607
v -1.379486 0.220585 -0.756270
v -1.366148 0.077792 -0.906405
v -1.354698 0.059556 -1.049997
v -0.787483 0.221367 -1.381533
v -1.054311 0.164784 -1.382059
v -1.058802 0.223457 -1.379194
v -0.732150 0.305424 -0.466119
v -0.484895 0.326818 -0.739120
v -0.460727 0.296488 -0.729104
v -0.469290 0.313880 -1.022489
v -1.329393 0.326818 -1.075551
v -1.353562 0.296488 -1.085567
v -1.344999 0.313880 -0.792182
v -1.314155 0.194285 -1.294746
v -1.336245 0.190104 -1.263063
v -1.344029 0.227632 -1.240130
v -1.350848 0.103713 -0.611453
v -1.358989 0.163181 -0.606122
v -0.691198 0.018846 -0.670430
v -0.806482 0.344220 -1.311523
v -1.016562 0.364931 -1.269252
v -0.760101 0.369459 -1.252041
v -0.535768 0.361225 -0.767810
v -0.498275 0.340460 -1.020237
v -0.547268 0.365721 -1.022212
v -1.311407 0.151314 -0.517582
v -1.278521 0.361225 -1.046861
v -1.316013 0.340460 -0.794434
v -1.267020 0.365721 -0.792457
v -0.484862 0.138368 -0.544603
v -0.478044 0.190104 -0.551607
v -0.500134 0.194284 -0.519923
v -0.629099 0.313405 -0.491792
v -0.618029 0.277259 -0.470563
v -0.795375 0.058952 -1.356469
v -0.782808 0.042908 -1.343543
v -1.307333 0.329291 -1.179521
v -1.326970 0.307082 -1.190429
v -1.082137 0.305423 -1.348552
v -1.329427 0.138371 -1.270068
v -0.502882 0.151312 -1.297087
v -0.544704 0.349726 -1.191720
v -0.536258 0.329243 -1.241711
v -0.493847 0.031557 -1.092301
v -0.483091 0.033888 -0.779980
v -0.557671 0.067365 -1.309189
v -0.603807 0.077478 -1.337085
v -0.537581 0.050822 -0.534918
v -0.496942 0.097766 -0.542847
v -0.553564 0.022247 -1.115737
v -1.028665 0.053393 -0.461809
v -1.262881 0.190104 -0.478246
v -1.208365 0.182454 -0.454800
v -1.007806 0.344220 -0.503147
v -0.797727 0.364931 -0.545418
v -1.054188 0.369459 -0.562629
v -1.269584 0.349726 -0.622949
v -1.278031 0.329243 -0.572959
v -0.572752 0.329243 -0.536467
v -0.905114 0.385167 -0.631312
v -0.698614 0.380171 -0.618671
v -1.133592 0.141600 -1.373460
v -1.203025 0.103713 -1.351039
v -1.208361 0.163179 -1.359172
v -1.239476 0.052483 -1.308313
v -1.241537 0.329243 -1.278203
v -1.115674 0.380171 -1.195999
v -0.494052 0.059139 -1.226851
v -0.492708 0.097258 -1.263999
v -0.463442 0.103709 -1.203216
v -0.455300 0.163178 -1.208548
v -1.320239 0.059142 -0.587818
v -1.321582 0.097262 -0.550672
v -1.256619 0.067369 -0.505479
v -1.210482 0.077480 -0.477584
v -1.270598 0.237839 -1.325986
v -1.207355 0.221819 -1.356958
v -1.185189 0.313405 -1.322878
v -1.196261 0.277258 -1.344107
v -0.506956 0.329291 -0.635150
v -0.487319 0.307083 -0.624242
v -0.470260 0.227633 -0.574540
v -0.821677 0.153613 -0.431215
v -0.986012 0.126690 -0.434584
v -0.543691 0.237840 -0.488684
v -0.606934 0.221820 -0.457712
v -0.724993 0.050036 -0.468046
v -0.611265 0.103710 -0.463632
v -1.348811 0.048513 -0.769934
v -1.336659 0.049211 -0.663485
v -0.767651 0.193858 -1.382388
v -1.239953 0.227632 -0.470468
v -1.226385 0.333165 -0.532785
v -1.179343 0.329291 -0.507166
v -0.574336 0.227633 -1.344202
v -0.587904 0.333165 -1.281885
v -0.634946 0.329292 -1.307503
v -1.367355 0.262970 -1.097045
v -1.346903 0.275765 -1.186603
v -1.368066 0.225742 -1.156314
v -1.276708 0.050823 -1.279753
v -1.331199 0.033888 -1.034693
v -1.261273 0.022298 -0.698728
v -0.459593 0.059552 -0.764675
v -0.448142 0.077788 -0.908266
v -0.505291 0.067365 -0.557861
v -0.504538 0.292959 -1.253711
v -0.491579 0.313405 -1.185365
v -0.435293 0.162463 -1.101785
v -0.442365 0.221688 -1.133644
v -1.378995 0.162465 -0.712884
v -1.371924 0.221687 -0.681026
v -1.309751 0.292958 -0.560958
v -1.322710 0.313405 -0.629304
v -0.668729 0.350698 -1.284468
v -0.628648 0.383393 -1.063608
v -0.594687 0.365641 -0.612423
v -0.600334 0.355317 -0.570416
v -0.595119 0.047426 -1.313491
v -0.667118 0.058491 -1.343455
v -1.096383 0.026858 -0.511984
v -0.550482 0.097258 -0.492898
v -0.621328 0.059232 -0.481882
v -0.574813 0.052481 -0.506358
v -1.204182 0.032054 -0.519980
v -1.147172 0.058495 -0.471212
v -1.365726 0.104804 -1.133395
v -1.343261 0.058479 -1.147339
v -1.313301 0.047428 -1.219362
v -0.477631 0.049210 -1.151183
v -0.465479 0.048512 -1.044734
v -0.825556 0.151086 -1.383370
v -1.185641 0.383393 -0.751062
v -1.145561 0.350698 -0.530203
v -1.090094 0.078357 -1.362284
v -1.219602 0.365641 -1.202248
v -1.213955 0.355317 -1.244254
v -0.760504 0.197350 -0.432912
v -1.296901 0.151313 -1.311594
v -1.317347 0.097769 -1.271824
v -1.263204 0.190291 -1.336228
v -0.443631 0.179313 -0.651961
v -0.446934 0.262972 -0.717627
v -0.467386 0.275766 -0.628068
v -0.446223 0.225744 -0.658354
v -1.208082 0.131119 -0.458844
v -1.090889 0.102755 -0.443625
v -0.564829 0.032604 -1.269269
v -0.511466 0.034174 -1.200477
v -0.610107 0.032054 -1.294690
v -1.320441 0.031557 -0.722368
v -1.249461 0.032604 -0.545400
v -1.302824 0.034175 -0.614194
v -0.516080 0.251706 -1.298506
v -0.544066 0.303173 -1.288530
v -0.556092 0.268863 -1.321942
v -0.571387 0.297370 -1.311859
v -1.270223 0.303172 -0.526140
v -1.258198 0.268862 -0.492728
v -1.242901 0.297369 -0.502810
v -1.298209 0.251705 -0.516163
v -1.370657 0.179314 -1.162709
v -1.357983 0.150728 -1.209588
v -1.345000 0.093438 -1.211659
v -1.343317 0.303501 -0.683564
v -1.365606 0.280935 -0.803876
v -0.448682 0.280935 -1.010799
v -0.470973 0.303502 -1.131108
v -0.471029 0.058476 -0.667333
v -0.448564 0.104800 -0.681274
v -0.456306 0.150725 -0.605081
v -0.469289 0.093435 -0.603012
v -1.190254 0.307083 -0.487533
v -1.075368 0.326818 -0.485108
v -0.909173 0.385167 -1.183358
v -0.634533 0.385022 -0.781938
v -1.025210 0.109863 -1.376422
v -0.723400 0.102751 -1.371044
v -0.663384 0.025871 -0.524950
v -0.571519 0.032676 -0.539633
v -1.288360 0.303172 -1.270393
v -1.311691 0.297368 -1.243074
v -0.525929 0.303172 -0.544277
v -0.502598 0.297369 -0.571596
v -0.738920 0.326818 -1.329562
v -0.551085 0.190290 -0.478442
v -0.605928 0.163177 -0.455498
v -0.517388 0.151311 -0.503077
v -0.488476 0.237841 -1.270773
v -0.446269 0.262811 -1.090858
v -1.325813 0.237840 -0.543897
v -1.368021 0.262807 -0.723809
v -1.255394 0.364818 -0.687732
v -1.193937 0.374384 -0.641062
v -0.500988 0.047427 -0.595309
v -0.558501 0.022895 -0.647981
v -0.524967 0.032721 -0.594729
v -1.334967 0.139389 -0.554780
v -0.479322 0.139386 -1.259890
v -0.595602 0.359765 -1.227510
v -0.620352 0.374384 -1.173608
v -0.558895 0.364819 -1.126938
v -0.529996 0.350698 -0.668928
v -1.284293 0.350698 -1.145741
v -1.288127 0.059306 -0.538851
v -1.271632 0.097769 -0.497131
v -1.150845 0.025843 -1.289601
v -1.242770 0.032676 -1.275037
v -1.289298 0.032711 -1.219944
v -1.133463 0.221685 -1.372097
v -1.309000 0.067368 -1.256810
v -1.156134 0.225741 -0.446431
v -1.117004 0.164951 -0.437693
v -0.680826 0.221686 -0.442573
v -0.694936 0.163032 -0.438004
v -0.629191 0.041543 -0.495629
v -1.186425 0.275766 -0.467599
v -1.192962 0.059235 -1.332789
v -1.263807 0.097261 -1.321773
v -1.259701 0.139388 -1.335155
v -0.654471 0.096323 -1.358853
v -0.697285 0.164950 -1.376977
v -0.606208 0.131116 -1.355826
v -0.624036 0.307083 -1.327137
v -0.720137 0.265025 -1.367232
v -0.627864 0.275766 -1.347071
v -0.658154 0.225743 -1.368238
v -0.478240 0.190292 -1.263385
v -0.457504 0.221821 -1.207534
v -1.356784 0.221821 -0.607135
v -1.336049 0.190294 -0.551285
v -1.303465 0.338412 -0.663003
v -0.510824 0.338412 -1.151667
v -1.094550 0.272768 -1.364480
v -1.049557 0.333213 -1.324337
v -1.154361 0.339418 -1.301581
v -0.691960 0.276479 -0.455658
v -0.764733 0.333213 -0.490333
v -0.659928 0.339418 -0.513090
v -0.705586 0.385063 -1.154166
v -0.689044 0.373757 -1.224373
v -0.542657 0.097767 -1.317538
v -0.620116 0.023734 -1.257385
v -1.170474 0.037561 -1.318945
v -1.117000 0.036984 -0.486647
v -1.108703 0.385063 -0.660504
v -1.321773 0.268861 -1.258371
v -0.492516 0.268863 -0.556300
v -0.761254 0.252113 -0.440811
v -0.440809 0.105265 -0.758043
v -0.439032 0.107580 -1.039950
v -0.448559 0.104339 -1.131885
v -1.365731 0.104343 -0.682785
v -1.373480 0.105269 -1.056629
v -1.375257 0.107583 -0.774719
v -1.322766 0.034838 -1.134923
v -0.491483 0.034863 -0.679770
v -0.670661 0.040917 -1.328877
v -0.554588 0.139385 -0.479515
v -1.218687 0.359765 -0.587160
v -1.159818 0.096326 -0.455816
v -1.186216 0.044602 -0.491977
v -1.343951 0.274706 -0.614874
v -0.470338 0.274707 -1.199795
v -0.515955 0.251707 -0.516289
v -1.298334 0.251705 -1.298381
v -1.081389 0.047875 -1.345089
v -0.544410 0.138368 -1.329614
v -0.519722 0.194283 -1.314335
v -1.269880 0.138371 -0.485056
v -1.294566 0.194284 -0.500335
v -1.253541 0.292958 -1.309919
v -0.560749 0.292959 -0.504751
v -1.296770 0.043870 -0.572354
v -1.249042 0.047294 -0.517666
v -0.535252 0.052348 -1.279033
v -0.517520 0.043869 -1.242316
v -0.677242 0.360336 -0.549880
v -1.137047 0.360336 -1.264790
v -1.048687 0.192714 -0.432371
v -1.125245 0.373757 -0.590297
v -0.532575 0.333165 -0.588110
v -1.281713 0.333165 -1.226560
v -0.590061 0.373364 -0.684875
v -1.224228 0.373364 -1.129794
v 0.170181 0.374512 -0.544057
v 0.262250 0.350550 -0.509469
v 0.290933 0.366888 -0.577977
v 0.303372 0.017844 -0.515510
v -0.316412 0.017556 -1.223882
v 0.330066 0.018133 -1.237306
v 0.047159 0.360719 -0.969552
v -0.049388 0.330283 -1.069553
v -0.146086 0.363571 -0.944739
v -0.330370 0.018506 -0.535129
v 0.290167 0.473715 -0.962049
v 0.197805 0.539119 -0.959379
v 0.092315 0.491429 -0.933393
v -0.002622 0.356535 -1.082524
v -0.057165 0.481522 -1.130625
v -0.102316 0.334368 -1.459158
v -0.029243 0.470289 -1.447836
v -0.031089 0.449897 -1.124750
v -0.292136 0.481260 -1.138734
v -0.370965 0.373266 -1.104294
v 0.186856 0.434516 -1.433309
v 0.131481 0.327262 -1.071265
v -0.476487 0.176418 -0.864454
v -0.454455 0.065557 -1.011803
v -0.465584 0.090449 -0.757111
v -0.471800 0.327689 -1.229136
v 0.259441 0.456273 -1.413055
v 0.102899 0.329300 -1.458815
v 0.475023 0.176418 -0.858740
v 0.475917 0.183862 -0.980403
v 0.317652 0.407129 -1.396263
v -0.300086 0.365026 -0.973077
v -0.115131 0.376520 -0.948020
v -0.298391 0.391831 -0.965739
v -0.242652 0.350557 -1.095023
v -0.476847 0.166933 -0.767611
v -0.475164 0.220101 -0.722565
v -0.106040 0.147383 -0.399977
v -0.085434 0.103828 -0.408832
v 0.070445 0.716086 -1.136585
v 0.237573 0.703188 -1.144570
v 0.071342 0.722551 -1.207572
v -0.424666 0.602112 -1.142504
v -0.437212 0.545124 -1.093737
v 0.445276 0.298268 -0.796232
v 0.438221 0.308265 -0.681891
v 0.212668 0.068445 -0.429844
v 0.173510 0.136164 -0.404960
v -0.430762 0.601492 -1.258726
v -0.438197 0.568533 -1.280816
v -0.428458 0.630612 -1.207574
v -0.429955 0.596595 -1.282233
v 0.429143 0.598802 -1.295764
v 0.457205 0.427709 -1.284671
v 0.418680 0.582226 -1.319437
v 0.332795 0.682924 -1.262188
v 0.423890 0.034842 -1.122743
v 0.435958 0.043506 -0.714086
v 0.389589 0.024349 -0.619538
v 0.368072 0.086749 -0.471387
v -0.394076 0.464265 -1.115751
v -0.360831 0.385108 -1.086057
v -0.393950 0.406256 -1.065948
v -0.218118 0.333901 -1.003725
v -0.219269 0.327709 -1.059053
v 0.470808 0.199414 -1.169980
v 0.470085 0.421923 -1.197232
v 0.460442 0.448733 -1.175729
v 0.470640 0.250674 -1.113611
v 0.450548 0.532635 -1.239060
v 0.423965 0.464118 -1.062582
v 0.411690 0.469236 -1.092607
v 0.430100 0.515246 -1.095367
v -0.239342 0.031582 -1.318990
v -0.105407 0.044679 -1.362153
v -0.069885 0.028465 -1.333856
v -0.395591 0.270065 -1.352216
v -0.312768 0.449643 -1.397150
v -0.319663 0.277497 -1.397998
v -0.449388 0.199500 -0.548009
v -0.426706 0.198328 -0.506270
v -0.435105 0.259167 -0.548118
v 0.189262 0.355374 -0.954087
v 0.312993 0.316305 -1.045380
v 0.417263 0.329240 -0.773165
v -0.154298 0.337994 -0.466305
v -0.041007 0.365551 -0.503441
v -0.403275 0.241873 -0.491357
v -0.364003 0.235532 -0.456845
v -0.345380 0.282809 -0.464916
v -0.178730 0.543198 -1.420741
v -0.397417 0.639733 -1.298435
v -0.392038 0.661391 -1.262330
v -0.329574 0.678758 -1.282534
v 0.231485 0.655792 -1.033608
v 0.069888 0.662943 -1.017807
v -0.063595 0.594549 -0.964757
v -0.217985 0.618351 -1.002348
v -0.245381 0.543497 -0.973796
v 0.238401 0.344066 -1.086987
v -0.005472 0.347382 -0.997799
v -0.398598 0.302398 -1.028302
v -0.323764 0.324502 -1.002580
v -0.350864 0.487048 -1.146615
v 0.434967 0.218837 -1.308308
v 0.458489 0.229596 -1.265701
v 0.404336 0.421338 -1.024786
v 0.415976 0.462389 -1.021258
v 0.302720 0.349300 -0.977752
v 0.274761 0.334805 -0.995413
v 0.427928 0.604626 -1.132137
v 0.427730 0.620003 -1.113681
v 0.437251 0.544175 -1.074585
v 0.235237 0.685614 -1.083870
v 0.070027 0.696070 -1.071916
v 0.330975 0.323178 -0.498835
v 0.362159 0.335670 -0.554947
v 0.325780 0.109481 -0.439586
v 0.264881 0.120926 -0.420952
v -0.471278 0.218107 -1.127915
v -0.475765 0.181741 -0.988420
v -0.430078 0.358411 -1.117186
v -0.311255 0.156123 -0.428705
v -0.233652 0.126195 -0.416024
v -0.369059 0.054093 -0.493421
v -0.320556 0.060951 -0.459398
v -0.386399 0.314594 -0.950985
v -0.292038 0.363557 -0.565822
v -0.366045 0.336214 -0.559201
v 0.330141 0.329336 -0.962791
v 0.409328 0.298204 -1.010884
v 0.362741 0.309895 -1.059256
v 0.395663 0.503269 -1.156887
v -0.431086 0.485485 -1.081878
v -0.330745 0.466103 -0.976832
v -0.270549 0.433414 -0.959909
v 0.434814 0.445839 -1.321989
v 0.455523 0.314429 -1.292586
v 0.420274 0.313434 -1.337909
v -0.003223 0.577506 -1.148944
v 0.008126 0.580175 -1.186612
v 0.427800 0.601607 -1.201364
v 0.415586 0.593212 -1.155100
v -0.098123 0.631728 -1.401349
v -0.243428 0.620193 -1.385021
v 0.171511 0.648541 -1.378114
v 0.027267 0.653209 -1.391805
v 0.038655 0.677727 -1.365955
v 0.382478 0.203865 -0.462114
v 0.384641 0.138085 -0.466336
v 0.474183 0.163657 -0.757748
v 0.472236 0.208573 -0.679436
v -0.387928 0.146134 -1.326957
v -0.311308 0.138580 -1.375210
v -0.379308 0.065672 -1.289272
v -0.449749 0.057222 -0.711600
v 0.117939 0.078503 -1.394254
v 0.112819 0.134371 -1.426301
v 0.245576 0.138036 -1.400195
v 0.392255 0.144195 -1.323150
v 0.383280 0.064819 -1.284504
v 0.313141 0.084598 -1.346493
v -0.253718 0.700733 -1.146652
v -0.343357 0.685059 -1.155644
v -0.258269 0.684364 -1.091068
v -0.414581 0.627499 -1.088791
v -0.402190 0.597826 -1.046700
v 0.218437 0.564354 -1.145714
v -0.215002 0.566582 -1.150396
v -0.396653 0.588633 -1.164846
v -0.396495 0.514781 -1.138529
v -0.425946 0.524797 -1.117084
v -0.414818 0.453363 -1.147076
v 0.324656 0.290301 -0.458558
v 0.371608 0.277757 -0.480458
v 0.250032 0.345003 -0.970623
v 0.261246 0.399150 -0.951888
v -0.283470 0.039401 -0.458186
v -0.131486 0.131973 -1.422763
v -0.027592 0.162226 -1.444718
v -0.028835 0.113678 -1.422921
v -0.240515 0.285200 -1.429323
v -0.229345 0.440796 -1.424462
v -0.454387 0.450216 -1.174249
v -0.467298 0.425880 -1.203711
v -0.466630 0.311680 -1.143361
v -0.403343 0.028189 -0.627394
v -0.430313 0.039900 -0.650613
v -0.389418 0.021896 -1.176705
v -0.372265 0.089334 -0.473120
v 0.395769 0.663926 -1.247499
v 0.423129 0.637355 -1.258902
v 0.434228 0.622939 -1.224930
v 0.334469 0.246014 -0.443115
v -0.175623 0.307076 -0.439912
v -0.100748 0.259545 -0.410811
v -0.010545 0.311579 -0.435242
v 0.333781 0.569363 -1.157496
v 0.037525 0.481258 -1.128093
v 0.251356 0.488760 -1.144530
v 0.441841 0.432697 -1.144709
v 0.455720 0.330107 -1.118430
v 0.463616 0.245438 -0.988066
v 0.441768 0.278289 -0.939224
v 0.465110 0.256546 -0.805677
v -0.119881 0.394261 -0.636635
v -0.100909 0.390913 -0.831931
v -0.202606 0.390152 -0.751831
v -0.349003 0.362240 -0.635859
v -0.352428 0.576446 -1.166731
v -0.407251 0.589647 -1.198388
v -0.426885 0.616667 -1.143785
v -0.423524 0.473626 -1.036934
v -0.413888 0.437182 -1.047124
v -0.378428 0.388646 -1.009348
v -0.437451 0.526614 -1.063765
v -0.429914 0.591909 -1.084234
v 0.454766 0.129313 -1.205187
v 0.436965 0.074060 -1.200617
v 0.454977 0.065810 -1.003264
v -0.409283 0.137253 -0.489022
v 0.324394 0.493973 -1.141429
v 0.334189 0.372669 -1.097664
v 0.389225 0.310522 -1.066570
v 0.395647 0.561504 -1.189398
v 0.333793 0.557214 -1.156280
v -0.200270 0.549194 -1.140250
v -0.260948 0.512681 -1.143247
v -0.384469 0.478597 -1.359280
v -0.418687 0.639549 -1.255482
v -0.062894 0.723298 -1.208342
v -0.061400 0.698099 -1.331212
v -0.251905 0.655755 -1.355440
v -0.274980 0.678999 -1.314283
v 0.387330 0.513001 -0.995834
v 0.428569 0.567754 -1.052004
v 0.414209 0.621113 -1.075011
v -0.451960 0.265922 -0.606077
v -0.467156 0.246421 -1.229064
v -0.459777 0.150364 -1.189148
v -0.444642 0.066792 -1.126500
v -0.464934 0.116960 -1.076015
v 0.220092 0.324071 -1.034527
v -0.003149 0.338511 -1.053489
v 0.208247 0.333266 -0.993334
v 0.187186 0.392014 -0.689147
v 0.180672 0.386890 -0.606379
v 0.310794 0.372815 -0.640596
v 0.368335 0.354420 -0.782161
v -0.350799 0.522313 -1.155643
v -0.226924 0.571053 -1.156181
v -0.277370 0.523548 -1.157373
v -0.255316 0.664728 -1.054942
v -0.061269 0.644431 -0.998050
v -0.061562 0.673389 -1.031556
v -0.062330 0.696992 -1.072553
v 0.331980 0.051775 -0.469954
v 0.184236 0.034066 -0.448739
v 0.085749 0.063748 -0.423743
v 0.369588 0.019078 -1.187170
v 0.357872 0.034603 -0.504191
v 0.295577 0.029723 -0.470252
v 0.309638 0.021990 -0.493329
v -0.066478 0.540336 -0.943637
v -0.069039 0.490151 -0.932961
v 0.045450 0.443569 -0.927579
v -0.463760 0.253438 -1.067307
v -0.465841 0.265612 -1.110413
v 0.408682 0.045454 -0.562023
v 0.396908 0.067969 -0.511378
v 0.433240 0.134695 -0.527995
v 0.457139 0.126313 -0.595410
v 0.458077 0.202958 -0.585876
v 0.463951 0.235271 -0.638704
v 0.450064 0.267657 -0.610240
v -0.240072 0.263906 -0.425428
v -0.232977 0.194317 -0.410362
v 0.313677 0.414662 -0.961437
v 0.290921 0.361967 -0.963302
v 0.080768 0.045233 -1.365079
v 0.244227 0.072650 -1.366032
v 0.423660 0.297553 -1.063106
v 0.441116 0.279666 -1.025212
v 0.449676 0.278124 -1.063027
v -0.339674 0.349057 -1.035714
v -0.341048 0.358878 -1.001030
v 0.396421 0.621255 -1.321662
v 0.394082 0.647336 -1.291814
v 0.211837 0.606942 -1.396003
v -0.412557 0.065721 -1.249800
v -0.367229 0.022588 -0.552229
v 0.407318 0.584331 -1.190961
v 0.309484 0.350143 -1.079831
v 0.305906 0.410673 -1.113191
v 0.370922 0.435933 -1.104737
v -0.418688 0.077241 -0.531536
v -0.439724 0.067334 -0.593868
v -0.403964 0.037611 -0.564047
v -0.171706 0.325092 -1.069301
v -0.329800 0.357746 -1.091866
v 0.356472 0.369353 -1.067905
v 0.343314 0.347058 -1.037230
v 0.317535 0.339098 -1.061903
v -0.330208 0.346508 -1.067239
v -0.366415 0.369840 -1.062011
v -0.343117 0.420547 -1.116023
v -0.309746 0.354490 -1.088633
v -0.316737 0.209208 -1.390878
v -0.129843 0.196830 -1.445122
v -0.241122 0.137707 -1.402713
v -0.240978 0.211480 -1.421623
v 0.380890 0.035299 -1.249221
v 0.315624 0.040159 -1.306261
v -0.316143 0.569072 -1.181561
v -0.399097 0.576328 -1.211079
v -0.360794 0.571353 -1.193923
v 0.235979 0.327295 -1.067292
v -0.424773 0.634989 -1.146085
v -0.348216 0.684695 -1.230465
v -0.391699 0.671320 -1.195303
v -0.402080 0.194813 -0.477824
v -0.062726 0.716566 -1.275040
v 0.071714 0.715818 -1.274004
v 0.230503 0.699788 -1.278342
v 0.071359 0.697371 -1.329950
v 0.315773 0.135978 -1.370607
v -0.253168 0.383333 -0.634912
v -0.254695 0.350963 -0.508042
v -0.446294 0.529591 -1.233549
v -0.417182 0.555714 -1.206862
v -0.462901 0.246857 -0.977485
v -0.467192 0.260566 -0.764733
v 0.266774 0.552132 -1.139824
v -0.444466 0.307526 -0.759194
v -0.404570 0.333599 -0.626997
v 0.412346 0.644530 -1.110678
v 0.385401 0.634629 -1.062427
v 0.394203 0.670833 -1.203071
v -0.337378 0.631525 -1.349201
v 0.464464 0.254177 -1.068100
v 0.461254 0.287049 -1.103081
v 0.371446 0.449305 -0.982835
v 0.366990 0.403138 -0.982768
v 0.443659 0.299120 -1.083839
v 0.384761 0.349080 -1.092550
v -0.454006 0.367671 -1.291138
v -0.439558 0.105946 -1.229785
v -0.381692 0.382392 -1.037140
v 0.346136 0.566417 -1.182163
v 0.205075 0.611095 -0.990380
v 0.391290 0.599576 -1.033828
v -0.098088 0.203462 -0.398888
v 0.139337 0.206345 -0.400236
v 0.113314 0.289326 -0.423770
v 0.165479 0.259064 -0.413285
v 0.156678 0.351049 -0.485531
v 0.430116 0.277163 -0.564748
v 0.389087 0.309287 -0.537070
v 0.406300 0.278788 -0.523123
v 0.420114 0.310065 -0.601735
v -0.370544 0.137644 -0.456601
v -0.370244 0.191650 -0.453066
v 0.242524 0.040795 -1.333033
v -0.180695 0.034844 -0.449107
v -0.072104 0.063196 -0.425265
v -0.381727 0.448175 -0.995572
v -0.340588 0.585740 -1.012938
v 0.004935 0.309272 -1.467017
v 0.074065 0.446275 -1.448552
v -0.416533 0.601444 -1.309529
v -0.390213 0.620703 -1.326176
v -0.398926 0.581789 -1.338397
v -0.442388 0.467555 -1.303322
v -0.002767 0.360786 -0.961543
v -0.232471 0.352908 -0.971040
v 0.064871 0.620260 -0.979432
v 0.334218 0.353718 -0.992029
v -0.311974 0.031922 -1.293983
v -0.377592 0.035770 -1.254441
v 0.440313 0.593008 -1.268345
v 0.467552 0.431168 -1.238375
v 0.474939 0.312046 -1.222327
v -0.297574 0.697681 -1.224209
v 0.393104 0.581401 -1.156876
v 0.417838 0.584066 -1.140805
v 0.407286 0.520040 -1.125486
v 0.359285 0.491425 -1.135053
v 0.314678 0.501047 -1.145772
v 0.043605 0.567966 -1.141096
v -0.261050 0.075710 -0.434949
v -0.339109 0.104102 -0.448353
v 0.416958 0.043167 -1.206752
v 0.389749 0.022773 -1.201568
v 0.408238 0.336066 -0.672861
v 0.356561 0.362736 -0.710969
v 0.397714 0.538073 -1.348307
v 0.346004 0.587255 -1.366614
v 0.319429 0.626206 -1.358591
v 0.434750 0.234091 -0.536135
v 0.409116 0.241534 -0.499961
v 0.415823 0.198299 -0.494295
v 0.440194 0.183695 -0.532731
v -0.333291 0.312849 -1.062729
v 0.031362 0.395570 -0.628142
v 0.044682 0.397220 -0.770113
v 0.331651 0.644921 -1.337404
v 0.314167 0.672394 -1.307100
v -0.410557 0.298434 -0.548347
v -0.357114 0.308886 -0.499097
v -0.425524 0.303163 -0.592347
v -0.301074 0.415524 -1.122869
v -0.316569 0.560051 -1.159547
v -0.283343 0.306438 -0.457335
v -0.308501 0.251835 -0.436569
v -0.317372 0.331704 -0.503124
v 0.251633 0.557917 -1.401025
v -0.422961 0.052504 -1.205321
v -0.424876 0.036607 -1.129251
v -0.392680 0.641963 -1.081462
v -0.403137 0.658768 -1.134923
v -0.437638 0.311023 -1.095496
v -0.383697 0.307100 -1.061864
v -0.399830 0.333071 -1.089276
v -0.457960 0.127657 -0.587194
v -0.439088 0.130535 -0.535753
v 0.332677 0.606214 -1.016018
v 0.328256 0.565266 -0.994092
v -0.318650 0.372286 -0.767502
v -0.450192 0.246175 -1.286312
v 0.456134 0.072148 -0.734625
v 0.432473 0.071415 -0.572858
v -0.030234 0.072246 -1.395271
v -0.130655 0.075827 -1.390964
v -0.238718 0.062455 -1.361683
v -0.307860 0.063983 -1.337162
v 0.433101 0.490396 -1.057706
v -0.428864 0.589419 -1.242411
v -0.425908 0.607037 -1.207371
v 0.270860 0.260976 -0.428117
v 0.255796 0.191515 -0.411796
v 0.466240 0.117793 -1.069135
v 0.383979 0.659619 -1.104867
v 0.331590 0.672665 -1.095712
v 0.234541 0.708400 -1.208337
v 0.334186 0.691332 -1.175890
v 0.200186 0.024163 -1.309065
v -0.391101 0.044855 -0.526944
v -0.343604 0.653302 -1.322538
v -0.281347 0.338165 -1.005249
v -0.297164 0.352180 -0.982145
v 0.196218 0.023490 -0.469000
v 0.181260 0.360787 -0.955347
v 0.046867 0.400648 -0.933218
v -0.281481 0.330200 -1.046732
v 0.424420 0.646433 -1.186993
v 0.373503 0.373518 -1.027828
v 0.367109 0.378730 -0.994549
v -0.149256 0.376882 -0.546183
v 0.055937 0.561859 -1.431567
v 0.034122 0.612938 -1.415879
v 0.425821 0.115468 -1.272734
v -0.413146 0.656759 -1.206359
v -0.392261 0.538170 -1.012966
v -0.419252 0.511667 -1.028316
v -0.350467 0.628808 -1.044613
v -0.270970 0.639782 -1.029584
v -0.346275 0.666023 -1.090795
v 0.099916 0.251274 -1.458568
v -0.019373 0.219448 -1.460949
v -0.098225 0.264506 -1.459993
v 0.276532 0.325987 -1.049147
v 0.249084 0.322637 -0.463449
v 0.100975 0.335161 -0.457146
v 0.383231 0.388307 -1.051055
v -0.305824 0.557428 -1.388354
v -0.100970 0.425383 -0.934392
v 0.119447 0.194263 -1.446100
v 0.240843 0.255447 -1.427524
v -0.406509 0.036239 -1.209373
v -0.380502 0.024392 -1.221493
v -0.062592 0.716833 -1.137119
v -0.328391 0.535759 -1.153290
v -0.414890 0.598461 -1.158204
v -0.421101 0.294729 -0.964548
v -0.415752 0.299280 -1.063562
v -0.445271 0.272971 -0.969386
v -0.408326 0.334429 -0.798904
v -0.215483 0.709863 -1.209900
v -0.216357 0.702719 -1.270881
v -0.441489 0.307061 -0.677620
v 0.399900 0.242079 -1.345108
v 0.317443 0.251287 -1.396686
v -0.312707 0.205773 -0.429540
v -0.259223 0.373690 -0.831289
v -0.455783 0.293198 -1.105916
v 0.129920 0.555737 -1.136982
v 0.431984 0.331729 -1.099983
v -0.470674 0.117889 -0.970349
v -0.462748 0.427129 -1.255409
v -0.425714 0.549879 -1.314290
v -0.369226 0.585950 -1.357739
v 0.387932 0.594345 -1.342474
v 0.378784 0.236979 -0.467825
v 0.337245 0.367461 -0.978197
v -0.224573 0.336494 -1.081490
v -0.002884 0.344075 -1.070590
v -0.336233 0.029228 -0.492634
v -0.289779 0.022877 -0.482450
v 0.446095 0.067595 -0.638357
v 0.423504 0.042395 -0.620575
v 0.373210 0.026186 -0.545887
v -0.098166 0.668253 -1.371490
v 0.328930 0.166351 -0.431769
v 0.400142 0.665592 -1.152726
v 0.280698 0.053611 -0.446936
v 0.077559 0.143498 -0.399173
v -0.444614 0.282772 -1.067886
v 0.249052 0.384604 -0.755246
v 0.219531 0.380201 -0.828733
v 0.437402 0.474270 -1.162900
v 0.033186 0.382125 -0.551414
v 0.442426 0.060020 -1.133410
v 0.404962 0.574735 -1.204893
v 0.427042 0.575965 -1.221349
v 0.061807 0.557952 -0.948140
v -0.349253 0.375915 -0.988195
v -0.378949 0.401066 -1.002578
v -0.415894 0.334580 -0.709327
v -0.366417 0.360335 -0.733011
v -0.452142 0.067751 -0.654155
v -0.469076 0.123088 -0.652783
v -0.389798 0.279626 -0.499734
v 0.376956 0.347237 -0.620778
v 0.331230 0.645489 -1.049861
v -0.302598 0.020159 -1.264545
v -0.424128 0.204619 -1.313012
v -0.433614 0.305752 -1.320976
v -0.420683 0.464433 -1.333532
v 0.417351 0.499215 -1.016825
v 0.422165 0.537769 -1.029956
v 0.416700 0.070072 -1.247886
v -0.282660 0.334296 -1.071817
v -0.304826 0.600920 -1.377693
v 0.431491 0.593369 -1.222952
v 0.234629 0.665646 -1.347515
v -0.238637 0.557148 -1.143559
v 0.037847 0.391033 -0.846378
v -0.257583 0.471146 -1.145053
v 0.469653 0.118367 -0.725184
v 0.243480 0.488654 -1.137309
v 0.470482 0.117886 -0.964699
v -0.462541 0.268680 -0.673535
v -0.473886 0.199179 -0.659460
v 0.395266 0.558019 -1.013620
v -0.425071 0.131832 -1.282500
v -0.420061 0.563320 -1.044906
v -0.434970 0.452968 -1.155847
v -0.455259 0.336945 -1.129320
v -0.421149 0.586168 -1.228264
v 0.461063 0.267775 -0.704205
v -0.464642 0.202762 -0.600268
v 0.432929 0.506952 -1.045042
v -0.044090 0.020013 -1.297176
v 0.410921 0.133555 -0.494961
v 0.337322 0.193571 -0.435779
v 0.261325 0.297003 -0.443535
v 0.411060 0.300902 -0.958478
v -0.099847 0.582484 -1.421955
v -0.357629 0.556283 -1.171874
v 0.438640 0.581727 -1.238555
v -0.543807 0.374512 -0.176804
v -0.509220 0.350550 -0.268874
v -0.577727 0.366888 -0.297557
v -0.515261 0.017844 -0.309996
v -1.223633 0.017556 0.309788
v -1.237056 0.018133 -0.336690
v -0.969303 0.360719 -0.053782
v -1.069303 0.330283 0.042764
v -0.944489 0.363571 0.139462
v -0.534879 0.018506 0.323746
v -0.961799 0.473715 -0.296791
v -0.959129 0.539119 -0.204431
v -0.933144 0.491430 -0.098938
v -1.082275 0.356535 -0.004004
v -1.130376 0.481521 0.050543
v -1.458908 0.334368 0.095694
v -1.447587 0.470290 0.022621
v -1.124501 0.449896 0.024472
v -1.138485 0.481261 0.285513
v -1.104045 0.373267 0.364340
v -1.433059 0.434517 -0.193480
v -1.071015 0.327262 -0.138105
v -0.864204 0.176418 0.469863
v -1.011554 0.065557 0.447831
v -0.756862 0.090448 0.458960
v -1.228886 0.327689 0.465176
v -1.412805 0.456273 -0.266067
v -1.458565 0.329300 -0.109524
v -0.858491 0.176418 -0.481647
v -0.980153 0.183862 -0.482541
v -1.396014 0.407127 -0.324276
v -0.972827 0.365026 0.293462
v -0.947770 0.376521 0.108507
v -0.965490 0.391831 0.291767
v -1.094774 0.350557 0.236030
v -0.767361 0.166933 0.470223
v -0.722314 0.220101 0.468540
v -0.399728 0.147384 0.099417
v -0.408582 0.103829 0.078811
v -1.136336 0.716086 -0.077069
v -1.144320 0.703188 -0.244197
v -1.207322 0.722551 -0.077965
v -1.142254 0.602113 0.418042
v -1.093488 0.545125 0.430588
v -0.795981 0.298268 -0.451900
v -0.681641 0.308265 -0.444845
v -0.429595 0.068444 -0.219291
v -0.404711 0.136164 -0.180135
v -1.258476 0.601492 0.424138
v -1.280566 0.568532 0.431573
v -1.207326 0.630612 0.421835
v -1.281983 0.596595 0.423331
v -1.295515 0.598802 -0.435766
v -1.284421 0.427710 -0.463829
v -1.319187 0.582226 -0.425304
v -1.261939 0.682924 -0.339418
v -1.122494 0.034842 -0.430514
v -0.713837 0.043506 -0.442582
v -0.619288 0.024349 -0.396212
v -0.471137 0.086748 -0.374696
v -1.115502 0.464264 0.387452
v -1.085808 0.385109 0.354208
v -1.065698 0.406256 0.387326
v -1.003475 0.333901 0.211494
v -1.058804 0.327709 0.212645
v -1.169732 0.199414 -0.477432
v -1.196984 0.421924 -0.476709
v -1.175479 0.448733 -0.467066
v -1.113361 0.250674 -0.477263
v -1.238810 0.532635 -0.457172
v -1.062332 0.464118 -0.430589
v -1.092357 0.469236 -0.418313
v -1.095117 0.515246 -0.436724
v -1.318740 0.031582 0.232719
v -1.361903 0.044679 0.098783
v -1.333606 0.028465 0.063262
v -1.351967 0.270067 0.388968
v -1.396901 0.449642 0.306144
v -1.397749 0.277498 0.313039
v -0.547759 0.199500 0.442764
v -0.506020 0.198328 0.420082
v -0.547869 0.259167 0.428481
v -0.953838 0.355374 -0.195886
v -1.045130 0.316305 -0.319616
v -0.772915 0.329240 -0.423887
v -0.466056 0.337994 0.147674
v -0.503191 0.365551 0.034382
v -0.491108 0.241873 0.396651
v -0.456595 0.235532 0.357379
v -0.464667 0.282809 0.338757
v -1.420492 0.543198 0.172104
v -1.298185 0.639733 0.390793
v -1.262081 0.661391 0.385414
v -1.282285 0.678758 0.322950
v -1.033358 0.655792 -0.238108
v -1.017557 0.662943 -0.076512
v -0.964507 0.594549 0.056972
v -1.002098 0.618351 0.211360
v -0.973545 0.543497 0.238756
v -1.086738 0.344066 -0.245024
v -0.997549 0.347382 -0.001152
v -1.028052 0.302398 0.391974
v -1.002331 0.324502 0.317140
v -1.146366 0.487048 0.344240
v -1.308058 0.218837 -0.441591
v -1.265451 0.229595 -0.465112
v -1.024536 0.421339 -0.410960
v -1.021008 0.462390 -0.422599
v -0.977502 0.349300 -0.309344
v -0.995164 0.334805 -0.281385
v -1.131888 0.604626 -0.434552
v -1.113432 0.620004 -0.434353
v -1.074335 0.544175 -0.443874
v -1.083621 0.685615 -0.241860
v -1.071666 0.696070 -0.076651
v -0.498586 0.323179 -0.337599
v -0.554698 0.335671 -0.368783
v -0.439337 0.109481 -0.332403
v -0.420702 0.120927 -0.271504
v -1.127666 0.218107 0.464654
v -0.988170 0.181742 0.469142
v -1.116936 0.358410 0.423454
v -0.428455 0.156124 0.304630
v -0.415774 0.126195 0.227028
v -0.493171 0.054093 0.362435
v -0.459148 0.060951 0.313931
v -0.950736 0.314594 0.379775
v -0.565572 0.363558 0.285414
v -0.558952 0.336214 0.359421
v -0.962542 0.329336 -0.336765
v -1.010635 0.298204 -0.415952
v -1.059006 0.309895 -0.369365
v -1.156637 0.503269 -0.402287
v -1.081628 0.485486 0.424462
v -0.976583 0.466104 0.324122
v -0.959660 0.433414 0.263924
v -1.321739 0.445838 -0.441438
v -1.292336 0.314427 -0.462147
v -1.337659 0.313435 -0.426899
v -1.148694 0.577507 -0.003400
v -1.186362 0.580175 -0.014749
v -1.201115 0.601608 -0.434424
v -1.154850 0.593212 -0.422210
v -1.401099 0.631728 0.091499
v -1.384771 0.620193 0.236805
v -1.377864 0.648542 -0.178134
v -1.391556 0.653209 -0.033891
v -1.365705 0.677727 -0.045279
v -0.461864 0.203866 -0.389102
v -0.466086 0.138085 -0.391265
v -0.757499 0.163657 -0.480807
v -0.679185 0.208573 -0.478860
v -1.326707 0.146134 0.381305
v -1.374961 0.138580 0.304684
v -1.289023 0.065673 0.372684
v -0.711351 0.057222 0.443125
v -1.394005 0.078504 -0.124561
v -1.426051 0.134371 -0.119445
v -1.399945 0.138037 -0.252199
v -1.322900 0.144193 -0.398879
v -1.284254 0.064819 -0.389904
v -1.346244 0.084599 -0.319765
v -1.146402 0.700733 0.247094
v -1.155394 0.685059 0.336733
v -1.090819 0.684364 0.251645
v -1.088542 0.627499 0.407957
v -1.046451 0.597827 0.395567
v -1.145464 0.564354 -0.225060
v -1.150147 0.566582 0.208378
v -1.164597 0.588633 0.390029
v -1.138279 0.514782 0.389871
v -1.116835 0.524797 0.419322
v -1.146825 0.453362 0.408194
v -0.458308 0.290301 -0.331280
v -0.480208 0.277757 -0.378231
v -0.970374 0.345003 -0.256656
v -0.951639 0.399151 -0.267869
v -0.457937 0.039401 0.276847
v -1.422514 0.131973 0.124863
v -1.444468 0.162226 0.020970
v -1.422672 0.113679 0.022212
v -1.429073 0.285200 0.233892
v -1.424212 0.440795 0.222722
v -1.174000 0.450217 0.447763
v -1.203461 0.425880 0.460674
v -1.143111 0.311679 0.460006
v -0.627145 0.028189 0.396719
v -0.650364 0.039901 0.423689
v -1.176456 0.021896 0.382794
v -0.472871 0.089334 0.365641
v -1.247250 0.663926 -0.402392
v -1.258652 0.637355 -0.429752
v -1.224681 0.622939 -0.440852
v -0.442865 0.246014 -0.341092
v -0.439663 0.307075 0.169000
v -0.410561 0.259545 0.094123
v -0.434993 0.311579 0.003924
v -1.157246 0.569363 -0.340405
v -1.127843 0.481258 -0.044150
v -1.144280 0.488759 -0.257980
v -1.144459 0.432696 -0.448465
v -1.118181 0.330106 -0.462344
v -0.987817 0.245438 -0.470240
v -0.938974 0.278289 -0.448392
v -0.805427 0.256546 -0.471734
v -0.636386 0.394261 0.113257
v -0.831681 0.390913 0.094285
v -0.751582 0.390152 0.195983
v -0.635609 0.362241 0.342379
v -1.166481 0.576446 0.345804
v -1.198138 0.589647 0.400627
v -1.143535 0.616668 0.420261
v -1.036685 0.473627 0.416901
v -1.046875 0.437183 0.407265
v -1.009099 0.388647 0.371805
v -1.063516 0.526614 0.430827
v -1.083983 0.591908 0.423290
v -1.204936 0.129313 -0.461390
v -1.200367 0.074060 -0.443589
v -1.003015 0.065811 -0.461601
v -0.488773 0.137253 0.402660
v -1.141180 0.493974 -0.331018
v -1.097414 0.372669 -0.340811
v -1.066320 0.310522 -0.395849
v -1.189148 0.561504 -0.402271
v -1.156030 0.557214 -0.340417
v -1.140000 0.549194 0.193646
v -1.142997 0.512681 0.254323
v -1.359030 0.478599 0.377845
v -1.255233 0.639549 0.412063
v -1.208093 0.723298 0.056271
v -1.330962 0.698099 0.054776
v -1.355190 0.655756 0.245281
v -1.314033 0.678999 0.268356
v -0.995584 0.513001 -0.393954
v -1.051754 0.567754 -0.435192
v -1.074762 0.621113 -0.420832
v -0.605827 0.265922 0.445336
v -1.228815 0.246421 0.460532
v -1.188897 0.150363 0.453154
v -1.126250 0.066791 0.438018
v -1.075766 0.116960 0.458311
v -1.034278 0.324071 -0.226716
v -1.053239 0.338511 -0.003475
v -0.993085 0.333266 -0.214871
v -0.688898 0.392014 -0.193809
v -0.606129 0.386890 -0.187297
v -0.640346 0.372815 -0.317418
v -0.781911 0.354420 -0.374959
v -1.155393 0.522313 0.344175
v -1.155932 0.571053 0.220299
v -1.157124 0.523548 0.270745
v -1.054693 0.664728 0.248694
v -0.997800 0.644431 0.054643
v -1.031306 0.673389 0.054938
v -1.072303 0.696992 0.055705
v -0.469704 0.051775 -0.338604
v -0.448490 0.034066 -0.190860
v -0.423493 0.063748 -0.092374
v -1.186920 0.019078 -0.376212
v -0.503941 0.034603 -0.364495
v -0.470003 0.029723 -0.302201
v -0.493080 0.021990 -0.316261
v -0.943387 0.540336 0.059854
v -0.932711 0.490151 0.062413
v -0.927329 0.443569 -0.052074
v -1.067058 0.253438 0.457136
v -1.110163 0.265612 0.459217
v -0.561773 0.045454 -0.415306
v -0.511129 0.067968 -0.403531
v -0.527746 0.134694 -0.439864
v -0.595160 0.126313 -0.463763
v -0.585626 0.202958 -0.464701
v -0.638454 0.235272 -0.470574
v -0.609991 0.267657 -0.456688
v -0.425179 0.263906 0.233447
v -0.410112 0.194317 0.226353
v -0.961188 0.414662 -0.320301
v -0.963053 0.361966 -0.297545
v -1.364829 0.045233 -0.087393
v -1.365782 0.072650 -0.250852
v -1.062857 0.297553 -0.430284
v -1.024963 0.279666 -0.447739
v -1.062778 0.278124 -0.456300
v -1.035465 0.349058 0.333050
v -1.000781 0.358878 0.334424
v -1.321413 0.621255 -0.403045
v -1.291565 0.647336 -0.400706
v -1.395753 0.606943 -0.218462
v -1.249551 0.065722 0.405933
v -0.551979 0.022588 0.360606
v -1.190712 0.584331 -0.413942
v -1.079581 0.350143 -0.316108
v -1.112941 0.410674 -0.312530
v -1.104487 0.435932 -0.377545
v -0.531287 0.077242 0.412065
v -0.593618 0.067333 0.433100
v -0.563798 0.037611 0.397341
v -1.069052 0.325092 0.165082
v -1.091616 0.357745 0.323177
v -1.067655 0.369353 -0.363095
v -1.036980 0.347058 -0.349938
v -1.061653 0.339098 -0.324159
v -1.066990 0.346508 0.323584
v -1.061761 0.369840 0.359791
v -1.115774 0.420546 0.336493
v -1.088383 0.354490 0.303122
v -1.390629 0.209208 0.310113
v -1.444872 0.196829 0.123219
v -1.402463 0.137707 0.234499
v -1.421374 0.211481 0.234354
v -1.248972 0.035299 -0.387514
v -1.306011 0.040160 -0.322248
v -1.181311 0.569072 0.309519
v -1.210830 0.576328 0.392474
v -1.193674 0.571354 0.354170
v -1.067042 0.327295 -0.242603
v -1.145836 0.634990 0.418149
v -1.230216 0.684696 0.341592
v -1.195054 0.671320 0.385075
v -0.477575 0.194813 0.395456
v -1.274790 0.716566 0.056102
v -1.273755 0.715818 -0.078338
v -1.278093 0.699789 -0.237126
v -1.329700 0.697371 -0.077983
v -1.370357 0.135978 -0.322397
v -0.634662 0.383333 0.246544
v -0.507793 0.350963 0.248070
v -1.233299 0.529591 0.439671
v -1.206613 0.555713 0.410558
v -0.977235 0.246857 0.456277
v -0.764483 0.260567 0.460568
v -1.139575 0.552132 -0.273398
v -0.758945 0.307526 0.437842
v -0.626747 0.333599 0.397946
v -1.110428 0.644530 -0.418969
v -1.062178 0.634629 -0.392025
v -1.202822 0.670834 -0.400827
v -1.348951 0.631526 0.330755
v -1.067851 0.254177 -0.471088
v -1.102832 0.287050 -0.467878
v -0.982585 0.449304 -0.378069
v -0.982518 0.403138 -0.373613
v -1.083590 0.299120 -0.450283
v -1.092301 0.349081 -0.391384
v -1.290889 0.367673 0.447382
v -1.229536 0.105945 0.432934
v -1.036890 0.382392 0.375068
v -1.181913 0.566417 -0.352760
v -0.990130 0.611095 -0.211699
v -1.033578 0.599575 -0.397914
v -0.398638 0.203462 0.091464
v -0.399987 0.206344 -0.145961
v -0.423521 0.289326 -0.119940
v -0.413036 0.259063 -0.172103
v -0.485282 0.351049 -0.163302
v -0.564499 0.277163 -0.436740
v -0.536820 0.309286 -0.395711
v -0.522874 0.278788 -0.412924
v -0.601486 0.310065 -0.426737
v -0.456352 0.137645 0.363920
v -0.452816 0.191649 0.363620
v -1.332783 0.040795 -0.249147
v -0.448857 0.034844 0.174071
v -0.425016 0.063196 0.065483
v -0.995322 0.448175 0.375103
v -1.012689 0.585740 0.333964
v -1.466768 0.309273 -0.011559
v -1.448303 0.446273 -0.080688
v -1.309279 0.601444 0.409909
v -1.325926 0.620704 0.383589
v -1.338148 0.581789 0.392302
v -1.303072 0.467554 0.435765
v -0.961293 0.360786 -0.003857
v -0.970791 0.352908 0.225847
v -0.979183 0.620261 -0.071495
v -0.991780 0.353718 -0.340842
v -1.293733 0.031922 0.305350
v -1.254191 0.035770 0.370968
v -1.268095 0.593007 -0.446937
v -1.238126 0.431168 -0.474175
v -1.222076 0.312046 -0.481563
v -1.223959 0.697681 0.290950
v -1.156627 0.581401 -0.399728
v -1.140555 0.584066 -0.424461
v -1.125236 0.520040 -0.413909
v -1.134803 0.491423 -0.365908
v -1.145523 0.501047 -0.321302
v -1.140846 0.567966 -0.050229
v -0.434699 0.075710 0.254426
v -0.448104 0.104102 0.332485
v -1.206503 0.043167 -0.423581
v -1.201319 0.022774 -0.396372
v -0.672612 0.336066 -0.414861
v -0.710720 0.362736 -0.363184
v -1.348058 0.538074 -0.404338
v -1.366364 0.587254 -0.352628
v -1.358341 0.626207 -0.326052
v -0.535886 0.234091 -0.441373
v -0.499711 0.241534 -0.415740
v -0.494045 0.198297 -0.422447
v -0.532481 0.183695 -0.446818
v -1.062479 0.312849 0.326668
v -0.627892 0.395570 -0.037986
v -0.769863 0.397220 -0.051306
v -1.337155 0.644921 -0.338275
v -1.306851 0.672394 -0.320791
v -0.548098 0.298434 0.403934
v -0.498848 0.308887 0.350490
v -0.592098 0.303164 0.418900
v -1.122619 0.415523 0.294451
v -1.159297 0.560051 0.309944
v -0.457085 0.306438 0.276719
v -0.436319 0.251835 0.301877
v -0.502874 0.331704 0.310748
v -1.400776 0.557916 -0.258255
v -1.205071 0.052503 0.416337
v -1.129001 0.036607 0.418252
v -1.081212 0.641963 0.386056
v -1.134673 0.658769 0.396513
v -1.095246 0.311024 0.431014
v -1.061615 0.307100 0.377074
v -1.089027 0.333071 0.393207
v -0.586945 0.127657 0.451337
v -0.535503 0.130534 0.432464
v -1.015767 0.606213 -0.339301
v -0.993843 0.565266 -0.334879
v -0.767253 0.372286 0.312026
v -1.286062 0.246175 0.443568
v -0.734375 0.072149 -0.462758
v -0.572608 0.071414 -0.439097
v -1.395021 0.072246 0.023611
v -1.390715 0.075827 0.124032
v -1.361433 0.062455 0.232095
v -1.336913 0.063983 0.301236
v -1.057457 0.490397 -0.439725
v -1.242162 0.589419 0.422240
v -1.207121 0.607038 0.419284
v -0.427867 0.260976 -0.277484
v -0.411546 0.191515 -0.262420
v -1.068885 0.117794 -0.472864
v -1.104618 0.659620 -0.390603
v -1.095463 0.672665 -0.338213
v -1.208088 0.708400 -0.241165
v -1.175640 0.691332 -0.340810
v -1.308815 0.024163 -0.206812
v -0.526695 0.044855 0.384477
v -1.322288 0.653302 0.336980
v -1.004999 0.338165 0.274723
v -0.981895 0.352179 0.290540
v -0.468750 0.023490 -0.202842
v -0.955098 0.360787 -0.187886
v -0.932969 0.400647 -0.053491
v -1.046482 0.330200 0.274857
v -1.186745 0.646433 -0.431044
v -1.027579 0.373518 -0.380127
v -0.994299 0.378730 -0.373733
v -0.545934 0.376882 0.142633
v -1.431318 0.561858 -0.062559
v -1.415629 0.612938 -0.040746
v -1.272484 0.115468 -0.432445
v -1.206109 0.656759 0.406523
v -1.012717 0.538169 0.385637
v -1.028067 0.511667 0.412629
v -1.044363 0.628808 0.343843
v -1.029335 0.639782 0.264347
v -1.090546 0.666023 0.339651
v -1.458319 0.251275 -0.106539
v -1.460699 0.219447 0.012750
v -1.459743 0.264506 0.091601
v -1.048897 0.325987 -0.283156
v -0.463200 0.322636 -0.255709
v -0.456896 0.335160 -0.107598
v -1.050805 0.388306 -0.389855
v -1.388105 0.557428 0.299199
v -0.934143 0.425384 0.094347
v -1.445850 0.194262 -0.126071
v -1.427275 0.255448 -0.247467
v -1.209124 0.036239 0.399886
v -1.221243 0.024392 0.373878
v -1.136869 0.716833 0.055968
v -1.153040 0.535760 0.321766
v -1.157954 0.598461 0.408266
v -0.964299 0.294730 0.414478
v -1.063312 0.299280 0.409128
v -0.969136 0.272971 0.438647
v -0.798654 0.334429 0.401702
v -1.209651 0.709863 0.208859
v -1.270631 0.702719 0.209733
v -0.677371 0.307061 0.434865
v -1.344858 0.242077 -0.406525
v -1.396436 0.251288 -0.324066
v -0.429291 0.205773 0.306084
v -0.831039 0.373690 0.252599
v -1.105667 0.293198 0.449159
v -1.136732 0.555737 -0.136542
v -1.099733 0.331728 -0.438608
v -0.970100 0.117889 0.464050
v -1.255159 0.427130 0.456124
v -1.314041 0.549879 0.419091
v -1.357490 0.585950 0.362602
v -1.342224 0.594345 -0.394557
v -0.467575 0.236979 -0.385407
v -0.977948 0.367461 -0.343869
v -1.081240 0.336494 0.217950
v -1.070341 0.344075 -0.003740
v -0.492384 0.029228 0.329609
v -0.482201 0.022877 0.283155
v -0.638108 0.067595 -0.452719
v -0.620326 0.042395 -0.430128
v -0.545638 0.026186 -0.379833
v -1.371241 0.668253 0.091541
v -0.431520 0.166351 -0.335554
v -1.152476 0.665592 -0.406766
v -0.446686 0.053611 -0.287321
v -0.398923 0.143498 -0.084183
v -1.067637 0.282773 0.437990
v -0.754997 0.384604 -0.255676
v -0.828484 0.380201 -0.226154
v -1.162651 0.474271 -0.444026
v -0.551164 0.382125 -0.039810
v -1.133160 0.060020 -0.449050
v -1.204643 0.574735 -0.411585
v -1.221100 0.575964 -0.433666
v -0.947890 0.557952 -0.068432
v -0.987946 0.375915 0.342629
v -1.002328 0.401066 0.372326
v -0.709077 0.334581 0.409270
v -0.732762 0.360335 0.359793
v -0.653905 0.067751 0.445518
v -0.652533 0.123088 0.462452
v -0.499485 0.279626 0.383174
v -0.620529 0.347237 -0.383580
v -1.049611 0.645489 -0.337854
v -1.264296 0.020159 0.295974
v -1.312762 0.204619 0.417504
v -1.320726 0.305753 0.426991
v -1.333282 0.464435 0.414059
v -1.016575 0.499215 -0.423974
v -1.029707 0.537769 -0.428789
v -1.247636 0.070072 -0.423324
v -1.071567 0.334296 0.276036
v -1.377442 0.600921 0.298203
v -1.222703 0.593369 -0.438115
v -1.347265 0.665646 -0.241252
v -1.143309 0.557148 0.232013
v -0.846128 0.391033 -0.044471
v -1.144804 0.471147 0.250958
v -0.724935 0.118367 -0.476277
v -1.137060 0.488653 -0.250101
v -0.964449 0.117887 -0.477106
v -0.673284 0.268680 0.455917
v -0.659209 0.199179 0.467262
v -1.013371 0.558020 -0.401890
v -1.282251 0.131832 0.418448
v -1.044657 0.563321 0.413437
v -1.155597 0.452969 0.428346
v -1.129071 0.336946 0.448636
v -1.228014 0.586168 0.414526
v -0.703956 0.267775 -0.467687
v -0.600019 0.202762 0.458018
v -1.044792 0.506952 -0.439553
v -1.296926 0.020013 0.037467
v -0.494711 0.133555 -0.417545
v -0.435529 0.193570 -0.343945
v -0.443285 0.297003 -0.267948
v -0.958228 0.300902 -0.417683
v -1.421706 0.582484 0.093224
v -1.171625 0.556283 0.351005
v -1.238306 0.581727 -0.445264
v -0.531228 0.017998 0.579394
v -0.532756 0.017732 1.221251
v -0.806435 0.340465 0.501898
v -0.561395 0.384575 0.945593
v -0.614125 0.391964 1.033579
v -0.518942 0.360962 1.205865
v -1.453947 0.474702 0.958991
v -1.452758 0.411637 1.044803
v -1.046137 0.252052 1.441565
v -0.987385 0.209231 1.450446
v -0.949127 0.512928 1.010396
v -0.965084 0.434086 1.165618
v -0.941159 0.442446 0.995615
v -1.150211 0.568913 0.920275
v -1.135960 0.475639 0.871061
v -1.149930 0.494005 0.640592
v -1.459785 0.339838 0.748470
v -1.430730 0.538888 0.722824
v -1.119968 0.404924 1.189461
v -1.430090 0.427109 1.140710
v -0.996048 0.116904 0.427615
v -1.135573 0.204031 0.426913
v -0.695090 0.196413 0.421749
v -1.376952 0.196141 0.547456
v -1.405815 0.186661 0.602086
v -0.777981 0.532188 1.258940
v -0.872919 0.515431 1.263358
v -0.825263 0.520752 1.328655
v -0.789122 0.398789 0.834297
v -0.638517 0.397624 0.855159
v -1.361135 0.329946 1.294290
v -1.383418 0.048419 0.854753
v -1.345107 0.025928 0.891851
v -1.364289 0.038599 1.022808
v -1.306253 0.019383 0.716526
v -1.266343 0.017747 1.209963
v -0.489902 0.023571 1.213600
v -0.477385 0.023027 1.127851
v -0.972608 0.264965 1.462703
v -0.842192 0.302490 1.475126
v -1.301849 0.583900 0.465243
v -1.118184 0.703837 1.062504
v -1.185800 0.712728 1.088106
v -0.524371 0.484557 1.280298
v -0.504358 0.445746 1.254021
v -0.734633 0.273560 1.470924
v -0.767063 0.335477 1.472880
v -1.006186 0.585312 1.194780
v -1.010916 0.618481 1.127847
v -1.135605 0.473627 0.942749
v -1.156199 0.491155 1.142169
v -0.894904 0.361292 1.216105
v -1.052257 0.336955 1.186578
v -1.065020 0.337160 1.248264
v -0.775107 0.119974 0.426001
v -0.404601 0.166776 0.950222
v -0.407436 0.165815 0.786242
v -1.226992 0.657711 0.486794
v -1.169472 0.652679 0.484222
v -1.058532 0.588611 0.484149
v -1.068627 0.557726 0.466581
v -1.234386 0.468262 0.437046
v -1.275000 0.598085 0.461240
v -1.249203 0.265114 0.430949
v -1.214550 0.431168 1.367521
v -1.182266 0.440398 1.359530
v -1.268932 0.572225 1.341095
v -1.160470 0.298301 1.372609
v -1.189740 0.229342 1.378035
v -0.423903 0.278145 0.942623
v -0.441529 0.299264 1.154280
v -0.421544 0.259042 1.099726
v -0.471190 0.150799 1.319053
v -0.513719 0.186448 1.372187
v -0.970678 0.399447 0.595924
v -0.941061 0.409151 0.846514
v -1.065230 0.328865 1.117788
v -1.024541 0.334247 1.109883
v -1.231066 0.683628 1.255325
v -1.213781 0.695995 1.208265
v -1.161272 0.445981 1.341179
v -1.186214 0.541992 1.294512
v -1.231961 0.577349 1.323235
v -0.888141 0.468102 1.176862
v -0.819946 0.490558 1.165910
v -0.834995 0.452905 1.150985
v -0.746471 0.397863 1.018687
v -0.832661 0.372325 1.179546
v -0.833233 0.415486 1.451695
v -0.982203 0.383328 1.439272
v -0.979993 0.402159 1.230676
v -1.006357 0.375829 1.266665
v -0.663227 0.377454 0.602280
v -0.782827 0.380044 0.618178
v -0.646450 0.385553 0.655294
v -0.408550 0.223151 0.844957
v -1.445932 0.145343 0.831901
v -1.414531 0.090910 0.797884
v -1.430333 0.110783 0.935102
v -1.377064 0.055038 1.072088
v -1.405082 0.071605 0.934126
v -1.077697 0.330661 0.961411
v -1.234609 0.357007 0.426230
v -1.204570 0.408029 0.429535
v -1.218964 0.709607 0.675166
v -1.178658 0.723333 0.888101
v -1.154422 0.704589 0.674901
v -1.388971 0.556000 0.568324
v -1.398637 0.591144 0.624379
v -0.759697 0.480650 1.150610
v -0.670020 0.485755 1.159655
v -0.509758 0.421104 1.226534
v -0.533010 0.393034 1.200701
v -0.537973 0.437883 1.196886
v -1.101797 0.543917 1.336107
v -1.148561 0.600125 1.323215
v -1.104830 0.503227 1.328071
v -1.008069 0.343491 1.165234
v -0.985968 0.363413 1.189436
v -0.783806 0.520733 1.200856
v -0.871990 0.508820 1.225274
v -1.022743 0.425167 1.368212
v -1.047912 0.396346 1.332716
v -1.059663 0.381162 1.368980
v -0.812872 0.395326 0.980445
v -0.997414 0.364153 0.962488
v -1.091895 0.349950 0.590558
v -1.100556 0.347646 0.658529
v -1.010711 0.458198 0.503583
v -1.004579 0.390300 0.526390
v -1.170684 0.584750 1.285551
v -1.201756 0.597689 1.317450
v -1.208830 0.578991 1.292173
v -1.137783 0.522507 1.309256
v -0.581459 0.249051 0.449478
v -0.527067 0.264820 0.483485
v -0.515205 0.198901 0.471583
v -0.535056 0.305098 0.511062
v -0.486706 0.310453 0.573260
v -1.079615 0.303650 1.407473
v -1.099992 0.288848 1.387469
v -1.098320 0.265051 1.405216
v -1.131799 0.268481 1.379456
v -1.104809 0.205946 1.411285
v -0.747295 0.378294 1.197781
v -0.638348 0.378464 1.200621
v -0.576510 0.374269 1.205416
v -1.064470 0.324596 0.683052
v -1.009231 0.330676 0.665898
v -1.061976 0.338600 0.897544
v -0.504998 0.299289 1.386997
v -0.481242 0.309197 1.359043
v -0.490659 0.385769 1.339982
v -0.505443 0.373560 1.368339
v -0.982299 0.489804 0.579271
v -0.950603 0.505752 0.766809
v -1.007596 0.644520 0.976934
v -1.055701 0.680242 1.014199
v -1.070718 0.668793 1.171760
v -0.829467 0.050874 1.372911
v -1.127074 0.044921 1.355802
v -0.680196 0.091508 1.399711
v -0.595901 0.114675 1.387886
v -0.609819 0.160169 1.413568
v -1.121047 0.339128 1.323942
v -1.149937 0.450444 1.313136
v -1.167496 0.451328 0.457046
v -1.228521 0.575729 0.481004
v -1.184633 0.554326 0.524987
v -1.117501 0.432830 0.531098
v -0.541231 0.331918 0.545841
v -0.606134 0.321559 0.489967
v -0.600971 0.294225 0.465865
v -0.454740 0.079593 1.242901
v -0.416092 0.120742 1.099798
v -0.437252 0.062117 1.111713
v -0.418737 0.090549 0.922559
v -1.120042 0.355746 0.477838
v -1.168719 0.504011 0.508673
v -1.159021 0.550481 0.588600
v -1.453507 0.197183 0.766754
v -1.465602 0.203246 0.859813
v -0.607545 0.194055 0.433823
v -0.556292 0.192421 0.449149
v -0.579774 0.129006 0.445536
v -0.539980 0.134380 0.460982
v -0.493882 0.140409 0.492110
v -0.674990 0.040222 0.466683
v -0.668222 0.027163 0.494388
v -0.754420 0.527674 1.327706
v -0.663753 0.531202 1.291619
v -0.559309 0.372379 1.417052
v -0.570778 0.446979 1.392486
v -0.606158 0.416856 1.427499
v -1.359695 0.070636 0.606395
v -1.386018 0.123133 0.603343
v -1.316482 0.080997 0.525618
v -1.263250 0.017499 0.598507
v -1.383459 0.658560 0.746027
v -1.384531 0.668926 0.854396
v -1.289501 0.670916 1.251624
v -1.041195 0.656724 0.687214
v -1.128062 0.652867 0.495332
v -1.086452 0.622868 0.487543
v -1.179261 0.629295 0.469681
v -1.227930 0.613370 0.467388
v -1.199481 0.581366 0.500846
v -1.171050 0.571817 0.551347
v -1.294487 0.579092 1.334731
v -1.263017 0.415058 1.364096
v -1.237953 0.643406 1.321972
v -1.213635 0.668605 1.296018
v -1.324795 0.159606 1.308879
v -1.338054 0.096450 1.254683
v -1.081557 0.078561 1.387564
v -1.100600 0.302009 1.361086
v -1.105976 0.325908 1.308809
v -1.113697 0.368821 1.264209
v -1.007625 0.323790 0.567022
v -1.078673 0.297391 0.473446
v -1.102027 0.319036 0.471519
v -1.076189 0.307680 0.512271
v -0.667607 0.507221 1.178661
v -0.682828 0.528939 1.226842
v -0.609498 0.520140 1.233974
v -1.049235 0.407491 1.291541
v -1.002794 0.400293 1.264064
v -1.026753 0.474888 1.310381
v -0.662721 0.278908 1.458768
v -0.577363 0.320759 1.432913
v -0.679517 0.377230 1.459692
v -0.492827 0.263477 1.374287
v -0.598496 0.226464 1.429022
v -0.458349 0.331743 0.978867
v -0.488798 0.415018 1.297452
v -0.977729 0.348607 0.666209
v -0.966133 0.372383 0.651529
v -0.954452 0.377411 0.796472
v -1.027595 0.336870 0.586859
v -1.046952 0.355866 0.543034
v -1.082054 0.365407 0.548105
v -0.483278 0.022904 0.683680
v -0.427597 0.158524 0.622436
v -0.422599 0.124798 0.679514
v -0.450980 0.089053 0.587494
v -1.080212 0.460368 1.317831
v -1.107426 0.363454 1.111345
v -1.092103 0.357454 0.904735
v -1.027796 0.344028 1.145398
v -1.060097 0.575739 1.323910
v -1.111503 0.630672 1.319790
v -1.137017 0.617494 1.327430
v -1.150229 0.665876 1.294496
v -1.006810 0.421552 1.268379
v -1.039398 0.380784 1.303491
v -0.996334 0.450705 1.279650
v -1.065406 0.366871 1.325301
v -1.246972 0.165646 0.444441
v -1.360626 0.532137 0.501887
v -1.304656 0.617134 0.478815
v -1.279533 0.702268 0.673582
v -1.314237 0.709849 0.872902
v -1.361692 0.539969 1.285123
v -0.436183 0.090724 1.195355
v -0.467894 0.043514 1.218749
v -0.505337 0.028798 1.257996
v -1.267756 0.327779 1.366362
v -1.221409 0.065359 1.344362
v -1.212719 0.041150 1.332053
v -0.962936 0.371124 0.839617
v -0.817413 0.391041 0.761692
v -1.116580 0.388782 0.575144
v -1.102858 0.351978 0.530573
v -1.402458 0.651882 0.887961
v -1.377924 0.667472 1.015569
v -1.165943 0.570886 1.175560
v -1.158653 0.568519 1.086512
v -1.157749 0.563458 0.659216
v -1.171021 0.574839 0.924289
v -0.931845 0.384428 1.197008
v -0.625251 0.464247 1.406960
v -0.826391 0.460216 1.425313
v -0.430561 0.241538 1.235390
v -0.447990 0.294988 1.275434
v -0.489832 0.355666 1.276890
v -0.476868 0.339583 1.207200
v -1.050815 0.682776 0.875389
v -1.110590 0.709109 0.867982
v -0.840657 0.144129 1.440230
v -0.997660 0.154552 1.432961
v -0.675008 0.186117 1.444109
v -1.002956 0.499623 0.519526
v -0.986640 0.393247 0.549511
v -1.012733 0.366193 0.541002
v -0.996527 0.356586 0.566099
v -0.982846 0.249250 0.436622
v -0.961113 0.283512 0.461223
v -0.779381 0.299034 0.448896
v -0.523496 0.050098 0.510612
v -0.491293 0.034427 0.569005
v -1.090193 0.314128 1.265495
v -1.081623 0.319314 1.169825
v -1.086518 0.325004 1.346944
v -1.126798 0.405289 0.621092
v -0.500721 0.362214 0.957284
v -0.425856 0.275159 0.791937
v -0.432584 0.263201 0.665891
v -0.456486 0.301150 0.636029
v -0.511897 0.387309 1.225417
v -0.483757 0.379256 1.287930
v -0.507618 0.369360 1.256363
v -0.490053 0.364028 1.285995
v -0.966699 0.370334 1.084158
v -0.947317 0.399079 0.993249
v -0.967652 0.389524 1.156007
v -1.007871 0.348427 0.904863
v -0.913855 0.501390 1.322002
v -0.936745 0.475310 1.373230
v -1.025273 0.384972 1.415924
v -1.006526 0.424001 1.391523
v -1.325293 0.653834 1.248694
v -1.336023 0.622549 1.285658
v -1.299037 0.618362 1.317896
v -1.219285 0.041696 0.482674
v -1.234266 0.099380 0.459535
v -1.168112 0.067772 0.456031
v -1.319862 0.026199 1.139715
v -1.298622 0.097071 1.307870
v -0.772169 0.250032 0.428372
v -0.470465 0.226329 1.344280
v -0.994018 0.521205 1.244403
v -1.004761 0.488410 1.287327
v -0.982411 0.479041 1.234958
v -1.022717 0.556019 1.292296
v -1.062945 0.617374 1.296696
v -1.044479 0.361173 1.295565
v -0.997461 0.362489 1.261284
v -1.072160 0.364796 1.352592
v -1.072993 0.344781 1.296625
v -0.636588 0.411926 1.155480
v -0.564062 0.415011 1.175821
v -0.568445 0.395958 1.177729
v -0.583409 0.386242 1.180139
v -0.807340 0.401109 1.153266
v -1.175673 0.554198 1.259449
v -1.210566 0.573206 1.291440
v -1.470970 0.278091 0.814881
v -1.473271 0.252540 0.936777
v -1.473893 0.336799 0.934859
v -1.455386 0.172280 0.953619
v -1.370615 0.094076 1.199485
v -1.395168 0.159575 1.200130
v -1.314651 0.643269 0.511153
v -1.350166 0.645670 0.573270
v -1.374971 0.610835 0.569633
v -0.449500 0.146839 0.554707
v -0.469107 0.279160 0.558286
v -0.441903 0.250974 0.598754
v -0.443894 0.248012 1.294831
v -0.539062 0.494493 1.292361
v -0.591536 0.512685 1.317279
v -0.620498 0.496736 1.371038
v -1.335668 0.040499 0.615868
v -1.282420 0.044933 0.521277
v -1.173185 0.603705 0.475565
v -1.104316 0.521054 0.466273
v -1.135780 0.600836 0.470388
v -1.168261 0.563694 1.212429
v -0.627771 0.032839 1.329761
v -0.562391 0.038261 1.316638
v -0.611231 0.062685 1.361207
v -0.558612 0.021137 1.275511
v -0.926609 0.467162 1.201573
v -0.973336 0.449706 1.237564
v -1.045738 0.367602 1.258391
v -1.072178 0.352130 1.236625
v -1.035909 0.346470 1.220588
v -1.120480 0.415807 1.236523
v -1.096739 0.350339 1.181803
v -1.089036 0.361718 1.232368
v -0.499170 0.356497 0.780946
v -0.522433 0.348915 0.619921
v -0.602250 0.365103 0.586146
v -0.549047 0.367581 0.672133
v -1.129576 0.415635 1.184334
v -1.159019 0.504622 1.223060
v -1.150565 0.505983 1.269700
v -1.077375 0.244530 0.431754
v -1.073132 0.275502 0.448559
v -1.134338 0.268776 0.429793
v -0.487477 0.025171 0.602220
v -0.968755 0.571376 0.780667
v -1.007635 0.578663 0.586423
v -1.275411 0.662631 0.510709
v -1.317143 0.669263 0.575810
v -1.207535 0.672832 0.509208
v -0.940455 0.431620 1.199833
v -0.452400 0.314889 1.190588
v -0.479302 0.348659 1.306615
v -1.032883 0.447310 0.486558
v -1.020087 0.393591 0.515732
v -1.095989 0.474150 0.477208
v -1.167077 0.581295 0.501528
v -1.151965 0.518130 0.516654
v -1.159561 0.501828 0.607475
v -0.563874 0.481461 1.198110
v -0.567189 0.448437 1.177735
v -0.601252 0.468117 1.168559
v -0.534578 0.476511 1.223814
v -1.087108 0.333133 0.684207
v -1.046690 0.339656 0.775587
v -1.081781 0.320215 0.657403
v -1.004578 0.618143 0.701138
v -1.040793 0.566152 0.489485
v -1.310018 0.705332 1.016352
v -1.287782 0.691652 1.176216
v -1.250982 0.723126 0.877512
v -1.325607 0.408674 0.457095
v -1.351043 0.343791 0.481572
v -1.287875 0.261384 0.442551
v -1.319286 0.209971 0.467540
v -1.327659 0.277703 0.462625
v -0.528092 0.368012 1.233123
v -1.195373 0.580211 0.896758
v -1.162899 0.568873 0.657535
v -1.159084 0.578149 0.909439
v -1.338287 0.237730 1.314673
v -1.265565 0.129738 1.343451
v -1.263910 0.225060 1.361089
v -1.334650 0.453812 1.326334
v -1.340190 0.582844 1.303630
v -1.369209 0.627199 1.210476
v -1.443833 0.263549 0.681796
v -1.427382 0.350219 0.624992
v -1.433829 0.189989 0.680337
v -1.161745 0.653171 1.314727
v -0.990607 0.371483 1.220092
v -1.184537 0.440971 0.440142
v -1.233108 0.599279 0.469204
v -1.172546 0.612810 1.325795
v -1.244858 0.598520 1.329461
v -1.257656 0.591752 1.333680
v -0.452434 0.035890 1.071340
v -0.459851 0.034459 0.699451
v -0.444900 0.052495 0.703781
v -1.416133 0.624506 0.980189
v -1.368045 0.646220 1.165408
v -0.689435 0.317213 0.464824
v -0.735650 0.347261 0.502629
v -1.411293 0.319855 1.208211
v -1.443486 0.291375 1.119256
v -1.452235 0.197154 1.034677
v -1.435232 0.213291 1.122197
v -1.193265 0.159111 1.374612
v -1.077156 0.608330 1.316638
v -1.047841 0.471157 1.320595
v -0.688525 0.470991 1.417323
v -0.759968 0.471130 1.421435
v -0.734283 0.430040 1.447743
v -0.666316 0.521545 1.339261
v -0.686135 0.506219 1.377140
v -1.205381 0.569705 0.521583
v -0.575405 0.046237 0.483995
v -0.561397 0.026442 0.518328
v -0.637359 0.125241 0.432705
v -0.481313 0.238066 0.513225
v -0.460978 0.216872 0.534380
v -0.472806 0.093671 0.536160
v -0.463846 0.047733 0.606627
v -0.747973 0.124697 1.427907
v -0.740997 0.194469 1.456656
v -0.830971 0.225177 1.467841
v -0.987371 0.350064 1.104831
v -0.970508 0.363341 0.900075
v -1.049858 0.320596 1.431228
v -1.028600 0.304279 1.447039
v -1.074570 0.268509 1.424482
v -0.589537 0.500537 1.199491
v -1.132415 0.448513 0.890130
v -1.077359 0.335432 1.182250
v -1.052830 0.332643 1.180685
v -1.079267 0.344101 0.904328
v -1.088141 0.337106 1.121941
v -0.427541 0.167079 1.244816
v -0.446697 0.185560 1.298435
v -0.447534 0.138719 1.281088
v -0.660100 0.429082 1.438415
v -0.475427 0.066859 1.268683
v -1.055196 0.307972 0.530223
v -0.950209 0.310493 0.499848
v -1.049157 0.296053 0.484756
v -0.519625 0.026891 0.549006
v -1.157134 0.502451 1.258479
v -1.140817 0.334074 1.355988
v -1.290289 0.396586 0.439017
v -1.413974 0.607990 0.739309
v -1.377309 0.639426 0.641874
v -1.457578 0.464857 0.865075
v -1.152485 0.589088 0.479222
v -1.101069 0.287604 0.445344
v -1.134216 0.312469 0.438062
v -1.249221 0.714074 1.066430
v -0.529554 0.259492 1.400423
v -1.185514 0.021135 1.302982
v -0.913331 0.027166 1.324906
v -1.158345 0.033051 1.336408
v -1.235690 0.027844 1.301386
v -1.276907 0.050878 1.297329
v -0.968945 0.477468 1.335963
v -0.998835 0.458207 1.315860
v -0.946588 0.490438 1.266320
v -1.137941 0.126115 0.435253
v -1.021797 0.061916 0.445746
v -0.773130 0.063448 0.443771
v -1.248572 0.026455 0.519112
v -1.304018 0.024782 0.611309
v -1.149913 0.036517 0.473493
v -0.531360 0.407175 1.382336
v -1.093987 0.686658 0.674475
v -1.082115 0.648169 0.530413
v -1.113388 0.668944 0.543721
v -1.163890 0.683220 0.546662
v -1.349032 0.047866 1.168619
v -1.315268 0.035530 1.212082
v -0.746789 0.033036 1.343404
v -0.983551 0.350763 0.692162
v -0.974128 0.594560 0.976939
v -0.951123 0.545410 0.903902
v -1.004035 0.641747 0.850191
v -0.606649 0.433203 1.159111
v -0.776417 0.440360 1.141509
v -0.672246 0.460746 1.148699
v -0.716830 0.516664 1.187265
v -0.982052 0.353738 0.599117
v -1.069241 0.643634 1.259311
v -1.036957 0.607219 1.259414
v -1.336423 0.579633 0.485546
v -0.615303 0.367008 1.445351
v -0.879782 0.413212 1.163761
v -0.828039 0.415558 1.148738
v -1.147027 0.493540 1.181680
v -1.158338 0.550732 1.211577
v -0.676112 0.228374 0.427064
v -0.679142 0.275523 0.439405
v -1.418403 0.106270 1.039585
v -0.894273 0.377714 1.181101
v -0.954201 0.362307 1.238203
v -1.003764 0.353507 1.258589
v -1.076343 0.329950 0.622726
v -0.457060 0.324313 0.785543
v -1.423393 0.613463 0.850957
v -0.878940 0.496902 1.199855
v -0.516990 0.048469 1.298635
v -0.549674 0.077937 1.344290
v -1.274486 0.684171 0.572625
v -1.336852 0.680273 0.667458
v -1.219638 0.691978 0.573037
v -1.364128 0.598523 1.259392
v -1.406715 0.446025 1.205537
v -0.409274 0.195635 1.093058
v -0.438508 0.208142 0.585485
v -0.465213 0.271209 1.341558
v -0.477622 0.331216 1.338529
v -1.350400 0.033818 0.730600
v -0.853344 0.381325 1.169647
v -0.796079 0.078963 1.399534
v -1.171449 0.560398 0.572779
v -1.154722 0.486619 0.553553
v -0.578308 0.515309 1.278294
v -1.018084 0.381311 1.260957
v -0.981664 0.412396 1.230849
v -1.380333 0.056340 0.733556
v -1.384326 0.075317 0.670995
v -0.939565 0.496763 0.906576
v -0.937188 0.450489 0.840040
v -1.107678 0.672938 1.239593
v -1.159262 0.687365 1.235555
v -0.539633 0.379796 1.205222
v -1.076272 0.386218 1.270673
v -1.111524 0.451864 1.292242
v -1.120512 0.316090 1.341763
v -1.043860 0.507877 0.472208
v -1.021405 0.511909 0.492357
v -0.985182 0.345655 1.453611
v -0.965971 0.317681 1.462806
v -0.809717 0.374315 1.468518
v -1.300253 0.212490 1.342057
v -1.323645 0.298053 1.336531
v -1.067693 0.507338 1.335145
v -1.037898 0.523854 1.321537
v -1.261060 0.025241 1.272303
v -1.077297 0.522649 0.461790
v -1.062163 0.432290 0.488173
v -1.260793 0.645366 0.481856
v -1.243402 0.631638 0.469932
v -0.757410 0.506415 1.381007
v -1.056527 0.618965 0.517474
v -1.042994 0.629229 0.574435
v -1.028331 0.574653 0.515942
v -1.137082 0.125921 1.391506
v -1.056586 0.178091 1.428404
v -1.240164 0.581843 0.470828
v -1.253760 0.577335 0.461695
v -0.568211 0.076789 0.465717
v -0.648919 0.066341 0.449417
v -1.414418 0.296474 0.591230
v -1.144316 0.229074 1.388549
v -1.194676 0.570684 1.249211
v -1.183123 0.569802 1.177170
v -1.171654 0.577558 1.252996
v -0.496765 0.069153 0.521542
v -0.511483 0.107799 0.487522
v -0.944244 0.442429 1.409679
v -0.860795 0.478784 1.399331
v -0.488946 0.402380 1.268723
v -1.260370 0.062575 0.486762
v -1.189115 0.566112 0.579850
v -1.264790 0.657095 1.301491
v -1.290995 0.118567 0.477165
v -0.774934 0.321785 0.469359
v -1.305066 0.640633 1.295628
v -1.102168 0.305896 1.339073
v -0.938550 0.482761 1.228865
v -1.051350 0.326260 0.622124
v -1.334329 0.673591 1.164350
v -1.360012 0.685830 0.972412
v -0.491391 0.281400 0.527190
v -1.130364 0.628359 0.474079
v -0.492833 0.102038 1.316336
v -0.515323 0.452052 1.326647
v -0.561242 0.485033 1.347019
v -1.462669 0.285176 1.032762
v -1.220558 0.580091 0.488588
v -1.060726 0.366673 1.389522
v -0.461765 0.034383 1.170239
v -1.228342 0.584516 1.318146
v -1.339494 0.621107 0.511657
v -1.356950 0.595457 0.517170
v -1.070580 0.540274 1.335992
v -0.462486 0.164290 0.526756
v -0.486078 0.194810 0.496734
v -1.122997 0.504985 0.483392
v -1.191237 0.636617 1.327130
v -1.325170 0.048764 1.223561
v -1.388925 0.084555 1.126974
v -1.471213 0.342325 0.836692
v -1.128048 0.332913 0.449449
v -1.138333 0.296622 1.367474
v -0.563768 0.381864 0.796202
v -0.453967 0.226881 1.319407
v -0.974892 0.599456 0.861175
v -0.420371 0.100114 0.782203
v -1.412440 0.125891 0.677617
v -1.399461 0.593713 1.158456
v -1.390507 0.554682 1.218100
v -1.304081 0.439460 1.348350
v -1.057481 0.387208 0.513681
v -1.416692 0.139324 1.122361
v -1.172772 0.588662 0.492384
v -0.418706 0.196786 0.668513
v -0.668922 0.053343 1.366472
v -0.759103 0.503439 1.168583
v -1.376070 0.234596 1.260330
v -1.409583 0.229162 1.201220
v -1.427743 0.582610 1.017331
v -1.062470 0.477708 0.469794
v -1.337743 0.139683 0.514667
v -1.071980 0.340191 0.577714
v -0.554768 0.502941 1.244904
v -1.440438 0.566107 0.880577
v -1.147904 0.553059 0.670919
v -1.122324 0.290688 1.366405
v -1.113655 0.312644 1.341069
v -1.039319 0.639937 1.185498
v -0.736063 0.389584 1.169908
v -1.165436 0.591114 1.305368
v -1.426806 0.460516 0.653816
v -0.481618 0.385682 1.305332
v -0.769643 0.368894 0.564784
v -0.672509 0.361483 0.538636
v -0.475822 0.323813 0.645496
v -1.316345 0.580413 1.323282
v -1.148044 0.557917 1.116799
v -0.824024 0.502127 1.377986
v -0.671846 0.433424 1.147176
v -1.215129 0.021870 0.511687
v -1.079463 0.330302 0.845704
v -0.628043 0.344143 0.513291
v -1.354358 0.234752 0.497858
v -0.432079 0.138173 1.242638
v -1.081266 0.113830 1.403716
v -1.096986 0.646128 1.295200
v -1.352315 0.691203 0.844641
v 0.908957 0.452855 -1.134314
v 0.532639 0.370737 -1.111957
v 0.805317 0.019148 -1.311436
v 1.191230 0.018065 -1.277804
v 0.760430 0.390891 -0.818741
v 0.895176 0.399103 -0.796185
v 0.600599 0.017543 -1.263984
v 1.196201 0.410982 -0.971606
v 1.222877 0.471921 -0.978505
v 0.618611 0.407620 -1.128137
v 1.159782 0.510226 -1.148422
v 1.212985 0.279842 -1.409253
v 1.316938 0.301202 -1.344349
v 0.601707 0.559383 -1.400407
v 0.460978 0.575718 -1.254801
v 0.433195 0.430575 -1.248865
v 0.430900 0.424183 -1.205795
v 1.312649 0.531596 -0.753289
v 1.292903 0.531211 -0.666223
v 1.197295 0.325118 -0.461283
v 0.978908 0.344992 -0.474315
v 0.423610 0.222160 -0.815511
v 0.427529 0.193448 -1.134596
v 0.690197 0.348860 -0.990011
v 0.847207 0.368852 -0.976253
v 1.094941 0.194669 -0.409713
v 1.101407 0.280791 -0.429201
v 0.945876 0.203358 -0.405706
v 1.435144 0.164569 -0.671773
v 1.417079 0.195229 -0.587979
v 1.475469 0.328696 -0.806572
v 1.468434 0.376045 -0.807828
v 1.369229 0.282316 -1.251868
v 1.368019 0.426556 -1.209722
v 1.378195 0.229595 -1.190569
v 0.660655 0.344479 -1.098596
v 1.000137 0.400015 -0.947689
v 0.835033 0.384562 -0.949896
v 0.884391 0.709464 -1.314029
v 0.721543 0.690538 -1.333338
v 0.759560 0.714173 -1.269574
v 0.510733 0.624568 -1.064896
v 0.499962 0.595440 -1.049679
v 1.203980 0.141800 -1.388685
v 1.218764 0.191194 -1.395360
v 1.205703 0.030995 -1.310666
v 1.106636 0.036295 -1.349508
v 0.425846 0.120711 -0.734667
v 0.424264 0.195801 -0.673757
v 0.421717 0.177837 -0.870445
v 0.941833 0.277532 -0.423972
v 0.785807 0.280656 -0.428534
v 0.786713 0.201771 -0.408309
v 1.339321 0.442336 -1.158818
v 1.294604 0.554690 -1.194147
v 1.068329 0.714063 -1.183485
v 0.907172 0.718569 -1.146035
v 1.456792 0.309546 -0.998100
v 1.436327 0.324933 -1.041086
v 1.285958 0.442670 -1.004313
v 1.245258 0.458173 -0.973048
v 0.488671 0.469231 -1.354878
v 0.502568 0.296245 -1.364517
v 0.904767 0.058339 -1.395686
v 0.939894 0.093767 -1.420645
v 1.059313 0.073880 -1.395491
v 1.220239 0.018153 -0.526488
v 1.233214 0.520443 -0.611888
v 1.226582 0.528884 -0.683333
v 1.191194 0.515283 -0.672894
v 1.148926 0.415559 -0.828350
v 1.147659 0.442948 -0.823938
v 1.163700 0.413526 -0.879340
v 1.321300 0.486101 -1.104443
v 1.327031 0.619425 -1.153574
v 1.329678 0.627681 -1.232425
v 0.608051 0.463501 -0.972736
v 0.637237 0.414313 -0.963505
v 0.503131 0.449332 -1.109099
v 0.540688 0.375552 -1.084217
v 0.473275 0.501813 -1.108856
v 0.483283 0.588606 -1.158107
v 0.496587 0.504655 -1.134439
v 0.444696 0.444266 -1.177888
v 0.449309 0.192413 -0.556674
v 0.460206 0.132565 -0.542965
v 0.471772 0.198795 -0.515502
v 0.955697 0.073352 -0.427403
v 0.791996 0.073371 -0.430219
v 1.202376 0.374600 -0.788478
v 1.163057 0.366128 -0.878396
v 0.988478 0.394471 -0.814857
v 1.166858 0.319610 -1.081538
v 0.949773 0.331736 -1.077501
v 1.160984 0.339498 -1.046616
v 1.224573 0.415434 -0.510329
v 1.277213 0.389409 -0.485681
v 1.250896 0.442441 -0.504465
v 1.371681 0.495899 -0.618939
v 1.352911 0.489008 -0.574899
v 1.401605 0.466566 -0.614635
v 0.939035 0.526744 -0.946523
v 1.009106 0.597333 -0.979474
v 0.778557 0.568354 -0.968394
v 0.769770 0.619113 -0.995330
v 1.218662 0.671507 -1.313088
v 1.202465 0.691540 -1.266779
v 1.288523 0.664382 -1.267342
v 1.206931 0.561117 -1.394757
v 1.130807 0.441639 -1.431459
v 1.415787 0.437322 -0.602164
v 1.434752 0.399222 -0.607441
v 1.394441 0.272086 -0.515695
v 1.359335 0.190357 -0.496876
v 1.282082 0.362391 -0.492422
v 1.235524 0.368270 -0.527171
v 1.250877 0.186831 -0.428938
v 1.300617 0.198234 -0.446382
v 1.181408 0.397094 -1.117021
v 1.195091 0.479426 -1.143910
v 1.420512 0.236219 -1.086303
v 1.399354 0.252294 -1.111257
v 1.416581 0.110260 -0.710210
v 1.380011 0.063495 -0.689621
v 1.395944 0.073905 -0.802473
v 0.532610 0.105425 -1.335490
v 0.603726 0.071684 -1.359384
v 0.476186 0.034873 -1.149489
v 0.454976 0.049135 -0.724711
v 0.443987 0.424464 -1.297674
v 0.464798 0.585264 -1.301360
v 0.602079 0.689164 -1.286298
v 0.516504 0.666029 -1.273128
v 1.264426 0.375448 -1.003581
v 1.236479 0.358845 -0.947886
v 1.253482 0.336728 -1.065581
v 1.138502 0.329484 -1.041166
v 1.140501 0.426774 -1.135364
v 1.183218 0.350291 -1.096861
v 1.117581 0.349610 -1.099756
v 1.284846 0.408723 -1.026894
v 1.299125 0.480154 -1.013924
v 1.264729 0.412818 -0.998700
v 1.208725 0.387956 -0.525883
v 1.250387 0.385408 -0.498535
v 1.144784 0.464104 -0.761269
v 1.148886 0.460748 -0.672563
v 0.570452 0.369941 -0.661393
v 0.579538 0.351968 -0.556863
v 0.523520 0.294887 -0.508182
v 0.478318 0.288885 -0.562739
v 0.488660 0.255653 -0.514393
v 0.567540 0.323093 -1.010783
v 0.615115 0.375685 -0.805280
v 1.278629 0.137482 -0.446842
v 1.286200 0.095474 -0.469979
v 1.130591 0.023141 -0.477326
v 0.767970 0.396815 -0.693398
v 0.903580 0.398110 -0.643033
v 1.175417 0.408290 -0.565627
v 1.157934 0.415493 -0.618615
v 1.383139 0.372375 -1.061816
v 1.351639 0.325739 -1.086425
v 0.898416 0.338547 -1.061989
v 0.665822 0.331400 -1.007949
v 0.656321 0.323933 -1.044393
v 0.585788 0.346414 -0.998378
v 0.604590 0.448024 -1.413990
v 0.804136 0.104287 -1.424220
v 1.453444 0.346926 -0.985253
v 1.322192 0.501390 -0.914164
v 1.263546 0.515431 -0.873229
v 1.328845 0.520751 -0.825572
v 0.643099 0.088148 -0.438640
v 0.586120 0.205859 -0.438255
v 0.550912 0.150694 -0.451119
v 1.336248 0.559491 -1.088484
v 1.325366 0.602356 -1.145080
v 1.195624 0.636416 -1.038961
v 1.212338 0.022862 -0.491533
v 1.284565 0.057466 -0.494535
v 1.241052 0.040480 -0.478965
v 0.905126 0.356553 -1.091701
v 0.425724 0.313510 -1.224652
v 1.196725 0.380390 -0.661474
v 0.956957 0.365816 -0.509022
v 1.194017 0.357723 -0.510719
v 0.999439 0.385282 -0.565291
v 1.268514 0.493172 -0.941133
v 1.224930 0.508856 -0.871709
v 1.180603 0.472287 -0.888867
v 1.170997 0.441347 -0.892703
v 0.467438 0.527956 -1.056220
v 0.569556 0.397906 -0.978688
v 0.542223 0.501364 -0.995428
v 1.416014 0.117671 -1.012475
v 1.428609 0.123099 -0.841334
v 1.199726 0.082262 -1.363653
v 1.288571 0.098225 -1.316177
v 0.911973 0.031472 -1.360432
v 0.744662 0.047992 -1.374193
v 0.608042 0.699692 -1.219947
v 0.533972 0.678528 -1.164720
v 1.085867 0.678664 -1.065214
v 0.915018 0.697595 -1.078902
v 0.494245 0.646757 -1.114086
v 0.535387 0.665166 -1.113417
v 0.482827 0.596562 -1.175427
v 0.509604 0.581809 -1.171231
v 0.531374 0.222812 -0.464186
v 0.492334 0.123878 -0.497966
v 1.311050 0.470102 -1.349111
v 1.318177 0.639207 -1.266829
v 0.435865 0.271939 -0.791648
v 0.441310 0.256391 -0.988887
v 0.502963 0.317081 -0.568596
v 0.480257 0.324370 -0.648682
v 0.484122 0.048122 -0.571635
v 0.475621 0.090778 -0.537879
v 0.475555 0.035243 -0.651399
v 1.091033 0.645963 -1.386206
v 1.150440 0.604213 -1.396743
v 0.814445 0.682503 -1.364651
v 0.935862 0.684375 -1.365352
v 0.935636 0.654059 -1.399306
v 1.305079 0.405953 -1.133843
v 1.414395 0.291470 -1.079932
v 1.396566 0.275895 -1.101811
v 0.460543 0.131244 -1.267111
v 0.464354 0.216232 -1.316809
v 0.480754 0.154100 -1.313337
v 0.441511 0.229842 -1.274689
v 1.228210 0.468354 -0.527640
v 1.253751 0.488836 -0.533182
v 1.206606 0.483683 -0.556229
v 1.289326 0.423329 -0.492459
v 1.335215 0.468994 -0.533851
v 1.315680 0.509489 -0.579913
v 1.201784 0.406580 -1.124135
v 1.217478 0.500575 -1.158576
v 1.268249 0.435009 -1.118375
v 1.327559 0.601799 -1.230901
v 1.313117 0.586203 -1.222120
v 0.429878 0.230579 -1.003742
v 0.518891 0.499615 -1.164429
v 0.462603 0.447104 -1.162691
v 1.328663 0.451416 -1.005842
v 1.266072 0.423169 -1.004901
v 1.307064 0.379660 -1.042708
v 1.148560 0.138010 -1.409583
v 1.067281 0.130497 -1.425200
v 1.053310 0.547702 -1.431506
v 1.035977 0.311263 -1.463332
v 0.929213 0.340477 -1.474213
v 1.187480 0.339369 -1.028229
v 1.123720 0.372454 -0.969537
v 1.214981 0.384965 -0.982501
v 1.327626 0.094269 -1.273109
v 1.329509 0.059785 -1.244791
v 0.532650 0.547298 -1.177085
v 0.602681 0.566211 -1.185465
v 1.172119 0.379263 -0.855899
v 1.172160 0.388450 -0.731885
v 1.172294 0.391455 -0.609124
v 0.497768 0.413577 -1.044192
v 0.523828 0.376071 -1.061235
v 0.525740 0.373345 -1.039107
v 0.481843 0.452002 -1.041807
v 0.476379 0.488288 -1.037911
v 1.304636 0.349035 -0.479867
v 1.328899 0.315480 -0.469964
v 1.372873 0.291853 -0.488953
v 1.412535 0.378968 -0.555009
v 1.280043 0.580891 -1.029542
v 1.306345 0.584149 -1.046363
v 1.270067 0.482262 -0.996056
v 1.445552 0.189641 -0.990806
v 1.460063 0.194120 -0.818552
v 1.407663 0.449821 -0.930549
v 1.369367 0.482889 -0.920345
v 1.380155 0.395688 -1.045623
v 1.349699 0.385211 -1.058942
v 1.395798 0.310035 -1.083413
v 1.373183 0.310545 -1.091114
v 0.507260 0.061781 -0.516514
v 1.178822 0.448956 -0.566438
v 1.162198 0.451078 -0.604716
v 0.794017 0.677218 -1.050621
v 0.660452 0.654934 -1.046537
v 0.816935 0.646201 -1.010684
v 0.615387 0.607010 -1.015089
v 0.476022 0.620446 -1.293635
v 0.468344 0.628055 -1.250078
v 0.479643 0.649702 -1.212277
v 1.206262 0.379885 -0.538589
v 1.221173 0.370725 -0.543024
v 1.203509 0.372136 -0.565335
v 1.153011 0.566374 -1.161204
v 0.706324 0.563950 -1.153188
v 0.678582 0.553789 -1.148564
v 0.677175 0.366912 -0.545425
v 0.595711 0.251649 -0.443438
v 0.551238 0.271015 -0.468754
v 0.588471 0.659820 -1.339219
v 0.508627 0.648476 -1.305359
v 0.656449 0.617594 -1.395150
v 0.805556 0.611248 -1.421728
v 0.497069 0.577491 -1.215024
v 0.629513 0.568364 -1.165442
v 1.236054 0.137535 -0.430311
v 1.230932 0.097976 -0.441665
v 0.950040 0.131001 -0.409126
v 1.282286 0.019764 -1.228166
v 1.359164 0.060793 -1.173874
v 1.370133 0.054355 -1.083716
v 1.336731 0.033154 -1.158955
v 0.862039 0.301884 -1.476727
v 0.772157 0.292700 -1.465201
v 0.604630 0.113543 -1.382456
v 0.548228 0.191890 -1.376686
v 0.567136 0.341188 -1.055462
v 0.534299 0.480859 -1.141990
v 0.590064 0.352147 -1.094077
v 1.305214 0.028836 -0.571619
v 1.334496 0.029864 -0.764651
v 1.348474 0.039458 -0.669260
v 1.280398 0.350409 -1.043484
v 1.278740 0.326889 -1.084084
v 1.290860 0.341050 -1.075062
v 1.217486 0.361796 -0.885430
v 1.369015 0.505704 -0.829083
v 1.438979 0.429584 -0.663555
v 1.334859 0.373184 -0.485193
v 1.348224 0.324180 -0.479038
v 1.314451 0.331944 -1.113387
v 1.375225 0.282495 -1.169756
v 1.201746 0.694040 -1.155742
v 1.286044 0.673855 -1.213156
v 1.199312 0.698316 -1.215441
v 1.323452 0.592396 -1.074204
v 1.324642 0.630077 -1.131144
v 1.313461 0.629406 -1.095634
v 0.549332 0.386899 -0.989378
v 0.590174 0.359153 -0.982627
v 0.891115 0.579922 -1.195498
v 1.309121 0.594338 -1.164982
v 1.287777 0.586840 -1.171500
v 1.342202 0.566848 -1.273757
v 1.308830 0.627262 -1.306725
v 0.476666 0.359117 -1.122168
v 0.451308 0.323588 -1.122548
v 1.047099 0.395735 -0.732450
v 1.457027 0.244592 -0.672204
v 1.427235 0.339154 -0.568739
v 0.630922 0.299037 -0.456848
v 0.642056 0.334700 -0.489773
v 1.267623 0.378306 -1.072039
v 1.238438 0.359459 -1.083687
v 0.960711 0.459360 -0.938101
v 0.856462 0.422567 -0.939092
v 1.060207 0.542765 -0.964979
v 0.645888 0.497759 -1.157910
v 0.869101 0.483895 -1.138291
v 0.449228 0.248051 -0.582272
v 0.486150 0.063145 -1.260114
v 0.482991 0.041588 -1.219680
v 0.631040 0.025619 -1.315381
v 0.493190 0.303401 -1.076328
v 0.491451 0.329730 -1.100189
v 0.469678 0.302175 -1.087678
v 0.476768 0.304698 -0.910582
v 0.515480 0.319090 -0.941310
v 0.874053 0.193843 -1.464018
v 0.947365 0.249037 -1.472484
v 0.472628 0.603430 -1.147135
v 0.468386 0.611629 -1.228591
v 1.142926 0.331167 -1.077796
v 0.535289 0.341330 -0.578603
v 0.513913 0.348044 -0.800710
v 0.669945 0.195194 -0.418805
v 0.624555 0.157920 -0.427654
v 0.692189 0.128175 -0.420981
v 1.175219 0.051203 -1.350186
v 0.745135 0.715240 -1.183911
v 0.605606 0.695338 -1.158911
v 0.757738 0.703252 -1.115091
v 0.843153 0.723114 -1.234312
v 0.938180 0.724059 -1.236403
v 1.259126 0.311953 -0.453536
v 1.224781 0.252165 -0.432030
v 0.437132 0.314020 -1.284288
v 1.199935 0.515578 -0.813181
v 1.203226 0.493254 -0.890906
v 1.171790 0.492969 -0.829047
v 1.176091 0.510217 -0.760297
v 0.892680 0.577963 -1.159546
v 0.569373 0.045959 -0.480988
v 0.543898 0.031233 -0.513402
v 0.571915 0.018335 -0.533928
v 0.513868 0.025709 -0.574535
v 0.510589 0.021598 -1.198732
v 1.226986 0.648097 -1.344350
v 1.218943 0.631744 -1.362983
v 1.296695 0.551343 -1.352782
v 1.270475 0.354520 -1.109997
v 1.334657 0.306171 -1.099795
v 1.205631 0.455690 -0.939583
v 1.228695 0.483155 -0.938091
v 1.171956 0.516307 -1.162583
v 1.178007 0.571127 -1.166715
v 1.264673 0.579759 -1.172028
v 1.274289 0.516406 -1.153667
v 0.438553 0.262365 -1.081215
v 0.482149 0.295827 -0.998012
v 0.483307 0.296359 -1.055641
v 1.339768 0.521456 -0.666522
v 1.377748 0.506031 -0.687727
v 1.421435 0.471332 -0.759882
v 1.401579 0.484156 -0.832071
v 1.381196 0.506414 -0.757721
v 1.369850 0.077273 -0.605855
v 1.330026 0.058745 -0.547067
v 1.397421 0.128166 -0.603003
v 1.067596 0.713315 -1.249779
v 0.461568 0.052350 -1.147280
v 0.442526 0.085279 -1.108763
v 0.427628 0.116547 -0.991439
v 0.435472 0.173138 -1.207168
v 1.328343 0.387187 -1.051622
v 1.310823 0.358100 -1.064071
v 0.435885 0.330526 -1.147187
v 0.456524 0.285711 -1.076974
v 0.639686 0.349130 -0.979309
v 0.980866 0.374784 -0.959480
v 0.793499 0.385261 -0.575719
v 0.779084 0.356501 -0.499688
v 1.106132 0.350145 -0.987600
v 1.186189 0.361100 -0.987359
v 1.316234 0.451990 -1.064272
v 1.335248 0.507157 -1.082589
v 1.326573 0.500954 -1.044326
v 0.607634 0.503034 -1.151259
v 1.099617 0.558228 -1.148039
v 0.600502 0.554976 -1.158270
v 0.535680 0.563252 -1.189724
v 0.684740 0.342894 -0.985179
v 1.277123 0.387789 -1.043188
v 1.254723 0.386417 -1.003679
v 1.346601 0.316397 -1.126032
v 1.364215 0.327297 -1.150283
v 1.374191 0.291337 -1.108039
v 1.361293 0.298115 -1.128324
v 1.348365 0.305094 -1.100915
v 0.558313 0.571786 -1.170954
v 1.406293 0.182182 -1.115119
v 1.387485 0.119658 -1.145193
v 1.374906 0.154365 -1.191422
v 0.614450 0.039888 -1.334446
v 0.522889 0.046391 -1.285944
v 1.327243 0.038605 -1.217752
v 1.223019 0.048978 -1.326068
v 1.452493 0.344562 -0.630260
v 1.461218 0.373373 -0.682998
v 0.500399 0.549067 -1.357989
v 0.521685 0.627928 -1.341584
v 0.483671 0.602445 -1.324234
v 0.706818 0.323639 -1.082663
v 0.837391 0.341308 -1.054119
v 0.493089 0.508869 -1.020212
v 0.621716 0.543085 -0.987348
v 1.251624 0.670399 -1.109616
v 1.195300 0.661021 -1.067283
v 1.305685 0.654071 -1.130100
v 1.292956 0.637685 -1.081697
v 1.143347 0.429945 -0.765580
v 1.153454 0.401109 -0.807651
v 1.148574 0.422146 -0.669264
v 1.208230 0.339510 -1.072179
v 1.240468 0.354132 -1.045813
v 1.238506 0.506937 -0.566585
v 1.272664 0.511060 -0.563865
v 0.898514 0.569419 -1.150661
v 0.436920 0.127029 -0.609411
v 1.333613 0.538468 -1.110120
v 1.312571 0.515450 -1.132233
v 0.431495 0.250651 -0.677063
v 0.450440 0.298326 -0.688268
v 0.433990 0.195150 -0.608329
v 1.230979 0.560592 -1.170243
v 1.255229 0.571392 -1.196924
v 1.192567 0.569690 -1.184464
v 0.428265 0.236833 -1.121031
v 0.673770 0.073254 -1.383734
v 1.269762 0.535636 -1.006549
v 1.205039 0.589556 -1.010768
v 1.102795 0.673150 -1.354198
v 1.101740 0.692942 -1.319372
v 1.003724 0.707134 -1.308426
v 1.335577 0.267979 -0.462345
v 1.345574 0.228288 -0.471049
v 0.574563 0.499720 -1.157172
v 1.177340 0.385706 -0.895951
v 1.199888 0.371140 -0.917221
v 1.204609 0.447963 -1.407732
v 1.119958 0.291299 -1.443647
v 0.494177 0.660801 -1.163613
v 0.475835 0.606055 -1.088142
v 0.470116 0.608942 -1.132926
v 0.464383 0.559803 -1.078454
v 0.798493 0.551678 -1.438942
v 0.805373 0.652068 -1.397325
v 0.935292 0.614028 -1.423770
v 1.237069 0.419353 -0.984265
v 1.336010 0.477218 -0.969829
v 0.900596 0.344101 -1.079601
v 0.681330 0.327168 -1.077133
v 0.568954 0.347970 -1.079009
v 0.620504 0.333382 -1.081841
v 0.464590 0.534737 -1.103874
v 1.372203 0.050397 -0.829119
v 1.325094 0.027165 -0.913638
v 1.198017 0.438046 -0.537468
v 0.486807 0.649542 -1.263803
v 0.506482 0.671560 -1.217381
v 0.545226 0.310983 -1.076923
v 1.415672 0.411467 -0.992067
v 1.383028 0.440483 -0.994765
v 1.335675 0.362802 -1.072796
v 1.317710 0.653223 -1.210071
v 1.329818 0.158625 -1.301262
v 1.348221 0.430467 -1.306526
v 1.350986 0.266739 -1.299807
v 1.287224 0.031511 -1.261739
v 1.435514 0.287442 -0.588944
v 0.603150 0.284310 -1.418859
v 0.680724 0.184783 -1.433054
v 0.573512 0.096722 -0.454093
v 1.362322 0.432377 -1.265445
v 0.847588 0.325468 -0.454212
v 1.100655 0.120490 -0.416498
v 1.131187 0.031080 -0.460875
v 1.111732 0.047172 -0.444735
v 0.696730 0.026408 -0.470797
v 0.521393 0.024989 -1.247399
v 1.372017 0.283244 -1.131717
v 1.391253 0.219401 -1.139454
v 1.380109 0.260754 -1.145335
v 0.604815 0.025617 -0.485876
v 1.447399 0.431105 -0.734545
v 1.433952 0.447185 -0.832176
v 1.439208 0.383539 -0.982990
v 1.456126 0.404009 -0.838666
v 0.949058 0.158033 -1.451880
v 1.035155 0.197019 -1.452448
v 0.928882 0.652999 -1.012369
v 1.041864 0.643173 -1.014897
v 1.283822 0.625950 -1.334551
v 0.811053 0.463362 -0.940388
v 0.639615 0.373510 -0.967629
v 1.206161 0.503277 -0.589127
v 0.607590 0.679474 -1.102239
v 0.559171 0.646565 -1.066246
v 1.305036 0.529430 -1.023264
v 1.331941 0.539652 -1.057273
v 1.428584 0.177938 -1.056836
v 1.441923 0.252805 -1.046119
v 1.356499 0.444170 -1.178734
v 0.461587 0.437771 -1.328412
v 1.266591 0.024921 -0.523728
v 1.351243 0.047610 -0.623447
v 0.677756 0.115763 -1.408108
v 0.602717 0.181530 -1.405186
v 1.219424 0.600599 -1.379648
v 1.278886 0.594653 -1.354952
v 1.185563 0.384588 -0.567852
v 0.649661 0.385026 -0.662738
v 0.625774 0.383911 -0.720788
v 0.532591 0.101638 -0.472495
v 1.039182 0.489213 -0.949810
v 1.311173 0.457015 -1.038105
v 1.403648 0.113512 -1.082264
v 1.354898 0.116392 -1.232659
v 0.537737 0.582414 -1.024230
v 0.453044 0.068148 -0.621527
v 0.915055 0.560847 -1.442119
v 1.046005 0.609511 -1.414441
v 0.538706 0.310074 -1.060147
v 0.544483 0.367927 -1.003808
v 0.521209 0.392200 -1.010889
v 0.510769 0.439371 -1.006417
v 0.462658 0.602365 -1.274753
v 0.507474 0.164375 -0.476290
v 1.471418 0.242032 -0.837951
v 1.445695 0.162032 -0.745105
v 1.194069 0.552492 -1.155756
v 1.263529 0.533333 -1.168399
v 0.451829 0.300100 -1.105381
v 0.460394 0.294369 -0.621931
v 0.807045 0.518121 -0.948694
v 0.517099 0.594300 -1.357954
v 0.464677 0.498421 -1.075556
v 0.480350 0.452800 -1.074567
v 0.667821 0.264830 -0.433248
v 1.227022 0.359403 -0.921710
v 1.229660 0.367531 -1.002549
v 0.604251 0.472779 -1.145528
v 0.439586 0.072141 -0.749134
v 0.444806 0.063333 -1.009413
v 0.967507 0.365654 -0.989781
v 1.186899 0.041200 -0.459335
v 1.211357 0.394059 -0.957667
v 0.584339 0.632971 -1.366328
v 0.581216 0.600471 -1.383011
v 0.791401 0.131149 -0.411939
v 0.474910 0.637477 -1.154590
v 1.386683 0.443279 -0.560678
v 1.391566 0.394517 -0.536406
v 0.460733 0.311616 -0.793173
v 1.331390 0.580412 -1.302606
v 1.314184 0.580871 -1.330688
v 0.460441 0.077190 -1.209638
v 1.321814 0.164692 -0.468524
v 1.340358 0.118773 -0.510236
v 1.304459 0.045250 -0.528848
v 1.414663 0.380764 -1.030520
v 0.553694 0.323430 -0.517533
v 0.568693 0.297916 -0.477414
v 1.282965 0.472696 -0.976771
v 1.223115 0.347892 -0.490758
v 0.503905 0.544799 -1.023007
v 0.901211 0.574351 -1.170137
v 1.165652 0.495002 -0.670383
v 1.155537 0.487908 -0.760232
v 1.155324 0.473804 -0.821006
v 0.477512 0.575824 -1.231311
v 0.481740 0.333554 -0.716118
v 0.533273 0.360657 -0.724074
v 0.496002 0.200726 -1.344185
v 0.495284 0.101895 -1.303428
v 1.178614 0.484558 -0.600919
v 1.470003 0.297789 -0.925864
v 1.459573 0.259292 -0.986334
v 1.282986 0.363283 -1.027462
v 0.615812 0.048905 -0.461318
v 1.307072 0.023458 -1.204445
v 1.018517 0.394199 -0.634044
v 1.469315 0.254390 -0.728171
v 1.293719 0.265393 -0.445546
v 1.288364 0.483411 -0.525891
v 0.943487 0.477672 -1.137638
v 0.471597 0.594245 -1.233596
v 1.314299 0.200905 -1.331616
v 0.435317 0.280489 -1.119474
v 1.275918 0.656823 -1.299584
v 0.687406 0.287452 -1.447268
v 0.678163 0.396722 -1.439414
v 0.732546 0.443796 -1.446315
v 1.122384 0.213292 -1.435542
v 1.274476 0.623983 -1.055936
v 1.331679 0.603520 -1.264833
v 1.284656 0.672006 -1.160340
v 0.661668 0.656836 -1.366322
v 1.285550 0.021940 -0.586895
v 1.417511 0.470991 -0.688835
v 1.320204 0.604737 -1.172554
v 1.228489 0.529462 -0.756975
v 0.512000 0.347514 -0.656039
v 1.288979 0.054501 -1.287089
v 0.453457 0.272931 -0.980541
v 0.649940 0.377780 -0.600338
v 0.879724 0.586192 -0.966985
v 1.330179 0.586089 -1.245938
v 0.619699 0.326762 -1.063441
v 0.500558 0.225757 -0.488925
v 1.304750 0.383808 -0.481504
v 1.319733 0.432770 -0.502157
v 1.316870 0.576746 -1.226336
v 1.431338 0.288810 -1.060973
v 1.366559 0.397547 -0.512173
v 1.099398 0.698773 -1.116215
v 0.906149 0.352895 -0.992767
v 0.463445 0.299948 -1.331914
v 0.789945 0.199942 -1.458362
v 1.126529 0.084256 -1.389167
v 1.281088 0.574167 -1.205896
v 0.517559 0.569895 -1.207085
v 0.711965 0.046068 -0.449502
v 1.260674 0.528733 -0.804457
v 0.484570 0.564231 -1.045038
vn -0.0322 0.9989 -0.0336
vn -0.1410 0.9898 -0.0212
vn -0.0287 0.9992 0.0285
vn -0.0901 -0.9952 -0.0389
vn 0.0072 -0.9994 -0.0328
vn -0.0583 -0.9965 0.0602
vn 0.0320 0.9989 0.0337
vn 0.0282 0.9992 -0.0281
vn 0.0555 -0.8940 0.4446
vn -0.0104 -0.8458 0.5334
vn -0.0817 0.5231 0.8483
vn -0.0008 0.3876 0.9218
vn -0.0017 0.6374 0.7706
vn -0.0123 -0.8927 -0.4505
vn 0.0353 -0.9377 -0.3457
vn 0.0875 0.5358 -0.8398
vn -0.0017 0.3797 -0.9251
vn 0.0023 0.6358 -0.7718
vn 0.4927 0.0380 -0.8694
vn 0.2931 0.0078 -0.9560
vn 0.9874 0.1545 0.0355
vn 0.9975 -0.0531 0.0456
vn 0.9908 0.1306 -0.0351
vn 0.1288 -0.2791 0.9516
vn 0.0305 -0.3646 0.9307
vn -0.0985 0.3061 0.9469
vn -0.0303 0.1554 0.9874
vn -0.9874 0.1545 -0.0355
vn -0.9975 -0.0531 -0.0456
vn -0.9908 0.1306 0.0351
vn -0.9161 -0.4010 -0.0019
vn -0.8372 -0.5442 -0.0548
vn 0.0290 0.1527 -0.9879
vn -0.0526 -0.0360 -0.9980
vn -0.0493 0.1486 -0.9877
vn 0.0783 0.5740 0.8151
vn 0.6718 0.7385 0.0575
vn 0.8498 0.5217 0.0760
vn 0.7693 0.6378 -0.0375
vn -0.6718 0.7385 -0.0575
vn -0.8498 0.5217 -0.0760
vn -0.7693 0.6378 0.0375
vn -0.7478 0.0706 -0.6602
vn -0.8724 0.0417 -0.4869
vn -0.9001 0.1771 -0.3980
vn -0.9141 -0.2940 0.2791
vn -0.9570 -0.0533 0.2851
vn 0.0124 -0.9997 0.0212
vn 0.0165 0.8385 -0.5447
vn -0.0204 0.9326 -0.3604
vn 0.0271 0.9514 -0.3069
vn 0.4014 0.9156 0.0258
vn 0.5755 0.8171 -0.0334
vn 0.3445 0.9385 -0.0224
vn -0.7397 -0.1059 0.6645
vn -0.4014 0.9156 -0.0258
vn -0.5755 0.8171 0.0334
vn -0.3445 0.9385 0.0224
vn 0.8408 -0.1427 0.5222
vn 0.8724 0.0417 0.4869
vn 0.7478 0.0706 0.6602
vn 0.2277 0.6559 0.7197
vn 0.2679 0.4081 0.8727
vn 0.0219 -0.4902 -0.8713
vn 0.0338 -0.7566 -0.6530
vn -0.6118 0.7673 -0.1923
vn -0.7571 0.6058 -0.2444
vn -0.0822 0.5863 -0.8059
vn -0.8408 -0.1427 -0.5222
vn 0.7397 -0.1059 -0.6645
vn 0.4226 0.8828 -0.2050
vn 0.5106 0.7773 -0.3676
vn 0.3854 -0.9217 -0.0442
vn 0.4714 -0.8817 0.0202
vn 0.4590 -0.5241 -0.7174
vn 0.3108 -0.4230 -0.8512
vn 0.5252 -0.6641 0.5322
vn 0.7593 -0.3356 0.5575
vn 0.0997 -0.9947 -0.0254
vn -0.0353 -0.5542 0.8316
vn -0.4927 0.0380 0.8694
vn -0.2931 0.0078 0.9560
vn -0.0165 0.8385 0.5447
vn 0.0204 0.9326 0.3604
vn -0.0271 0.9514 0.3069
vn -0.4226 0.8828 0.2050
vn -0.5106 0.7773 0.3676
vn 0.3652 0.7767 0.5132
vn 0.0016 0.9898 0.1423
vn 0.0697 0.9844 0.1616
vn -0.1496 -0.1216 -0.9813
vn -0.2836 -0.2954 -0.9123
vn -0.2893 -0.0477 -0.9561
vn -0.3693 -0.6436 -0.6704
vn -0.3652 0.7767 -0.5132
vn -0.0697 0.9844 -0.1616
vn 0.7547 -0.5614 -0.3393
vn 0.7819 -0.3466 -0.5183
vn 0.9141 -0.2941 -0.2791
vn 0.9570 -0.0533 -0.2851
vn -0.7565 -0.5618 0.3346
vn -0.7859 -0.3397 0.5167
vn -0.4554 -0.5138 0.7270
vn -0.3178 -0.4330 0.8435
vn -0.5223 0.2277 -0.8218
vn -0.2899 0.1542 -0.9446
vn -0.2277 0.6559 -0.7197
vn -0.2660 0.4080 -0.8734
vn 0.6118 0.7673 0.1923
vn 0.7571 0.6058 0.2444
vn 0.9001 0.1771 0.3980
vn 0.0179 -0.0896 0.9958
vn -0.0162 -0.1829 0.9830
vn 0.5223 0.2277 0.8218
vn 0.2914 0.1561 0.9438
vn 0.0817 -0.6203 0.7801
vn 0.2763 -0.2929 0.9154
vn -0.7586 -0.6502 0.0421
vn -0.7479 -0.6464 0.1510
vn 0.0591 0.0285 -0.9978
vn -0.4043 0.1892 0.8949
vn -0.3158 0.8003 0.5097
vn -0.1923 0.7673 0.6118
vn 0.4043 0.1892 -0.8949
vn 0.3158 0.8003 -0.5097
vn 0.1923 0.7673 -0.6118
vn -0.9462 0.3093 -0.0954
vn -0.8873 0.3911 -0.2445
vn -0.9683 0.1670 -0.1857
vn -0.5252 -0.6641 -0.5322
vn -0.4695 -0.8827 -0.0208
vn -0.1068 -0.9940 0.0249
vn 0.8372 -0.5442 0.0547
vn 0.9161 -0.4010 0.0019
vn 0.7157 -0.5256 0.4598
vn 0.7187 0.5319 -0.4478
vn 0.7127 0.6589 -0.2405
vn 0.9929 -0.0526 -0.1064
vn 0.9763 0.1403 -0.1647
vn -0.9929 -0.0526 0.1064
vn -0.9763 0.1403 0.1647
vn -0.7187 0.5319 0.4478
vn -0.7127 0.6589 0.2405
vn 0.1192 0.8826 -0.4548
vn 0.1449 0.9890 -0.0302
vn 0.2463 0.9489 0.1974
vn 0.2442 0.9083 0.3396
vn 0.2967 -0.6969 -0.6529
vn 0.1559 -0.5409 -0.8266
vn -0.0248 -0.9768 0.2126
vn 0.5136 -0.3485 0.7841
vn 0.2423 -0.5305 0.8123
vn 0.3730 -0.6413 0.6705
vn -0.1539 -0.9290 0.3364
vn -0.1480 -0.5518 0.8208
vn -0.9541 -0.2663 -0.1374
vn -0.8192 -0.5521 -0.1555
vn -0.6663 -0.6856 -0.2931
vn 0.7479 -0.6464 -0.1510
vn 0.7585 -0.6503 -0.0421
vn 0.0130 -0.0974 -0.9952
vn -0.1451 0.9890 0.0302
vn -0.1192 0.8826 0.4548
vn -0.0984 -0.3920 -0.9147
vn -0.2463 0.9489 -0.1974
vn -0.2442 0.9083 -0.3396
vn 0.0499 0.0603 0.9969
vn -0.6645 -0.1059 -0.7398
vn -0.7593 -0.3356 -0.5575
vn -0.5028 0.0399 -0.8635
vn 0.9825 -0.0073 0.1863
vn 0.9462 0.3093 0.0954
vn 0.8873 0.3911 0.2445
vn 0.9683 0.1670 0.1857
vn -0.3020 -0.1761 0.9369
vn -0.0886 -0.2791 0.9562
vn 0.2666 -0.9144 -0.3045
vn 0.4170 -0.8934 -0.1669
vn 0.1559 -0.9183 -0.3640
vn -0.3857 -0.9215 0.0442
vn -0.2606 -0.9225 0.2846
vn -0.4166 -0.8936 0.1672
vn 0.6636 0.2990 -0.6857
vn 0.5264 0.6101 -0.5921
vn 0.4795 0.3707 -0.7954
vn 0.3804 0.5777 -0.7222
vn -0.5265 0.6101 0.5921
vn -0.4795 0.3707 0.7954
vn -0.3804 0.5777 0.7222
vn -0.6636 0.2990 0.6857
vn -0.9825 -0.0073 -0.1863
vn -0.9481 -0.0921 -0.3043
vn -0.8855 -0.3483 -0.3074
vn -0.8084 0.5752 0.1252
vn -0.9264 0.3761 0.0197
vn 0.9264 0.3761 -0.0197
vn 0.8084 0.5752 -0.1252
vn 0.8192 -0.5520 0.1556
vn 0.9540 -0.2663 0.1374
vn 0.9481 -0.0921 0.3043
vn 0.8855 -0.3484 0.3074
vn -0.2444 0.6058 0.7571
vn -0.0695 0.7327 0.6770
vn -0.0016 0.9898 -0.1423
vn 0.1410 0.9898 0.0212
vn -0.0263 -0.2523 -0.9673
vn 0.0892 -0.2797 -0.9559
vn 0.0688 -0.9760 0.2065
vn 0.2366 -0.9191 0.3152
vn -0.5921 0.6101 -0.5265
vn -0.7222 0.5777 -0.3804
vn 0.5921 0.6101 0.5265
vn 0.7222 0.5777 0.3804
vn 0.0678 0.7335 -0.6763
vn 0.5028 0.0399 0.8635
vn 0.2867 -0.0557 0.9564
vn 0.6645 -0.1059 0.7398
vn 0.8213 0.2269 -0.5234
vn 0.9408 0.3258 -0.0931
vn -0.8213 0.2269 0.5234
vn -0.9408 0.3258 0.0931
vn -0.3314 0.9400 0.0812
vn -0.1696 0.9772 0.1278
vn 0.6664 -0.6856 0.2931
vn 0.1090 -0.9931 0.0435
vn 0.3436 -0.9173 0.2011
vn -0.8705 -0.1432 0.4708
vn 0.8705 -0.1432 -0.4708
vn 0.2523 0.9258 -0.2815
vn 0.1696 0.9772 -0.1278
vn 0.3314 0.9400 -0.0812
vn 0.4568 0.8810 0.1230
vn -0.4568 0.8810 -0.1230
vn -0.6051 -0.5774 0.5481
vn -0.5484 -0.3316 0.7676
vn -0.0502 -0.9800 -0.1924
vn -0.2379 -0.9189 -0.3148
vn -0.3406 -0.9192 -0.1977
vn -0.1563 0.1381 -0.9780
vn -0.7158 -0.5256 -0.4598
vn -0.1825 0.1613 0.9699
vn -0.1262 -0.0495 0.9908
vn 0.1559 0.1462 0.9769
vn 0.1345 -0.0561 0.9893
vn 0.1761 -0.8071 0.5635
vn -0.2445 0.3911 0.8873
vn -0.2488 -0.5455 -0.8003
vn -0.5136 -0.3485 -0.7841
vn -0.4708 -0.1431 -0.8705
vn 0.1851 -0.2949 -0.9374
vn 0.1278 -0.0490 -0.9906
vn 0.3020 -0.1761 -0.9369
vn 0.2449 0.6060 -0.7568
vn 0.0941 0.3166 -0.9439
vn 0.2448 0.3907 -0.8874
vn 0.1820 0.1619 -0.9699
vn 0.8635 0.0399 -0.5028
vn 0.9451 0.1524 -0.2891
vn -0.9451 0.1524 0.2891
vn -0.8635 0.0399 0.5028
vn -0.5691 0.8120 0.1295
vn 0.5691 0.8120 -0.1295
vn -0.1009 0.3579 -0.9283
vn -0.0415 0.7847 -0.6184
vn -0.1435 0.8145 -0.5622
vn 0.1415 0.3893 0.9102
vn 0.0415 0.7847 0.6184
vn 0.1435 0.8145 0.5622
vn 0.0558 0.9937 -0.0976
vn 0.0806 0.9687 -0.2347
vn 0.5500 -0.3331 -0.7658
vn 0.0682 -0.9912 -0.1133
vn -0.1466 -0.8242 -0.5471
vn -0.0804 -0.8303 0.5515
vn -0.0559 0.9936 0.0978
vn -0.7954 0.3707 -0.4795
vn 0.7954 0.3707 0.4795
vn 0.0469 0.2733 0.9608
vn 0.9624 -0.2642 0.0626
vn 0.9668 -0.2521 -0.0410
vn 0.9472 -0.2859 -0.1450
vn -0.9472 -0.2859 0.1450
vn -0.9624 -0.2642 -0.0626
vn -0.9668 -0.2520 0.0410
vn -0.4817 -0.8723 -0.0845
vn 0.4879 -0.8687 0.0854
vn 0.1267 -0.7843 -0.6073
vn 0.4708 -0.1432 0.8705
vn -0.2523 0.9258 0.2814
vn -0.1851 -0.2949 0.9374
vn -0.2166 -0.7204 0.6589
vn -0.8755 0.3953 0.2778
vn 0.8755 0.3953 -0.2778
vn 0.6857 0.2990 0.6637
vn -0.6857 0.2990 -0.6637
vn -0.0695 -0.6706 -0.7386
vn 0.5186 -0.1437 -0.8429
vn 0.6602 0.0706 -0.7478
vn -0.5186 -0.1436 0.8429
vn -0.6602 0.0706 0.7478
vn -0.4475 0.5310 -0.7196
vn 0.4475 0.5310 0.7196
vn -0.5387 -0.7628 0.3576
vn -0.3812 -0.7133 0.5881
vn 0.5448 -0.6423 -0.5391
vn 0.5454 -0.7584 -0.3568
vn 0.0970 0.9275 0.3611
vn -0.0970 0.9275 -0.3611
vn -0.0571 0.0160 0.9982
vn -0.0806 0.9687 0.2347
vn 0.5050 0.8043 0.3132
vn -0.5050 0.8043 -0.3132
vn 0.2231 0.9715 0.0805
vn -0.2231 0.9715 -0.0805
vn 0.0764 0.9526 0.2944
vn 0.1915 0.8851 0.4243
vn 0.2220 0.9463 0.2350
vn 0.0716 -0.9934 0.0894
vn -0.0610 -0.9967 -0.0531
vn 0.1168 -0.9773 -0.1768
vn 0.0218 0.9650 -0.2615
vn -0.0178 0.9107 0.4126
vn -0.0773 0.9670 -0.2429
vn -0.1048 -0.9891 0.1034
vn 0.2070 0.1532 0.9663
vn 0.1548 0.2866 0.9455
vn 0.0862 0.1436 0.9859
vn 0.0087 -0.5279 -0.8492
vn 0.0579 -0.2505 -0.9664
vn -0.1340 0.0607 -0.9891
vn -0.0391 0.1510 -0.9878
vn -0.0064 0.3808 0.9246
vn -0.0520 0.2633 0.9633
vn -0.1728 0.4292 0.8865
vn 0.2014 0.1072 -0.9736
vn 0.0530 0.9043 0.4236
vn -0.9984 -0.0564 -0.0077
vn -0.8827 -0.4692 -0.0248
vn -0.9583 -0.2858 0.0054
vn -0.9912 -0.0027 -0.1320
vn 0.2867 0.0928 -0.9535
vn 0.1463 0.0487 -0.9880
vn 0.9976 -0.0691 0.0061
vn 0.9995 0.0296 -0.0098
vn 0.4059 0.0370 -0.9132
vn -0.2436 -0.4296 0.8695
vn -0.0516 -0.4686 0.8819
vn -0.2422 -0.1286 0.9617
vn -0.0244 -0.5721 -0.8198
vn -0.9981 -0.0612 0.0035
vn -0.9925 0.1201 0.0244
vn -0.0544 -0.1181 0.9915
vn -0.0400 -0.3014 0.9527
vn 0.0434 0.9799 0.1947
vn 0.1255 0.9754 0.1815
vn 0.0450 0.9990 -0.0052
vn -0.8725 -0.1624 -0.4608
vn -0.9906 -0.0084 -0.1368
vn 0.8116 0.5809 -0.0619
vn 0.7946 0.6025 0.0745
vn 0.1003 -0.4103 0.9064
vn 0.0845 -0.1702 0.9818
vn -0.9827 0.1849 0.0082
vn -0.9554 0.1929 -0.2236
vn -0.9711 0.2384 -0.0083
vn -0.9122 0.3166 -0.2600
vn 0.8383 0.3293 -0.4345
vn 0.9302 0.0634 -0.3616
vn 0.7604 0.2147 -0.6129
vn 0.2653 0.9383 -0.2217
vn 0.5903 -0.8059 -0.0459
vn 0.6458 -0.7628 0.0327
vn 0.2929 -0.9547 0.0531
vn 0.5577 -0.3787 0.7387
vn -0.5486 -0.4240 -0.7206
vn -0.5095 -0.5550 -0.6575
vn -0.7858 -0.5246 -0.3275
vn -0.0067 -0.9504 0.3111
vn 0.0133 -0.9909 -0.1342
vn 0.9922 -0.0944 -0.0820
vn 0.9873 0.1236 0.0998
vn 0.8750 0.2720 0.4006
vn 0.9926 0.0971 0.0724
vn 0.9769 0.1998 0.0763
vn 0.8999 -0.3982 -0.1781
vn 0.7120 -0.4226 -0.5608
vn 0.8877 -0.2283 -0.3998
vn -0.1093 -0.8944 -0.4337
vn -0.0558 -0.8085 -0.5858
vn -0.0166 -0.9353 -0.3534
vn -0.5936 -0.0898 -0.7997
vn -0.3887 0.0562 -0.9197
vn -0.4404 -0.0448 -0.8967
vn -0.9204 0.0799 0.3827
vn -0.8211 0.0823 0.5648
vn -0.8427 0.3521 0.4073
vn 0.0977 0.9656 -0.2411
vn 0.0999 0.9774 -0.1864
vn 0.6005 0.7971 -0.0635
vn -0.0707 0.7889 0.6104
vn -0.0152 0.8973 0.4412
vn -0.7032 0.2916 0.6485
vn -0.5098 0.2396 0.8262
vn -0.4301 0.4985 0.7526
vn -0.1669 0.2030 -0.9649
vn -0.5901 0.6659 -0.4564
vn -0.4932 0.8251 -0.2757
vn -0.2754 0.9064 -0.3203
vn 0.1409 0.7546 0.6408
vn 0.0541 0.7659 0.6406
vn -0.0735 0.4590 0.8854
vn -0.1554 0.5259 0.8362
vn -0.1922 0.2882 0.9381
vn 0.0315 -0.5968 -0.8018
vn -0.0053 -0.9670 0.2546
vn -0.2495 0.9682 -0.0186
vn -0.1882 0.9654 -0.1805
vn -0.1629 0.3111 0.9363
vn 0.7805 -0.1836 -0.5976
vn 0.9368 -0.1432 -0.3192
vn 0.8773 -0.4070 0.2545
vn 0.8514 -0.1997 0.4851
vn 0.2650 -0.7767 0.5714
vn 0.1521 -0.9389 0.3089
vn 0.9824 -0.1469 -0.1149
vn 0.9409 0.3099 0.1368
vn 0.9994 0.0299 0.0163
vn 0.1288 0.9071 0.4007
vn 0.0449 0.9096 0.4130
vn 0.3673 0.7766 0.5119
vn 0.4294 0.8441 0.3211
vn 0.3640 -0.2580 0.8949
vn 0.1917 -0.2077 0.9592
vn -0.9998 -0.0126 -0.0122
vn -0.9994 0.0245 -0.0249
vn -0.4712 0.3741 0.7988
vn -0.2968 -0.0942 0.9503
vn -0.1494 -0.1906 0.9702
vn -0.5528 -0.5385 0.6359
vn -0.3589 -0.4612 0.8115
vn -0.3555 0.9236 -0.1437
vn -0.2209 0.9401 0.2595
vn -0.4407 0.8382 0.3213
vn 0.2508 0.9534 -0.1675
vn 0.3914 0.9201 -0.0174
vn 0.1387 0.9828 0.1217
vn 0.3353 0.3953 0.8552
vn -0.9181 -0.3168 -0.2382
vn -0.2899 0.1228 0.9491
vn -0.1860 0.0599 0.9807
vn 0.7695 0.0560 -0.6362
vn 0.8931 -0.0351 -0.4485
vn 0.6579 -0.0341 -0.7524
vn 0.0220 -0.8544 -0.5192
vn -0.0343 -0.2271 0.9733
vn 0.8780 -0.4543 0.1507
vn 0.6420 -0.7521 -0.1488
vn -0.0899 0.5139 -0.8532
vn -0.1869 0.4530 -0.8717
vn 0.1268 0.6275 -0.7682
vn 0.0257 0.6232 -0.7816
vn 0.0383 0.7934 -0.6075
vn 0.6036 0.0890 0.7923
vn 0.6145 -0.1517 0.7742
vn 0.9990 -0.0422 0.0163
vn 0.9950 0.0662 0.0743
vn -0.5969 -0.3045 -0.7423
vn -0.4358 -0.3295 -0.8375
vn -0.5525 -0.5442 -0.6314
vn -0.8104 -0.5855 0.0188
vn 0.1081 -0.6002 -0.7925
vn 0.1167 -0.4068 -0.9060
vn 0.2817 -0.3380 -0.8980
vn 0.6072 -0.3115 -0.7309
vn 0.5611 -0.5535 -0.6154
vn 0.4032 -0.4994 -0.7669
vn -0.1399 0.9753 0.1712
vn -0.2597 0.9545 0.1466
vn -0.1421 0.9164 0.3742
vn -0.7391 0.5516 0.3866
vn -0.5504 0.4759 0.6860
vn 0.0406 0.8255 0.5630
vn -0.0317 0.8519 0.5228
vn -0.4463 -0.7710 -0.4544
vn -0.4579 -0.3459 -0.8190
vn -0.8053 -0.2470 -0.5390
vn -0.3053 0.3661 0.8791
vn 0.3603 0.5503 0.7533
vn 0.5671 0.4943 0.6588
vn 0.0604 -0.7545 0.6535
vn 0.1363 -0.0828 0.9872
vn -0.1977 -0.6311 0.7501
vn -0.1380 -0.4066 -0.9031
vn -0.0212 -0.3369 -0.9413
vn -0.0170 -0.4801 -0.8770
vn -0.2919 -0.0302 -0.9560
vn -0.2409 0.0926 -0.9661
vn -0.8335 0.2974 0.4656
vn -0.9852 0.1422 0.0961
vn -0.9592 0.1372 0.2471
vn -0.3352 -0.9404 0.0572
vn -0.6199 -0.7805 0.0806
vn -0.3139 -0.9463 -0.0767
vn -0.5724 -0.3627 0.7354
vn 0.4931 0.8454 -0.2054
vn 0.7756 0.5837 -0.2403
vn 0.9719 0.2341 0.0245
vn 0.3910 0.2628 0.8821
vn -0.0889 0.5688 0.8176
vn -0.0444 0.3318 0.9423
vn -0.0119 0.5867 0.8097
vn 0.0691 -0.7873 -0.6127
vn -0.0235 -0.2442 -0.9695
vn -0.0217 -0.2445 -0.9694
vn 0.5561 0.3303 0.7627
vn 0.7524 0.2550 0.6074
vn 0.9243 0.3813 0.0174
vn 0.7344 0.6760 -0.0605
vn 0.9570 0.2885 -0.0305
vn -0.0416 0.9954 0.0857
vn -0.0497 0.9902 -0.1302
vn -0.0945 0.9944 -0.0476
vn -0.3289 0.9369 0.1186
vn -0.1747 -0.8140 -0.5540
vn -0.5585 -0.7870 0.2624
vn -0.9953 -0.0501 -0.0828
vn -0.8958 -0.1777 0.4074
vn -0.9092 -0.4048 0.0977
vn -0.7458 -0.5192 0.4174
vn -0.9746 0.0170 0.2233
vn -0.9218 0.2882 0.2593
vn 0.9464 -0.2420 -0.2138
vn 0.8857 -0.4013 -0.2337
vn 0.8845 -0.4663 -0.0160
vn -0.7324 -0.1695 0.6595
vn 0.1164 0.2442 0.9627
vn 0.0436 0.4012 0.9150
vn 0.1395 0.6230 0.7697
vn 0.3823 0.5607 0.7345
vn 0.2089 0.6475 0.7329
vn -0.0203 0.1270 0.9917
vn -0.0563 0.1098 0.9924
vn -0.5217 0.0562 -0.8512
vn -0.8086 0.5452 -0.2211
vn -0.0421 0.9991 -0.0057
vn -0.0524 0.8983 -0.4363
vn -0.1726 0.7219 -0.6701
vn -0.1812 0.8789 -0.4413
vn 0.4427 0.1699 0.8804
vn 0.8529 0.2868 0.4362
vn 0.7145 0.5379 0.4474
vn -0.9047 0.3626 0.2238
vn -0.9770 -0.1045 -0.1856
vn -0.9692 -0.1867 -0.1609
vn -0.9040 -0.4111 -0.1173
vn -0.9784 -0.1972 -0.0627
vn -0.0165 -0.9981 0.0591
vn -0.0056 -0.9968 -0.0798
vn -0.0298 -0.9368 0.3486
vn 0.0843 0.9963 0.0181
vn 0.0864 0.9866 0.1386
vn 0.2327 0.9679 0.0947
vn 0.3520 0.9291 -0.1136
vn -0.1531 -0.2933 -0.9437
vn 0.0790 -0.7219 -0.6875
vn 0.0440 -0.1549 -0.9869
vn -0.1488 0.8092 0.5684
vn -0.0609 0.6620 0.7470
vn -0.0509 0.8153 0.5767
vn -0.0450 0.9147 0.4016
vn 0.4236 -0.5279 0.7361
vn 0.0444 -0.7312 0.6807
vn 0.0172 -0.4771 0.8787
vn 0.1054 -0.9942 -0.0193
vn 0.4692 -0.7340 0.4910
vn 0.2101 -0.7774 0.5929
vn 0.1889 -0.9312 0.3117
vn -0.0803 0.2850 0.9552
vn -0.0809 0.1245 0.9889
vn 0.0260 -0.0193 0.9995
vn -0.9402 0.3285 0.0903
vn -0.9751 0.1638 0.1498
vn 0.6612 -0.6880 0.2990
vn 0.6982 -0.4706 0.5395
vn 0.8686 -0.1865 0.4590
vn 0.9586 -0.1742 0.2255
vn 0.9643 0.0766 0.2536
vn 0.9705 0.1935 0.1436
vn 0.8996 0.3798 0.2154
vn -0.1500 0.3409 0.9280
vn -0.1499 0.0604 0.9869
vn 0.2688 -0.0263 0.9628
vn 0.2084 -0.4155 0.8854
vn 0.0412 -0.8159 -0.5768
vn 0.2228 -0.5856 -0.7794
vn 0.4434 0.8101 0.3837
vn 0.6645 0.7422 0.0869
vn 0.7576 0.6165 0.2142
vn -0.4618 -0.8821 0.0931
vn -0.4658 -0.7875 0.4036
vn 0.5653 0.5318 -0.6306
vn 0.5124 0.7388 -0.4377
vn 0.1767 0.3859 -0.9054
vn -0.7350 -0.5128 -0.4436
vn -0.2907 -0.9433 0.1606
vn 0.5217 -0.8180 0.2424
vn 0.2519 -0.6367 -0.7288
vn 0.1476 -0.4103 -0.8999
vn 0.4420 -0.4536 -0.7739
vn -0.7783 -0.4151 0.4711
vn -0.8411 -0.4782 0.2528
vn -0.5960 -0.7604 0.2581
vn -0.0626 0.9213 0.3839
vn -0.0430 0.5248 0.8502
vn 0.5659 -0.6357 -0.5250
vn 0.5114 -0.8592 -0.0141
vn 0.3475 -0.8682 -0.3542
vn -0.4111 -0.8459 -0.3398
vn -0.6402 -0.7130 -0.2858
vn -0.2917 -0.4321 -0.8534
vn -0.2415 -0.6364 -0.7325
vn -0.4491 -0.1738 -0.8764
vn -0.1645 -0.2217 -0.9611
vn -0.2713 -0.3560 -0.8943
vn -0.2968 -0.1639 -0.9408
vn 0.4441 -0.7966 -0.4101
vn 0.2895 -0.7922 -0.5373
vn -0.2126 -0.0292 0.9767
vn -0.6031 -0.0898 0.7926
vn -0.4698 -0.0747 0.8796
vn 0.0231 -0.9132 -0.4068
vn -0.9052 0.4132 0.0998
vn -0.2941 0.9495 -0.1091
vn -0.4417 0.8971 -0.0006
vn -0.6796 0.0595 0.7312
vn -0.0469 0.9764 -0.2108
vn 0.0477 0.9770 -0.2079
vn 0.1422 0.9520 -0.2711
vn 0.0646 0.9021 -0.4266
vn 0.4352 -0.3150 -0.8434
vn -0.1453 0.9844 0.0990
vn -0.1609 0.8784 0.4500
vn -0.9540 0.2690 0.1322
vn -0.6009 0.4566 0.6560
vn -0.9280 0.3724 -0.0055
vn -0.9507 0.3095 -0.0184
vn 0.0964 0.4094 0.9073
vn -0.7877 0.6149 -0.0367
vn -0.5685 0.8052 0.1688
vn 0.6825 0.6735 0.2838
vn 0.4061 0.7107 0.5745
vn 0.4765 0.8776 -0.0531
vn -0.3357 0.5756 -0.7457
vn 0.9230 0.3623 0.1296
vn 0.8943 0.3222 0.3106
vn 0.4625 0.0218 0.8864
vn 0.5736 -0.1929 0.7961
vn 0.6564 0.5738 0.4898
vn 0.2210 0.4788 0.8496
vn -0.9017 0.0091 -0.4323
vn -0.9071 -0.3061 -0.2890
vn -0.7652 -0.6401 0.0689
vn 0.4625 -0.0138 0.8865
vn 0.1397 0.5247 0.8398
vn 0.4723 0.5060 0.7217
vn -0.0429 0.0998 0.9941
vn 0.0539 0.1025 0.9933
vn 0.0394 0.4797 0.8766
vn 0.0835 0.3219 0.9431
vn 0.0724 0.8638 0.4987
vn 0.8117 0.4643 0.3544
vn 0.5971 0.6872 0.4138
vn 0.7303 0.4820 0.4841
vn 0.7048 0.6679 0.2392
vn -0.5312 -0.1386 0.8359
vn -0.5143 0.0401 0.8567
vn 0.1549 -0.8145 -0.5590
vn -0.0465 -0.7419 0.6689
vn -0.0235 -0.5048 0.8629
vn -0.5535 -0.0327 0.8322
vn -0.2739 0.4142 0.8680
vn 0.0077 0.0235 -0.9997
vn 0.0887 0.1383 -0.9864
vn -0.7915 0.3501 -0.5010
vn -0.5521 0.5162 -0.6548
vn -0.6458 0.2099 -0.7341
vn -0.8886 0.1019 -0.4471
vn -0.0178 -0.8443 0.5355
vn -0.0708 -0.6790 0.7307
vn 0.0550 0.5594 0.8271
vn 0.4366 -0.8130 0.3853
vn -0.2545 -0.8476 -0.4656
vn -0.4479 -0.7808 -0.4356
vn 0.9586 0.2355 -0.1602
vn 0.9870 0.0992 -0.1263
vn 0.9936 -0.0131 -0.1119
vn -0.1901 0.9790 -0.0738
vn 0.4032 -0.7754 -0.4859
vn 0.7445 -0.3431 -0.5727
vn 0.5788 -0.3349 -0.7436
vn 0.2677 -0.3523 -0.8968
vn 0.0789 -0.2687 -0.9600
vn -0.0242 -0.4514 -0.8920
vn -0.1732 -0.3625 0.9158
vn -0.3751 -0.2735 0.8857
vn 0.7037 -0.6624 -0.2571
vn 0.3661 -0.9170 -0.1584
vn 0.5764 0.8138 0.0741
vn 0.3370 0.9415 -0.0067
vn 0.5754 0.1012 -0.8116
vn 0.3706 0.2720 -0.8881
vn 0.2857 0.5164 -0.8073
vn 0.8675 0.2526 0.4285
vn 0.7507 0.2955 0.5909
vn 0.7795 0.0707 0.6224
vn 0.9017 0.0079 0.4323
vn -0.1251 0.9042 0.4083
vn 0.0080 0.9954 0.0954
vn 0.0197 0.9990 -0.0408
vn 0.3188 0.6971 -0.6421
vn 0.2534 0.8615 -0.4401
vn -0.6748 0.6221 0.3971
vn -0.4633 0.6997 0.5439
vn -0.7409 0.6199 0.2584
vn -0.1017 -0.4018 -0.9101
vn -0.1774 0.6740 0.7171
vn -0.2240 0.6292 0.7442
vn -0.2879 0.2941 0.9114
vn -0.3069 0.8124 0.4958
vn 0.2328 0.2030 -0.9511
vn -0.8097 -0.5363 -0.2382
vn -0.6429 -0.7632 -0.0656
vn -0.4571 0.7325 0.5045
vn -0.5672 0.7971 0.2070
vn -0.6004 0.5192 0.6083
vn -0.1502 0.8947 0.4207
vn -0.2894 0.5586 0.7773
vn -0.9478 -0.1811 0.2624
vn -0.8774 -0.1834 0.4433
vn 0.2446 0.5417 0.8042
vn 0.2360 0.3494 0.9068
vn -0.2374 0.9670 -0.0930
vn -0.8960 -0.1242 -0.4263
vn 0.9108 -0.4124 0.0196
vn 0.8427 -0.4374 0.3140
vn -0.0126 -0.6540 -0.7564
vn -0.1084 -0.6021 -0.7910
vn -0.2034 -0.6467 -0.7351
vn -0.3690 -0.5975 -0.7119
vn 0.9756 -0.2194 0.0119
vn -0.9363 0.0972 0.3374
vn -0.9226 -0.3567 0.1467
vn 0.2069 0.3084 0.9285
vn 0.1868 0.0497 0.9811
vn 0.9779 -0.2034 -0.0490
vn 0.3778 0.8576 0.3491
vn 0.2295 0.9002 0.3700
vn 0.1377 0.9898 -0.0356
vn 0.2411 0.9684 0.0635
vn 0.0542 -0.9528 -0.2987
vn -0.5963 -0.6738 0.4364
vn -0.3411 0.7694 -0.5400
vn -0.1592 -0.9346 0.3181
vn -0.2287 -0.7660 0.6008
vn 0.0217 -0.9495 0.3131
vn 0.0260 -0.5358 0.8439
vn 0.0147 -0.3031 0.9529
vn -0.1654 -0.9860 0.0203
vn 0.8215 0.5698 0.0214
vn 0.7323 -0.6771 0.0732
vn 0.6861 -0.5382 0.4895
vn -0.0684 0.9550 0.2885
vn 0.0679 0.2389 -0.9687
vn 0.0362 0.4120 -0.9105
vn 0.7980 -0.3357 -0.5005
vn -0.7121 0.7005 -0.0478
vn -0.4549 0.2501 0.8547
vn -0.7506 0.0755 0.6565
vn -0.2874 0.6452 0.7079
vn -0.1940 0.6612 0.7247
vn -0.2637 0.8657 0.4254
vn 0.1336 -0.0915 -0.9868
vn -0.0136 -0.1764 -0.9842
vn -0.1367 -0.0679 -0.9883
vn 0.1667 -0.9807 -0.1024
vn 0.1602 0.7364 0.6573
vn 0.0370 0.7379 0.6739
vn 0.7737 -0.5782 -0.2589
vn -0.3082 0.1665 -0.9366
vn -0.0945 -0.1025 0.9902
vn 0.1507 -0.2398 -0.9590
vn 0.2964 -0.0846 -0.9513
vn -0.5964 -0.7683 -0.2324
vn -0.3189 -0.9257 -0.2035
vn -0.0434 0.9800 0.1941
vn -0.2320 0.2705 0.9343
vn -0.7817 -0.5462 -0.3011
vn -0.5637 0.8216 -0.0849
vn -0.4146 0.8351 0.3616
vn -0.7473 0.6633 -0.0404
vn -0.5102 0.8507 -0.1266
vn -0.1091 0.9939 -0.0147
vn -0.1139 0.9634 -0.2428
vn -0.7877 0.6085 0.0962
vn 0.5869 -0.1458 -0.7964
vn 0.4379 -0.1040 -0.8930
vn -0.3065 0.0939 0.9472
vn -0.1579 0.9729 -0.1691
vn -0.8318 0.3663 0.4171
vn -0.0051 0.3849 0.9229
vn 0.4605 0.4108 0.7869
vn -0.9669 -0.2552 0.0049
vn -0.9743 0.0937 -0.2049
vn -0.8205 0.1088 -0.5613
vn -0.4607 0.2518 -0.8511
vn 0.5115 0.3280 -0.7942
vn 0.6004 0.2595 0.7564
vn 0.4298 -0.4533 0.7809
vn 0.0126 -0.8203 -0.5717
vn 0.0008 -0.8460 -0.5331
vn -0.3454 -0.7994 0.4916
vn -0.1127 -0.9247 0.3636
vn 0.8819 -0.4526 0.1322
vn 0.6476 -0.7498 0.1354
vn 0.3767 -0.9024 0.2092
vn -0.0942 0.7447 -0.6607
vn 0.3700 -0.0590 0.9272
vn 0.5166 0.8447 0.1405
vn 0.2139 -0.4878 0.8463
vn 0.0205 -0.1435 0.9894
vn -0.6978 0.6606 0.2768
vn 0.1530 0.9861 -0.0655
vn 0.1331 0.9787 -0.1564
vn 0.5812 0.4110 0.7023
vn 0.0143 0.9641 0.2650
vn 0.8794 -0.4642 -0.1056
vn 0.6259 -0.1052 0.7728
vn 0.6882 0.1830 0.7021
vn 0.0501 0.3397 0.9392
vn -0.5018 -0.4210 0.7557
vn -0.6984 -0.2494 0.6709
vn -0.5801 0.8140 0.0307
vn -0.3579 0.9334 -0.0254
vn -0.8855 -0.4495 0.1178
vn -0.9783 -0.1753 0.1107
vn -0.6369 0.4920 0.5935
vn 0.4511 0.8744 0.1786
vn 0.2342 0.7471 0.6221
vn -0.1035 -0.9737 -0.2031
vn -0.7369 -0.1928 -0.6480
vn -0.7633 -0.0456 -0.6445
vn -0.7077 0.0546 -0.7044
vn 0.7524 0.0199 0.6584
vn 0.7722 0.1897 0.6064
vn 0.7515 -0.4972 -0.4336
vn -0.1537 -0.8962 -0.4163
vn -0.2715 0.3513 -0.8960
vn 0.8690 -0.1951 0.4547
vn 0.1670 0.7791 -0.6042
vn -0.1002 0.4274 0.8985
vn 0.0250 0.9866 -0.1615
vn 0.0238 -0.2925 -0.9560
vn 0.9811 -0.1909 0.0316
vn 0.0162 0.1804 0.9835
vn 0.9698 -0.2439 0.0021
vn -0.9335 0.3453 0.0963
vn -0.9931 0.0569 0.1025
vn 0.4890 0.3398 0.8034
vn -0.7954 -0.3038 -0.5245
vn -0.7558 0.2848 0.5897
vn -0.5412 0.3674 0.7563
vn -0.7930 0.2714 0.5454
vn -0.6315 -0.7449 0.2153
vn 0.9372 0.3462 0.0413
vn -0.9720 0.0852 0.2190
vn 0.9513 -0.0329 0.3065
vn -0.0025 -0.9912 -0.1327
vn 0.7662 -0.1887 0.6143
vn 0.4015 0.0707 0.9132
vn 0.1760 0.5490 0.8171
vn 0.4781 0.8735 -0.0917
vn -0.0888 0.2873 -0.9537
vn -0.3126 0.5725 0.7580
vn 0.9434 0.1457 0.2979
vn 0.2944 0.9526 -0.0764
vn 0.4243 0.8851 -0.1915
vn 0.2350 0.9463 -0.2220
vn 0.0894 -0.9934 -0.0716
vn -0.0531 -0.9967 0.0610
vn -0.1768 -0.9773 -0.1168
vn -0.2615 0.9650 -0.0218
vn 0.4126 0.9107 0.0178
vn -0.2429 0.9670 0.0773
vn 0.1034 -0.9891 0.1048
vn 0.9663 0.1532 -0.2070
vn 0.9455 0.2866 -0.1548
vn 0.9859 0.1436 -0.0862
vn -0.8492 -0.5279 -0.0087
vn -0.9664 -0.2505 -0.0579
vn -0.9891 0.0607 0.1340
vn -0.9878 0.1510 0.0391
vn 0.9246 0.3808 0.0064
vn 0.9633 0.2633 0.0521
vn 0.8865 0.4292 0.1728
vn -0.9736 0.1072 -0.2014
vn 0.4236 0.9043 -0.0530
vn -0.0077 -0.0564 0.9984
vn -0.0248 -0.4692 0.8827
vn 0.0054 -0.2858 0.9583
vn -0.1320 -0.0027 0.9912
vn -0.9535 0.0928 -0.2867
vn -0.9880 0.0487 -0.1463
vn 0.0061 -0.0691 -0.9976
vn -0.0098 0.0296 -0.9995
vn -0.9132 0.0370 -0.4059
vn 0.8695 -0.4296 0.2436
vn 0.8819 -0.4686 0.0516
vn 0.9617 -0.1286 0.2422
vn -0.8198 -0.5721 0.0244
vn 0.0035 -0.0612 0.9981
vn 0.0244 0.1201 0.9925
vn 0.9915 -0.1181 0.0544
vn 0.9527 -0.3014 0.0400
vn 0.1947 0.9799 -0.0434
vn 0.1815 0.9754 -0.1255
vn -0.0052 0.9990 -0.0450
vn -0.4608 -0.1624 0.8725
vn -0.1368 -0.0084 0.9906
vn -0.0619 0.5809 -0.8116
vn 0.0745 0.6025 -0.7946
vn 0.9064 -0.4103 -0.1003
vn 0.9818 -0.1702 -0.0845
vn 0.0082 0.1849 0.9827
vn -0.2236 0.1929 0.9554
vn -0.0083 0.2384 0.9711
vn -0.2600 0.3166 0.9122
vn -0.4345 0.3293 -0.8383
vn -0.3616 0.0634 -0.9302
vn -0.6129 0.2147 -0.7604
vn -0.2217 0.9383 -0.2653
vn -0.0459 -0.8059 -0.5902
vn 0.0327 -0.7628 -0.6458
vn 0.0531 -0.9547 -0.2929
vn 0.7387 -0.3787 -0.5577
vn -0.7206 -0.4240 0.5486
vn -0.6575 -0.5550 0.5095
vn -0.3275 -0.5246 0.7858
vn 0.3111 -0.9504 0.0067
vn -0.1342 -0.9909 -0.0133
vn -0.0820 -0.0944 -0.9922
vn 0.0998 0.1236 -0.9873
vn 0.4006 0.2720 -0.8750
vn 0.0724 0.0971 -0.9926
vn 0.0763 0.1998 -0.9769
vn -0.1781 -0.3982 -0.8999
vn -0.5608 -0.4226 -0.7120
vn -0.3998 -0.2283 -0.8877
vn -0.4337 -0.8944 0.1093
vn -0.5858 -0.8085 0.0558
vn -0.3534 -0.9353 0.0166
vn -0.7997 -0.0898 0.5936
vn -0.9197 0.0562 0.3887
vn -0.8967 -0.0448 0.4404
vn 0.3827 0.0799 0.9204
vn 0.5648 0.0823 0.8211
vn 0.4073 0.3521 0.8427
vn -0.2411 0.9656 -0.0977
vn -0.1864 0.9774 -0.0999
vn -0.0635 0.7971 -0.6005
vn 0.6104 0.7889 0.0707
vn 0.4412 0.8973 0.0152
vn 0.6485 0.2916 0.7032
vn 0.8262 0.2396 0.5098
vn 0.7526 0.4985 0.4301
vn -0.9649 0.2030 0.1669
vn -0.4564 0.6659 0.5901
vn -0.2757 0.8251 0.4932
vn -0.3203 0.9064 0.2754
vn 0.6408 0.7546 -0.1409
vn 0.6406 0.7659 -0.0541
vn 0.8854 0.4590 0.0735
vn 0.8362 0.5259 0.1554
vn 0.9381 0.2882 0.1921
vn -0.8018 -0.5968 -0.0315
vn 0.2546 -0.9670 0.0053
vn -0.0186 0.9682 0.2495
vn -0.1805 0.9654 0.1882
vn 0.9363 0.3111 0.1629
vn -0.5976 -0.1836 -0.7805
vn -0.3192 -0.1432 -0.9368
vn 0.2545 -0.4070 -0.8773
vn 0.4851 -0.1997 -0.8514
vn 0.5714 -0.7767 -0.2650
vn 0.3089 -0.9389 -0.1521
vn -0.1149 -0.1469 -0.9824
vn 0.1368 0.3099 -0.9409
vn 0.0163 0.0299 -0.9994
vn 0.4007 0.9071 -0.1288
vn 0.4130 0.9096 -0.0449
vn 0.5119 0.7766 -0.3673
vn 0.3211 0.8441 -0.4294
vn 0.8949 -0.2580 -0.3640
vn 0.9592 -0.2077 -0.1917
vn -0.0122 -0.0126 0.9998
vn -0.0249 0.0245 0.9994
vn 0.7988 0.3741 0.4712
vn 0.9503 -0.0942 0.2968
vn 0.9702 -0.1906 0.1494
vn 0.6359 -0.5385 0.5528
vn 0.8115 -0.4612 0.3589
vn -0.1437 0.9236 0.3555
vn 0.2595 0.9401 0.2209
vn 0.3213 0.8382 0.4407
vn -0.1675 0.9534 -0.2508
vn -0.0174 0.9201 -0.3914
vn 0.1216 0.9828 -0.1387
vn 0.8552 0.3953 -0.3352
vn -0.2382 -0.3168 0.9181
vn 0.9491 0.1228 0.2899
vn 0.9807 0.0599 0.1860
vn -0.6362 0.0560 -0.7695
vn -0.4485 -0.0351 -0.8931
vn -0.7524 -0.0341 -0.6579
vn -0.5192 -0.8543 -0.0220
vn 0.9733 -0.2271 0.0343
vn 0.1506 -0.4543 -0.8780
vn -0.1488 -0.7521 -0.6420
vn -0.8532 0.5139 0.0899
vn -0.8717 0.4530 0.1869
vn -0.7682 0.6275 -0.1268
vn -0.7816 0.6232 -0.0257
vn -0.6075 0.7934 -0.0383
vn 0.7923 0.0890 -0.6036
vn 0.7742 -0.1517 -0.6145
vn 0.0163 -0.0422 -0.9990
vn 0.0743 0.0662 -0.9950
vn -0.7423 -0.3045 0.5969
vn -0.8375 -0.3295 0.4358
vn -0.6314 -0.5442 0.5525
vn 0.0188 -0.5855 0.8104
vn -0.7925 -0.6002 -0.1081
vn -0.9060 -0.4068 -0.1167
vn -0.8980 -0.3380 -0.2817
vn -0.7309 -0.3115 -0.6072
vn -0.6154 -0.5535 -0.5611
vn -0.7669 -0.4994 -0.4032
vn 0.1712 0.9753 0.1399
vn 0.1466 0.9545 0.2597
vn 0.3742 0.9164 0.1421
vn 0.3866 0.5516 0.7391
vn 0.6860 0.4759 0.5504
vn 0.5630 0.8255 -0.0406
vn 0.5228 0.8519 0.0317
vn -0.4544 -0.7710 0.4463
vn -0.8190 -0.3459 0.4579
vn -0.5390 -0.2470 0.8053
vn 0.8791 0.3661 0.3053
vn 0.7533 0.5503 -0.3603
vn 0.6588 0.4943 -0.5671
vn 0.6535 -0.7545 -0.0604
vn 0.9872 -0.0828 -0.1363
vn 0.7501 -0.6311 0.1977
vn -0.9031 -0.4067 0.1380
vn -0.9413 -0.3369 0.0212
vn -0.8770 -0.4801 0.0170
vn -0.9560 -0.0302 0.2919
vn -0.9661 0.0926 0.2409
vn 0.4656 0.2974 0.8335
vn 0.0961 0.1422 0.9852
vn 0.2471 0.1372 0.9592
vn 0.0572 -0.9404 0.3352
vn 0.0806 -0.7805 0.6199
vn -0.0767 -0.9463 0.3139
vn 0.7354 -0.3627 0.5724
vn -0.2054 0.8454 -0.4931
vn -0.2403 0.5837 -0.7756
vn 0.0245 0.2341 -0.9719
vn 0.8821 0.2628 -0.3910
vn 0.8176 0.5688 0.0889
vn 0.9423 0.3318 0.0444
vn 0.8097 0.5867 0.0119
vn -0.6127 -0.7873 -0.0691
vn -0.9695 -0.2442 0.0235
vn -0.9694 -0.2445 0.0217
vn 0.7627 0.3303 -0.5561
vn 0.6074 0.2550 -0.7524
vn 0.0174 0.3813 -0.9243
vn -0.0605 0.6760 -0.7344
vn -0.0305 0.2885 -0.9570
vn 0.0857 0.9954 0.0416
vn -0.1302 0.9902 0.0497
vn -0.0476 0.9944 0.0945
vn 0.1186 0.9369 0.3289
vn -0.5540 -0.8140 0.1747
vn 0.2624 -0.7870 0.5585
vn -0.0828 -0.0501 0.9953
vn 0.4074 -0.1777 0.8958
vn 0.0977 -0.4048 0.9092
vn 0.4174 -0.5192 0.7458
vn 0.2233 0.0170 0.9746
vn 0.2593 0.2882 0.9218
vn -0.2138 -0.2420 -0.9464
vn -0.2337 -0.4013 -0.8857
vn -0.0160 -0.4663 -0.8845
vn 0.6595 -0.1695 0.7324
vn 0.9627 0.2441 -0.1164
vn 0.9150 0.4012 -0.0436
vn 0.7697 0.6230 -0.1395
vn 0.7345 0.5607 -0.3823
vn 0.7329 0.6475 -0.2089
vn 0.9917 0.1270 0.0203
vn 0.9924 0.1098 0.0563
vn -0.8512 0.0562 0.5217
vn -0.2211 0.5452 0.8086
vn -0.0057 0.9991 0.0421
vn -0.4363 0.8983 0.0524
vn -0.6701 0.7219 0.1726
vn -0.4413 0.8789 0.1812
vn 0.8804 0.1699 -0.4427
vn 0.4362 0.2868 -0.8529
vn 0.4474 0.5379 -0.7145
vn 0.2238 0.3626 0.9047
vn -0.1856 -0.1045 0.9770
vn -0.1609 -0.1867 0.9692
vn -0.1173 -0.4111 0.9040
vn -0.0627 -0.1972 0.9784
vn 0.0591 -0.9981 0.0165
vn -0.0798 -0.9968 0.0056
vn 0.3486 -0.9368 0.0298
vn 0.0181 0.9963 -0.0843
vn 0.1386 0.9866 -0.0864
vn 0.0947 0.9679 -0.2327
vn -0.1136 0.9291 -0.3520
vn -0.9437 -0.2933 0.1531
vn -0.6875 -0.7218 -0.0790
vn -0.9869 -0.1549 -0.0440
vn 0.5684 0.8092 0.1488
vn 0.7470 0.6620 0.0609
vn 0.5767 0.8153 0.0509
vn 0.4016 0.9147 0.0450
vn 0.7361 -0.5279 -0.4236
vn 0.6807 -0.7312 -0.0444
vn 0.8787 -0.4771 -0.0172
vn -0.0193 -0.9942 -0.1054
vn 0.4910 -0.7340 -0.4692
vn 0.5929 -0.7774 -0.2101
vn 0.3117 -0.9312 -0.1889
vn 0.9552 0.2850 0.0803
vn 0.9889 0.1245 0.0809
vn 0.9995 -0.0193 -0.0260
vn 0.0903 0.3285 0.9402
vn 0.1498 0.1638 0.9751
vn 0.2990 -0.6880 -0.6612
vn 0.5395 -0.4706 -0.6982
vn 0.4590 -0.1865 -0.8686
vn 0.2255 -0.1742 -0.9586
vn 0.2536 0.0766 -0.9643
vn 0.1436 0.1935 -0.9705
vn 0.2154 0.3798 -0.8996
vn 0.9280 0.3409 0.1500
vn 0.9869 0.0604 0.1499
vn 0.9628 -0.0263 -0.2688
vn 0.8854 -0.4155 -0.2084
vn -0.5768 -0.8159 -0.0413
vn -0.7794 -0.5856 -0.2228
vn 0.3837 0.8101 -0.4434
vn 0.0869 0.7422 -0.6645
vn 0.2142 0.6165 -0.7576
vn 0.0931 -0.8821 0.4618
vn 0.4036 -0.7875 0.4658
vn -0.6306 0.5318 -0.5653
vn -0.4377 0.7388 -0.5124
vn -0.9054 0.3859 -0.1767
vn -0.4436 -0.5128 0.7350
vn 0.1606 -0.9433 0.2907
vn 0.2424 -0.8180 -0.5217
vn -0.7288 -0.6367 -0.2519
vn -0.8999 -0.4103 -0.1476
vn -0.7739 -0.4536 -0.4420
vn 0.4711 -0.4151 0.7783
vn 0.2528 -0.4782 0.8411
vn 0.2581 -0.7604 0.5960
vn 0.3839 0.9213 0.0626
vn 0.8502 0.5248 0.0430
vn -0.5250 -0.6357 -0.5659
vn -0.0141 -0.8592 -0.5114
vn -0.3542 -0.8682 -0.3475
vn -0.3398 -0.8459 0.4111
vn -0.2858 -0.7131 0.6402
vn -0.8534 -0.4321 0.2917
vn -0.7325 -0.6364 0.2415
vn -0.8764 -0.1738 0.4491
vn -0.9611 -0.2217 0.1645
vn -0.8943 -0.3560 0.2713
vn -0.9408 -0.1639 0.2968
vn -0.4101 -0.7966 -0.4441
vn -0.5373 -0.7922 -0.2895
vn 0.9767 -0.0292 0.2126
vn 0.7926 -0.0898 0.6031
vn 0.8796 -0.0747 0.4698
vn -0.4068 -0.9132 -0.0231
vn 0.0998 0.4132 0.9052
vn -0.1091 0.9495 0.2941
vn -0.0006 0.8971 0.4417
vn 0.7312 0.0595 0.6796
vn -0.2108 0.9764 0.0469
vn -0.2079 0.9770 -0.0477
vn -0.2711 0.9520 -0.1422
vn -0.4266 0.9021 -0.0646
vn -0.8434 -0.3150 -0.4352
vn 0.0990 0.9844 0.1453
vn 0.4500 0.8784 0.1609
vn 0.1322 0.2690 0.9540
vn 0.6560 0.4566 0.6009
vn -0.0055 0.3724 0.9280
vn -0.0184 0.3095 0.9507
vn 0.9073 0.4094 -0.0964
vn -0.0367 0.6149 0.7877
vn 0.1688 0.8052 0.5685
vn 0.2838 0.6735 -0.6825
vn 0.5745 0.7107 -0.4061
vn -0.0531 0.8776 -0.4765
vn -0.7457 0.5756 0.3357
vn 0.1296 0.3623 -0.9230
vn 0.3106 0.3222 -0.8942
vn 0.8864 0.0218 -0.4624
vn 0.7961 -0.1929 -0.5736
vn 0.4898 0.5738 -0.6564
vn 0.8496 0.4788 -0.2210
vn -0.4323 0.0091 0.9017
vn -0.2890 -0.3061 0.9071
vn 0.0689 -0.6401 0.7652
vn 0.8865 -0.0138 -0.4625
vn 0.8398 0.5247 -0.1397
vn 0.7217 0.5060 -0.4723
vn 0.9941 0.0998 0.0429
vn 0.9933 0.1025 -0.0539
vn 0.8766 0.4797 -0.0394
vn 0.9431 0.3219 -0.0835
vn 0.4987 0.8638 -0.0724
vn 0.3544 0.4643 -0.8117
vn 0.4138 0.6872 -0.5971
vn 0.4841 0.4820 -0.7303
vn 0.2392 0.6679 -0.7048
vn 0.8359 -0.1386 0.5312
vn 0.8567 0.0401 0.5143
vn -0.5590 -0.8145 -0.1549
vn 0.6689 -0.7419 0.0465
vn 0.8629 -0.5048 0.0235
vn 0.8322 -0.0327 0.5535
vn 0.8680 0.4142 0.2739
vn -0.9997 0.0235 -0.0077
vn -0.9864 0.1383 -0.0887
vn -0.5010 0.3501 0.7915
vn -0.6548 0.5162 0.5521
vn -0.7341 0.2099 0.6458
vn -0.4471 0.1019 0.8886
vn 0.5355 -0.8443 0.0178
vn 0.7307 -0.6790 0.0708
vn 0.8271 0.5594 -0.0550
vn 0.3852 -0.8130 -0.4366
vn -0.4656 -0.8476 0.2545
vn -0.4356 -0.7808 0.4479
vn -0.1602 0.2355 -0.9586
vn -0.1263 0.0992 -0.9870
vn -0.1119 -0.0131 -0.9936
vn -0.0738 0.9790 0.1901
vn -0.4859 -0.7754 -0.4032
vn -0.5727 -0.3431 -0.7445
vn -0.7436 -0.3349 -0.5788
vn -0.8968 -0.3523 -0.2677
vn -0.9600 -0.2687 -0.0790
vn -0.8920 -0.4514 0.0242
vn 0.9158 -0.3625 0.1732
vn 0.8857 -0.2735 0.3751
vn -0.2571 -0.6624 -0.7037
vn -0.1584 -0.9170 -0.3661
vn 0.0741 0.8138 -0.5763
vn -0.0067 0.9415 -0.3370
vn -0.8116 0.1012 -0.5754
vn -0.8881 0.2720 -0.3706
vn -0.8073 0.5164 -0.2857
vn 0.4285 0.2526 -0.8675
vn 0.5909 0.2955 -0.7507
vn 0.6224 0.0707 -0.7795
vn 0.4323 0.0079 -0.9017
vn 0.4083 0.9042 0.1251
vn 0.0954 0.9954 -0.0080
vn -0.0408 0.9990 -0.0197
vn -0.6421 0.6971 -0.3188
vn -0.4401 0.8615 -0.2534
vn 0.3971 0.6221 0.6748
vn 0.5439 0.6997 0.4633
vn 0.2584 0.6199 0.7409
vn -0.9101 -0.4018 0.1017
vn 0.7171 0.6740 0.1774
vn 0.7442 0.6292 0.2240
vn 0.9114 0.2941 0.2879
vn 0.4958 0.8124 0.3069
vn -0.9511 0.2030 -0.2328
vn -0.2382 -0.5363 0.8097
vn -0.0656 -0.7632 0.6429
vn 0.5045 0.7325 0.4571
vn 0.2070 0.7971 0.5672
vn 0.6083 0.5192 0.6004
vn 0.4207 0.8947 0.1502
vn 0.7773 0.5586 0.2894
vn 0.2624 -0.1811 0.9478
vn 0.4433 -0.1834 0.8774
vn 0.8042 0.5417 -0.2446
vn 0.9068 0.3494 -0.2360
vn -0.0930 0.9670 0.2374
vn -0.4263 -0.1242 0.8960
vn 0.0196 -0.4124 -0.9108
vn 0.3140 -0.4374 -0.8427
vn -0.7564 -0.6540 0.0126
vn -0.7910 -0.6021 0.1084
vn -0.7351 -0.6467 0.2034
vn -0.7119 -0.5975 0.3690
vn 0.0119 -0.2194 -0.9756
vn 0.3374 0.0972 0.9363
vn 0.1467 -0.3567 0.9226
vn 0.9285 0.3084 -0.2069
vn 0.9811 0.0497 -0.1868
vn -0.0490 -0.2034 -0.9779
vn 0.3491 0.8576 -0.3778
vn 0.3700 0.9002 -0.2295
vn -0.0356 0.9898 -0.1377
vn 0.0635 0.9684 -0.2411
vn -0.2987 -0.9528 -0.0542
vn 0.4364 -0.6738 0.5963
vn -0.5400 0.7694 0.3411
vn 0.3181 -0.9346 0.1592
vn 0.6008 -0.7660 0.2287
vn 0.3131 -0.9495 -0.0217
vn 0.8439 -0.5358 -0.0260
vn 0.9529 -0.3031 -0.0147
vn 0.0203 -0.9860 0.1654
vn 0.0214 0.5698 -0.8215
vn 0.0732 -0.6771 -0.7323
vn 0.4895 -0.5382 -0.6861
vn 0.2885 0.9550 0.0684
vn -0.9687 0.2389 -0.0679
vn -0.9105 0.4120 -0.0362
vn -0.5005 -0.3357 -0.7980
vn -0.0478 0.7005 0.7121
vn 0.8547 0.2501 0.4549
vn 0.6565 0.0755 0.7506
vn 0.7079 0.6452 0.2874
vn 0.7247 0.6612 0.1940
vn 0.4254 0.8657 0.2637
vn -0.9868 -0.0915 -0.1336
vn -0.9842 -0.1764 0.0136
vn -0.9883 -0.0679 0.1367
vn -0.1024 -0.9807 -0.1667
vn 0.6573 0.7364 -0.1602
vn 0.6739 0.7379 -0.0370
vn -0.2589 -0.5782 -0.7737
vn -0.9366 0.1665 0.3082
vn 0.9902 -0.1025 0.0945
vn -0.9590 -0.2398 -0.1507
vn -0.9513 -0.0846 -0.2964
vn -0.2324 -0.7683 0.5964
vn -0.2035 -0.9257 0.3189
vn 0.1941 0.9800 0.0434
vn 0.9343 0.2705 0.2320
vn -0.3011 -0.5462 0.7817
vn -0.0849 0.8216 0.5637
vn 0.3616 0.8351 0.4146
vn -0.0404 0.6633 0.7473
vn -0.1266 0.8507 0.5102
vn -0.0147 0.9939 0.1091
vn -0.2428 0.9634 0.1139
vn 0.0962 0.6085 0.7877
vn -0.7964 -0.1458 -0.5869
vn -0.8930 -0.1040 -0.4379
vn 0.9472 0.0939 0.3065
vn -0.1691 0.9729 0.1579
vn 0.4171 0.3663 0.8318
vn 0.9229 0.3849 0.0051
vn 0.7869 0.4108 -0.4605
vn 0.0049 -0.2552 0.9669
vn -0.2049 0.0937 0.9743
vn -0.5613 0.1088 0.8205
vn -0.8511 0.2518 0.4607
vn -0.7942 0.3280 -0.5115
vn 0.7564 0.2595 -0.6004
vn 0.7809 -0.4533 -0.4298
vn -0.5717 -0.8203 -0.0125
vn -0.5331 -0.8460 -0.0008
vn 0.4916 -0.7994 0.3454
vn 0.3636 -0.9247 0.1127
vn 0.1322 -0.4526 -0.8819
vn 0.1354 -0.7498 -0.6476
vn 0.2092 -0.9024 -0.3767
vn -0.6607 0.7447 0.0942
vn 0.9272 -0.0590 -0.3700
vn 0.1405 0.8446 -0.5166
vn 0.8463 -0.4878 -0.2139
vn 0.9894 -0.1435 -0.0205
vn 0.2768 0.6606 0.6978
vn -0.0655 0.9861 -0.1530
vn -0.1564 0.9787 -0.1331
vn 0.7023 0.4110 -0.5812
vn 0.2650 0.9641 -0.0143
vn -0.1056 -0.4642 -0.8794
vn 0.7728 -0.1052 -0.6259
vn 0.7021 0.1830 -0.6882
vn 0.9392 0.3397 -0.0501
vn 0.7557 -0.4210 0.5018
vn 0.6709 -0.2494 0.6984
vn 0.0307 0.8140 0.5801
vn -0.0254 0.9334 0.3579
vn 0.1178 -0.4495 0.8855
vn 0.1107 -0.1753 0.9783
vn 0.5935 0.4920 0.6369
vn 0.1786 0.8744 -0.4511
vn 0.6221 0.7471 -0.2342
vn -0.2031 -0.9737 0.1035
vn -0.6480 -0.1928 0.7369
vn -0.6445 -0.0456 0.7633
vn -0.7043 0.0546 0.7077
vn 0.6584 0.0199 -0.7524
vn 0.6064 0.1897 -0.7722
vn -0.4336 -0.4972 -0.7515
vn -0.4163 -0.8962 0.1537
vn -0.8960 0.3513 0.2715
vn 0.4547 -0.1951 -0.8690
vn -0.6042 0.7791 -0.1670
vn 0.8985 0.4274 0.1002
vn -0.1615 0.9866 -0.0250
vn -0.9560 -0.2925 -0.0238
vn 0.0316 -0.1909 -0.9811
vn 0.9835 0.1804 -0.0162
vn 0.0021 -0.2439 -0.9698
vn 0.0963 0.3453 0.9335
vn 0.1025 0.0569 0.9931
vn 0.8034 0.3398 -0.4890
vn -0.5245 -0.3038 0.7954
vn 0.5897 0.2848 0.7558
vn 0.7563 0.3674 0.5412
vn 0.5454 0.2714 0.7930
vn 0.2153 -0.7449 0.6315
vn 0.0413 0.3462 -0.9372
vn 0.2190 0.0852 0.9720
vn 0.3065 -0.0329 -0.9513
vn -0.1327 -0.9912 0.0025
vn 0.6143 -0.1887 -0.7662
vn 0.9132 0.0707 -0.4015
vn 0.8171 0.5490 -0.1760
vn -0.0917 0.8735 -0.4781
vn -0.9537 0.2873 0.0888
vn 0.7580 0.5725 0.3126
vn 0.2979 0.1457 -0.9434
vn 0.1186 -0.9874 -0.1044
vn 0.0822 -0.9946 0.0626
vn -0.1369 0.8789 -0.4570
vn 0.2592 0.9658 0.0051
vn 0.1224 0.9911 0.0525
vn 0.3519 0.9349 -0.0463
vn -0.9843 0.1592 0.0760
vn -0.9792 0.1116 0.1693
vn -0.3712 -0.0246 0.9282
vn -0.1541 -0.2177 0.9638
vn 0.9692 0.2148 0.1207
vn 0.9837 0.0036 0.1796
vn 0.9958 -0.0291 0.0866
vn -0.8936 -0.4485 -0.0184
vn -0.9665 -0.2547 0.0312
vn 0.9831 0.1757 -0.0518
vn -0.9813 0.0525 -0.1852
vn -0.9687 0.1924 -0.1571
vn 0.9363 0.3465 0.0580
vn -0.9603 0.0945 0.2624
vn -0.0248 -0.1750 -0.9843
vn -0.0312 -0.0328 -0.9990
vn 0.0573 0.0234 -0.9981
vn -0.8423 -0.1944 -0.5027
vn -0.8938 -0.2002 -0.4014
vn -0.0893 0.9945 -0.0550
vn -0.2445 0.9677 -0.0620
vn -0.1613 0.9626 0.2176
vn -0.0692 0.9971 -0.0320
vn 0.0937 0.9953 -0.0240
vn -0.8162 -0.0189 0.5775
vn -0.6480 -0.7612 -0.0262
vn -0.3306 -0.9438 0.0030
vn -0.5406 -0.8397 0.0521
vn -0.1884 -0.9818 -0.0252
vn -0.1638 -0.9834 0.0777
vn 0.3949 -0.9038 0.1646
vn 0.3167 -0.9483 0.0210
vn -0.1692 -0.0770 0.9826
vn -0.0409 0.0084 0.9991
vn -0.3770 0.2014 -0.9040
vn 0.2871 0.9538 0.0883
vn 0.0777 0.9914 0.1049
vn 0.7454 0.6652 0.0422
vn 0.8869 0.3928 -0.2431
vn 0.1100 -0.0829 0.9905
vn 0.0586 0.0795 0.9951
vn 0.8843 0.4208 0.2024
vn 0.8266 0.5428 0.1483
vn -0.9654 -0.2570 -0.0441
vn -0.9722 -0.2306 -0.0407
vn -0.5204 0.2200 -0.8251
vn -0.3256 0.9454 -0.0137
vn -0.4601 0.8787 -0.1270
vn 0.0160 -0.1818 -0.9832
vn 0.9987 -0.0500 0.0093
vn 0.9969 -0.0549 -0.0554
vn -0.0653 0.7324 -0.6778
vn 0.0969 0.6992 -0.7083
vn 0.5758 0.4266 -0.6975
vn 0.3214 0.2021 -0.9251
vn 0.0040 0.1774 -0.9841
vn -0.1032 0.2583 -0.9605
vn -0.1815 -0.0734 -0.9807
vn 0.0439 0.1394 0.9893
vn 0.4031 0.2511 0.8800
vn -0.0434 0.2477 0.9679
vn 0.1311 0.1757 0.9757
vn -0.1793 0.0216 0.9835
vn 0.9143 0.4050 0.0012
vn 0.8983 0.4361 0.0534
vn 0.9560 0.2884 0.0543
vn 0.7190 -0.2806 0.6359
vn 0.5582 -0.2735 0.7833
vn 0.9686 -0.0754 -0.2370
vn 0.9715 -0.2358 -0.0225
vn -0.1080 -0.9941 -0.0021
vn 0.2620 -0.9651 0.0023
vn -0.1018 0.9464 0.3066
vn -0.0300 0.9811 0.1909
vn 0.7317 0.3280 0.5975
vn 0.7709 0.4636 0.4369
vn 0.6438 0.2915 0.7075
vn -0.4206 0.4158 -0.8064
vn -0.2071 0.6468 -0.7340
vn -0.2462 0.2310 -0.9413
vn -0.0254 0.9976 0.0641
vn -0.1188 0.9873 0.1052
vn -0.1058 0.4313 0.8960
vn -0.3005 0.4592 0.8360
vn -0.6963 -0.0628 -0.7150
vn -0.6574 -0.1092 -0.7456
vn 0.0658 0.9761 -0.2071
vn -0.1003 0.9810 -0.1663
vn 0.0968 0.9880 -0.1207
vn 0.9851 0.1699 -0.0269
vn -0.9221 -0.3799 -0.0733
vn -0.8399 -0.5358 -0.0859
vn -0.8827 -0.4689 0.0329
vn -0.7129 -0.6914 0.1171
vn -0.7708 -0.6364 0.0297
vn 0.3549 0.9348 0.0173
vn -0.0906 0.0238 -0.9956
vn 0.1128 0.1184 -0.9865
vn -0.0188 0.9921 -0.1244
vn 0.0987 0.9951 -0.0039
vn 0.1787 0.9758 -0.1258
vn -0.9231 0.1515 -0.3535
vn -0.9239 0.3061 -0.2296
vn -0.0252 0.4384 -0.8984
vn 0.1437 0.5325 -0.8342
vn 0.8367 0.1343 -0.5310
vn 0.6159 -0.2664 -0.7414
vn 0.6817 0.2034 -0.7027
vn -0.1891 -0.0400 0.9811
vn -0.3341 -0.2732 0.9021
vn -0.4012 -0.3050 0.8637
vn 0.4282 -0.8922 0.1436
vn 0.7309 -0.6426 0.2298
vn -0.1217 0.9245 -0.3612
vn -0.2670 0.9287 -0.2575
vn -0.6762 0.6840 0.2736
vn -0.8046 0.5637 -0.1866
vn -0.7964 0.5696 0.2031
vn -0.1182 0.9918 0.0485
vn -0.2700 0.9625 0.0255
vn -0.7333 -0.6329 -0.2482
vn -0.8204 -0.5711 -0.0285
vn 0.7671 -0.0548 -0.6392
vn 0.6241 -0.3796 -0.6830
vn -0.4780 -0.7985 0.3661
vn 0.2070 -0.7451 0.6340
vn 0.5653 -0.6556 0.5006
vn -0.7300 -0.3131 0.6075
vn 0.3161 0.2984 -0.9006
vn 0.5132 0.4035 -0.7575
vn 0.5648 0.0987 -0.8193
vn 0.4491 0.6668 -0.5947
vn 0.6259 0.6996 -0.3446
vn -0.7503 0.3469 0.5628
vn -0.6412 0.5666 0.5175
vn -0.6281 0.2563 0.7347
vn -0.2743 0.3462 0.8971
vn -0.4324 0.0278 0.9013
vn -0.0231 0.2118 -0.9770
vn 0.1208 0.2089 -0.9704
vn 0.5152 0.2081 -0.8314
vn -0.1208 -0.9923 0.0277
vn 0.3192 -0.9474 -0.0229
vn -0.0651 -0.9977 0.0168
vn 0.6501 0.0470 0.7584
vn 0.8223 0.1479 0.5495
vn 0.8640 0.3028 0.4023
vn 0.7396 0.2508 0.6246
vn 0.9542 0.1707 -0.2456
vn 0.9738 0.1837 -0.1342
vn 0.7372 0.6729 0.0613
vn 0.5196 0.8514 0.0723
vn 0.5136 0.8445 0.1517
vn -0.0114 -0.7850 0.6194
vn -0.1080 -0.6931 0.7127
vn 0.1552 -0.5365 0.8295
vn 0.3533 -0.4218 0.8350
vn 0.3452 -0.3428 0.8737
vn 0.8287 0.3545 0.4331
vn 0.8910 0.3351 0.3064
vn 0.7196 0.3630 -0.5919
vn 0.7328 0.2373 -0.6377
vn 0.7433 0.5681 -0.3533
vn -0.7815 -0.4529 -0.4291
vn 0.3904 0.8253 -0.4081
vn 0.2596 0.7376 -0.6233
vn 0.2717 0.5524 -0.7881
vn 0.8388 -0.4269 0.3378
vn 0.9755 -0.2067 0.0747
vn 0.8902 -0.4496 0.0732
vn 0.9322 -0.3620 -0.0043
vn 0.8434 0.3823 -0.3776
vn 0.8846 0.3540 -0.3036
vn 0.8979 0.4066 -0.1689
vn -0.9590 -0.2284 -0.1680
vn -0.9766 -0.2107 -0.0438
vn 0.2155 0.0487 -0.9753
vn 0.3889 0.0549 -0.9196
vn 0.2942 -0.1831 -0.9380
vn 0.4687 -0.1681 -0.8672
vn 0.6842 -0.1549 -0.7127
vn 0.0637 -0.7716 -0.6329
vn 0.0341 -0.9552 -0.2941
vn -0.0341 0.9730 0.2284
vn 0.1012 0.9920 0.0755
vn 0.5369 0.2028 0.8189
vn 0.5011 0.5090 0.6999
vn 0.3650 0.3621 0.8577
vn -0.7549 -0.5478 -0.3607
vn -0.8464 -0.3572 -0.3951
vn -0.6879 -0.4786 -0.5457
vn -0.1111 -0.9912 -0.0726
vn -0.7180 0.6863 -0.1161
vn -0.6613 0.7489 -0.0416
vn -0.3349 0.8852 0.3230
vn 0.6321 0.7625 -0.1378
vn 0.2766 0.7763 -0.5665
vn 0.4473 0.5704 -0.6889
vn 0.0381 0.2062 -0.9778
vn 0.0828 -0.0112 -0.9965
vn 0.2566 -0.8771 -0.4059
vn -0.5460 -0.8228 -0.1578
vn -0.2989 0.2344 0.9251
vn -0.2028 0.0742 0.9764
vn -0.1174 0.5301 0.8398
vn -0.0389 0.8611 0.5069
vn -0.7115 -0.2429 0.6594
vn -0.7727 -0.3848 0.5049
vn -0.1271 -0.5250 0.8416
vn -0.6504 0.7144 0.2582
vn 0.8232 0.4810 0.3017
vn 0.9215 0.3499 0.1686
vn -0.1835 0.9593 -0.2148
vn 0.4809 0.7753 -0.4095
vn 0.6920 0.5479 -0.4700
vn 0.5085 0.8331 -0.2175
vn 0.1479 0.7881 -0.5975
vn 0.0753 0.9745 -0.2116
vn 0.2197 0.9512 -0.2165
vn 0.1202 -0.5133 0.8497
vn 0.6764 -0.3559 0.6448
vn 0.5992 -0.1761 0.7810
vn 0.2376 -0.0833 0.9678
vn 0.4299 -0.0076 0.9029
vn 0.1644 0.1837 0.9691
vn 0.6813 -0.0854 0.7270
vn 0.3791 -0.2020 0.9031
vn 0.7252 0.6885 0.0038
vn 0.9348 0.3459 0.0812
vn 0.7045 -0.7081 -0.0464
vn 0.9523 -0.2845 -0.1099
vn 0.8647 -0.5019 -0.0193
vn 0.2023 -0.9319 -0.3010
vn -0.0146 -0.7972 -0.6036
vn -0.5512 -0.6373 -0.5386
vn 0.2937 -0.9557 -0.0207
vn 0.9706 -0.0847 -0.2254
vn 0.9687 -0.2093 -0.1334
vn 0.9003 -0.3197 -0.2955
vn -0.2197 -0.4398 0.8708
vn -0.8785 -0.4770 -0.0256
vn -0.8504 -0.5261 -0.0012
vn -0.1524 0.9852 0.0784
vn 0.4925 0.3280 0.8061
vn 0.2740 0.5068 0.8173
vn 0.0238 0.1389 0.9900
vn 0.1847 0.8661 0.4644
vn -0.8097 0.2896 -0.5104
vn -0.7563 0.3627 -0.5445
vn -0.7463 0.5929 -0.3025
vn -0.7676 0.5622 -0.3077
vn -0.2721 -0.2009 -0.9411
vn -0.8075 0.0930 -0.5825
vn -0.4271 0.4723 -0.7711
vn -0.2310 0.9639 -0.1325
vn -0.3169 0.9483 -0.0189
vn -0.8369 0.1002 0.5381
vn 0.9212 -0.3465 0.1770
vn 0.7392 -0.6149 0.2747
vn 0.4392 -0.8277 0.3493
vn -0.2902 -0.0028 0.9569
vn -0.3738 -0.4075 0.8332
vn -0.2750 -0.6878 0.6718
vn -0.2345 0.9710 -0.0463
vn -0.1247 0.9883 -0.0876
vn 0.9275 0.3724 -0.0333
vn 0.8816 0.4509 -0.1392
vn -0.7845 0.6201 0.0009
vn -0.6831 0.7213 0.1143
vn -0.6639 -0.7472 -0.0313
vn 0.4591 0.8882 0.0170
vn 0.5255 0.8477 -0.0728
vn 0.3698 0.9291 0.0034
vn -0.5027 -0.4006 -0.7661
vn 0.2829 0.6051 0.7442
vn -0.1064 0.6247 0.7736
vn 0.9778 0.1579 0.1375
vn 0.9333 0.3179 0.1672
vn 0.7467 0.6268 -0.2224
vn 0.5952 0.8030 -0.0288
vn 0.5292 0.8483 -0.0177
vn 0.3048 0.9522 -0.0226
vn -0.0263 -0.4264 0.9041
vn -0.1123 -0.3524 0.9291
vn 0.2153 -0.3020 0.9287
vn 0.9010 0.1554 -0.4051
vn 0.8741 -0.1965 -0.4442
vn 0.3529 -0.6954 -0.6260
vn 0.5666 -0.6970 -0.4394
vn -0.0106 0.7423 -0.6700
vn -0.0690 0.7292 -0.6808
vn -0.0390 0.5454 -0.8373
vn 0.4991 -0.6021 -0.6232
vn 0.6306 -0.6771 -0.3794
vn 0.1190 0.9922 0.0377
vn 0.2771 0.9597 0.0476
vn -0.8738 0.4847 0.0378
vn -0.9174 -0.3909 -0.0746
vn 0.4690 0.8832 -0.0019
vn 0.9147 0.4006 -0.0540
vn 0.9340 0.3337 -0.1276
vn 0.8064 0.5616 -0.1855
vn 0.7517 -0.3625 -0.5509
vn 0.9394 -0.0912 -0.3304
vn 0.7805 -0.2773 -0.5603
vn 0.8793 0.0127 -0.4761
vn 0.8442 -0.5319 0.0666
vn 0.9464 -0.3188 0.0528
vn 0.9498 -0.2665 0.1637
vn 0.2810 -0.9597 0.0099
vn -0.2900 0.9397 0.1812
vn -0.3173 0.8208 0.4750
vn -0.5391 0.5118 0.6689
vn -0.4964 0.6779 0.5422
vn -0.5496 0.7656 0.3343
vn -0.6646 0.5187 0.5379
vn -0.3980 0.4509 0.7989
vn -0.2513 -0.6488 -0.7182
vn -0.2771 -0.3234 -0.9048
vn -0.1464 -0.4048 -0.9026
vn -0.3565 -0.9311 0.0777
vn -0.6430 -0.3674 0.6720
vn -0.0083 0.2527 -0.9675
vn 0.7570 -0.1524 0.6354
vn 0.9248 0.2629 0.2750
vn 0.8449 0.0371 0.5336
vn 0.9535 0.1014 0.2837
vn 0.8171 0.3274 0.4745
vn 0.6421 0.5766 0.5051
vn -0.5536 0.5697 -0.6074
vn -0.4922 0.2806 -0.8240
vn -0.8912 0.4491 0.0630
vn -0.6141 0.7298 -0.3005
vn 0.1293 -0.3757 -0.9177
vn 0.4635 -0.0565 -0.8843
vn 0.3618 -0.4266 -0.8289
vn 0.1329 -0.7368 -0.6629
vn 0.0058 -0.5123 -0.8588
vn 0.7835 0.5338 0.3181
vn 0.8517 0.2239 0.4738
vn -0.9928 -0.0486 -0.1092
vn -0.9939 -0.0965 0.0536
vn -0.9970 0.0585 0.0508
vn -0.9510 -0.3013 0.0692
vn -0.8133 -0.4330 0.3885
vn -0.8714 -0.2556 0.4187
vn -0.4873 0.7171 -0.4984
vn -0.6597 0.6937 -0.2891
vn -0.8488 0.4192 -0.3223
vn 0.9120 -0.1171 -0.3932
vn 0.7981 0.4465 -0.4046
vn 0.9182 0.2871 -0.2728
vn 0.9482 0.0954 0.3031
vn 0.5857 0.7807 0.2180
vn 0.3036 0.9108 0.2799
vn 0.2720 0.7900 0.5495
vn -0.5884 -0.7684 -0.2518
vn -0.5503 -0.6727 -0.4945
vn -0.0689 -0.4853 -0.8716
vn -0.3279 -0.1764 -0.9281
vn -0.1006 -0.0283 -0.9945
vn 0.5973 0.7895 0.1413
vn 0.1051 -0.8877 0.4482
vn 0.2851 -0.7773 0.5608
vn 0.2510 -0.6311 0.7339
vn 0.1255 -0.9630 0.2383
vn -0.5443 0.4678 -0.6963
vn -0.7170 0.4148 -0.5602
vn 0.1081 -0.7450 0.6583
vn -0.2585 -0.8355 0.4849
vn 0.2496 -0.8914 0.3783
vn -0.8488 -0.4419 0.2904
vn -0.7578 -0.6357 0.1471
vn -0.6662 -0.6346 0.3917
vn 0.4906 0.8696 -0.0554
vn 0.4242 0.8801 -0.2131
vn 0.2179 0.9415 -0.2571
vn 0.3063 0.9444 -0.1199
vn -0.9180 -0.3904 0.0703
vn -0.9585 -0.2709 0.0892
vn -0.8916 -0.3404 0.2985
vn 0.0612 0.2654 -0.9622
vn 0.2128 0.6096 -0.7636
vn 0.1542 0.1274 -0.9798
vn 0.4688 -0.8697 -0.1544
vn 0.9191 0.3767 -0.1155
vn 0.8866 0.4017 -0.2292
vn -0.2839 0.8441 -0.4549
vn -0.4428 0.8577 -0.2612
vn -0.0067 0.9018 -0.4322
vn -0.5917 0.1233 -0.7966
vn 0.8137 0.5801 0.0375
vn 0.9589 0.2821 -0.0301
vn 0.4202 -0.2636 -0.8683
vn 0.3025 -0.4875 -0.8191
vn -0.4204 -0.3876 -0.8203
vn -0.7288 -0.5794 -0.3650
vn -0.8801 -0.3313 -0.3402
vn -0.9711 -0.2381 -0.0164
vn 0.5280 0.5653 -0.6338
vn 0.4963 0.2528 -0.8305
vn 0.3208 0.4113 -0.8532
vn 0.7014 0.5561 -0.4459
vn -0.5771 -0.8163 0.0251
vn -0.3241 0.9442 -0.0595
vn 0.4374 0.8940 -0.0969
vn 0.8252 0.5456 -0.1461
vn 0.7094 0.3154 -0.6302
vn -0.3187 0.9443 0.0818
vn -0.2747 0.9435 0.1852
vn -0.1025 0.9946 -0.0146
vn -0.5850 0.0410 -0.8100
vn -0.7788 -0.0169 -0.6271
vn -0.3787 -0.0969 -0.9204
vn -0.5827 -0.2035 -0.7868
vn -0.6099 -0.0761 -0.7888
vn 0.7765 0.2558 -0.5758
vn 0.9858 -0.1660 -0.0264
vn -0.6751 -0.7341 0.0727
vn -0.4245 -0.9054 0.0071
vn -0.7371 -0.1269 0.6637
vn -0.4608 -0.2373 0.8552
vn -0.3418 -0.0916 0.9353
vn -0.6842 0.0565 0.7271
vn -0.7000 0.2410 0.6723
vn -0.7959 0.5328 0.2876
vn -0.9612 -0.0700 -0.2667
vn -0.9430 0.0379 -0.3306
vn -0.9424 -0.2142 -0.2569
vn 0.1144 0.6732 0.7306
vn 0.7205 -0.5836 0.3745
vn 0.4011 0.2622 -0.8777
vn 0.2805 -0.2713 -0.9207
vn -0.0116 -0.3529 0.9356
vn 0.4518 -0.4557 0.7670
vn 0.1256 0.2156 0.9684
vn 0.6826 -0.7307 0.0099
vn 0.6365 -0.7696 -0.0511
vn 0.8661 -0.4924 -0.0860
vn -0.8758 0.4757 0.0815
vn -0.7390 0.6453 0.1937
vn 0.0842 0.6853 -0.7234
vn -0.0103 0.8760 -0.4822
vn -0.9065 -0.0058 0.4222
vn -0.9623 -0.0204 0.2713
vn -0.9616 -0.2182 0.1664
vn -0.9474 -0.1622 0.2758
vn -0.3244 -0.0864 0.9420
vn 0.4549 0.4825 0.7485
vn 0.2885 -0.3026 0.9084
vn 0.1141 0.6438 0.7566
vn -0.0187 0.6551 0.7553
vn 0.0460 0.4286 0.9023
vn 0.1179 0.9405 0.3188
vn 0.0904 0.8385 0.5373
vn 0.8513 -0.0696 -0.5200
vn 0.2680 -0.6849 -0.6776
vn 0.1930 -0.9027 -0.3845
vn 0.1484 -0.1878 -0.9709
vn 0.7326 0.2682 -0.6256
vn 0.8619 0.1537 -0.4832
vn 0.7959 -0.3338 -0.5051
vn 0.8097 -0.5376 -0.2353
vn 0.0746 -0.4727 0.8781
vn 0.0923 -0.2850 0.9541
vn -0.0210 -0.2094 0.9776
vn 0.5762 -0.8164 0.0382
vn 0.5617 -0.8272 0.0174
vn -0.5765 0.2900 0.7639
vn -0.3944 0.1270 0.9101
vn -0.5667 0.1501 0.8101
vn 0.3422 0.7642 -0.5467
vn 0.9285 0.3713 -0.0065
vn -0.3580 -0.9145 0.1883
vn 0.0779 -0.9812 0.1765
vn -0.5282 -0.8491 -0.0005
vn -0.5952 -0.8036 -0.0009
vn 0.9691 -0.0767 0.2345
vn 0.8700 -0.1242 0.4772
vn 0.8380 -0.2813 0.4676
vn 0.1971 0.4168 0.8874
vn 0.7151 -0.5097 0.4783
vn -0.0257 0.9824 -0.1848
vn -0.1400 0.8904 -0.4332
vn 0.0421 0.9188 -0.3925
vn 0.3598 -0.8621 -0.3568
vn 0.9277 0.3101 0.2076
vn 0.6259 0.2434 0.7409
vn -0.3209 0.0452 -0.9460
vn -0.9090 0.3960 -0.1299
vn -0.7698 0.6087 -0.1919
vn -0.9878 0.1489 -0.0450
vn -0.4335 -0.4120 -0.8015
vn 0.3492 0.4597 -0.8166
vn 0.4863 0.2433 -0.8393
vn -0.1121 0.9893 0.0936
vn 0.5156 -0.1397 0.8454
vn -0.0716 -0.9654 0.2508
vn 0.0021 -0.9500 0.3124
vn -0.0933 -0.8459 0.5251
vn -0.2890 -0.8534 0.4339
vn -0.5716 -0.5850 0.5754
vn -0.4740 0.8538 0.2152
vn -0.6870 0.7263 -0.0231
vn -0.4872 0.8606 -0.1483
vn -0.1010 -0.2013 -0.9743
vn -0.0301 -0.5197 -0.8538
vn 0.0143 -0.5098 -0.8602
vn -0.3196 -0.8661 -0.3845
vn -0.3473 -0.9236 -0.1623
vn -0.0639 -0.7650 -0.6408
vn 0.6599 0.3533 0.6631
vn 0.4018 0.9056 -0.1355
vn 0.5250 0.7815 -0.3371
vn 0.3531 0.8948 -0.2733
vn 0.1509 0.9478 -0.2809
vn -0.6612 -0.7187 0.2154
vn -0.4904 -0.8378 0.2401
vn 0.0229 -0.9135 0.4063
vn -0.2302 0.9653 -0.1236
vn 0.8897 0.4492 0.0812
vn 0.9510 0.3091 -0.0009
vn 0.7460 0.6642 -0.0476
vn 0.2841 0.0087 -0.9588
vn -0.0267 -0.0189 -0.9995
vn 0.1306 0.2284 -0.9648
vn 0.0283 0.8825 -0.4695
vn 0.7342 -0.6368 -0.2354
vn 0.6043 0.7390 0.2976
vn 0.7916 0.5300 0.3041
vn -0.6390 0.2239 -0.7359
vn 0.3189 0.1438 0.9368
vn -0.3741 -0.0961 -0.9224
vn -0.1613 -0.2088 -0.9646
vn 0.9765 0.2055 0.0648
vn 0.9061 0.3840 0.1778
vn 0.1078 0.1830 -0.9772
vn 0.1051 0.3996 -0.9106
vn -0.8750 -0.4675 0.1254
vn -0.2563 -0.6462 -0.7188
vn -0.4218 -0.4200 -0.8036
vn -0.3452 0.7796 -0.5225
vn -0.4168 -0.8986 -0.1373
vn 0.7394 0.6713 -0.0513
vn -0.9082 0.4144 -0.0590
vn -0.3335 0.7928 -0.5101
vn 0.5072 -0.6351 0.5826
vn 0.4436 -0.4919 0.7491
vn -0.2355 0.9395 -0.2487
vn -0.4901 0.8574 -0.1570
vn -0.0431 0.9728 -0.2277
vn -0.8489 0.3231 0.4183
vn -0.9231 0.0665 0.3788
vn 0.9964 0.0525 0.0666
vn 0.9460 0.0919 -0.3107
vn 0.8673 0.0763 0.4919
vn 0.9271 0.2341 0.2927
vn -0.4750 -0.8770 -0.0724
vn -0.0727 -0.7251 -0.6848
vn 0.0145 -0.6234 0.7818
vn 0.5872 0.7898 -0.1771
vn 0.9517 0.2778 -0.1309
vn 0.3275 0.9438 0.0449
vn 0.4206 -0.6312 0.6517
vn 0.9225 -0.1503 0.3556
vn -0.7102 -0.6958 -0.1070
vn -0.7983 -0.5661 -0.2054
vn 0.9903 0.1386 0.0076
vn 0.9981 0.0064 -0.0605
vn 0.3654 0.8976 0.2464
vn 0.1446 0.9603 0.2386
vn 0.3589 -0.7101 -0.6057
vn -0.3783 -0.6077 0.6982
vn -0.6606 -0.4621 0.5917
vn 0.6057 0.5179 0.6041
vn 0.4968 0.0130 -0.8678
vn 0.7624 0.1322 -0.6335
vn -0.2756 0.2787 0.9200
vn -0.1656 0.1110 0.9799
vn -0.0327 0.2374 0.9709
vn -0.5327 -0.1440 0.8339
vn -0.6163 -0.0463 0.7861
vn 0.1457 -0.1589 0.9765
vn 0.6150 0.0877 0.7836
vn -0.3465 -0.8923 0.2894
vn 0.0553 -0.0532 -0.9970
vn -0.0756 -0.4641 -0.8826
vn -0.2374 0.6391 -0.7316
vn -0.0610 0.3998 -0.9146
vn -0.0256 0.8513 0.5241
vn 0.6896 0.6015 -0.4033
vn 0.7254 0.6484 -0.2312
vn 0.8307 0.4002 -0.3870
vn -0.3045 -0.2318 0.9239
vn -0.2755 -0.1895 0.9425
vn 0.6298 -0.0181 -0.7766
vn 0.3220 0.2132 -0.9224
vn 0.3565 -0.4122 -0.8384
vn 0.1392 -0.4678 -0.8728
vn -0.9063 -0.0461 -0.4201
vn -0.3146 0.2043 0.9270
vn 0.9327 0.0057 0.3606
vn 0.9805 0.0566 0.1881
vn -0.5263 -0.8355 0.1577
vn 0.6803 -0.4512 -0.5775
vn 0.5947 -0.3056 -0.7436
vn -0.2844 0.6480 0.7065
vn -0.1859 0.7498 0.6350
vn 0.9526 0.0812 -0.2932
vn -0.4533 -0.5094 -0.7315
vn 0.9772 -0.0153 -0.2117
vn -0.2646 0.7729 0.5767
vn -0.5353 -0.3325 -0.7765
vn -0.0611 0.7516 -0.6568
vn -0.4573 0.6840 0.5684
vn -0.2054 0.9118 0.3557
vn -0.5321 0.7315 -0.4264
vn 0.0240 -0.9895 -0.1424
vn -0.5076 0.8414 0.1855
vn -0.5366 0.8421 0.0534
vn 0.6527 0.5104 -0.5599
vn 0.1833 0.4045 -0.8960
vn 0.6347 -0.4024 0.6597
vn 0.7617 0.5197 0.3869
vn 0.5102 0.7076 0.4888
vn -0.9839 -0.0273 0.1768
vn 0.5104 -0.6025 -0.6136
vn -0.7764 0.4597 0.4311
vn 0.6965 -0.7063 0.1266
vn 0.6072 -0.2504 0.7540
vn -0.6691 0.5233 -0.5277
vn -0.8128 0.3022 -0.4981
vn 0.2300 0.0973 0.9683
vn 0.8443 -0.0555 -0.5330
vn 0.7233 0.0718 -0.6868
vn -0.6546 -0.3345 -0.6779
vn 0.0237 0.3147 0.9489
vn -0.6699 -0.6311 0.3912
vn -0.8267 -0.5213 0.2117
vn -0.9946 0.0730 -0.0737
vn 0.6862 0.2785 -0.6720
vn 0.3138 0.4307 0.8461
vn 0.2621 0.9638 -0.0496
vn 0.8781 -0.0704 0.4733
vn 0.8782 0.4768 -0.0369
vn 0.9542 -0.2950 -0.0492
vn -0.8987 -0.3754 -0.2269
vn -0.9222 0.3223 0.2136
vn -0.9281 0.1635 0.3347
vn -0.4482 0.0677 0.8914
vn -0.1628 -0.5865 -0.7934
vn -0.9113 -0.3267 0.2507
vn -0.1753 -0.8352 -0.5212
vn 0.9877 0.0726 -0.1384
vn 0.1062 -0.7361 0.6685
vn -0.0430 0.7427 -0.6682
vn -0.8388 -0.1251 0.5299
vn -0.9009 -0.1249 0.4157
vn -0.9536 0.2723 0.1287
vn 0.0825 -0.2434 -0.9664
vn -0.7487 -0.3103 -0.5858
vn -0.3097 -0.8716 -0.3799
vn 0.5020 0.8367 -0.2190
vn -0.9679 0.2508 -0.0146
vn 0.9367 0.3472 -0.0451
vn -0.0704 0.7158 0.6947
vn 0.4063 0.6039 0.6857
vn 0.7225 0.6650 0.1893
vn 0.0304 -0.8551 -0.5175
vn -0.4462 -0.6499 0.6152
vn -0.9610 0.1090 -0.2543
vn 0.9824 0.1807 0.0476
vn -0.0860 0.9561 -0.2800
vn 0.0721 0.9340 -0.3499
vn 0.6327 0.7590 -0.1536
vn -0.5407 0.2246 0.8107
vn 0.8898 0.4537 0.0497
vn -0.1354 0.8569 0.4974
vn 0.0891 -0.1152 -0.9893
vn -0.1091 -0.9437 -0.3122
vn 0.3844 0.9224 -0.0372
vn 0.1853 0.8594 -0.4765
vn -0.7915 -0.1431 -0.5942
vn 0.9423 -0.2313 0.2419
vn -0.2086 -0.3526 0.9122
vn 0.4260 0.7539 0.5001
vn -0.4909 0.8695 -0.0545
vn -0.0075 0.4051 0.9142
vn -0.1376 0.4157 0.8990
vn -0.0122 -0.9854 -0.1696
vn 0.0712 -0.9823 -0.1735
vn -0.0802 0.9895 -0.1203
vn -0.0039 0.9967 -0.0808
vn -0.0697 -0.9908 -0.1161
vn 0.2277 -0.1073 0.9678
vn 0.2594 0.1021 0.9604
vn -0.0762 -0.3932 -0.9163
vn 0.0232 0.1194 0.9926
vn 0.4382 -0.0478 -0.8976
vn 0.6654 -0.0455 -0.7451
vn -0.2853 0.1832 -0.9408
vn -0.9410 0.1675 0.2942
vn -0.9869 0.1050 -0.1227
vn -0.9784 0.1524 0.1398
vn 0.1639 0.9859 -0.0337
vn 0.0752 0.9917 0.1043
vn 0.0107 0.6728 0.7398
vn 0.0115 0.7753 0.6315
vn -0.9899 0.1416 -0.0019
vn -0.9971 -0.0623 -0.0437
vn -0.1185 0.9603 -0.2526
vn -0.0446 0.9682 -0.2461
vn 0.0684 0.0611 0.9958
vn 0.0396 0.3911 0.9195
vn 0.0050 0.0978 0.9952
vn 0.9122 -0.3444 0.2218
vn 0.8762 -0.2623 0.4043
vn 0.9982 0.0604 0.0057
vn 0.9681 0.2493 -0.0243
vn 0.9700 -0.0191 -0.2423
vn 0.9872 0.1348 0.0856
vn 0.9850 0.0246 -0.1705
vn -0.0130 -0.6129 -0.7901
vn 0.0757 -0.2694 0.9600
vn -0.0220 -0.4535 0.8910
vn -0.0112 0.9484 -0.3170
vn -0.1215 0.8909 -0.4376
vn -0.0903 0.9811 -0.1709
vn -0.4486 0.6446 0.6191
vn -0.5346 0.4765 0.6979
vn 0.4327 -0.3049 -0.8484
vn 0.4642 -0.1834 -0.8665
vn 0.2065 -0.8693 -0.4491
vn 0.0932 -0.8498 -0.5188
vn -0.9834 -0.1795 0.0249
vn -0.9956 0.0334 0.0872
vn -0.9984 -0.0550 -0.0097
vn 0.0068 0.3974 0.9176
vn -0.0585 0.4139 0.9084
vn -0.0527 0.0941 0.9942
vn 0.5423 0.3276 0.7737
vn 0.4225 0.5306 0.7348
vn 0.0911 0.9921 0.0863
vn 0.0043 0.9825 0.1864
vn 0.9555 0.1018 -0.2769
vn 0.8002 0.2794 -0.5306
vn -0.2887 0.5490 -0.7844
vn -0.4763 0.5193 -0.7096
vn -0.6092 0.0438 -0.7918
vn -0.5589 -0.0546 -0.8275
vn 0.0019 -0.6934 -0.7205
vn 0.0410 -0.5205 -0.8529
vn 0.1118 -0.6078 -0.7862
vn 0.0648 -0.9944 0.0832
vn -0.2052 0.9560 0.2095
vn -0.1987 0.9784 0.0572
vn -0.4801 0.8696 0.1152
vn -0.9637 -0.2156 -0.1575
vn -0.9768 0.1087 -0.1847
vn -0.9266 -0.1037 -0.3614
vn 0.7947 -0.3986 -0.4577
vn 0.9992 -0.0244 -0.0326
vn 0.9702 0.2395 -0.0373
vn -0.2139 0.1272 0.9686
vn -0.1653 -0.0177 0.9861
vn -0.5996 -0.4684 -0.6489
vn -0.5392 -0.5684 -0.6214
vn -0.8285 -0.3043 -0.4700
vn -0.7275 -0.4569 -0.5119
vn -0.5473 -0.3519 -0.7594
vn -0.8037 0.2942 0.5173
vn -0.9197 0.0509 0.3894
vn -0.8807 -0.1693 0.4424
vn -0.8188 0.0824 0.5682
vn 0.0014 -0.4430 0.8965
vn -0.0373 -0.4200 0.9068
vn -0.9803 0.1723 -0.0969
vn 0.0741 0.9875 -0.1393
vn 0.0585 0.9914 -0.1172
vn 0.0376 0.9592 0.2801
vn 0.0113 0.9316 0.3633
vn 0.0133 0.9446 -0.3278
vn -0.5463 0.0818 0.8336
vn -0.2911 0.0101 0.9566
vn -0.2656 0.3629 0.8932
vn 0.5430 0.7987 0.2594
vn 0.5050 0.7372 0.4490
vn 0.7246 0.6168 0.3073
vn 0.0373 0.2452 0.9687
vn 0.0964 0.4651 0.8800
vn -0.1244 0.3701 0.9206
vn -0.1235 0.5580 0.8206
vn 0.2539 0.8670 -0.4287
vn 0.2214 0.9524 -0.2096
vn 0.4694 0.8466 -0.2511
vn 0.3192 0.1774 -0.9309
vn 0.2386 0.1018 -0.9658
vn 0.8095 0.4460 0.3819
vn 0.8912 0.2768 0.3593
vn 0.8163 -0.0915 0.5703
vn 0.7589 -0.2542 0.5995
vn -0.4261 0.1305 0.8952
vn -0.5302 0.2199 0.8189
vn 0.2358 -0.0210 0.9716
vn 0.4426 -0.0919 0.8920
vn 0.0587 0.3555 0.9328
vn 0.0760 0.2447 0.9666
vn 0.8669 0.0732 -0.4931
vn 0.8090 0.3155 -0.4959
vn 0.8528 -0.5076 0.1226
vn 0.7331 -0.6720 0.1048
vn 0.7710 -0.6367 0.0128
vn -0.5302 -0.3938 -0.7508
vn -0.3604 -0.5459 -0.7564
vn -0.5937 -0.8026 -0.0585
vn -0.7328 -0.6796 0.0339
vn -0.9314 0.0564 -0.3596
vn -0.9018 0.2019 -0.3821
vn -0.2181 0.9344 -0.2818
vn -0.3930 0.8814 -0.2619
vn -0.7473 -0.1893 -0.6370
vn -0.8635 0.1125 -0.4916
vn -0.1339 0.9033 -0.4076
vn 0.0501 -0.9849 0.1656
vn -0.0134 -0.3535 -0.9353
vn 0.1492 -0.6504 -0.7448
vn -0.0140 -0.6098 -0.7925
vn 0.8073 -0.4218 0.4127
vn 0.6676 -0.0739 0.7409
vn 0.5803 -0.2297 0.7813
vn -0.6566 -0.3645 0.6603
vn -0.4915 -0.3102 0.8137
vn -0.9717 0.2356 -0.0170
vn -0.9634 0.2329 0.1327
vn -0.2704 0.9574 0.1014
vn -0.2748 0.9071 0.3189
vn -0.5736 0.5844 0.5740
vn -0.7470 0.5425 0.3843
vn -0.7349 0.3664 0.5707
vn -0.2106 0.9649 -0.1572
vn -0.1898 0.9727 -0.1335
vn 0.4516 -0.2597 0.8536
vn 0.5335 -0.4115 0.7390
vn 0.0201 -0.9596 0.2807
vn -0.0592 0.9977 0.0320
vn -0.0033 0.9963 0.0861
vn -0.8838 -0.1665 0.4373
vn -0.9544 -0.2260 0.1953
vn 0.3587 0.4685 -0.8074
vn 0.0713 0.4599 -0.8851
vn 0.0156 -0.9985 -0.0522
vn -0.0317 -0.9452 0.3250
vn -0.0419 -0.9957 0.0825
vn -0.3140 -0.8452 0.4325
vn -0.3509 0.0676 -0.9340
vn -0.0881 -0.4827 -0.8713
vn 0.9278 0.2716 -0.2557
vn 0.1728 0.9406 -0.2923
vn -0.0615 0.9670 -0.2473
vn 0.2177 0.9635 -0.1557
vn -0.1694 -0.3166 0.9333
vn -0.3097 0.0882 0.9467
vn -0.4150 -0.0940 0.9050
vn 0.9905 0.1172 0.0726
vn 0.8822 -0.2804 -0.3783
vn 0.2009 0.6473 0.7353
vn 0.1476 -0.9145 0.3767
vn 0.5449 -0.5664 0.6182
vn 0.3520 -0.6614 0.6624
vn -0.0066 -0.5311 -0.8473
vn -0.9967 -0.0069 -0.0804
vn -0.9681 0.1792 0.1754
vn -0.0083 0.9095 0.4155
vn -0.0027 0.9333 0.3590
vn 0.0305 0.9705 0.2393
vn -0.1198 0.8929 -0.4339
vn -0.2670 0.9246 -0.2719
vn -0.7670 0.4931 -0.4106
vn -0.8794 0.1631 -0.4473
vn -0.9121 0.0813 0.4019
vn -0.3176 -0.0896 0.9440
vn -0.3307 0.1734 0.9277
vn 0.8930 -0.4407 -0.0911
vn 0.8763 -0.4811 -0.0273
vn 0.3818 -0.4741 -0.7934
vn 0.5805 -0.3716 -0.7245
vn 0.0135 -0.9020 -0.4315
vn -0.0830 -0.7661 -0.6373
vn -0.1911 0.9808 -0.0401
vn -0.3131 0.9384 0.1460
vn 0.1103 0.8494 0.5161
vn 0.0122 0.9047 0.4258
vn -0.5912 0.7285 0.3462
vn -0.3183 0.8772 0.3594
vn -0.6362 -0.7703 -0.0442
vn -0.4192 -0.7945 -0.4393
vn -0.5094 0.1711 0.8434
vn -0.7219 -0.2140 0.6581
vn 0.6463 0.0473 -0.7616
vn 0.7851 0.5668 -0.2498
vn -0.9186 0.3946 -0.0227
vn -0.8638 0.5038 -0.0072
vn -0.5945 0.7303 0.3363
vn -0.6512 0.7397 0.1695
vn -0.7014 -0.6389 0.3159
vn -0.8128 -0.3597 0.4582
vn -0.5452 -0.8348 0.0768
vn 0.1516 0.6156 -0.7734
vn 0.2058 0.3644 -0.9082
vn -0.0600 0.8285 -0.5567
vn 0.0369 0.8308 -0.5554
vn 0.0381 0.6395 -0.7679
vn 0.2629 0.3062 0.9149
vn 0.6794 0.2632 -0.6850
vn 0.5977 0.3315 -0.7300
vn -0.8841 -0.2787 -0.3750
vn -0.8030 -0.1686 -0.5716
vn -0.7246 -0.2845 -0.6277
vn -0.9407 -0.1292 -0.3135
vn -0.4429 0.4826 0.7556
vn -0.1816 0.6992 0.6915
vn -0.5709 0.5969 0.5637
vn 0.0083 0.3583 0.9336
vn 0.4408 0.6133 0.6554
vn 0.2729 0.8925 0.3591
vn 0.1562 -0.4303 -0.8891
vn 0.0945 -0.2936 -0.9512
vn 0.4430 -0.4598 -0.7696
vn 0.9449 -0.2563 0.2035
vn 0.7150 -0.4760 0.5120
vn -0.4859 0.8731 0.0399
vn -0.2254 0.3100 0.9236
vn -0.5061 0.3575 0.7849
vn 0.0497 0.7124 -0.7000
vn -0.5066 0.3085 -0.8051
vn -0.5693 0.3763 -0.7309
vn 0.2851 -0.3238 -0.9021
vn 0.1613 -0.3860 -0.9083
vn 0.1513 0.2078 -0.9664
vn 0.1732 0.0146 -0.9848
vn 0.0494 0.0831 -0.9953
vn 0.2168 -0.9304 0.2954
vn 0.1089 -0.4484 0.8872
vn 0.3312 -0.3559 0.8739
vn 0.7689 -0.3339 -0.5453
vn 0.7539 -0.4759 -0.4529
vn -0.3518 0.4825 0.8021
vn -0.2361 -0.0318 0.9712
vn -0.6566 -0.7513 -0.0664
vn -0.5010 -0.8650 0.0278
vn -0.7332 -0.6724 0.1014
vn -0.8768 -0.4702 0.1007
vn -0.7269 -0.6439 -0.2388
vn -0.7165 -0.6875 0.1180
vn -0.9057 -0.2838 0.3151
vn -0.8638 -0.0712 0.4987
vn -0.0163 0.2736 0.9617
vn 0.2689 0.3096 0.9121
vn 0.6766 0.0592 0.7340
vn 0.8006 0.2230 0.5562
vn 0.3738 0.4246 0.8246
vn 0.6013 0.4083 0.6868
vn 0.4216 0.0559 0.9050
vn 0.9544 -0.2624 -0.1424
vn 0.9511 -0.3087 -0.0061
vn 0.6957 0.6704 -0.2580
vn 0.4589 0.8427 -0.2816
vn 0.3367 0.6230 -0.7061
vn -0.0057 0.5732 -0.8194
vn 0.4450 0.4184 -0.7918
vn 0.2136 0.5412 -0.8133
vn -0.6404 -0.5170 0.5679
vn -0.8246 0.2596 0.5026
vn -0.9315 0.2079 0.2986
vn -0.0765 0.8428 0.5328
vn -0.1478 0.7541 0.6400
vn -0.0619 0.6755 0.7348
vn -0.2001 0.5212 0.8297
vn -0.7887 0.4939 -0.3660
vn -0.9230 0.3793 -0.0652
vn -0.7767 0.6297 -0.0148
vn -0.5957 -0.7051 0.3847
vn -0.8083 0.1283 0.5747
vn -0.0104 0.9894 0.1445
vn 0.0681 0.8519 0.5192
vn -0.0313 0.7869 0.6162
vn -0.0545 0.2926 0.9547
vn -0.1234 0.9318 0.3414
vn -0.2764 0.2911 0.9159
vn -0.4565 0.4034 0.7930
vn -0.2561 0.7995 -0.5433
vn -0.5035 0.7355 -0.4532
vn -0.1808 0.4365 -0.8813
vn -0.0866 0.4017 -0.9117
vn -0.5270 -0.7178 0.4550
vn 0.0709 -0.7496 -0.6581
vn 0.2322 -0.1914 0.9537
vn 0.2678 -0.3769 0.8867
vn 0.0051 -0.1758 0.9844
vn 0.1937 -0.9696 -0.1494
vn 0.8367 -0.4896 -0.2455
vn 0.7373 -0.6715 -0.0733
vn 0.5458 -0.8334 -0.0870
vn -0.0573 0.0052 -0.9983
vn -0.1652 -0.0135 -0.9862
vn -0.3867 -0.3717 -0.8440
vn -0.5074 -0.2026 -0.8375
vn -0.4374 -0.8983 -0.0423
vn -0.3024 -0.3884 -0.8704
vn -0.2496 -0.6071 -0.7544
vn 0.4414 -0.8769 0.1904
vn 0.3449 -0.9386 0.0102
vn 0.4995 -0.8638 0.0660
vn -0.4194 0.8311 -0.3652
vn -0.1172 0.5955 -0.7948
vn -0.3148 0.7614 -0.5667
vn -0.9271 0.2336 -0.2931
vn 0.4296 0.8903 -0.1507
vn 0.8865 0.4221 0.1898
vn 0.3423 0.2531 0.9049
vn 0.4243 0.2238 0.8774
vn 0.4071 0.4890 0.7714
vn 0.9912 0.1278 0.0350
vn 0.1914 0.9672 0.1673
vn 0.4089 0.9113 -0.0478
vn 0.2057 0.9782 -0.0295
vn 0.8299 0.3730 0.4150
vn 0.9008 0.4118 0.1380
vn 0.7228 0.5623 0.4017
vn -0.4888 -0.2654 0.8310
vn -0.2839 -0.5034 0.8161
vn -0.0211 -0.1562 0.9875
vn 0.6603 -0.6693 -0.3407
vn 0.3913 -0.8241 -0.4095
vn 0.9720 0.2160 -0.0920
vn 0.7082 0.5364 -0.4590
vn -0.3741 0.3672 0.8516
vn -0.6470 0.3996 0.6494
vn 0.0745 0.9970 -0.0222
vn 0.9574 -0.1640 0.2378
vn 0.8750 0.0660 0.4796
vn -0.1886 0.5705 0.7993
vn -0.1688 0.8010 0.5744
vn 0.6998 -0.6448 -0.3074
vn 0.4662 -0.7122 -0.5247
vn 0.0589 0.0137 0.9982
vn -0.0242 -0.1370 0.9903
vn 0.1510 0.2986 0.9423
vn 0.0441 -0.2150 -0.9756
vn 0.0312 -0.2427 -0.9696
vn -0.9028 0.2939 0.3138
vn -0.7384 -0.5133 -0.4373
vn -0.6945 -0.6752 -0.2484
vn -0.1224 -0.9254 -0.3588
vn -0.2771 0.8387 0.4688
vn -0.3128 0.5397 0.7816
vn -0.4482 0.6536 0.6098
vn -0.5586 0.8169 -0.1435
vn -0.3774 0.9118 -0.1618
vn -0.0351 -0.2493 -0.9678
vn 0.0733 -0.1096 -0.9913
vn -0.9404 -0.2854 -0.1851
vn -0.9882 -0.0504 0.1449
vn 0.0479 -0.9331 -0.3564
vn -0.4269 0.8636 0.2681
vn -0.4203 0.8997 -0.1183
vn -0.1380 0.0674 0.9881
vn -0.2233 -0.0906 0.9705
vn -0.1062 -0.1916 0.9757
vn 0.2346 -0.6917 -0.6830
vn -0.0903 0.9924 0.0835
vn -0.1806 0.9692 0.1675
vn -0.0858 0.9489 0.3036
vn -0.0351 0.9981 -0.0514
vn 0.0272 0.9976 -0.0629
vn 0.0981 0.4200 0.9022
vn 0.1214 0.1941 0.9735
vn -0.9421 -0.0322 -0.3337
vn -0.3768 0.9092 -0.1772
vn -0.5074 0.7767 -0.3733
vn -0.6791 0.6971 -0.2298
vn -0.5690 0.8209 -0.0490
vn 0.0104 -0.9148 -0.4038
vn -0.3913 -0.5653 0.7261
vn -0.4210 -0.7853 0.4540
vn -0.1285 -0.9820 0.1384
vn -0.3738 -0.9131 0.1629
vn -0.2898 -0.9541 -0.0761
vn 0.2920 0.7264 -0.6221
vn 0.2805 0.5641 -0.7767
vn 0.5771 0.1151 -0.8085
vn 0.1548 0.3512 0.9234
vn 0.2897 0.9304 -0.2247
vn -0.7227 0.3454 -0.5987
vn -0.4399 0.7312 -0.5214
vn -0.0465 -0.1734 -0.9837
vn -0.0473 -0.7476 -0.6625
vn 0.2028 -0.8234 -0.5299
vn 0.3044 -0.3305 -0.8934
vn -0.8970 0.4236 0.1261
vn -0.5091 0.8573 -0.0761
vn -0.3673 0.9259 0.0879
vn 0.3208 0.9391 0.1232
vn 0.5387 0.8377 0.0894
vn 0.7561 0.6544 -0.0095
vn 0.6451 0.7506 -0.1433
vn 0.5104 0.8597 -0.0215
vn 0.7929 -0.5352 0.2914
vn 0.6998 -0.5820 0.4141
vn 0.8449 -0.4049 0.3496
vn 0.1046 0.9876 -0.1173
vn -0.8471 -0.5206 -0.1067
vn -0.9488 -0.3027 -0.0907
vn -0.9768 -0.2127 0.0237
vn -0.9736 -0.1645 -0.1585
vn -0.3236 0.5195 -0.7908
vn -0.4440 0.6795 -0.5840
vn -0.7466 0.3128 0.5871
vn -0.6551 0.7065 0.2678
vn -0.1034 -0.6886 0.7178
vn 0.0141 -0.6415 0.7670
vn -0.0459 0.9714 0.2331
vn -0.0582 0.8672 0.4946
vn 0.0356 -0.8215 0.5691
vn 0.2103 -0.6822 0.7003
vn 0.9025 -0.4300 -0.0250
vn 0.9790 -0.1972 -0.0516
vn 0.8907 -0.0984 0.4438
vn -0.0931 0.1387 0.9860
vn 0.0151 0.4711 0.8820
vn -0.1525 0.5687 0.8083
vn -0.2140 0.7805 0.5875
vn 0.0135 -0.8068 0.5907
vn 0.7696 -0.6204 0.1510
vn 0.5902 -0.5358 0.6038
vn 0.6340 0.4290 0.6434
vn 0.8733 0.2148 0.4374
vn 0.5499 0.6603 -0.5115
vn 0.7094 0.6218 0.3319
vn 0.1402 0.8193 -0.5559
vn -0.0900 -0.8087 -0.5813
vn 0.9183 -0.0309 -0.3947
vn 0.9254 -0.2181 -0.3099
vn 0.9408 -0.0858 -0.3279
vn -0.2616 -0.7689 -0.5834
vn -0.4844 -0.6744 -0.5573
vn 0.6447 -0.7037 -0.2987
vn 0.3818 -0.6486 -0.6585
vn 0.9566 0.0586 0.2853
vn 0.9729 0.1746 0.1519
vn -0.6128 0.1273 -0.7799
vn -0.4612 0.5830 -0.6688
vn -0.7354 0.3524 -0.5788
vn -0.0793 0.8785 0.4711
vn -0.0386 0.9232 -0.3824
vn -0.6147 0.1144 0.7804
vn -0.1979 0.2948 0.9348
vn 0.2754 0.8865 0.3719
vn 0.1893 0.8182 0.5429
vn 0.5983 0.7640 0.2414
vn 0.4591 0.7066 0.5384
vn -0.9904 -0.1374 -0.0115
vn -0.8484 -0.5293 -0.0036
vn -0.9622 -0.2535 0.0993
vn 0.2952 -0.9243 -0.2418
vn 0.5186 -0.8441 0.1364
vn -0.2631 0.8605 0.4363
vn 0.0304 0.9121 0.4088
vn -0.0034 -0.4605 -0.8877
vn -0.9573 -0.1850 0.2221
vn 0.9343 -0.1206 -0.3355
vn 0.6474 -0.3155 -0.6938
vn -0.9576 0.2685 0.1043
vn -0.8390 0.5378 0.0824
vn -0.9750 0.0571 0.2150
vn 0.2202 0.6649 0.7138
vn 0.3696 -0.0903 0.9248
vn 0.2312 0.0292 0.9725
vn -0.9947 0.0847 0.0581
vn -0.1982 -0.5839 -0.7872
vn 0.3352 0.2797 0.8996
vn 0.2097 0.4310 0.8777
vn 0.1490 0.7971 -0.5851
vn 0.1336 0.9198 -0.3691
vn 0.0689 0.9472 -0.3132
vn 0.4679 0.0667 0.8812
vn 0.6333 -0.1269 0.7635
vn -0.0963 -0.2849 -0.9537
vn -0.8234 -0.4473 -0.3492
vn -0.6051 -0.7390 -0.2961
vn 0.3853 0.0629 -0.9206
vn 0.2773 -0.0248 -0.9605
vn -0.5767 0.8042 0.1437
vn -0.8272 0.4284 0.3637
vn -0.9917 0.1273 0.0192
vn -0.9614 0.1654 0.2200
vn -0.1045 0.2134 -0.9714
vn -0.0783 0.6314 -0.7715
vn 0.0436 0.4160 -0.9083
vn -0.6651 0.1333 -0.7348
vn 0.2096 0.8559 -0.4727
vn 0.0091 -0.8509 -0.5253
vn 0.0294 -0.9257 -0.3770
vn -0.4284 -0.7609 -0.4873
vn -0.1526 -0.8364 -0.5264
vn -0.9715 -0.0853 -0.2211
vn 0.5957 -0.8032 -0.0042
vn 0.3011 -0.9536 -0.0001
vn -0.7039 0.1997 0.6816
vn -0.6760 0.7022 -0.2235
vn -0.4566 0.8881 -0.0521
vn -0.1057 0.8650 0.4906
vn 0.6979 0.6006 -0.3900
vn 0.4684 0.7279 -0.5007
vn -0.0968 0.4976 -0.8620
vn 0.7518 0.6592 -0.0196
vn 0.7837 -0.2254 -0.5788
vn 0.8714 0.0458 -0.4884
vn 0.8670 -0.0798 -0.4918
vn 0.4140 -0.8037 -0.4274
vn 0.9158 -0.0969 0.3899
vn -0.3990 -0.0438 -0.9159
vn -0.2484 -0.2275 -0.9416
vn -0.3357 -0.2983 0.8935
vn 0.9745 0.0799 -0.2098
vn -0.0308 0.6711 0.7408
vn 0.0791 -0.2196 0.9724
vn 0.0569 -0.7950 0.6040
vn 0.0552 -0.5363 0.8422
vn -0.0444 -0.8878 0.4581
vn -0.3624 -0.8863 -0.2884
vn 0.8900 0.4510 -0.0670
vn 0.9174 0.1144 -0.3813
vn 0.9400 0.2743 -0.2029
vn -0.1551 -0.8641 0.4789
vn 0.9008 0.4317 0.0472
vn 0.8203 0.5597 -0.1174
vn 0.8430 0.4495 -0.2954
vn 0.9143 0.3906 -0.1076
vn 0.0574 -0.3420 -0.9379
vn 0.1680 -0.2058 -0.9641
vn 0.0235 0.7069 0.7069
vn 0.1124 0.6637 0.7395
vn 0.5106 0.5546 -0.6570
vn -0.0882 0.0459 0.9951
vn -0.1302 -0.2734 0.9530
vn -0.4905 0.8054 0.3329
vn -0.1761 0.9025 0.3931
vn -0.2571 0.7492 0.6104
vn 0.6098 0.1948 0.7683
vn 0.9006 0.1254 0.4161
vn 0.9440 -0.1914 -0.2688
vn 0.9212 -0.0229 -0.3884
vn 0.8438 0.2789 0.4586
vn -0.8069 0.0501 -0.5886
vn 0.3202 -0.8949 0.3110
vn 0.6450 -0.7406 0.1882
vn -0.2235 -0.3929 -0.8920
vn -0.4026 -0.2154 -0.8897
vn 0.3169 0.3544 -0.8798
vn 0.4933 0.3020 -0.8158
vn -0.6760 -0.7019 0.2244
vn -0.1266 0.9889 0.0781
vn -0.1657 0.9860 -0.0201
vn -0.5247 -0.3136 0.7914
vn 0.1408 0.1115 0.9837
vn 0.8518 -0.3058 0.4254
vn 0.9097 -0.3701 -0.1884
vn 0.8986 -0.2193 -0.3800
vn -0.3053 0.4355 0.8468
vn -0.8634 -0.4657 0.1941
vn 0.0227 0.2318 -0.9725
vn 0.1288 0.3947 -0.9097
vn -0.1829 0.9819 -0.0487
vn -0.5773 -0.6491 0.4954
vn -0.7484 -0.4125 0.5193
vn -0.6266 -0.0931 0.7738
vn -0.9596 0.2583 -0.1112
vn -0.6314 -0.0453 0.7741
vn 0.9882 -0.1505 -0.0276
vn 0.9272 -0.3657 0.0814
vn 0.1469 0.4126 0.8990
vn 0.2900 0.3698 0.8827
vn -0.7374 0.4466 0.5067
vn -0.8158 0.5356 0.2184
vn -0.0944 0.2234 0.9702
vn -0.4966 0.3059 -0.8123
vn -0.9828 -0.1843 -0.0068
vn -0.8804 -0.4200 -0.2203
vn -0.1301 0.3392 0.9317
vn -0.8603 0.1828 -0.4759
vn 0.4273 -0.7128 0.5561
vn -0.0580 0.2763 0.9593
vn -0.9175 -0.3975 0.0145
vn -0.8597 -0.5107 -0.0113
vn 0.0317 0.9661 -0.2562
vn 0.1760 -0.6218 0.7631
vn -0.7624 -0.2384 -0.6016
vn -0.2812 0.5858 -0.7601
vn -0.3120 0.3407 -0.8869
vn -0.0509 -0.1786 0.9826
vn -0.8802 0.4588 0.1214
vn 0.6804 0.4867 0.5479
vn 0.7140 0.2519 0.6532
vn -0.7252 0.6849 -0.0698
vn 0.8920 0.2447 -0.3800
vn 0.7420 0.2397 -0.6261
vn -0.9038 -0.3648 -0.2238
vn 0.6216 -0.2613 0.7385
vn 0.7344 -0.3774 0.5641
vn 0.5797 -0.6779 0.4521
vn 0.6632 0.4858 -0.5693
vn -0.3947 0.7769 0.4905
vn -0.3500 0.6103 0.7107
vn -0.1615 0.7613 -0.6279
vn -0.0692 0.8444 0.5312
vn -0.4642 0.2897 0.8370
vn 0.0043 0.9204 0.3911
vn -0.7711 0.6197 0.1463
vn -0.8319 0.5538 -0.0367
vn -0.8779 0.4323 -0.2061
vn -0.7044 0.1386 0.6961
vn -0.6095 0.7927 0.0159
vn -0.3537 0.9352 -0.0152
vn -0.6142 -0.2032 -0.7625
vn -0.6781 -0.3902 -0.6228
vn -0.7563 0.5695 0.3220
vn 0.9936 0.0346 -0.1073
vn 0.9763 -0.0987 -0.1928
vn -0.6924 0.4698 -0.5476
vn -0.2038 -0.5363 0.8190
vn 0.3408 -0.9325 -0.1193
vn 0.0610 0.9938 0.0932
vn 0.9852 -0.1244 0.1179
vn 0.2628 0.1628 0.9510
vn 0.1280 0.6767 0.7250
vn -0.0463 -0.2499 -0.9672
vn -0.7956 -0.3304 0.5079
vn 0.6648 -0.1745 -0.7264
vn -0.9097 0.2555 0.3275
vn 0.4222 0.7967 -0.4326
vn -0.2580 -0.0309 -0.9657
vn -0.2426 0.0713 -0.9675
vn -0.1676 0.1223 -0.9782
vn 0.2748 -0.1562 -0.9487
vn 0.3427 0.6332 0.6939
vn 0.9652 0.2547 -0.0588
vn 0.4074 0.9049 0.1231
vn -0.1663 0.7187 -0.6751
vn 0.1834 -0.9820 0.0447
vn 0.7563 0.6436 0.1177
vn 0.7935 -0.6072 0.0411
vn -0.1882 0.9814 -0.0383
vn -0.4595 0.8779 0.1345
vn 0.5453 -0.5585 -0.6251
vn -0.7296 0.6825 -0.0433
vn -0.1470 0.9719 0.1840
vn -0.0183 0.4391 0.8982
vn 0.8934 0.1757 0.4135
vn -0.1786 -0.9788 -0.1005
vn -0.6687 0.2108 0.7131
vn 0.0403 0.1901 0.9809
vn 0.3115 0.4355 0.8445
vn 0.6569 0.2591 0.7081
vn 0.8129 0.0908 -0.5753
vn 0.5892 0.3217 0.7412
vn 0.1095 0.9501 0.2921
vn 0.0255 -0.9356 0.3520
vn -0.7735 -0.0597 -0.6309
vn -0.1378 -0.2248 -0.9646
vn 0.2097 -0.5272 -0.8235
vn 0.2672 -0.9319 0.2454
vn -0.4952 0.1218 0.8602
vn -0.0648 -0.5761 0.8148
vn -0.0575 0.9888 -0.1378
vn -0.7013 0.3137 0.6402
s 1
usemtl SEAT-FABRIC
f 1//1 2//2 3//3
f 4//4 5//5 6//6
f 7//7 8//8 3//3
f 11//11 12//12 13//13
f 14//14 65//65 15//15
f 16//16 17//17 18//18
f 19//19 297//297 20//20
f 21//21 22//22 23//23
f 26//26 27//27 12//12
f 28//28 29//29 30//30
f 33//33 34//34 35//35
f 37//37 38//38 39//39
f 40//40 41//41 42//42
f 43//43 44//44 45//45
f 49//49 50//50 51//51
f 52//52 53//53 54//54
f 56//56 57//57 58//58
f 59//59 60//60 61//61
f 17//17 16//16 254//254
f 44//44 43//43 69//69
f 75//75 76//76 271//271
f 74//74 225//225 79//79
f 81//81 299//299 82//82
f 83//83 84//84 85//85
f 91//91 92//92 93//93
f 103//103 104//104 235//235
f 111//111 61//61 60//60
f 24//24 116//116 117//117
f 118//118 31//31 32//32
f 127//127 128//128 129//129
f 131//131 4//4 132//132
f 77//77 135//135 78//78
f 23//23 138//138 139//139
f 30//30 140//140 141//141
f 270//270 144//144 51//51
f 205//205 54//54 145//145
f 15//15 272//272 236//236
f 9//9 150//150 208//208
f 151//151 152//152 153//153
f 154//154 6//6 150//150
f 133//133 160//160 134//134
f 2//2 58//58 162//162
f 310//310 163//163 85//85
f 69//69 168//168 169//169
f 21//21 171//171 22//22
f 172//172 173//173 174//174
f 183//183 184//184 136//136
f 184//184 185//185 186//186
f 187//187 188//188 189//189
f 190//190 187//187 142//142
f 28//28 191//191 29//29
f 156//156 192//192 193//193
f 42//42 41//41 195//195
f 39//39 38//38 196//196
f 199//199 200//200 201//201
f 202//202 123//123 122//122
f 203//203 11//11 13//13
f 145//145 8//8 205//205
f 206//206 207//207 64//64
f 64//64 164//164 206//206
f 126//126 144//144 125//125
f 214//214 16//16 18//18
f 59//59 217//217 78//78
f 139//139 219//219 23//23
f 141//141 221//221 30//30
f 289//289 86//86 87//87
f 162//162 222//222 223//223
f 209//209 225//225 226//226
f 229//229 71//71 72//72
f 229//229 230//230 231//231
f 311//311 110//110 109//109
f 312//312 67//67 66//66
f 234//234 103//103 235//235
f 237//237 4//4 238//238
f 205//205 8//8 7//7
f 239//239 35//35 34//34
f 130//130 240//240 169//169
f 26//26 241//241 27//27
f 176//176 242//242 175//175
f 243//243 167//167 244//244
f 24//24 117//117 216//216
f 26//26 246//246 241//241
f 92//92 247//247 248//248
f 168//168 249//249 248//248
f 251//251 20//20 252//252
f 253//253 126//126 125//125
f 254//254 255//255 256//256
f 269//269 8//8 145//145
f 179//179 148//148 177//177
f 305//305 75//75 271//271
f 174//174 21//21 172//172
f 172//172 21//21 196//196
f 129//129 28//28 127//127
f 195//195 127//127 28//28
f 275//275 89//89 3//3
f 276//276 211//211 210//210
f 213//213 212//212 277//277
f 256//256 20//20 251//251
f 36//36 266//266 63//63
f 278//278 243//243 266//266
f 35//35 239//239 263//263
f 68//68 263//263 108//108
f 279//279 134//134 280//280
f 280//280 281//281 138//138
f 284//284 282//282 140//140
f 283//283 31//31 284//284
f 25//25 176//176 80//80
f 278//278 12//12 27//27
f 25//25 116//116 24//24
f 174//174 171//171 21//21
f 129//129 191//191 28//28
f 117//117 152//152 151//151
f 217//217 288//288 151//151
f 289//289 223//223 222//222
f 201//201 78//78 135//135
f 96//96 2//2 1//1
f 56//56 314//314 233//233
f 205//205 7//7 90//90
f 52//52 313//313 232//232
f 169//169 240//240 193//193
f 175//175 290//290 176//176
f 236//236 5//5 4//4
f 154//154 304//304 181//181
f 183//183 218//218 298//298
f 190//190 220//220 300//300
f 241//241 82//82 242//242
f 57//57 261//261 58//58
f 86//86 289//289 222//222
f 71//71 229//229 231//231
f 53//53 262//262 54//54
f 61//61 294//294 114//114
f 43//43 295//295 105//105
f 174//174 111//111 171//171
f 45//45 191//191 129//129
f 3//3 8//8 1//1
f 204//204 8//8 269//269
f 207//207 251//251 252//252
f 161//161 207//207 206//206
f 297//297 298//298 70//70
f 299//299 300//300 55//55
f 83//83 85//85 163//163
f 210//210 301//301 295//295
f 212//212 302//302 294//294
f 171//171 199//199 22//22
f 191//191 156//156 29//29
f 238//238 4//4 285//285
f 179//179 272//272 15//15
f 226//226 225//225 286//286
f 91//91 34//34 206//206
f 17//17 35//35 263//263
f 28//28 30//30 221//221
f 21//21 23//23 219//219
f 248//248 247//247 94//94
f 49//49 51//51 144//144
f 309//309 113//113 112//112
f 309//309 241//241 242//242
f 288//288 117//117 151//151
f 249//249 92//92 248//248
f 252//252 250//250 207//207
f 34//34 91//91 239//239
f 112//112 25//25 24//24
f 52//52 54//54 205//205
f 205//205 313//313 52//52
f 2//2 314//314 56//56
f 56//56 58//58 2//2
f 145//145 231//231 230//230
f 70//70 228//228 98//98
f 55//55 227//227 102//102
f 167//167 27//27 112//112
f 27//27 309//309 112//112
f 275//275 3//3 162//162
f 2//2 162//162 3//3
f 51//51 50//50 204//204
f 85//85 84//84 89//89
f 53//53 39//39 197//197
f 39//39 53//53 37//37
f 42//42 57//57 40//40
f 57//57 42//42 194//194
f 18//18 49//49 214//214
f 13//13 83//83 203//203
f 199//199 171//171 200//200
f 156//156 191//191 192//192
f 82//82 175//175 242//242
f 66//66 233//233 312//312
f 109//109 232//232 311//311
f 123//123 163//163 122//122
f 111//111 294//294 61//61
f 294//294 277//277 212//212
f 295//295 276//276 210//210
f 295//295 43//43 45//45
f 185//185 184//184 183//183
f 183//183 298//298 124//124
f 188//188 187//187 190//190
f 121//121 190//190 300//300
f 217//217 59//59 61//61
f 69//69 43//43 168//168
f 22//22 138//138 23//23
f 29//29 140//140 30//30
f 252//252 297//297 271//271
f 175//175 299//299 235//235
f 201//201 59//59 78//78
f 193//193 69//69 169//169
f 231//231 145//145 54//54
f 222//222 162//162 58//58
f 176//176 155//155 80//80
f 207//207 149//149 64//64
f 104//104 103//103 304//304
f 240//240 158//158 193//193
f 76//76 75//75 148//148
f 201//201 135//135 224//224
f 125//125 229//229 72//72
f 122//122 289//289 87//87
f 132//132 4//4 6//6
f 303//303 304//304 234//234
f 101//101 234//234 102//102
f 97//97 305//305 98//98
f 7//7 3//3 89//89
f 204//204 1//1 8//8
f 218//218 258//258 257//257
f 220//220 259//259 260//260
f 114//114 115//115 215//215
f 105//105 106//106 170//170
f 52//52 37//37 53//53
f 37//37 52//52 232//232
f 40//40 56//56 233//233
f 56//56 40//40 57//57
f 203//203 83//83 163//163
f 214//214 49//49 144//144
f 195//195 41//41 127//127
f 196//196 38//38 172//172
f 11//11 26//26 12//12
f 124//124 298//298 19//19
f 19//19 298//298 297//297
f 121//121 300//300 81//81
f 81//81 300//300 299//299
f 62//62 36//36 63//63
f 107//107 68//68 108//108
f 80//80 274//274 10//10
f 198//198 279//279 199//199
f 156//156 157//157 283//283
f 25//25 112//112 113//113
f 267//267 268//268 84//84
f 264//264 265//265 50//50
f 70//70 271//271 297//297
f 55//55 235//235 299//299
f 181//181 6//6 154//154
f 177//177 272//272 179//179
f 200//200 60//60 59//59
f 192//192 44//44 69//69
f 256//256 120//120 33//33
f 120//120 256//256 251//251
f 22//22 199//199 279//279
f 29//29 156//156 283//283
f 220//220 190//190 142//142
f 218//218 183//183 136//136
f 105//105 295//295 301//301
f 114//114 294//294 302//302
f 272//272 79//79 5//5
f 118//118 180//180 119//119
f 160//160 73//73 159//159
f 296//296 64//64 65//65
f 158//158 238//238 285//285
f 226//226 286//286 224//224
f 179//179 287//287 148//148
f 288//288 215//215 216//216
f 228//228 257//257 100//100
f 227//227 260//260 47//47
f 249//249 170//170 93//93
f 156//156 193//193 157//157
f 199//199 201//201 198//198
f 94//94 130//130 248//248
f 153//153 77//77 151//151
f 212//212 213//213 311//311
f 210//210 211//211 312//312
f 186//186 125//125 184//184
f 189//189 122//122 187//187
f 309//309 242//242 113//113
f 242//242 176//176 113//113
f 251//251 207//207 161//161
f 120//120 251//251 161//161
f 98//98 99//99 97//97
f 98//98 228//228 99//99
f 102//102 46//46 101//101
f 102//102 227//227 46//46
f 314//314 2//2 96//96
f 205//205 90//90 313//313
f 144//144 270//270 229//229
f 270//270 230//230 229//229
f 310//310 223//223 289//289
f 163//163 310//310 289//289
f 111//111 277//277 294//294
f 45//45 276//276 295//295
f 183//183 124//124 185//185
f 190//190 121//121 188//188
f 278//278 36//36 12//12
f 181//181 304//304 303//303
f 305//305 306//306 177//177
f 116//116 80//80 10//10
f 263//263 68//68 17//17
f 276//276 67//67 211//211
f 312//312 211//211 67//67
f 311//311 213//213 110//110
f 277//277 110//110 213//213
f 189//189 188//188 202//202
f 122//122 189//189 202//202
f 125//125 186//186 253//253
f 186//186 185//185 253//253
f 80//80 155//155 274//274
f 310//310 275//275 223//223
f 270//270 269//269 230//230
f 312//312 166//166 95//95
f 311//311 147//147 88//88
f 157//157 285//285 32//32
f 198//198 286//286 133//133
f 112//112 24//24 244//244
f 241//241 309//309 27//27
f 276//276 128//128 67//67
f 276//276 45//45 128//128
f 277//277 173//173 110//110
f 277//277 111//111 173//173
f 202//202 188//188 246//246
f 188//188 121//121 246//246
f 253//253 185//185 255//255
f 185//185 124//124 255//255
f 79//79 225//225 48//48
f 65//65 64//64 149//149
f 65//65 149//149 287//287
f 28//28 221//221 195//195
f 21//21 219//219 196//196
f 236//236 4//4 237//237
f 150//150 10//10 274//274
f 150//150 9//9 10//10
f 14//14 15//15 236//236
f 257//257 228//228 70//70
f 260//260 227//227 55//55
f 217//217 215//215 288//288
f 168//168 170//170 249//249
f 291//291 104//104 304//304
f 154//154 291//291 304//304
f 142//142 87//87 143//143
f 87//87 86//86 261//261
f 136//136 72//72 137//137
f 72//72 71//71 262//262
f 107//107 301//301 95//95
f 62//62 302//302 88//88
f 232//232 313//313 146//146
f 233//233 314//314 165//165
f 164//164 92//92 91//91
f 308//308 166//166 96//96
f 96//96 50//50 308//308
f 90//90 84//84 307//307
f 307//307 147//147 90//90
f 22//22 279//279 280//280
f 22//22 280//280 138//138
f 29//29 284//284 140//140
f 284//284 29//29 283//283
f 124//124 20//20 256//256
f 121//121 82//82 241//241
f 281//281 99//99 100//100
f 282//282 46//46 47//47
f 292//292 220//220 142//142
f 293//293 218//218 136//136
f 108//108 105//105 301//301
f 63//63 114//114 302//302
f 83//83 13//13 267//267
f 13//13 12//12 36//36
f 49//49 18//18 264//264
f 18//18 17//17 68//68
f 208//208 225//225 209//209
f 6//6 208//208 150//150
f 5//5 236//236 272//272
f 258//258 139//139 138//138
f 139//139 258//258 293//293
f 259//259 141//141 140//140
f 141//141 259//259 292//292
f 115//115 63//63 243//243
f 115//115 243//243 244//244
f 106//106 108//108 239//239
f 106//106 239//239 91//91
f 197//197 137//137 262//262
f 197//197 262//262 53//53
f 194//194 143//143 261//261
f 194//194 261//261 57//57
f 36//36 62//62 268//268
f 267//267 36//36 268//268
f 264//264 68//68 265//265
f 68//68 107//107 265//265
f 180//180 131//131 132//132
f 132//132 182//182 180//180
f 73//73 74//74 79//79
f 79//79 178//178 73//73
f 278//278 27//27 167//167
f 243//243 278//278 167//167
f 6//6 182//182 132//132
f 272//272 178//178 79//79
f 254//254 256//256 33//33
f 254//254 33//33 17//17
f 138//138 100//100 258//258
f 281//281 100//100 138//138
f 244//244 24//24 216//216
f 216//216 115//115 244//244
f 282//282 47//47 140//140
f 140//140 47//47 259//259
f 93//93 106//106 91//91
f 148//148 75//75 305//305
f 240//240 130//130 158//158
f 135//135 77//77 224//224
f 84//84 83//83 267//267
f 50//50 49//49 264//264
f 113//113 176//176 25//25
f 195//195 221//221 194//194
f 42//42 195//195 194//194
f 196//196 219//219 197//197
f 39//39 196//196 197//197
f 278//278 266//266 36//36
f 159//159 97//97 99//99
f 119//119 101//101 46//46
f 218//218 293//293 258//258
f 220//220 292//292 259//259
f 114//114 63//63 115//115
f 105//105 108//108 106//106
f 198//198 133//133 279//279
f 134//134 279//279 133//133
f 32//32 283//283 157//157
f 31//31 283//283 32//32
f 96//96 165//165 314//314
f 90//90 146//146 313//313
f 281//281 280//280 160//160
f 134//134 160//160 280//280
f 282//282 284//284 118//118
f 31//31 118//118 284//284
f 291//291 274//274 155//155
f 41//41 67//67 128//128
f 66//66 67//67 40//40
f 38//38 110//110 173//173
f 109//109 110//110 37//37
f 123//123 202//202 203//203
f 246//246 11//11 202//202
f 126//126 253//253 214//214
f 255//255 16//16 253//253
f 273//273 247//247 296//296
f 245//245 152//152 116//116
f 116//116 9//9 245//245
f 116//116 25//25 80//80
f 296//296 164//164 64//64
f 269//269 145//145 230//230
f 275//275 162//162 223//223
f 91//91 206//206 164//164
f 14//14 236//236 273//273
f 273//273 236//236 237//237
f 9//9 208//208 209//209
f 310//310 85//85 89//89
f 89//89 275//275 310//310
f 270//270 51//51 204//204
f 269//269 270//270 204//204
f 33//33 35//35 17//17
f 36//36 267//267 13//13
f 68//68 264//264 18//18
f 182//182 181//181 303//303
f 178//178 177//177 306//306
f 289//289 122//122 163//163
f 229//229 125//125 144//144
f 165//165 312//312 233//233
f 312//312 165//165 166//166
f 146//146 311//311 232//232
f 311//311 146//146 147//147
f 164//164 247//247 92//92
f 296//296 247//247 164//164
f 116//116 152//152 117//117
f 258//258 100//100 257//257
f 259//259 47//47 260//260
f 215//215 115//115 216//216
f 170//170 106//106 93//93
f 111//111 200//200 171//171
f 60//60 200//200 111//111
f 124//124 19//19 20//20
f 44//44 192//192 45//45
f 45//45 192//192 191//191
f 121//121 81//81 82//82
f 150//150 274//274 154//154
f 305//305 97//97 306//306
f 234//234 101//101 303//303
f 45//45 129//129 128//128
f 111//111 174//174 173//173
f 246//246 121//121 241//241
f 255//255 124//124 256//256
f 1//1 204//204 96//96
f 90//90 7//7 89//89
f 271//271 98//98 305//305
f 98//98 271//271 70//70
f 217//217 151//151 78//78
f 151//151 77//77 78//78
f 235//235 102//102 234//234
f 102//102 235//235 55//55
f 168//168 248//248 169//169
f 248//248 130//130 169//169
f 265//265 308//308 50//50
f 268//268 307//307 84//84
f 222//222 261//261 86//86
f 261//261 222//222 58//58
f 262//262 231//231 54//54
f 231//231 262//262 71//71
f 286//286 225//225 74//74
f 285//285 4//4 131//131
f 130//130 237//237 238//238
f 238//238 158//158 130//130
f 226//226 224//224 77//77
f 77//77 209//209 226//226
f 305//305 177//177 148//148
f 166//166 165//165 96//96
f 147//147 146//146 90//90
f 244//244 167//167 112//112
f 87//87 261//261 143//143
f 72//72 262//262 137//137
f 268//268 62//62 88//88
f 265//265 107//107 95//95
f 225//225 208//208 48//48
f 48//48 208//208 6//6
f 160//160 133//133 74//74
f 133//133 286//286 74//74
f 118//118 32//32 131//131
f 32//32 285//285 131//131
f 50//50 96//96 204//204
f 84//84 90//90 89//89
f 297//297 252//252 20//20
f 299//299 175//175 82//82
f 59//59 201//201 200//200
f 288//288 216//216 117//117
f 69//69 193//193 192//192
f 249//249 93//93 92//92
f 99//99 228//228 100//100
f 46//46 227//227 47//47
f 104//104 291//291 155//155
f 290//290 104//104 155//155
f 157//157 193//193 158//158
f 250//250 76//76 149//149
f 76//76 148//148 149//149
f 198//198 201//201 224//224
f 139//139 293//293 219//219
f 219//219 293//293 197//197
f 221//221 292//292 194//194
f 141//141 292//292 221//221
f 63//63 266//266 243//243
f 108//108 263//263 239//239
f 79//79 48//48 5//5
f 48//48 6//6 5//5
f 87//87 142//142 187//187
f 72//72 136//136 184//184
f 88//88 302//302 212//212
f 95//95 301//301 210//210
f 272//272 177//177 178//178
f 6//6 181//181 182//182
f 182//182 119//119 180//180
f 178//178 159//159 73//73
f 97//97 178//178 306//306
f 97//97 159//159 178//178
f 182//182 101//101 119//119
f 101//101 182//182 303//303
f 153//153 152//152 245//245
f 94//94 247//247 273//273
f 34//34 33//33 161//161
f 33//33 120//120 161//161
f 172//172 38//38 173//173
f 127//127 41//41 128//128
f 16//16 255//255 254//254
f 11//11 246//246 26//26
f 95//95 166//166 265//265
f 265//265 166//166 308//308
f 88//88 147//147 268//268
f 268//268 147//147 307//307
f 252//252 271//271 76//76
f 252//252 76//76 250//250
f 175//175 104//104 290//290
f 175//175 235//235 104//104
f 296//296 14//14 273//273
f 296//296 65//65 14//14
f 116//116 10//10 9//9
f 281//281 159//159 99//99
f 160//160 159//159 281//281
f 118//118 119//119 282//282
f 282//282 119//119 46//46
f 176//176 290//290 155//155
f 207//207 250//250 149//149
f 292//292 142//142 143//143
f 107//107 108//108 301//301
f 293//293 136//136 137//137
f 62//62 63//63 302//302
f 15//15 65//65 287//287
f 131//131 180//180 118//118
f 74//74 73//73 160//160
f 298//298 218//218 70//70
f 218//218 257//257 70//70
f 114//114 217//217 61//61
f 215//215 217//217 114//114
f 220//220 260//260 55//55
f 300//300 220//220 55//55
f 105//105 168//168 43//43
f 170//170 168//168 105//105
f 130//130 94//94 237//237
f 94//94 273//273 237//237
f 77//77 153//153 209//209
f 153//153 245//245 209//209
f 209//209 245//245 9//9
f 206//206 34//34 161//161
f 234//234 304//304 103//103
f 67//67 41//41 40//40
f 110//110 38//38 37//37
f 11//11 203//203 202//202
f 16//16 214//214 253//253
f 154//154 274//274 291//291
f 179//179 15//15 287//287
f 210//210 312//312 95//95
f 212//212 311//311 88//88
f 187//187 122//122 87//87
f 184//184 125//125 72//72
f 143//143 194//194 292//292
f 137//137 197//197 293//293
f 163//163 123//123 203//203
f 144//144 126//126 214//214
f 233//233 66//66 40//40
f 232//232 109//109 37//37
f 224//224 286//286 198//198
f 148//148 287//287 149//149
f 158//158 285//285 157//157
f 315//315 316//316 317//317
f 318//318 319//319 320//320
f 321//321 322//322 323//323
f 318//318 324//324 319//319
f 325//325 326//326 327//327
f 332//332 333//333 334//334
f 537//537 332//332 336//336
f 337//337 338//338 339//339
f 792//792 335//335 341//341
f 335//335 792//792 342//342
f 343//343 344//344 466//466
f 346//346 347//347 348//348
f 350//350 867//867 351//351
f 354//354 355//355 356//356
f 526//526 357//357 358//358
f 573//573 361//361 362//362
f 499//499 363//363 364//364
f 365//365 366//366 363//363
f 367//367 368//368 369//369
f 370//370 638//638 759//759
f 371//371 372//372 373//373
f 375//375 376//376 377//377
f 558//558 378//378 379//379
f 381//381 382//382 383//383
f 382//382 381//381 384//384
f 385//385 386//386 387//387
f 388//388 389//389 390//390
f 391//391 392//392 393//393
f 318//318 822//822 324//324
f 394//394 395//395 396//396
f 336//336 397//397 398//398
f 399//399 360//360 359//359
f 402//402 403//403 404//404
f 405//405 331//331 330//330
f 406//406 407//407 408//408
f 411//411 412//412 413//413
f 415//415 378//378 558//558
f 416//416 417//417 717//717
f 877//877 320//320 319//319
f 425//425 426//426 427//427
f 409//409 428//428 429//429
f 430//430 431//431 316//316
f 871//871 436//436 487//487
f 504//504 439//439 440//440
f 417//417 441//441 801//801
f 729//729 442//442 443//443
f 444//444 445//445 446//446
f 377//377 448//448 375//375
f 449//449 348//348 450//450
f 369//369 368//368 451//451
f 452//452 453//453 451//451
f 454//454 565//565 455//455
f 460//460 461//461 462//462
f 863//863 465//465 466//466
f 467//467 468//468 469//469
f 471//471 472//472 473//473
f 474//474 475//475 476//476
f 477//477 478//478 479//479
f 482//482 455//455 483//483
f 484//484 485//485 486//486
f 327//327 580//580 491//491
f 352//352 438//438 353//353
f 493//493 494//494 495//495
f 330//330 496//496 497//497
f 498//498 499//499 500//500
f 501//501 502//502 503//503
f 439//439 504//504 610//610
f 425//425 507//507 426//426
f 509//509 510//510 511//511
f 663//663 512//512 454//454
f 513//513 514//514 328//328
f 517//517 518//518 519//519
f 520//520 521//521 522//522
f 742//742 523//523 641//641
f 524//524 525//525 630//630
f 527//527 528//528 529//529
f 534//534 372//372 371//371
f 659//659 536//536 537//537
f 538//538 537//537 336//336
f 447//447 539//539 540//540
f 391//391 543//543 392//392
f 354//354 356//356 545//545
f 546//546 547//547 548//548
f 394//394 396//396 552//552
f 434//434 340//340 553//553
f 554//554 555//555 556//556
f 558//558 559//559 415//415
f 560//560 561//561 562//562
f 567//567 568//568 569//569
f 570//570 477//477 479//479
f 374//374 432//432 571//571
f 572//572 361//361 573//573
f 373//373 318//318 574//574
f 575//575 576//576 577//577
f 413//413 578//578 411//411
f 579//579 580//580 327//327
f 417//417 416//416 441//441
f 575//575 583//583 584//584
f 586//586 466//466 587//587
f 510//510 590//590 591//591
f 592//592 491//491 593//593
f 663//663 454//454 455//455
f 455//455 482//482 663//663
f 390//390 389//389 594//594
f 473//473 595//595 471//471
f 445//445 596//596 446//446
f 596//596 597//597 598//598
f 601//601 602//602 506//506
f 604//604 869//869 469//469
f 503//503 319//319 605//605
f 607//607 608//608 609//609
f 867//867 350//350 845//845
f 610//610 611//611 612//612
f 614//614 613//613 322//322
f 609//609 615//615 607//607
f 376//376 620//620 621//621
f 508//508 489//489 488//488
f 468//468 467//467 622//622
f 623//623 624//624 625//625
f 475//475 626//626 627//627
f 455//455 628//628 483//483
f 629//629 883//883 630//630
f 414//414 631//631 820//820
f 633//633 634//634 478//478
f 546//546 636//636 637//637
f 453//453 806//806 345//345
f 476//476 640//640 474//474
f 401//401 642//642 400//400
f 643//643 499//499 498//498
f 536//536 447//447 647//647
f 447//447 536//536 659//659
f 551//551 650//650 651//651
f 815//815 653//653 857//857
f 656//656 657//657 853//853
f 658//658 659//659 596//596
f 598//598 658//658 596//596
f 869//869 604//604 661//661
f 662//662 529//529 528//528
f 663//663 540//540 539//539
f 663//663 606//606 512//512
f 651//651 665//665 551//551
f 510//510 666//666 667//667
f 433//433 432//432 827//827
f 880//880 668//668 669//669
f 787//787 670//670 401//401
f 671//671 672//672 673//673
f 847//847 431//431 674//674
f 594//594 595//595 677//677
f 704//704 678//678 679//679
f 682//682 683//683 342//342
f 495//495 494//494 472//472
f 684//684 685//685 686//686
f 490//490 688//688 559//559
f 347//347 689//689 688//688
f 616//616 691//691 424//424
f 692//692 693//693 749//749
f 749//749 748//748 692//692
f 694//694 695//695 368//368
f 478//478 697//697 633//633
f 546//546 548//548 636//636
f 698//698 699//699 700//700
f 701//701 702//702 698//698
f 704//704 705//705 440//440
f 373//373 707//707 371//371
f 601//601 711//711 712//712
f 713//713 671//671 714//714
f 334//334 717//717 614//614
f 416//416 717//717 736//736
f 825//825 577//577 318//318
f 628//628 455//455 565//565
f 718//718 560//560 719//719
f 602//602 601//601 720//720
f 721//721 638//638 370//370
f 443//443 722//722 723//723
f 724//724 552//552 396//396
f 620//620 725//725 621//621
f 630//630 883//883 726//726
f 727//727 728//728 590//590
f 538//538 596//596 659//659
f 518//518 399//399 359//359
f 732//732 503//503 502//502
f 733//733 734//734 480//480
f 736//736 737//737 799//799
f 739//739 395//395 394//394
f 549//549 868//868 741//741
f 801//801 742//742 417//417
f 622//622 467//467 391//391
f 744//744 372//372 534//534
f 745//745 586//586 585//585
f 624//624 748//748 749//749
f 751//751 644//644 629//629
f 880//880 669//669 753//753
f 754//754 669//669 667//667
f 343//343 744//744 534//534
f 755//755 380//380 344//344
f 651//651 756//756 757//757
f 760//760 320//320 877//877
f 677//677 760//760 594//594
f 610//610 761//761 439//439
f 324//324 605//605 319//319
f 596//596 445//445 597//597
f 502//502 470//470 732//732
f 765//765 572//572 678//678
f 347//347 688//688 766//766
f 768//768 379//379 378//378
f 769//769 426//426 507//507
f 616//616 770//770 771//771
f 771//771 691//691 616//616
f 401//401 670//670 315//315
f 474//474 775//775 475//475
f 533//533 855//855 775//775
f 384//384 695//695 694//694
f 530//530 527//527 778//778
f 779//779 681//681 780//780
f 671//671 674//674 672//672
f 682//682 782//782 783//783
f 784//784 496//496 330//330
f 616//616 785//785 617//617
f 357//357 486//486 358//358
f 448//448 377//377 528//528
f 430//430 316//316 786//786
f 670//670 787//787 786//786
f 788//788 615//615 386//386
f 421//421 771//771 770//770
f 405//405 330//330 497//497
f 392//392 543//543 789//789
f 790//790 580//580 579//579
f 413//413 450//450 579//579
f 782//782 791//791 783//783
f 431//431 672//672 674//674
f 430//430 488//488 489//489
f 469//469 693//693 604//604
f 570//570 795//795 477//477
f 354//354 429//429 428//428
f 334//334 333//333 418//418
f 418//418 333//333 796//796
f 357//357 797//797 486//486
f 798//798 799//799 800//800
f 798//798 800//800 801//801
f 802//802 545//545 803//803
f 795//795 545//545 802//802
f 804//804 552//552 724//724
f 646//646 648//648 645//645
f 805//805 640//640 806//806
f 597//597 518//518 517//517
f 807//807 676//676 437//437
f 810//810 864//864 647//647
f 553//553 743//743 554//554
f 412//412 681//681 413//413
f 777//777 680//680 449//449
f 811//811 516//516 515//515
f 654//654 655//655 658//658
f 812//812 337//337 435//435
f 351//351 435//435 337//337
f 813//813 499//499 364//364
f 814//814 686//686 687//687
f 789//789 543//543 815//815
f 451//451 710//710 369//369
f 710//710 711//711 816//816
f 817//817 508//508 463//463
f 673//673 714//714 671//671
f 818//818 691//691 771//771
f 819//819 328//328 820//820
f 414//414 820//820 328//328
f 439//439 761//761 821//821
f 824//824 583//583 825//825
f 826//826 547//547 546//546
f 361//361 829//829 433//433
f 433//433 827//827 754//754
f 452//452 419//419 453//453
f 442//442 729//729 642//642
f 520//520 641//641 772//772
f 831//831 800//800 799//799
f 468//468 625//625 624//624
f 624//624 749//749 468//468
f 709//709 563//563 832//832
f 471//471 495//495 472//472
f 746//746 594//594 389//389
f 517//517 519//519 466//466
f 382//382 515//515 516//516
f 835//835 561//561 718//718
f 560//560 718//718 561//561
f 837//837 606//606 663//663
f 838//838 539//539 447//447
f 717//717 613//613 614//614
f 845//845 350//350 339//339
f 780//780 567//567 781//781
f 567//567 780//780 568//568
f 395//395 402//402 396//396
f 722//722 846//846 723//723
f 615//615 609//609 386//386
f 701//701 698//698 700//700
f 757//757 848//848 651//651
f 408//408 548//548 762//762
f 636//636 548//548 803//803
f 556//556 338//338 435//435
f 555//555 338//338 556//556
f 849//849 388//388 390//390
f 692//692 849//849 794//794
f 345//345 711//711 710//710
f 404//404 727//727 729//729
f 851//851 852//852 391//391
f 657//657 422//422 853//853
f 644//644 643//643 498//498
f 475//475 775//775 855//855
f 475//475 855//855 626//626
f 580//580 767//767 491//491
f 789//789 405//405 497//497
f 469//469 468//468 749//749
f 469//469 749//749 693//693
f 884//884 694//694 507//507
f 502//502 501//501 612//612
f 447//447 540//540 647//647
f 460//460 859//859 712//712
f 720//720 859//859 721//721
f 715//715 716//716 713//713
f 628//628 630//630 726//726
f 796//796 542//542 860//860
f 411//411 690//690 568//568
f 412//412 411//411 568//568
f 490//490 423//423 593//593
f 423//423 490//490 424//424
f 527//527 530//530 448//448
f 564//564 725//725 620//620
f 572//572 829//829 361//361
f 765//765 576//576 572//572
f 702//702 701//701 608//608
f 773//773 774//774 603//603
f 707//707 574//574 320//320
f 666//666 830//830 667//667
f 327//327 491//491 325//325
f 656//656 592//592 657//657
f 400//400 509//509 511//511
f 864//864 810//810 542//542
f 356//356 355//355 758//758
f 638//638 639//639 637//637
f 505//505 370//370 652//652
f 720//720 721//721 602//602
f 383//383 696//696 381//381
f 696//696 368//368 695//695
f 534//534 865//865 343//343
f 682//682 783//783 784//784
f 623//623 494//494 493//493
f 648//648 646//646 866//866
f 466//466 344//344 517//517
f 443//443 649//649 722//722
f 399//399 709//709 708//708
f 666//666 591//591 352//352
f 474//474 419//419 775//775
f 353//353 704//704 679//679
f 881//881 444//444 563//563
f 398//398 397//397 833//833
f 522//522 742//742 641//641
f 522//522 808//808 742//742
f 856//856 379//379 768//768
f 452//452 368//368 696//696
f 425//425 457//457 456//456
f 387//387 699//699 425//425
f 506//506 507//507 694//694
f 632//632 531//531 480//480
f 480//480 531//531 870//870
f 498//498 871//871 644//644
f 871//871 498//498 872//872
f 704//704 353//353 438//438
f 413//413 449//449 450//450
f 413//413 681//681 449//449
f 515//515 447//447 659//659
f 759//759 757//757 756//756
f 428//428 355//355 354//354
f 816//816 369//369 710//710
f 836//836 755//755 534//534
f 534//534 755//755 344//344
f 658//658 811//811 659//659
f 376//376 621//621 618//618
f 795//795 570//570 429//429
f 525//525 629//629 630//630
f 825//825 373//373 824//824
f 825//825 318//318 373//373
f 622//622 625//625 468//468
f 496//496 393//393 392//392
f 364//364 814//814 813//813
f 552//552 875//875 394//394
f 875//875 867//867 845//845
f 765//765 318//318 577//577
f 822//822 492//492 821//821
f 678//678 822//822 765//765
f 425//425 427//427 387//387
f 502//502 612//612 611//611
f 844//844 470//470 502//502
f 610//610 739//739 611//611
f 735//735 809//809 831//831
f 503//503 732//732 794//794
f 849//849 503//503 794//794
f 615//615 616//616 617//617
f 453//453 345//345 710//710
f 640//640 473//473 806//806
f 595//595 473//473 640//640
f 627//627 626//626 320//320
f 849//849 390//390 877//877
f 374//374 584//584 878//878
f 607//607 615//615 617//617
f 617//617 631//631 607//607
f 754//754 753//753 669//669
f 448//448 358//358 486//486
f 448//448 486//486 375//375
f 531//531 530//530 870//870
f 489//489 817//817 714//714
f 691//691 423//423 424//424
f 818//818 423//423 691//691
f 478//478 781//781 479//479
f 462//462 546//546 639//639
f 546//546 637//637 639//639
f 724//724 396//396 722//722
f 396//396 846//846 722//722
f 408//408 803//803 548//548
f 348//348 347//347 790//790
f 790//790 579//579 450//450
f 426//426 551//551 550//550
f 538//538 336//336 446//446
f 748//748 389//389 388//388
f 430//430 786//786 488//488
f 595//595 640//640 476//476
f 677//677 595//595 627//627
f 325//325 741//741 326//326
f 326//326 741//741 664//664
f 327//327 578//578 579//579
f 839//839 327//327 326//326
f 709//709 832//832 562//562
f 322//322 321//321 336//336
f 332//332 322//322 336//336
f 681//681 777//777 449//449
f 852//852 815//815 543//543
f 391//391 852//852 543//543
f 496//496 392//392 497//497
f 392//392 789//789 497//497
f 823//823 745//745 824//824
f 434//434 435//435 581//581
f 351//351 645//645 435//435
f 807//807 403//403 676//676
f 590//590 728//728 591//591
f 545//545 356//356 636//636
f 636//636 803//803 545//545
f 378//378 415//415 688//688
f 559//559 688//688 415//415
f 680//680 527//527 841//841
f 778//778 680//680 777//777
f 801//801 648//648 842//842
f 352//352 353//353 830//830
f 679//679 573//573 353//353
f 410//410 569//569 568//568
f 623//623 493//493 624//624
f 493//493 748//748 624//624
f 726//726 860//860 483//483
f 458//458 461//461 774//774
f 460//460 774//774 461//461
f 817//817 463//463 714//714
f 593//593 767//767 766//766
f 349//349 856//856 621//621
f 349//349 621//621 725//725
f 806//806 792//792 345//345
f 421//421 770//770 788//788
f 385//385 750//750 421//421
f 673//673 672//672 489//489
f 784//784 330//330 682//682
f 331//331 682//682 330//330
f 771//771 657//657 818//818
f 593//593 657//657 592//592
f 645//645 648//648 800//800
f 831//831 645//645 800//800
f 558//558 820//820 631//631
f 820//820 558//558 379//379
f 531//531 526//526 358//358
f 721//721 505//505 602//602
f 506//506 602//602 505//505
f 766//766 767//767 347//347
f 727//727 400//400 642//642
f 316//316 315//315 670//670
f 786//786 316//316 670//670
f 464//464 432//432 374//374
f 815//815 686//686 685//685
f 852//852 686//686 815//815
f 821//821 324//324 822//822
f 717//717 737//737 736//736
f 348//348 449//449 680//680
f 698//698 512//512 606//606
f 702//702 512//512 698//698
f 374//374 571//571 584//584
f 424//424 559//559 557//557
f 682//682 342//342 782//782
f 342//342 792//792 782//782
f 719//719 832//832 833//833
f 871//871 883//883 644//644
f 826//826 459//459 547//547
f 562//562 317//317 847//847
f 811//811 655//655 516//516
f 489//489 672//672 430//430
f 529//529 840//840 841//841
f 364//364 366//366 684//684
f 366//366 364//364 363//363
f 504//504 535//535 610//610
f 705//705 675//675 504//504
f 332//332 334//334 614//614
f 315//315 835//835 401//401
f 401//401 772//772 642//642
f 387//387 700//700 699//699
f 700//700 386//386 609//609
f 823//823 586//586 745//745
f 420//420 696//696 380//380
f 809//809 581//581 831//831
f 831//831 581//581 645//645
f 332//332 537//537 864//864
f 333//333 332//332 864//864
f 354//354 545//545 795//795
f 795//795 429//429 354//354
f 434//434 556//556 435//435
f 738//738 845//845 844//844
f 661//661 554//554 743//743
f 362//362 667//667 830//830
f 781//781 779//779 780//780
f 756//756 828//828 759//759
f 356//356 758//758 637//637
f 637//637 636//636 356//356
f 592//592 549//549 325//325
f 549//549 741//741 325//325
f 787//787 668//668 880//880
f 407//407 633//633 408//408
f 633//633 697//697 408//408
f 648//648 866//866 804//804
f 877//877 319//319 849//849
f 319//319 503//503 849//849
f 533//533 532//532 836//836
f 618//618 856//856 768//768
f 735//735 872//872 809//809
f 378//378 763//763 768//768
f 494//494 783//783 791//791
f 676//676 675//675 437//437
f 520//520 772//772 718//718
f 694//694 884//884 384//384
f 371//371 836//836 534//534
f 697//697 478//478 477//477
f 802//802 477//477 795//795
f 329//329 513//513 328//328
f 410//410 570//570 569//569
f 569//569 570//570 479//479
f 539//539 837//837 663//663
f 704//704 492//492 678//678
f 492//492 822//822 678//678
f 840//840 764//764 346//346
f 764//764 600//600 763//763
f 637//637 758//758 638//638
f 638//638 758//758 759//759
f 868//868 665//665 740//740
f 582//582 581//581 809//809
f 563//563 399//399 881//881
f 560//560 832//832 719//719
f 832//832 560//560 562//562
f 403//403 402//402 635//635
f 676//676 635//635 535//535
f 517//517 598//598 597//597
f 738//738 739//739 394//394
f 441//441 798//798 801//801
f 441//441 416//416 798//798
f 661//661 604//604 731//731
f 391//391 467//467 850//850
f 467//467 469//469 869//869
f 339//339 338//338 470//470
f 845//845 339//339 844//844
f 695//695 381//381 696//696
f 381//381 695//695 384//384
f 345//345 792//792 341//341
f 385//385 421//421 788//788
f 385//385 788//788 386//386
f 784//784 783//783 623//623
f 625//625 784//784 623//623
f 336//336 321//321 397//397
f 397//397 321//321 861//861
f 440//440 439//439 821//821
f 761//761 612//612 605//605
f 610//610 612//612 761//761
f 448//448 528//528 527//527
f 595//595 476//476 627//627
f 475//475 627//627 476//476
f 665//665 651//651 848//848
f 879//879 463//463 508//508
f 481//481 870//870 777//777
f 593//593 766//766 490//490
f 745//745 584//584 583//583
f 824//824 745//745 583//583
f 768//768 599//599 618//618
f 789//789 857//857 459//459
f 857//857 789//789 815//815
f 826//826 462//462 461//461
f 428//428 757//757 355//355
f 757//757 428//428 848//848
f 805//805 474//474 640//640
f 474//474 805//805 419//419
f 505//505 721//721 370//370
f 758//758 355//355 759//759
f 759//759 355//355 757//757
f 671//671 713//713 589//589
f 716//716 587//587 713//713
f 609//609 608//608 701//701
f 609//609 701//701 700//700
f 877//877 390//390 760//760
f 760//760 390//390 594//594
f 746//746 495//495 471//471
f 747//747 495//495 746//746
f 315//315 561//561 835//835
f 315//315 317//317 561//561
f 881//881 399//399 518//518
f 698//698 457//457 699//699
f 425//425 699//699 457//457
f 514//514 512//512 702//702
f 393//393 496//496 622//622
f 622//622 391//391 393//393
f 436//436 737//737 334//334
f 334//334 737//737 717//717
f 472//472 494//494 791//791
f 472//472 791//791 473//473
f 478//478 734//734 781//781
f 812//812 338//338 337//337
f 435//435 338//338 812//812
f 654//654 517//517 344//344
f 323//323 861//861 321//321
f 804//804 866//866 552//552
f 563//563 833//833 832//832
f 444//444 833//833 563//563
f 646//646 645//645 351//351
f 867//867 866//866 351//351
f 834//834 447//447 515//515
f 883//883 796//796 726//726
f 726//726 796//796 860//860
f 375//375 486//486 485//485
f 702//702 608//608 514//514
f 536//536 647//647 864//864
f 864//864 537//537 536//536
f 534//534 344//344 865//865
f 865//865 344//344 343//343
f 650//650 551//551 426//426
f 769//769 650//650 426//426
f 571//571 829//829 576//576
f 616//616 424//424 785//785
f 557//557 785//785 424//424
f 524//524 565//565 566//566
f 524//524 628//628 565//565
f 760//760 677//677 627//627
f 612//612 501//501 605//605
f 501//501 503//503 605//605
f 626//626 707//707 320//320
f 707//707 626//626 706//706
f 828//828 652//652 759//759
f 759//759 652//652 370//370
f 512//512 703//703 454//454
f 514//514 703//703 512//512
f 429//429 570//570 410//410
f 410//410 409//409 429//429
f 618//618 599//599 619//619
f 601//601 712//712 720//720
f 720//720 712//712 859//859
f 836//836 532//532 755//755
f 380//380 755//755 532//532
f 363//363 751//751 752//752
f 594//594 746//746 471//471
f 569//569 479//479 567//567
f 479//479 781//781 567//567
f 465//465 863//863 343//343
f 465//465 343//343 466//466
f 407//407 406//406 544//544
f 793//793 693//693 794//794
f 692//692 794//794 693//693
f 774//774 773//773 882//882
f 839//839 326//326 664//664
f 790//790 450//450 348//348
f 446//446 398//398 444//444
f 687//687 686//686 852//852
f 607//607 631//631 414//414
f 608//608 607//607 414//414
f 601//601 369//369 816//816
f 601//601 816//816 711//711
f 527//527 680//680 778//778
f 835//835 772//772 401//401
f 718//718 772//772 835//835
f 711//711 345//345 341//341
f 681//681 779//779 481//481
f 715//715 878//878 585//585
f 700//700 387//387 386//386
f 724//724 722//722 649//649
f 687//687 813//813 814//814
f 530//530 531//531 358//358
f 448//448 530//530 358//358
f 655//655 811//811 658//658
f 655//655 383//383 516//516
f 383//383 382//382 516//516
f 575//575 577//577 825//825
f 575//575 825//825 583//583
f 591//591 437//437 438//438
f 591//591 807//807 437//437
f 337//337 339//339 350//350
f 350//350 351//351 337//337
f 591//591 728//728 807//807
f 509//509 400//400 727//727
f 739//739 610//610 535//535
f 739//739 535//535 395//395
f 325//325 491//491 592//592
f 488//488 753//753 508//508
f 753//753 754//754 508//508
f 873//873 629//629 525//525
f 689//689 347//347 346//346
f 377//377 662//662 528//528
f 662//662 377//377 619//619
f 388//388 692//692 748//748
f 388//388 849//849 692//692
f 871//871 487//487 883//883
f 433//433 754//754 362//362
f 859//859 462//462 639//639
f 333//333 542//542 796//796
f 508//508 817//817 489//489
f 568//568 780//780 412//412
f 681//681 412//412 780//780
f 824//824 373//373 372//372
f 786//786 787//787 880//880
f 372//372 823//823 824//824
f 744//744 863//863 823//823
f 880//880 488//488 786//786
f 549//549 592//592 656//656
f 627//627 320//320 760//760
f 537//537 538//538 659//659
f 750//750 422//422 421//421
f 422//422 876//876 853//853
f 775//775 532//532 533//533
f 775//775 419//419 420//420
f 680//680 840//840 348//348
f 680//680 841//841 840//840
f 703//703 513//513 329//329
f 657//657 593//593 818//818
f 818//818 593//593 423//423
f 625//625 622//622 496//496
f 784//784 625//625 496//496
f 656//656 853//853 549//549
f 440//440 492//492 704//704
f 440//440 821//821 492//492
f 645//645 581//581 435//435
f 878//878 584//584 585//585
f 584//584 745//745 585//585
f 764//764 763//763 378//378
f 705//705 704//704 437//437
f 740//740 741//741 868//868
f 502//502 611//611 844//844
f 511//511 510//510 668//668
f 669//669 510//510 667//667
f 401//401 400//400 787//787
f 400//400 511//511 787//787
f 869//869 850//850 467//467
f 851//851 660//660 852//852
f 743//743 660//660 851//851
f 499//499 643//643 363//363
f 578//578 327//327 839//839
f 411//411 578//578 839//839
f 796//796 883//883 418//418
f 883//883 487//487 418//418
f 754//754 879//879 508//508
f 407//407 634//634 633//633
f 603//603 712//712 711//711
f 730//730 603//603 711//711
f 855//855 533//533 706//706
f 463//463 827//827 464//464
f 464//464 827//827 432//432
f 434//434 553//553 554//554
f 556//556 434//434 554//554
f 869//869 743//743 850//850
f 735//735 799//799 737//737
f 831//831 799//799 735//735
f 529//529 841//841 527//527
f 648//648 801//801 800//800
f 647//647 540//540 482//482
f 413//413 579//579 578//578
f 810//810 541//541 542//542
f 409//409 848//848 428//428
f 642//642 729//729 727//727
f 352//352 591//591 438//438
f 803//803 408//408 697//697
f 803//803 697//697 802//802
f 843//843 742//742 801//801
f 764//764 840//840 600//600
f 564//564 375//375 485//485
f 821//821 605//605 324//324
f 761//761 605//605 821//821
f 810//810 483//483 860//860
f 810//810 860//860 541//541
f 530//530 778//778 870//870
f 434//434 582//582 500//500
f 820//820 379//379 819//819
f 856//856 819//819 379//379
f 352//352 830//830 666//666
f 766//766 688//688 490//490
f 733//733 779//779 781//781
f 364//364 684//684 814//814
f 684//684 686//686 814//814
f 603//603 460//460 712//712
f 603//603 774//774 460//460
f 668//668 787//787 511//511
f 672//672 431//431 430//430
f 881//881 518//518 597//597
f 858//858 838//838 884//884
f 829//829 572//572 576//576
f 629//629 644//644 883//883
f 373//373 574//574 707//707
f 833//833 444//444 398//398
f 881//881 445//445 444//444
f 387//387 750//750 385//385
f 427//427 750//750 387//387
f 586//586 823//823 863//863
f 466//466 586//586 863//863
f 559//559 424//424 490//490
f 840//840 346//346 348//348
f 542//542 541//541 860//860
f 674//674 671//671 589//589
f 619//619 376//376 618//618
f 377//377 376//376 619//619
f 380//380 532//532 420//420
f 506//506 505//505 769//769
f 519//519 518//518 359//359
f 874//874 519//519 359//359
f 713//713 714//714 715//715
f 715//715 714//714 463//463
f 500//500 582//582 872//872
f 493//493 747//747 748//748
f 747//747 493//493 495//495
f 417//417 742//742 808//808
f 854//854 550//550 868//868
f 732//732 793//793 794//794
f 573//573 679//679 678//678
f 863//863 744//744 343//343
f 871//871 872//872 436//436
f 442//442 523//523 443//443
f 523//523 442//442 641//641
f 576//576 765//765 577//577
f 344//344 380//380 383//383
f 600//600 599//599 763//763
f 763//763 599//599 768//768
f 489//489 714//714 673//673
f 470//470 338//338 732//732
f 594//594 471//471 595//595
f 342//342 683//683 335//335
f 756//756 650//650 828//828
f 651//651 650//650 756//756
f 477//477 802//802 697//697
f 514//514 513//513 703//703
f 716//716 585//585 586//586
f 529//529 600//600 840//840
f 494//494 623//623 783//783
f 486//486 797//797 484//484
f 526//526 632//632 365//365
f 531//531 632//632 526//526
f 484//484 525//525 524//524
f 683//683 331//331 773//773
f 507//507 456//456 858//858
f 507//507 425//425 456//456
f 587//587 466//466 588//588
f 409//409 410//410 664//664
f 664//664 740//740 409//409
f 685//685 653//653 815//815
f 762//762 653//653 685//685
f 675//675 535//535 504//504
f 535//535 675//675 676//676
f 843//843 842//842 649//649
f 630//630 628//628 524//524
f 613//613 417//417 323//323
f 808//808 323//323 417//417
f 772//772 442//442 642//642
f 641//641 442//442 772//772
f 846//846 396//396 402//402
f 404//404 846//846 402//402
f 431//431 847//847 317//317
f 317//317 316//316 431//431
f 703//703 565//565 454//454
f 341//341 730//730 711//711
f 555//555 554//554 661//661
f 593//593 491//491 767//767
f 365//365 544//544 366//366
f 410//410 690//690 664//664
f 410//410 568//568 690//690
f 854//854 853//853 876//876
f 880//880 753//753 488//488
f 331//331 405//405 882//882
f 331//331 882//882 773//773
f 587//587 588//588 589//589
f 713//713 587//587 589//589
f 689//689 346//346 764//764
f 870//870 481//481 480//480
f 351//351 866//866 646//646
f 881//881 597//597 445//445
f 696//696 383//383 380//380
f 340//340 743//743 553//553
f 660//660 743//743 340//340
f 739//739 738//738 611//611
f 738//738 844//844 611//611
f 878//878 715//715 464//464
f 878//878 464//464 374//374
f 561//561 317//317 562//562
f 861//861 833//833 397//397
f 833//833 861//861 719//719
f 416//416 799//799 798//798
f 729//729 443//443 723//723
f 706//706 626//626 855//855
f 408//408 762//762 406//406
f 685//685 406//406 762//762
f 606//606 457//457 698//698
f 368//368 367//367 694//694
f 716//716 715//715 585//585
f 418//418 487//487 334//334
f 334//334 487//487 436//436
f 458//458 459//459 826//826
f 461//461 458//458 826//826
f 409//409 740//740 848//848
f 848//848 740//740 665//665
f 571//571 576//576 575//575
f 575//575 584//584 571//571
f 453//453 805//805 806//806
f 546//546 462//462 826//826
f 719//719 520//520 718//718
f 606//606 858//858 456//456
f 456//456 457//457 606//606
f 852//852 660//660 687//687
f 706//706 371//371 707//707
f 788//788 616//616 615//615
f 616//616 788//788 770//770
f 329//329 328//328 862//862
f 725//725 862//862 349//349
f 452//452 451//451 368//368
f 547//547 762//762 548//548
f 588//588 466//466 874//874
f 874//874 466//466 519//519
f 771//771 421//421 657//657
f 421//421 422//422 657//657
f 669//669 668//668 510//510
f 879//879 754//754 827//827
f 589//589 588//588 874//874
f 823//823 372//372 744//744
f 662//662 619//619 599//599
f 599//599 600//600 662//662
f 884//884 507//507 858//858
f 839//839 690//690 411//411
f 839//839 664//664 690//690
f 407//407 544//544 776//776
f 407//407 776//776 634//634
f 437//437 675//675 705//705
f 738//738 875//875 845//845
f 875//875 738//738 394//394
f 509//509 590//590 510//510
f 733//733 480//480 481//481
f 481//481 779//779 733//733
f 566//566 329//329 862//862
f 790//790 767//767 580//580
f 837//837 838//838 858//858
f 837//837 539//539 838//838
f 876//876 422//422 750//750
f 873//873 525//525 752//752
f 752//752 525//525 797//797
f 484//484 564//564 485//485
f 564//564 484//484 524//524
f 403//403 807//807 728//728
f 728//728 404//404 403//403
f 704//704 438//438 437//437
f 882//882 459//459 458//458
f 458//458 774//774 882//882
f 843//843 801//801 842//842
f 482//482 810//810 647//647
f 482//482 483//483 810//810
f 838//838 447//447 834//834
f 838//838 834//834 382//382
f 533//533 836//836 706//706
f 719//719 521//521 520//520
f 727//727 404//404 728//728
f 654//654 598//598 517//517
f 598//598 654//654 658//658
f 793//793 732//732 731//731
f 751//751 629//629 873//873
f 808//808 521//521 323//323
f 522//522 521//521 808//808
f 336//336 398//398 446//446
f 777//777 681//681 481//481
f 785//785 631//631 617//617
f 850//850 851//851 391//391
f 851//851 850//850 743//743
f 367//367 601//601 506//506
f 399//399 563//563 709//709
f 473//473 791//791 792//792
f 792//792 806//806 473//473
f 733//733 781//781 734//734
f 694//694 367//367 506//506
f 674//674 360//360 708//708
f 847//847 674//674 708//708
f 829//829 571//571 432//432
f 842//842 648//648 804//804
f 559//559 558//558 557//557
f 515//515 659//659 811//811
f 340//340 434//434 499//499
f 499//499 434//434 500//500
f 873//873 752//752 751//751
f 665//665 868//868 550//550
f 665//665 550//550 551//551
f 523//523 843//843 649//649
f 792//792 791//791 782//782
f 426//426 550//550 427//427
f 361//361 433//433 362//362
f 510//510 591//591 666//666
f 724//724 649//649 804//804
f 649//649 842//842 804//804
f 363//363 752//752 365//365
f 526//526 365//365 752//752
f 683//683 773//773 335//335
f 526//526 797//797 357//357
f 797//797 526//526 752//752
f 708//708 360//360 399//399
f 716//716 586//586 587//587
f 383//383 655//655 654//654
f 383//383 654//654 344//344
f 710//710 451//451 453//453
f 333//333 864//864 542//542
f 506//506 769//769 507//507
f 683//683 682//682 331//331
f 328//328 819//819 349//349
f 663//663 482//482 540//540
f 436//436 872//872 735//735
f 735//735 737//737 436//436
f 566//566 565//565 329//329
f 565//565 703//703 329//329
f 452//452 420//420 419//419
f 696//696 420//420 452//452
f 509//509 727//727 590//590
f 866//866 867//867 875//875
f 582//582 434//434 581//581
f 790//790 347//347 767//767
f 742//742 843//843 523//523
f 740//740 664//664 741//741
f 462//462 859//859 460//460
f 552//552 866//866 875//875
f 734//734 478//478 634//634
f 776//776 734//734 634//634
f 529//529 662//662 600//600
f 797//797 525//525 484//484
f 847//847 708//708 709//709
f 847//847 709//709 562//562
f 589//589 874//874 360//360
f 359//359 360//360 874//874
f 406//406 685//685 684//684
f 635//635 395//395 535//535
f 463//463 879//879 827//827
f 523//523 649//649 443//443
f 532//532 775//775 420//420
f 872//872 498//498 500//500
f 395//395 635//635 402//402
f 480//480 734//734 632//632
f 661//661 743//743 869//869
f 650//650 769//769 828//828
f 544//544 365//365 776//776
f 661//661 731//731 555//555
f 514//514 414//414 328//328
f 514//514 608//608 414//414
f 464//464 715//715 463//463
f 674//674 589//589 360//360
f 582//582 809//809 872//872
f 717//717 417//417 613//613
f 446//446 596//596 538//538
f 470//470 844//844 339//339
f 644//644 751//751 643//643
f 365//365 632//632 776//776
f 734//734 776//776 632//632
f 318//318 320//320 574//574
f 335//335 730//730 341//341
f 730//730 335//335 773//773
f 773//773 603//603 730//730
f 505//505 652//652 769//769
f 828//828 769//769 652//652
f 604//604 793//793 731//731
f 793//793 604//604 693//693
f 353//353 573//573 830//830
f 573//573 362//362 830//830
f 819//819 856//856 349//349
f 635//635 676//676 403//403
f 453//453 419//419 805//805
f 566//566 862//862 564//564
f 725//725 564//564 862//862
f 564//564 620//620 375//375
f 729//729 723//723 404//404
f 822//822 318//318 765//765
f 366//366 544//544 684//684
f 406//406 684//684 544//544
f 515//515 382//382 834//834
f 678//678 572//572 573//573
f 564//564 524//524 566//566
f 601//601 367//367 369//369
f 382//382 884//884 838//838
f 382//382 384//384 884//884
f 857//857 653//653 459//459
f 459//459 653//653 547//547
f 861//861 323//323 521//521
f 349//349 862//862 328//328
f 416//416 736//736 799//799
f 732//732 555//555 731//731
f 555//555 732//732 338//338
f 706//706 836//836 371//371
f 837//837 858//858 606//606
f 639//639 638//638 859//859
f 638//638 721//721 859//859
f 459//459 405//405 789//789
f 405//405 459//459 882//882
f 376//376 375//375 620//620
f 557//557 558//558 631//631
f 631//631 785//785 557//557
f 613//613 323//323 322//322
f 520//520 522//522 641//641
f 764//764 378//378 689//689
f 689//689 378//378 688//688
f 846//846 404//404 723//723
f 726//726 483//483 628//628
f 747//747 389//389 748//748
f 389//389 747//747 746//746
f 813//813 687//687 660//660
f 813//813 660//660 340//340
f 876//876 550//550 854//854
f 614//614 322//322 332//332
f 618//618 621//621 856//856
f 550//550 876//876 427//427
f 750//750 427//427 876//876
f 440//440 705//705 504//504
f 362//362 754//754 667//667
f 762//762 547//547 653//653
f 861//861 521//521 719//719
f 432//432 433//433 829//829
f 854//854 549//549 853//853
f 868//868 549//549 854//854
f 643//643 751//751 363//363
f 813//813 340//340 499//499
f 778//778 777//777 870//870
f 885//885 886//886 887//887
f 888//888 889//889 890//890
f 891//891 892//892 893//893
f 888//888 894//894 889//889
f 895//895 896//896 897//897
f 902//902 903//903 904//904
f 1107//1107 902//902 906//906
f 907//907 908//908 909//909
f 1362//1362 905//905 911//911
f 905//905 1362//1362 912//912
f 913//913 914//914 1036//1036
f 916//916 917//917 918//918
f 920//920 1437//1437 921//921
f 924//924 925//925 926//926
f 1096//1096 927//927 928//928
f 1143//1143 931//931 932//932
f 1069//1069 933//933 934//934
f 935//935 936//936 933//933
f 937//937 938//938 939//939
f 940//940 1208//1208 1329//1329
f 941//941 942//942 943//943
f 945//945 946//946 947//947
f 1128//1128 948//948 949//949
f 951//951 952//952 953//953
f 952//952 951//951 954//954
f 955//955 956//956 957//957
f 958//958 959//959 960//960
f 961//961 962//962 963//963
f 888//888 1392//1392 894//894
f 964//964 965//965 966//966
f 906//906 967//967 968//968
f 969//969 930//930 929//929
f 972//972 973//973 974//974
f 975//975 901//901 900//900
f 976//976 977//977 978//978
f 981//981 982//982 983//983
f 985//985 948//948 1128//1128
f 986//986 987//987 1287//1287
f 1447//1447 890//890 889//889
f 995//995 996//996 997//997
f 979//979 998//998 999//999
f 1000//1000 1001//1001 886//886
f 1441//1441 1006//1006 1057//1057
f 1074//1074 1009//1009 1010//1010
f 987//987 1011//1011 1371//1371
f 1299//1299 1012//1012 1013//1013
f 1014//1014 1015//1015 1016//1016
f 947//947 1018//1018 945//945
f 1019//1019 918//918 1020//1020
f 939//939 938//938 1021//1021
f 1022//1022 1023//1023 1021//1021
f 1024//1024 1135//1135 1025//1025
f 1030//1030 1031//1031 1032//1032
f 1433//1433 1035//1035 1036//1036
f 1037//1037 1038//1038 1039//1039
f 1041//1041 1042//1042 1043//1043
f 1044//1044 1045//1045 1046//1046
f 1047//1047 1048//1048 1049//1049
f 1052//1052 1025//1025 1053//1053
f 1054//1054 1055//1055 1056//1056
f 897//897 1150//1150 1061//1061
f 922//922 1008//1008 923//923
f 1063//1063 1064//1064 1065//1065
f 900//900 1066//1066 1067//1067
f 1068//1068 1069//1069 1070//1070
f 1071//1071 1072//1072 1073//1073
f 1009//1009 1074//1074 1180//1180
f 995//995 1077//1077 996//996
f 1079//1079 1080//1080 1081//1081
f 1233//1233 1082//1082 1024//1024
f 1083//1083 1084//1084 898//898
f 1087//1087 1088//1088 1089//1089
f 1090//1090 1091//1091 1092//1092
f 1312//1312 1093//1093 1211//1211
f 1094//1094 1095//1095 1200//1200
f 1097//1097 1098//1098 1099//1099
f 1104//1104 942//942 941//941
f 1229//1229 1106//1106 1107//1107
f 1108//1108 1107//1107 906//906
f 1017//1017 1109//1109 1110//1110
f 961//961 1113//1113 962//962
f 924//924 926//926 1115//1115
f 1116//1116 1117//1117 1118//1118
f 964//964 966//966 1122//1122
f 1004//1004 910//910 1123//1123
f 1124//1124 1125//1125 1126//1126
f 1128//1128 1129//1129 985//985
f 1130//1130 1131//1131 1132//1132
f 1137//1137 1138//1138 1139//1139
f 1140//1140 1047//1047 1049//1049
f 944//944 1002//1002 1141//1141
f 1142//1142 931//931 1143//1143
f 943//943 888//888 1144//1144
f 1145//1145 1146//1146 1147//1147
f 983//983 1148//1148 981//981
f 1149//1149 1150//1150 897//897
f 987//987 986//986 1011//1011
f 1145//1145 1153//1153 1154//1154
f 1156//1156 1036//1036 1157//1157
f 1080//1080 1160//1160 1161//1161
f 1162//1162 1061//1061 1163//1163
f 1233//1233 1024//1024 1025//1025
f 1025//1025 1052//1052 1233//1233
f 960//960 959//959 1164//1164
f 1043//1043 1165//1165 1041//1041
f 1015//1015 1166//1166 1016//1016
f 1166//1166 1167//1167 1168//1168
f 1171//1171 1172//1172 1076//1076
f 1174//1174 1439//1439 1039//1039
f 1073//1073 889//889 1175//1175
f 1177//1177 1178//1178 1179//1179
f 1437//1437 920//920 1415//1415
f 1180//1180 1181//1181 1182//1182
f 1184//1184 1183//1183 892//892
f 1179//1179 1185//1185 1177//1177
f 946//946 1190//1190 1191//1191
f 1078//1078 1059//1059 1058//1058
f 1038//1038 1037//1037 1192//1192
f 1193//1193 1194//1194 1195//1195
f 1045//1045 1196//1196 1197//1197
f 1025//1025 1198//1198 1053//1053
f 1199//1199 1453//1453 1200//1200
f 984//984 1201//1201 1390//1390
f 1203//1203 1204//1204 1048//1048
f 1116//1116 1206//1206 1207//1207
f 1023//1023 1376//1376 915//915
f 1046//1046 1210//1210 1044//1044
f 971//971 1212//1212 970//970
f 1213//1213 1069//1069 1068//1068
f 1106//1106 1017//1017 1217//1217
f 1017//1017 1106//1106 1229//1229
f 1121//1121 1220//1220 1221//1221
f 1385//1385 1223//1223 1427//1427
f 1226//1226 1227//1227 1423//1423
f 1228//1228 1229//1229 1166//1166
f 1168//1168 1228//1228 1166//1166
f 1439//1439 1174//1174 1231//1231
f 1232//1232 1099//1099 1098//1098
f 1233//1233 1110//1110 1109//1109
f 1233//1233 1176//1176 1082//1082
f 1221//1221 1235//1235 1121//1121
f 1080//1080 1236//1236 1237//1237
f 1003//1003 1002//1002 1397//1397
f 1450//1450 1238//1238 1239//1239
f 1357//1357 1240//1240 971//971
f 1241//1241 1242//1242 1243//1243
f 1417//1417 1001//1001 1244//1244
f 1164//1164 1165//1165 1247//1247
f 1274//1274 1248//1248 1249//1249
f 1252//1252 1253//1253 912//912
f 1065//1065 1064//1064 1042//1042
f 1254//1254 1255//1255 1256//1256
f 1060//1060 1258//1258 1129//1129
f 917//917 1259//1259 1258//1258
f 1186//1186 1261//1261 994//994
f 1262//1262 1263//1263 1319//1319
f 1319//1319 1318//1318 1262//1262
f 1264//1264 1265//1265 938//938
f 1048//1048 1267//1267 1203//1203
f 1116//1116 1118//1118 1206//1206
f 1268//1268 1269//1269 1270//1270
f 1271//1271 1272//1272 1268//1268
f 1274//1274 1275//1275 1010//1010
f 943//943 1277//1277 941//941
f 1171//1171 1281//1281 1282//1282
f 1283//1283 1241//1241 1284//1284
f 904//904 1287//1287 1184//1184
f 986//986 1287//1287 1306//1306
f 1395//1395 1147//1147 888//888
f 1198//1198 1025//1025 1135//1135
f 1288//1288 1130//1130 1289//1289
f 1172//1172 1171//1171 1290//1290
f 1291//1291 1208//1208 940//940
f 1013//1013 1292//1292 1293//1293
f 1294//1294 1122//1122 966//966
f 1190//1190 1295//1295 1191//1191
f 1200//1200 1453//1453 1296//1296
f 1297//1297 1298//1298 1160//1160
f 1108//1108 1166//1166 1229//1229
f 1088//1088 969//969 929//929
f 1302//1302 1073//1073 1072//1072
f 1303//1303 1304//1304 1050//1050
f 1306//1306 1307//1307 1369//1369
f 1309//1309 965//965 964//964
f 1119//1119 1438//1438 1311//1311
f 1371//1371 1312//1312 987//987
f 1192//1192 1037//1037 961//961
f 1314//1314 942//942 1104//1104
f 1315//1315 1156//1156 1155//1155
f 1194//1194 1318//1318 1319//1319
f 1321//1321 1214//1214 1199//1199
f 1450//1450 1239//1239 1323//1323
f 1324//1324 1239//1239 1237//1237
f 913//913 1314//1314 1104//1104
f 1325//1325 950//950 914//914
f 1221//1221 1326//1326 1327//1327
f 1330//1330 890//890 1447//1447
f 1247//1247 1330//1330 1164//1164
f 1180//1180 1331//1331 1009//1009
f 894//894 1175//1175 889//889
f 1166//1166 1015//1015 1167//1167
f 1072//1072 1040//1040 1302//1302
f 1335//1335 1142//1142 1248//1248
f 917//917 1258//1258 1336//1336
f 1338//1338 949//949 948//948
f 1339//1339 996//996 1077//1077
f 1186//1186 1340//1340 1341//1341
f 1341//1341 1261//1261 1186//1186
f 971//971 1240//1240 885//885
f 1044//1044 1345//1345 1045//1045
f 1103//1103 1425//1425 1345//1345
f 954//954 1265//1265 1264//1264
f 1100//1100 1097//1097 1348//1348
f 1349//1349 1251//1251 1350//1350
f 1241//1241 1244//1244 1242//1242
f 1252//1252 1352//1352 1353//1353
f 1354//1354 1066//1066 900//900
f 1186//1186 1355//1355 1187//1187
f 927//927 1056//1056 928//928
f 1018//1018 947//947 1098//1098
f 1000//1000 886//886 1356//1356
f 1240//1240 1357//1357 1356//1356
f 1358//1358 1185//1185 956//956
f 991//991 1341//1341 1340//1340
f 975//975 900//900 1067//1067
f 962//962 1113//1113 1359//1359
f 1360//1360 1150//1150 1149//1149
f 983//983 1020//1020 1149//1149
f 1352//1352 1361//1361 1353//1353
f 1001//1001 1242//1242 1244//1244
f 1000//1000 1058//1058 1059//1059
f 1039//1039 1263//1263 1174//1174
f 1140//1140 1365//1365 1047//1047
f 924//924 999//999 998//998
f 904//904 903//903 988//988
f 988//988 903//903 1366//1366
f 927//927 1367//1367 1056//1056
f 1368//1368 1369//1369 1370//1370
f 1368//1368 1370//1370 1371//1371
f 1372//1372 1115//1115 1373//1373
f 1365//1365 1115//1115 1372//1372
f 1374//1374 1122//1122 1294//1294
f 1216//1216 1218//1218 1215//1215
f 1375//1375 1210//1210 1376//1376
f 1167//1167 1088//1088 1087//1087
f 1377//1377 1246//1246 1007//1007
f 1380//1380 1434//1434 1217//1217
f 1123//1123 1313//1313 1124//1124
f 982//982 1251//1251 983//983
f 1347//1347 1250//1250 1019//1019
f 1381//1381 1086//1086 1085//1085
f 1224//1224 1225//1225 1228//1228
f 1382//1382 907//907 1005//1005
f 921//921 1005//1005 907//907
f 1383//1383 1069//1069 934//934
f 1384//1384 1256//1256 1257//1257
f 1359//1359 1113//1113 1385//1385
f 1021//1021 1280//1280 939//939
f 1280//1280 1281//1281 1386//1386
f 1387//1387 1078//1078 1033//1033
f 1243//1243 1284//1284 1241//1241
f 1388//1388 1261//1261 1341//1341
f 1389//1389 898//898 1390//1390
f 984//984 1390//1390 898//898
f 1009//1009 1331//1331 1391//1391
f 1394//1394 1153//1153 1395//1395
f 1396//1396 1117//1117 1116//1116
f 931//931 1399//1399 1003//1003
f 1003//1003 1397//1397 1324//1324
f 1022//1022 989//989 1023//1023
f 1012//1012 1299//1299 1212//1212
f 1090//1090 1211//1211 1342//1342
f 1401//1401 1370//1370 1369//1369
f 1038//1038 1195//1195 1194//1194
f 1194//1194 1319//1319 1038//1038
f 1279//1279 1133//1133 1402//1402
f 1041//1041 1065//1065 1042//1042
f 1316//1316 1164//1164 959//959
f 1087//1087 1089//1089 1036//1036
f 952//952 1085//1085 1086//1086
f 1405//1405 1131//1131 1288//1288
f 1130//1130 1288//1288 1131//1131
f 1407//1407 1176//1176 1233//1233
f 1408//1408 1109//1109 1017//1017
f 1287//1287 1183//1183 1184//1184
f 1415//1415 920//920 909//909
f 1350//1350 1137//1137 1351//1351
f 1137//1137 1350//1350 1138//1138
f 965//965 972//972 966//966
f 1292//1292 1416//1416 1293//1293
f 1185//1185 1179//1179 956//956
f 1271//1271 1268//1268 1270//1270
f 1327//1327 1418//1418 1221//1221
f 978//978 1118//1118 1332//1332
f 1206//1206 1118//1118 1373//1373
f 1126//1126 908//908 1005//1005
f 1125//1125 908//908 1126//1126
f 1419//1419 958//958 960//960
f 1262//1262 1419//1419 1364//1364
f 915//915 1281//1281 1280//1280
f 974//974 1297//1297 1299//1299
f 1421//1421 1422//1422 961//961
f 1227//1227 992//992 1423//1423
f 1214//1214 1213//1213 1068//1068
f 1045//1045 1345//1345 1425//1425
f 1045//1045 1425//1425 1196//1196
f 1150//1150 1337//1337 1061//1061
f 1359//1359 975//975 1067//1067
f 1039//1039 1038//1038 1319//1319
f 1039//1039 1319//1319 1263//1263
f 1454//1454 1264//1264 1077//1077
f 1072//1072 1071//1071 1182//1182
f 1017//1017 1110//1110 1217//1217
f 1030//1030 1429//1429 1282//1282
f 1290//1290 1429//1429 1291//1291
f 1285//1285 1286//1286 1283//1283
f 1198//1198 1200//1200 1296//1296
f 1366//1366 1112//1112 1430//1430
f 981//981 1260//1260 1138//1138
f 982//982 981//981 1138//1138
f 1060//1060 993//993 1163//1163
f 993//993 1060//1060 994//994
f 1097//1097 1100//1100 1018//1018
f 1134//1134 1295//1295 1190//1190
f 1142//1142 1399//1399 931//931
f 1335//1335 1146//1146 1142//1142
f 1272//1272 1271//1271 1178//1178
f 1343//1343 1344//1344 1173//1173
f 1277//1277 1144//1144 890//890
f 1236//1236 1400//1400 1237//1237
f 897//897 1061//1061 895//895
f 1226//1226 1162//1162 1227//1227
f 970//970 1079//1079 1081//1081
f 1434//1434 1380//1380 1112//1112
f 926//926 925//925 1328//1328
f 1208//1208 1209//1209 1207//1207
f 1075//1075 940//940 1222//1222
f 1290//1290 1291//1291 1172//1172
f 953//953 1266//1266 951//951
f 1266//1266 938//938 1265//1265
f 1104//1104 1435//1435 913//913
f 1252//1252 1353//1353 1354//1354
f 1193//1193 1064//1064 1063//1063
f 1218//1218 1216//1216 1436//1436
f 1036//1036 914//914 1087//1087
f 1013//1013 1219//1219 1292//1292
f 969//969 1279//1279 1278//1278
f 1236//1236 1161//1161 922//922
f 1044//1044 989//989 1345//1345
f 923//923 1274//1274 1249//1249
f 1451//1451 1014//1014 1133//1133
f 968//968 967//967 1403//1403
f 1092//1092 1312//1312 1211//1211
f 1092//1092 1378//1378 1312//1312
f 1426//1426 949//949 1338//1338
f 1022//1022 938//938 1266//1266
f 995//995 1027//1027 1026//1026
f 957//957 1269//1269 995//995
f 1076//1076 1077//1077 1264//1264
f 1202//1202 1101//1101 1050//1050
f 1050//1050 1101//1101 1440//1440
f 1068//1068 1441//1441 1214//1214
f 1441//1441 1068//1068 1442//1442
f 1274//1274 923//923 1008//1008
f 983//983 1019//1019 1020//1020
f 983//983 1251//1251 1019//1019
f 1085//1085 1017//1017 1229//1229
f 1329//1329 1327//1327 1326//1326
f 998//998 925//925 924//924
f 1386//1386 939//939 1280//1280
f 1406//1406 1325//1325 1104//1104
f 1104//1104 1325//1325 914//914
f 1228//1228 1381//1381 1229//1229
f 946//946 1191//1191 1188//1188
f 1365//1365 1140//1140 999//999
f 1095//1095 1199//1199 1200//1200
f 1395//1395 943//943 1394//1394
f 1395//1395 888//888 943//943
f 1192//1192 1195//1195 1038//1038
f 1066//1066 963//963 962//962
f 934//934 1384//1384 1383//1383
f 1122//1122 1445//1445 964//964
f 1445//1445 1437//1437 1415//1415
f 1335//1335 888//888 1147//1147
f 1392//1392 1062//1062 1391//1391
f 1248//1248 1392//1392 1335//1335
f 995//995 997//997 957//957
f 1072//1072 1182//1182 1181//1181
f 1414//1414 1040//1040 1072//1072
f 1180//1180 1309//1309 1181//1181
f 1305//1305 1379//1379 1401//1401
f 1073//1073 1302//1302 1364//1364
f 1419//1419 1073//1073 1364//1364
f 1185//1185 1186//1186 1187//1187
f 1023//1023 915//915 1280//1280
f 1210//1210 1043//1043 1376//1376
f 1165//1165 1043//1043 1210//1210
f 1197//1197 1196//1196 890//890
f 1419//1419 960//960 1447//1447
f 944//944 1154//1154 1448//1448
f 1177//1177 1185//1185 1187//1187
f 1187//1187 1201//1201 1177//1177
f 1324//1324 1323//1323 1239//1239
f 1018//1018 928//928 1056//1056
f 1018//1018 1056//1056 945//945
f 1101//1101 1100//1100 1440//1440
f 1059//1059 1387//1387 1284//1284
f 1261//1261 993//993 994//994
f 1388//1388 993//993 1261//1261
f 1048//1048 1351//1351 1049//1049
f 1032//1032 1116//1116 1209//1209
f 1116//1116 1207//1207 1209//1209
f 1294//1294 966//966 1292//1292
f 966//966 1416//1416 1292//1292
f 978//978 1373//1373 1118//1118
f 918//918 917//917 1360//1360
f 1360//1360 1149//1149 1020//1020
f 996//996 1121//1121 1120//1120
f 1108//1108 906//906 1016//1016
f 1318//1318 959//959 958//958
f 1000//1000 1356//1356 1058//1058
f 1165//1165 1210//1210 1046//1046
f 1247//1247 1165//1165 1197//1197
f 895//895 1311//1311 896//896
f 896//896 1311//1311 1234//1234
f 897//897 1148//1148 1149//1149
f 1409//1409 897//897 896//896
f 1279//1279 1402//1402 1132//1132
f 892//892 891//891 906//906
f 902//902 892//892 906//906
f 1251//1251 1347//1347 1019//1019
f 1422//1422 1385//1385 1113//1113
f 961//961 1422//1422 1113//1113
f 1066//1066 962//962 1067//1067
f 962//962 1359//1359 1067//1067
f 1393//1393 1315//1315 1394//1394
f 1004//1004 1005//1005 1151//1151
f 921//921 1215//1215 1005//1005
f 1377//1377 973//973 1246//1246
f 1160//1160 1298//1298 1161//1161
f 1115//1115 926//926 1206//1206
f 1206//1206 1373//1373 1115//1115
f 948//948 985//985 1258//1258
f 1129//1129 1258//1258 985//985
f 1250//1250 1097//1097 1411//1411
f 1348//1348 1250//1250 1347//1347
f 1371//1371 1218//1218 1412//1412
f 922//922 923//923 1400//1400
f 1249//1249 1143//1143 923//923
f 980//980 1139//1139 1138//1138
f 1193//1193 1063//1063 1194//1194
f 1063//1063 1318//1318 1194//1194
f 1296//1296 1430//1430 1053//1053
f 1028//1028 1031//1031 1344//1344
f 1030//1030 1344//1344 1031//1031
f 1387//1387 1033//1033 1284//1284
f 1163//1163 1337//1337 1336//1336
f 919//919 1426//1426 1191//1191
f 919//919 1191//1191 1295//1295
f 1376//1376 1362//1362 915//915
f 991//991 1340//1340 1358//1358
f 955//955 1320//1320 991//991
f 1243//1243 1242//1242 1059//1059
f 1354//1354 900//900 1252//1252
f 901//901 1252//1252 900//900
f 1341//1341 1227//1227 1388//1388
f 1163//1163 1227//1227 1162//1162
f 1215//1215 1218//1218 1370//1370
f 1401//1401 1215//1215 1370//1370
f 1128//1128 1390//1390 1201//1201
f 1390//1390 1128//1128 949//949
f 1101//1101 1096//1096 928//928
f 1291//1291 1075//1075 1172//1172
f 1076//1076 1172//1172 1075//1075
f 1336//1336 1337//1337 917//917
f 1297//1297 970//970 1212//1212
f 886//886 885//885 1240//1240
f 1356//1356 886//886 1240//1240
f 1034//1034 1002//1002 944//944
f 1385//1385 1256//1256 1255//1255
f 1422//1422 1256//1256 1385//1385
f 1391//1391 894//894 1392//1392
f 1287//1287 1307//1307 1306//1306
f 918//918 1019//1019 1250//1250
f 1268//1268 1082//1082 1176//1176
f 1272//1272 1082//1082 1268//1268
f 944//944 1141//1141 1154//1154
f 994//994 1129//1129 1127//1127
f 1252//1252 912//912 1352//1352
f 912//912 1362//1362 1352//1352
f 1289//1289 1402//1402 1403//1403
f 1441//1441 1453//1453 1214//1214
f 1396//1396 1029//1029 1117//1117
f 1132//1132 887//887 1417//1417
f 1381//1381 1225//1225 1086//1086
f 1059//1059 1242//1242 1000//1000
f 1099//1099 1410//1410 1411//1411
f 934//934 936//936 1254//1254
f 936//936 934//934 933//933
f 1074//1074 1105//1105 1180//1180
f 1275//1275 1245//1245 1074//1074
f 902//902 904//904 1184//1184
f 885//885 1405//1405 971//971
f 971//971 1342//1342 1212//1212
f 957//957 1270//1270 1269//1269
f 1270//1270 956//956 1179//1179
f 1393//1393 1156//1156 1315//1315
f 990//990 1266//1266 950//950
f 1379//1379 1151//1151 1401//1401
f 1401//1401 1151//1151 1215//1215
f 902//902 1107//1107 1434//1434
f 903//903 902//902 1434//1434
f 924//924 1115//1115 1365//1365
f 1365//1365 999//999 924//924
f 1004//1004 1126//1126 1005//1005
f 1308//1308 1415//1415 1414//1414
f 1231//1231 1124//1124 1313//1313
f 932//932 1237//1237 1400//1400
f 1351//1351 1349//1349 1350//1350
f 1326//1326 1398//1398 1329//1329
f 926//926 1328//1328 1207//1207
f 1207//1207 1206//1206 926//926
f 1162//1162 1119//1119 895//895
f 1119//1119 1311//1311 895//895
f 1357//1357 1238//1238 1450//1450
f 977//977 1203//1203 978//978
f 1203//1203 1267//1267 978//978
f 1218//1218 1436//1436 1374//1374
f 1447//1447 889//889 1419//1419
f 889//889 1073//1073 1419//1419
f 1103//1103 1102//1102 1406//1406
f 1188//1188 1426//1426 1338//1338
f 1305//1305 1442//1442 1379//1379
f 948//948 1333//1333 1338//1338
f 1064//1064 1353//1353 1361//1361
f 1246//1246 1245//1245 1007//1007
f 1090//1090 1342//1342 1288//1288
f 1264//1264 1454//1454 954//954
f 941//941 1406//1406 1104//1104
f 1267//1267 1048//1048 1047//1047
f 1372//1372 1047//1047 1365//1365
f 899//899 1083//1083 898//898
f 980//980 1140//1140 1139//1139
f 1139//1139 1140//1140 1049//1049
f 1109//1109 1407//1407 1233//1233
f 1274//1274 1062//1062 1248//1248
f 1062//1062 1392//1392 1248//1248
f 1410//1410 1334//1334 916//916
f 1334//1334 1170//1170 1333//1333
f 1207//1207 1328//1328 1208//1208
f 1208//1208 1328//1328 1329//1329
f 1438//1438 1235//1235 1310//1310
f 1152//1152 1151//1151 1379//1379
f 1133//1133 969//969 1451//1451
f 1130//1130 1402//1402 1289//1289
f 1402//1402 1130//1130 1132//1132
f 973//973 972//972 1205//1205
f 1246//1246 1205//1205 1105//1105
f 1087//1087 1168//1168 1167//1167
f 1308//1308 1309//1309 964//964
f 1011//1011 1368//1368 1371//1371
f 1011//1011 986//986 1368//1368
f 1231//1231 1174//1174 1301//1301
f 961//961 1037//1037 1420//1420
f 1037//1037 1039//1039 1439//1439
f 909//909 908//908 1040//1040
f 1415//1415 909//909 1414//1414
f 1265//1265 951//951 1266//1266
f 951//951 1265//1265 954//954
f 915//915 1362//1362 911//911
f 955//955 991//991 1358//1358
f 955//955 1358//1358 956//956
f 1354//1354 1353//1353 1193//1193
f 1195//1195 1354//1354 1193//1193
f 906//906 891//891 967//967
f 967//967 891//891 1431//1431
f 1010//1010 1009//1009 1391//1391
f 1331//1331 1182//1182 1175//1175
f 1180//1180 1182//1182 1331//1331
f 1018//1018 1098//1098 1097//1097
f 1165//1165 1046//1046 1197//1197
f 1045//1045 1197//1197 1046//1046
f 1235//1235 1221//1221 1418//1418
f 1449//1449 1033//1033 1078//1078
f 1051//1051 1440//1440 1347//1347
f 1163//1163 1336//1336 1060//1060
f 1315//1315 1154//1154 1153//1153
f 1394//1394 1315//1315 1153//1153
f 1338//1338 1169//1169 1188//1188
f 1359//1359 1427//1427 1029//1029
f 1427//1427 1359//1359 1385//1385
f 1396//1396 1032//1032 1031//1031
f 998//998 1327//1327 925//925
f 1327//1327 998//998 1418//1418
f 1375//1375 1044//1044 1210//1210
f 1044//1044 1375//1375 989//989
f 1075//1075 1291//1291 940//940
f 1328//1328 925//925 1329//1329
f 1329//1329 925//925 1327//1327
f 1241//1241 1283//1283 1159//1159
f 1286//1286 1157//1157 1283//1283
f 1179//1179 1178//1178 1271//1271
f 1179//1179 1271//1271 1270//1270
f 1447//1447 960//960 1330//1330
f 1330//1330 960//960 1164//1164
f 1316//1316 1065//1065 1041//1041
f 1317//1317 1065//1065 1316//1316
f 885//885 1131//1131 1405//1405
f 885//885 887//887 1131//1131
f 1451//1451 969//969 1088//1088
f 1268//1268 1027//1027 1269//1269
f 995//995 1269//1269 1027//1027
f 1084//1084 1082//1082 1272//1272
f 963//963 1066//1066 1192//1192
f 1192//1192 961//961 963//963
f 1006//1006 1307//1307 904//904
f 904//904 1307//1307 1287//1287
f 1042//1042 1064//1064 1361//1361
f 1042//1042 1361//1361 1043//1043
f 1048//1048 1304//1304 1351//1351
f 1382//1382 908//908 907//907
f 1005//1005 908//908 1382//1382
f 1224//1224 1087//1087 914//914
f 893//893 1431//1431 891//891
f 1374//1374 1436//1436 1122//1122
f 1133//1133 1403//1403 1402//1402
f 1014//1014 1403//1403 1133//1133
f 1216//1216 1215//1215 921//921
f 1437//1437 1436//1436 921//921
f 1404//1404 1017//1017 1085//1085
f 1453//1453 1366//1366 1296//1296
f 1296//1296 1366//1366 1430//1430
f 945//945 1056//1056 1055//1055
f 1272//1272 1178//1178 1084//1084
f 1106//1106 1217//1217 1434//1434
f 1434//1434 1107//1107 1106//1106
f 1104//1104 914//914 1435//1435
f 1435//1435 914//914 913//913
f 1220//1220 1121//1121 996//996
f 1339//1339 1220//1220 996//996
f 1141//1141 1399//1399 1146//1146
f 1186//1186 994//994 1355//1355
f 1127//1127 1355//1355 994//994
f 1094//1094 1135//1135 1136//1136
f 1094//1094 1198//1198 1135//1135
f 1330//1330 1247//1247 1197//1197
f 1182//1182 1071//1071 1175//1175
f 1071//1071 1073//1073 1175//1175
f 1196//1196 1277//1277 890//890
f 1277//1277 1196//1196 1276//1276
f 1398//1398 1222//1222 1329//1329
f 1329//1329 1222//1222 940//940
f 1082//1082 1273//1273 1024//1024
f 1084//1084 1273//1273 1082//1082
f 999//999 1140//1140 980//980
f 980//980 979//979 999//999
f 1188//1188 1169//1169 1189//1189
f 1171//1171 1282//1282 1290//1290
f 1290//1290 1282//1282 1429//1429
f 1406//1406 1102//1102 1325//1325
f 950//950 1325//1325 1102//1102
f 933//933 1321//1321 1322//1322
f 1164//1164 1316//1316 1041//1041
f 1139//1139 1049//1049 1137//1137
f 1049//1049 1351//1351 1137//1137
f 1035//1035 1433//1433 913//913
f 1035//1035 913//913 1036//1036
f 977//977 976//976 1114//1114
f 1363//1363 1263//1263 1364//1364
f 1262//1262 1364//1364 1263//1263
f 1344//1344 1343//1343 1452//1452
f 1409//1409 896//896 1234//1234
f 1360//1360 1020//1020 918//918
f 1016//1016 968//968 1014//1014
f 1257//1257 1256//1256 1422//1422
f 1177//1177 1201//1201 984//984
f 1178//1178 1177//1177 984//984
f 1171//1171 939//939 1386//1386
f 1171//1171 1386//1386 1281//1281
f 1097//1097 1250//1250 1348//1348
f 1405//1405 1342//1342 971//971
f 1288//1288 1342//1342 1405//1405
f 1281//1281 915//915 911//911
f 1251//1251 1349//1349 1051//1051
f 1285//1285 1448//1448 1155//1155
f 1270//1270 957//957 956//956
f 1294//1294 1292//1292 1219//1219
f 1257//1257 1383//1383 1384//1384
f 1100//1100 1101//1101 928//928
f 1018//1018 1100//1100 928//928
f 1225//1225 1381//1381 1228//1228
f 1225//1225 953//953 1086//1086
f 953//953 952//952 1086//1086
f 1145//1145 1147//1147 1395//1395
f 1145//1145 1395//1395 1153//1153
f 1161//1161 1007//1007 1008//1008
f 1161//1161 1377//1377 1007//1007
f 907//907 909//909 920//920
f 920//920 921//921 907//907
f 1161//1161 1298//1298 1377//1377
f 1079//1079 970//970 1297//1297
f 1309//1309 1180//1180 1105//1105
f 1309//1309 1105//1105 965//965
f 895//895 1061//1061 1162//1162
f 1058//1058 1323//1323 1078//1078
f 1323//1323 1324//1324 1078//1078
f 1443//1443 1199//1199 1095//1095
f 1259//1259 917//917 916//916
f 947//947 1232//1232 1098//1098
f 1232//1232 947//947 1189//1189
f 958//958 1262//1262 1318//1318
f 958//958 1419//1419 1262//1262
f 1441//1441 1057//1057 1453//1453
f 1003//1003 1324//1324 932//932
f 1429//1429 1032//1032 1209//1209
f 903//903 1112//1112 1366//1366
f 1078//1078 1387//1387 1059//1059
f 1138//1138 1350//1350 982//982
f 1251//1251 982//982 1350//1350
f 1394//1394 943//943 942//942
f 1356//1356 1357//1357 1450//1450
f 942//942 1393//1393 1394//1394
f 1314//1314 1433//1433 1393//1393
f 1450//1450 1058//1058 1356//1356
f 1119//1119 1162//1162 1226//1226
f 1197//1197 890//890 1330//1330
f 1107//1107 1108//1108 1229//1229
f 1320//1320 992//992 991//991
f 992//992 1446//1446 1423//1423
f 1345//1345 1102//1102 1103//1103
f 1345//1345 989//989 990//990
f 1250//1250 1410//1410 918//918
f 1250//1250 1411//1411 1410//1410
f 1273//1273 1083//1083 899//899
f 1227//1227 1163//1163 1388//1388
f 1388//1388 1163//1163 993//993
f 1195//1195 1192//1192 1066//1066
f 1354//1354 1195//1195 1066//1066
f 1226//1226 1423//1423 1119//1119
f 1010//1010 1062//1062 1274//1274
f 1010//1010 1391//1391 1062//1062
f 1215//1215 1151//1151 1005//1005
f 1448//1448 1154//1154 1155//1155
f 1154//1154 1315//1315 1155//1155
f 1334//1334 1333//1333 948//948
f 1275//1275 1274//1274 1007//1007
f 1310//1310 1311//1311 1438//1438
f 1072//1072 1181//1181 1414//1414
f 1081//1081 1080//1080 1238//1238
f 1239//1239 1080//1080 1237//1237
f 971//971 970//970 1357//1357
f 970//970 1081//1081 1357//1357
f 1439//1439 1420//1420 1037//1037
f 1421//1421 1230//1230 1422//1422
f 1313//1313 1230//1230 1421//1421
f 1069//1069 1213//1213 933//933
f 1148//1148 897//897 1409//1409
f 981//981 1148//1148 1409//1409
f 1366//1366 1453//1453 988//988
f 1453//1453 1057//1057 988//988
f 1324//1324 1449//1449 1078//1078
f 977//977 1204//1204 1203//1203
f 1173//1173 1282//1282 1281//1281
f 1300//1300 1173//1173 1281//1281
f 1425//1425 1103//1103 1276//1276
f 1033//1033 1397//1397 1034//1034
f 1034//1034 1397//1397 1002//1002
f 1004//1004 1123//1123 1124//1124
f 1126//1126 1004//1004 1124//1124
f 1439//1439 1313//1313 1420//1420
f 1305//1305 1369//1369 1307//1307
f 1401//1401 1369//1369 1305//1305
f 1099//1099 1411//1411 1097//1097
f 1218//1218 1371//1371 1370//1370
f 1217//1217 1110//1110 1052//1052
f 983//983 1149//1149 1148//1148
f 1380//1380 1111//1111 1112//1112
f 979//979 1418//1418 998//998
f 1212//1212 1299//1299 1297//1297
f 922//922 1161//1161 1008//1008
f 1373//1373 978//978 1267//1267
f 1373//1373 1267//1267 1372//1372
f 1413//1413 1312//1312 1371//1371
f 1334//1334 1410//1410 1170//1170
f 1134//1134 945//945 1055//1055
f 1391//1391 1175//1175 894//894
f 1331//1331 1175//1175 1391//1391
f 1380//1380 1053//1053 1430//1430
f 1380//1380 1430//1430 1111//1111
f 1100//1100 1348//1348 1440//1440
f 1004//1004 1152//1152 1070//1070
f 1390//1390 949//949 1389//1389
f 1426//1426 1389//1389 949//949
f 922//922 1400//1400 1236//1236
f 1336//1336 1258//1258 1060//1060
f 1303//1303 1349//1349 1351//1351
f 934//934 1254//1254 1384//1384
f 1254//1254 1256//1256 1384//1384
f 1173//1173 1030//1030 1282//1282
f 1173//1173 1344//1344 1030//1030
f 1238//1238 1357//1357 1081//1081
f 1242//1242 1001//1001 1000//1000
f 1451//1451 1088//1088 1167//1167
f 1428//1428 1408//1408 1454//1454
f 1399//1399 1142//1142 1146//1146
f 1199//1199 1214//1214 1453//1453
f 943//943 1144//1144 1277//1277
f 1403//1403 1014//1014 968//968
f 1451//1451 1015//1015 1014//1014
f 957//957 1320//1320 955//955
f 997//997 1320//1320 957//957
f 1156//1156 1393//1393 1433//1433
f 1036//1036 1156//1156 1433//1433
f 1129//1129 994//994 1060//1060
f 1410//1410 916//916 918//918
f 1112//1112 1111//1111 1430//1430
f 1244//1244 1241//1241 1159//1159
f 1189//1189 946//946 1188//1188
f 947//947 946//946 1189//1189
f 950//950 1102//1102 990//990
f 1076//1076 1075//1075 1339//1339
f 1089//1089 1088//1088 929//929
f 1444//1444 1089//1089 929//929
f 1283//1283 1284//1284 1285//1285
f 1285//1285 1284//1284 1033//1033
f 1070//1070 1152//1152 1442//1442
f 1063//1063 1317//1317 1318//1318
f 1317//1317 1063//1063 1065//1065
f 987//987 1312//1312 1378//1378
f 1424//1424 1120//1120 1438//1438
f 1302//1302 1363//1363 1364//1364
f 1143//1143 1249//1249 1248//1248
f 1433//1433 1314//1314 913//913
f 1441//1441 1442//1442 1006//1006
f 1012//1012 1093//1093 1013//1013
f 1093//1093 1012//1012 1211//1211
f 1146//1146 1335//1335 1147//1147
f 914//914 950//950 953//953
f 1170//1170 1169//1169 1333//1333
f 1333//1333 1169//1169 1338//1338
f 1059//1059 1284//1284 1243//1243
f 1040//1040 908//908 1302//1302
f 1164//1164 1041//1041 1165//1165
f 912//912 1253//1253 905//905
f 1326//1326 1220//1220 1398//1398
f 1221//1221 1220//1220 1326//1326
f 1047//1047 1372//1372 1267//1267
f 1084//1084 1083//1083 1273//1273
f 1286//1286 1155//1155 1156//1156
f 1099//1099 1170//1170 1410//1410
f 1064//1064 1193//1193 1353//1353
f 1056//1056 1367//1367 1054//1054
f 1096//1096 1202//1202 935//935
f 1101//1101 1202//1202 1096//1096
f 1054//1054 1095//1095 1094//1094
f 1253//1253 901//901 1343//1343
f 1077//1077 1026//1026 1428//1428
f 1077//1077 995//995 1026//1026
f 1157//1157 1036//1036 1158//1158
f 979//979 980//980 1234//1234
f 1234//1234 1310//1310 979//979
f 1255//1255 1223//1223 1385//1385
f 1332//1332 1223//1223 1255//1255
f 1245//1245 1105//1105 1074//1074
f 1105//1105 1245//1245 1246//1246
f 1413//1413 1412//1412 1219//1219
f 1200//1200 1198//1198 1094//1094
f 1183//1183 987//987 893//893
f 1378//1378 893//893 987//987
f 1342//1342 1012//1012 1212//1212
f 1211//1211 1012//1012 1342//1342
f 1416//1416 966//966 972//972
f 974//974 1416//1416 972//972
f 1001//1001 1417//1417 887//887
f 887//887 886//886 1001//1001
f 1273//1273 1135//1135 1024//1024
f 911//911 1300//1300 1281//1281
f 1125//1125 1124//1124 1231//1231
f 1163//1163 1061//1061 1337//1337
f 935//935 1114//1114 936//936
f 980//980 1260//1260 1234//1234
f 980//980 1138//1138 1260//1260
f 1424//1424 1423//1423 1446//1446
f 1450//1450 1323//1323 1058//1058
f 901//901 975//975 1452//1452
f 901//901 1452//1452 1343//1343
f 1157//1157 1158//1158 1159//1159
f 1283//1283 1157//1157 1159//1159
f 1259//1259 916//916 1334//1334
f 1440//1440 1051//1051 1050//1050
f 921//921 1436//1436 1216//1216
f 1451//1451 1167//1167 1015//1015
f 1266//1266 953//953 950//950
f 910//910 1313//1313 1123//1123
f 1230//1230 1313//1313 910//910
f 1309//1309 1308//1308 1181//1181
f 1308//1308 1414//1414 1181//1181
f 1448//1448 1285//1285 1034//1034
f 1448//1448 1034//1034 944//944
f 1131//1131 887//887 1132//1132
f 1431//1431 1403//1403 967//967
f 1403//1403 1431//1431 1289//1289
f 986//986 1369//1369 1368//1368
f 1299//1299 1013//1013 1293//1293
f 1276//1276 1196//1196 1425//1425
f 978//978 1332//1332 976//976
f 1255//1255 976//976 1332//1332
f 1176//1176 1027//1027 1268//1268
f 938//938 937//937 1264//1264
f 1286//1286 1285//1285 1155//1155
f 988//988 1057//1057 904//904
f 904//904 1057//1057 1006//1006
f 1028//1028 1029//1029 1396//1396
f 1031//1031 1028//1028 1396//1396
f 979//979 1310//1310 1418//1418
f 1418//1418 1310//1310 1235//1235
f 1141//1141 1146//1146 1145//1145
f 1145//1145 1154//1154 1141//1141
f 1023//1023 1375//1375 1376//1376
f 1116//1116 1032//1032 1396//1396
f 1289//1289 1090//1090 1288//1288
f 1176//1176 1428//1428 1026//1026
f 1026//1026 1027//1027 1176//1176
f 1422//1422 1230//1230 1257//1257
f 1276//1276 941//941 1277//1277
f 1358//1358 1186//1186 1185//1185
f 1186//1186 1358//1358 1340//1340
f 899//899 898//898 1432//1432
f 1295//1295 1432//1432 919//919
f 1022//1022 1021//1021 938//938
f 1117//1117 1332//1332 1118//1118
f 1158//1158 1036//1036 1444//1444
f 1444//1444 1036//1036 1089//1089
f 1341//1341 991//991 1227//1227
f 991//991 992//992 1227//1227
f 1239//1239 1238//1238 1080//1080
f 1449//1449 1324//1324 1397//1397
f 1159//1159 1158//1158 1444//1444
f 1393//1393 942//942 1314//1314
f 1232//1232 1189//1189 1169//1169
f 1169//1169 1170//1170 1232//1232
f 1454//1454 1077//1077 1428//1428
f 1409//1409 1260//1260 981//981
f 1409//1409 1234//1234 1260//1260
f 977//977 1114//1114 1346//1346
f 977//977 1346//1346 1204//1204
f 1007//1007 1245//1245 1275//1275
f 1308//1308 1445//1445 1415//1415
f 1445//1445 1308//1308 964//964
f 1079//1079 1160//1160 1080//1080
f 1303//1303 1050//1050 1051//1051
f 1051//1051 1349//1349 1303//1303
f 1136//1136 899//899 1432//1432
f 1360//1360 1337//1337 1150//1150
f 1407//1407 1408//1408 1428//1428
f 1407//1407 1109//1109 1408//1408
f 1446//1446 992//992 1320//1320
f 1443//1443 1095//1095 1322//1322
f 1322//1322 1095//1095 1367//1367
f 1054//1054 1134//1134 1055//1055
f 1134//1134 1054//1054 1094//1094
f 973//973 1377//1377 1298//1298
f 1298//1298 974//974 973//973
f 1274//1274 1008//1008 1007//1007
f 1452//1452 1029//1029 1028//1028
f 1028//1028 1344//1344 1452//1452
f 1413//1413 1371//1371 1412//1412
f 1052//1052 1380//1380 1217//1217
f 1052//1052 1053//1053 1380//1380
f 1408//1408 1017//1017 1404//1404
f 1408//1408 1404//1404 952//952
f 1103//1103 1406//1406 1276//1276
f 1289//1289 1091//1091 1090//1090
f 1297//1297 974//974 1298//1298
f 1224//1224 1168//1168 1087//1087
f 1168//1168 1224//1224 1228//1228
f 1363//1363 1302//1302 1301//1301
f 1321//1321 1199//1199 1443//1443
f 1378//1378 1091//1091 893//893
f 1092//1092 1091//1091 1378//1378
f 906//906 968//968 1016//1016
f 1347//1347 1251//1251 1051//1051
f 1355//1355 1201//1201 1187//1187
f 1420//1420 1421//1421 961//961
f 1421//1421 1420//1420 1313//1313
f 937//937 1171//1171 1076//1076
f 969//969 1133//1133 1279//1279
f 1043//1043 1361//1361 1362//1362
f 1362//1362 1376//1376 1043//1043
f 1303//1303 1351//1351 1304//1304
f 1264//1264 937//937 1076//1076
f 1244//1244 930//930 1278//1278
f 1417//1417 1244//1244 1278//1278
f 1399//1399 1141//1141 1002//1002
f 1412//1412 1218//1218 1374//1374
f 1129//1129 1128//1128 1127//1127
f 1085//1085 1229//1229 1381//1381
f 910//910 1004//1004 1069//1069
f 1069//1069 1004//1004 1070//1070
f 1443//1443 1322//1322 1321//1321
f 1235//1235 1438//1438 1120//1120
f 1235//1235 1120//1120 1121//1121
f 1093//1093 1413//1413 1219//1219
f 1362//1362 1361//1361 1352//1352
f 996//996 1120//1120 997//997
f 931//931 1003//1003 932//932
f 1080//1080 1161//1161 1236//1236
f 1294//1294 1219//1219 1374//1374
f 1219//1219 1412//1412 1374//1374
f 933//933 1322//1322 935//935
f 1096//1096 935//935 1322//1322
f 1253//1253 1343//1343 905//905
f 1096//1096 1367//1367 927//927
f 1367//1367 1096//1096 1322//1322
f 1278//1278 930//930 969//969
f 1286//1286 1156//1156 1157//1157
f 953//953 1225//1225 1224//1224
f 953//953 1224//1224 914//914
f 1280//1280 1021//1021 1023//1023
f 903//903 1434//1434 1112//1112
f 1076//1076 1339//1339 1077//1077
f 1253//1253 1252//1252 901//901
f 898//898 1389//1389 919//919
f 1233//1233 1052//1052 1110//1110
f 1006//1006 1442//1442 1305//1305
f 1305//1305 1307//1307 1006//1006
f 1136//1136 1135//1135 899//899
f 1135//1135 1273//1273 899//899
f 1022//1022 990//990 989//989
f 1266//1266 990//990 1022//1022
f 1079//1079 1297//1297 1160//1160
f 1436//1436 1437//1437 1445//1445
f 1152//1152 1004//1004 1151//1151
f 1360//1360 917//917 1337//1337
f 1312//1312 1413//1413 1093//1093
f 1310//1310 1234//1234 1311//1311
f 1032//1032 1429//1429 1030//1030
f 1122//1122 1436//1436 1445//1445
f 1304//1304 1048//1048 1204//1204
f 1346//1346 1304//1304 1204//1204
f 1099//1099 1232//1232 1170//1170
f 1367//1367 1095//1095 1054//1054
f 1417//1417 1278//1278 1279//1279
f 1417//1417 1279//1279 1132//1132
f 1159//1159 1444//1444 930//930
f 929//929 930//930 1444//1444
f 976//976 1255//1255 1254//1254
f 1205//1205 965//965 1105//1105
f 1033//1033 1449//1449 1397//1397
f 1093//1093 1219//1219 1013//1013
f 1102//1102 1345//1345 990//990
f 1442//1442 1068//1068 1070//1070
f 965//965 1205//1205 972//972
f 1050//1050 1304//1304 1202//1202
f 1231//1231 1313//1313 1439//1439
f 1220//1220 1339//1339 1398//1398
f 1114//1114 935//935 1346//1346
f 1231//1231 1301//1301 1125//1125
f 1084//1084 984//984 898//898
f 1084//1084 1178//1178 984//984
f 1034//1034 1285//1285 1033//1033
f 1244//1244 1159//1159 930//930
f 1152//1152 1379//1379 1442//1442
f 1287//1287 987//987 1183//1183
f 1016//1016 1166//1166 1108//1108
f 1040//1040 1414//1414 909//909
f 1214//1214 1321//1321 1213//1213
f 935//935 1202//1202 1346//1346
f 1304//1304 1346//1346 1202//1202
f 888//888 890//890 1144//1144
f 905//905 1300//1300 911//911
f 1300//1300 905//905 1343//1343
f 1343//1343 1173//1173 1300//1300
f 1075//1075 1222//1222 1339//1339
f 1398//1398 1339//1339 1222//1222
f 1174//1174 1363//1363 1301//1301
f 1363//1363 1174//1174 1263//1263
f 923//923 1143//1143 1400//1400
f 1143//1143 932//932 1400//1400
f 1389//1389 1426//1426 919//919
f 1205//1205 1246//1246 973//973
f 1023//1023 989//989 1375//1375
f 1136//1136 1432//1432 1134//1134
f 1295//1295 1134//1134 1432//1432
f 1134//1134 1190//1190 945//945
f 1299//1299 1293//1293 974//974
f 1392//1392 888//888 1335//1335
f 936//936 1114//1114 1254//1254
f 976//976 1254//1254 1114//1114
f 1085//1085 952//952 1404//1404
f 1248//1248 1142//1142 1143//1143
f 1134//1134 1094//1094 1136//1136
f 1171//1171 937//937 939//939
f 952//952 1454//1454 1408//1408
f 952//952 954//954 1454//1454
f 1427//1427 1223//1223 1029//1029
f 1029//1029 1223//1223 1117//1117
f 1431//1431 893//893 1091//1091
f 919//919 1432//1432 898//898
f 986//986 1306//1306 1369//1369
f 1302//1302 1125//1125 1301//1301
f 1125//1125 1302//1302 908//908
f 1276//1276 1406//1406 941//941
f 1407//1407 1428//1428 1176//1176
f 1209//1209 1208//1208 1429//1429
f 1208//1208 1291//1291 1429//1429
f 1029//1029 975//975 1359//1359
f 975//975 1029//1029 1452//1452
f 946//946 945//945 1190//1190
f 1127//1127 1128//1128 1201//1201
f 1201//1201 1355//1355 1127//1127
f 1183//1183 893//893 892//892
f 1090//1090 1092//1092 1211//1211
f 1334//1334 948//948 1259//1259
f 1259//1259 948//948 1258//1258
f 1416//1416 974//974 1293//1293
f 1296//1296 1053//1053 1198//1198
f 1317//1317 959//959 1318//1318
f 959//959 1317//1317 1316//1316
f 1383//1383 1257//1257 1230//1230
f 1383//1383 1230//1230 910//910
f 1446//1446 1120//1120 1424//1424
f 1184//1184 892//892 902//902
f 1188//1188 1191//1191 1426//1426
f 1120//1120 1446//1446 997//997
f 1320//1320 997//997 1446//1446
f 1010//1010 1275//1275 1074//1074
f 932//932 1324//1324 1237//1237
f 1332//1332 1117//1117 1223//1223
f 1431//1431 1091//1091 1289//1289
f 1002//1002 1003//1003 1399//1399
f 1424//1424 1119//1119 1423//1423
f 1438//1438 1119//1119 1424//1424
f 1213//1213 1321//1321 933//933
f 1383//1383 910//910 1069//1069
f 1348//1348 1347//1347 1440//1440
f 1455//1455 1456//1456 1652//1652
f 1458//1458 1459//1459 1460//1460
f 1456//1456 1490//1490 1652//1652
f 1461//1461 1803//1803 1462//1462
f 1463//1463 2055//2055 1464//1464
f 1465//1465 1466//1466 1467//1467
f 1468//1468 1879//1879 1469//1469
f 1995//1995 1473//1473 1933//1933
f 1475//1475 1476//1476 1477//1477
f 2143//2143 1478//1478 1479//1479
f 1480//1480 1481//1481 1482//1482
f 1486//1486 1487//1487 1488//1488
f 1487//1487 1489//1489 1490//1490
f 1491//1491 1456//1456 1492//1492
f 1500//1500 1501//1501 1494//1494
f 1502//1502 1503//1503 2128//2128
f 1468//1468 1504//1504 1505//1505
f 1506//1506 1507//1507 1508//1508
f 1509//1509 1475//1475 1477//1477
f 1966//1966 1518//1518 1476//1476
f 1519//1519 1520//1520 1521//1521
f 1522//1522 1519//1519 1523//1523
f 1524//1524 1525//1525 1526//1526
f 1529//1529 2029//2029 1530//1530
f 1531//1531 1604//1604 1532//1532
f 1535//1535 1536//1536 1537//1537
f 1538//1538 1539//1539 1540//1540
f 1541//1541 1542//1542 1599//1599
f 1547//1547 1548//1548 1549//1549
f 1551//1551 1552//1552 1553//1553
f 1933//1933 1473//1473 1556//1556
f 1559//1559 1560//1560 1561//1561
f 1562//1562 2131//2131 1563//1563
f 1566//1566 1567//1567 1568//1568
f 1569//1569 1570//1570 1571//1571
f 1574//1574 1575//1575 1481//1481
f 1576//1576 1577//1577 1578//1578
f 1580//1580 1556//1556 1507//1507
f 1758//1758 1581//1581 1582//1582
f 1583//1583 1584//1584 1854//1854
f 1585//1585 1586//1586 1587//1587
f 1585//1585 1588//1588 2130//2130
f 1589//1589 1590//1590 1591//1591
f 2081//2081 1592//1592 1593//1593
f 1596//1596 1597//1597 1598//1598
f 1877//1877 1601//1601 1797//1797
f 1602//1602 1603//1603 1604//1604
f 1770//1770 1604//1604 1603//1603
f 1611//1611 1612//1612 1613//1613
f 1616//1616 1617//1617 1618//1618
f 1619//1619 1620//1620 1535//1535
f 1621//1621 1622//1622 1623//1623
f 1581//1581 1758//1758 1624//1624
f 1625//1625 1592//1592 1626//1626
f 1592//1592 1590//1590 1627//1627
f 1629//1629 1630//1630 1631//1631
f 1632//1632 1621//1621 1633//1633
f 1637//1637 1638//1638 1639//1639
f 1591//1591 1641//1641 1640//1640
f 1642//1642 1643//1643 1971//1971
f 1480//1480 1644//1644 1645//1645
f 1646//1646 1647//1647 1648//1648
f 1649//1649 1650//1650 1651//1651
f 2140//2140 1455//1455 1652//1652
f 1661//1661 2113//2113 1662//1662
f 1665//1665 1890//1890 1666//1666
f 1669//1669 1615//1615 1614//1614
f 1619//1619 1671//1671 1672//1672
f 1674//1674 1675//1675 1676//1676
f 1677//1677 1678//1678 1679//1679
f 1565//1565 1564//1564 1677//1677
f 1680//1680 1681//1681 1682//1682
f 1685//1685 1683//1683 1992//1992
f 1683//1683 1687//1687 1684//1684
f 1490//1490 1489//1489 1652//1652
f 1690//1690 1691//1691 1692//1692
f 1988//1988 1603//1603 1693//1693
f 1697//1697 1698//1698 1699//1699
f 1703//1703 1580//1580 1507//1507
f 1703//1703 1507//1507 1506//1506
f 1704//1704 1705//1705 1706//1706
f 1890//1890 1707//1707 1666//1666
f 1711//1711 1792//1792 1577//1577
f 2088//2088 1670//1670 1594//1594
f 1966//1966 1712//1712 1518//1518
f 1719//1719 1720//1720 1491//1491
f 1721//1721 1523//1523 1519//1519
f 1483//1483 1541//1541 1484//1484
f 2080//2080 1728//1728 1729//1729
f 1468//1468 1505//1505 1730//1730
f 1731//1731 1732//1732 1733//1733
f 1734//1734 1546//1546 1545//1545
f 1648//1648 1647//1647 1735//1735
f 1742//1742 1561//1561 1560//1560
f 1691//1691 1529//1529 1530//1530
f 1694//1694 1749//1749 1693//1693
f 1750//1750 1751//1751 1752//1752
f 2088//2088 1757//1757 1670//1670
f 1582//1582 1469//1469 1758//1758
f 1760//1760 1761//1761 1762//1762
f 1763//1763 1764//1764 1765//1765
f 1764//1764 1766//1766 1765//1765
f 1767//1767 1768//1768 1769//1769
f 1532//1532 1604//1604 1770//1770
f 1771//1771 1772//1772 1482//1482
f 1643//1643 2140//2140 1971//1971
f 1778//1778 1779//1779 1780//1780
f 1781//1781 1487//1487 1490//1490
f 1668//1668 1962//1962 1782//1782
f 1627//1627 1626//1626 1592//1592
f 1785//1785 1786//1786 1787//1787
f 1704//1704 1788//1788 1789//1789
f 1878//1878 1732//1732 2071//2071
f 1794//1794 1795//1795 1796//1796
f 1794//1794 1797//1797 1798//1798
f 1799//1799 1800//1800 1537//1537
f 1470//1470 2125//2125 2137//2137
f 1801//1801 1802//1802 1803//1803
f 1805//1805 1806//1806 2112//2112
f 1697//1697 1699//1699 1810//1810
f 1811//1811 1762//1762 1812//1812
f 1815//1815 1816//1816 2085//2085
f 2063//2063 1731//1731 1733//1733
f 1822//1822 1800//1800 1799//1799
f 1823//1823 1824//1824 1825//1825
f 1826//1826 1491//1491 1720//1720
f 1851//1851 1827//1827 1538//1538
f 1829//1829 1830//1830 1831//1831
f 1832//1832 1833//1833 1834//1834
f 1837//1837 1838//1838 1836//1836
f 1839//1839 1833//1833 1832//1832
f 1842//1842 1843//1843 1750//1750
f 1557//1557 1844//1844 1476//1476
f 1696//1696 1455//1455 1845//1845
f 1785//1785 1465//1465 1502//1502
f 1513//1513 1512//1512 1850//1850
f 1798//1798 1985//1985 1794//1794
f 1734//1734 1545//1545 1851//1851
f 1853//1853 1764//1764 2132//2132
f 1852//1852 1853//1853 1738//1738
f 2111//2111 1854//1854 1855//1855
f 1857//1857 1858//1858 1662//1662
f 1860//1860 1861//1861 1862//1862
f 1568//1568 1863//1863 1566//1566
f 1865//1865 1580//1580 1724//1724
f 1542//1542 1580//1580 1703//1703
f 1713//1713 1872//1872 1873//1873
f 1874//1874 1875//1875 1876//1876
f 1739//1739 1460//1460 1877//1877
f 1601//1601 1877//1877 1460//1460
f 1880//1880 1730//1730 1878//1878
f 1879//1879 1880//1880 1878//1878
f 1884//1884 1885//1885 1717//1717
f 1580//1580 1542//1542 1579//1579
f 1887//1887 1471//1471 1888//1888
f 1635//1635 1889//1889 1551//1551
f 1632//1632 1633//1633 1727//1727
f 1573//1573 1769//1769 1891//1891
f 2056//2056 1892//1892 2057//2057
f 1537//1537 1896//1896 1520//1520
f 1899//1899 1631//1631 1897//1897
f 1508//1508 1756//1756 1755//1755
f 1904//1904 2013//2013 1905//1905
f 1523//1523 1883//1883 1908//1908
f 1910//1910 1700//1700 1680//1680
f 1911//1911 1912//1912 1913//1913
f 1661//1661 1662//1662 1916//1916
f 1878//1878 2071//2071 1879//1879
f 1642//1642 1917//1917 1918//1918
f 1639//1639 1919//1919 1637//1637
f 1920//1920 1811//1811 1921//1921
f 1922//1922 1699//1699 1923//1923
f 1922//1922 1810//1810 1699//1699
f 1743//1743 1924//1924 1925//1925
f 1494//1494 1926//1926 1500//1500
f 1767//1767 1927//1927 1928//1928
f 1692//1692 1928//1928 1690//1690
f 1463//1463 1929//1929 1931//1931
f 1726//1726 1470//1470 1933//1933
f 1470//1470 1995//1995 1933//1933
f 1830//1830 1934//1934 1935//1935
f 1936//1936 1531//1531 1937//1937
f 1938//1938 1813//1813 1939//1939
f 1940//1940 1939//1939 1527//1527
f 1501//1501 1500//1500 1685//1685
f 1913//1913 1941//1941 1911//1911
f 1664//1664 1663//1663 2110//2110
f 1943//1943 1944//1944 1945//1945
f 1843//1843 1751//1751 1750//1750
f 1643//1643 1455//1455 2140//2140
f 1818//1818 1651//1651 2073//2073
f 1520//1520 1948//1948 1535//1535
f 1597//1597 1596//1596 1595//1595
f 1950//1950 1653//1653 1951//1951
f 1472//1472 2100//2100 1952//1952
f 1821//1821 1820//1820 1953//1953
f 1954//1954 1844//1844 1955//1955
f 1844//1844 1892//1892 1955//1955
f 1828//1828 1827//1827 1851//1851
f 1504//1504 1702//1702 1701//1701
f 1756//1756 1507//1507 1556//1556
f 1958//1958 1959//1959 1960//1960
f 1961//1961 1723//1723 1962//1962
f 1966//1966 1780//1780 1712//1712
f 1967//1967 1475//1475 1968//1968
f 1973//1973 1974//1974 1975//1975
f 1490//1490 1978//1978 1781//1781
f 1826//1826 1958//1958 1490//1490
f 1549//1549 1548//1548 1483//1483
f 1611//1611 1983//1983 1741//1741
f 1862//1862 1861//1861 1984//1984
f 1481//1481 1480//1480 1574//1574
f 1988//1988 1747//1747 1529//1529
f 1943//1943 1673//1673 1944//1944
f 2128//2128 1989//1989 1990//1990
f 2030//2030 1989//1989 1613//1613
f 1888//1888 1562//1562 1713//1713
f 1605//1605 1606//1606 1608//1608
f 1646//1646 1992//1992 1684//1684
f 1993//1993 1994//1994 2000//2000
f 1947//1947 1995//1995 1996//1996
f 1995//1995 1947//1947 1473//1473
f 1997//1997 1998//1998 1589//1589
f 1589//1589 1638//1638 1637//1637
f 1999//1999 1553//1553 1555//1555
f 2000//2000 1506//1506 2001//2001
f 1506//1506 2002//2002 2001//2001
f 1581//1581 2003//2003 1582//1582
f 1923//1923 2065//2065 1922//1922
f 1760//1760 1762//1762 2004//2004
f 1525//1525 1524//1524 1688//1688
f 1950//1950 2005//2005 1653//1653
f 1539//1539 1538//1538 2006//2006
f 2009//2009 2010//2010 1715//1715
f 1933//1933 1866//1866 1726//1726
f 1938//1938 1629//1629 2014//2014
f 1760//1760 1550//1550 1761//1761
f 2015//2015 1697//1697 1810//1810
f 2016//2016 1738//1738 2017//2017
f 2017//2017 1738//1738 1853//1853
f 2000//2000 1994//1994 2019//2019
f 1614//1614 2020//2020 1669//1669
f 1679//1679 1678//1678 1645//1645
f 2023//2023 1815//1815 1814//1814
f 1891//1891 2024//2024 1831//1831
f 1891//1891 2025//2025 1681//1681
f 2018//2018 2026//2026 1817//1817
f 1650//1650 1649//1649 2027//2027
f 1846//1846 1982//1982 1610//1610
f 1690//1690 1603//1603 1988//1988
f 1516//1516 2057//2057 1892//1892
f 1579//1579 1483//1483 1724//1724
f 1796//1796 1795//1795 1567//1567
f 2032//2032 1877//1877 1797//1797
f 1830//1830 1829//1829 2033//2033
f 1834//1834 2033//2033 2034//2034
f 2102//2102 2035//2035 1948//1948
f 1929//1929 1930//1930 2038//2038
f 2039//2039 1494//1494 2040//2040
f 2041//2041 1881//1881 1667//1667
f 1838//1838 1837//1837 1549//1549
f 1484//1484 1459//1459 1458//1458
f 2043//2043 1682//1682 2044//2044
f 1490//1490 2045//2045 1978//1978
f 2047//2047 1854//1854 2111//2111
f 2048//2048 1848//1848 1512//1512
f 1714//1714 2048//2048 2049//2049
f 2138//2138 1482//1482 1772//1772
f 2050//2050 1915//1915 1914//1914
f 2051//2051 2052//2052 2053//2053
f 1669//1669 1722//1722 1615//1615
f 1598//1598 2054//2054 2055//2055
f 2032//2032 1765//1765 1877//1877
f 2049//2049 1659//1659 1660//1660
f 2056//2056 2057//2057 1893//1893
f 2058//2058 2059//2059 1919//1919
f 1888//1888 2060//2060 1887//1887
f 1598//1598 1908//1908 2054//2054
f 2062//2062 1731//1731 2063//2063
f 2062//2062 2063//2063 2064//2064
f 1808//1808 1849//1849 1807//1807
f 1919//1919 1639//1639 2058//2058
f 2065//2065 1753//1753 2066//2066
f 1767//1767 1769//1769 1573//1573
f 2138//2138 1772//1772 2068//2068
f 1520//1520 1535//1535 1537//1537
f 1853//1853 1740//1740 1739//1739
f 1763//1763 1566//1566 2069//2069
f 1957//1957 1684//1684 1687//1687
f 1818//1818 2073//2073 2070//2070
f 1747//1747 1746//1746 1609//1609
f 2021//2021 2071//2071 1732//1732
f 1730//1730 2064//2064 2063//2063
f 2064//2064 1730//1730 1505//1505
f 2070//2070 2073//2073 1779//1779
f 1717//1717 1885//1885 2012//2012
f 1777//1777 2075//2075 1776//1776
f 1936//1936 1937//1937 1702//1702
f 1936//1936 1702//1702 1864//1864
f 1827//1827 2077//2077 2006//2006
f 1965//1965 1575//1575 2077//2077
f 1837//1837 1625//1625 2142//2142
f 1602//1602 2078//2078 1603//1603
f 1527//1527 1528//1528 2083//2083
f 1842//1842 1477//1477 1476//1476
f 1803//1803 1802//1802 2086//2086
f 1905//1905 1906//1906 1907//1907
f 2087//2087 2056//2056 1893//1893
f 1578//1578 2088//2088 1576//1576
f 1887//1887 1635//1635 1801//1801
f 1802//1802 1801//1801 1636//1636
f 1898//1898 1897//1897 1492//1492
f 1719//1719 2089//2089 1718//1718
f 1464//1464 1744//1744 1743//1743
f 1494//1494 1493//1493 1926//1926
f 1642//1642 1971//1971 1967//1967
f 1780//1780 1966//1966 1967//1967
f 1830//1830 1935//1935 1831//1831
f 1572//1572 1935//1935 1532//1532
f 2025//2025 1891//1891 1769//1769
f 1467//1467 1769//1769 1768//1768
f 1562//1562 2092//2092 1713//1713
f 1569//1569 2093//2093 1706//1706
f 2094//2094 1641//1641 2095//2095
f 1856//1856 1624//1624 2096//2096
f 1857//1857 2096//2096 1858//1858
f 1927//1927 1532//1532 1770//1770
f 1573//1573 1572//1572 1927//1927
f 1973//1973 1742//1742 1741//1741
f 1745//1745 1618//1618 1687//1687
f 1996//1996 1995//1995 2137//2137
f 1731//1731 2062//2062 1822//1822
f 1669//1669 1743//1743 1744//1744
f 1722//1722 1669//1669 2054//2054
f 1706//1706 2097//2097 1894//1894
f 1962//1962 1668//1668 2098//2098
f 1977//1977 1805//1805 2099//2099
f 1860//1860 1568//1568 1861//1861
f 1898//1898 1923//1923 1899//1899
f 1963//1963 1964//1964 1576//1576
f 1621//1621 1955//1955 1892//1892
f 1708//1708 1709//1709 1577//1577
f 1561//1561 1973//1973 1975//1975
f 1561//1561 1742//1742 1973//1973
f 2101//2101 1621//1621 1632//1632
f 1954//1954 1955//1955 1675//1675
f 1667//1667 1882//1882 2041//2041
f 1522//1522 1597//1597 2102//2102
f 1522//1522 1523//1523 1597//1597
f 1790//1790 1546//1546 1791//1791
f 1577//1577 1709//1709 1711//1711
f 1842//1842 1476//1476 1844//1844
f 1458//1458 2103//2103 1484//1484
f 1734//1734 1993//1993 2000//2000
f 1938//1938 1939//1939 1940//1940
f 1983//1983 1611//1611 2105//2105
f 1980//1980 1548//1548 1673//1673
f 2014//2014 1526//1526 1737//1737
f 1550//1550 1524//1524 1526//1526
f 1891//1891 1681//1681 2024//2024
f 1681//1681 1680//1680 2024//2024
f 1699//1699 1899//1899 1923//1923
f 1544//1544 1929//1929 2038//2038
f 1479//1479 2107//2107 1889//1889
f 1994//1994 1993//1993 1540//1540
f 2011//2011 1850//1850 2009//2009
f 2012//2012 2109//2109 1717//1717
f 1884//1884 2110//2110 1885//1885
f 1695//1695 2111//2111 1694//1694
f 2096//2096 1857//1857 1953//1953
f 2114//2114 1697//1697 2015//2015
f 1812//1812 1762//1762 1761//1761
f 1751//1751 1457//1457 2074//2074
f 1944//1944 1751//1751 1945//1945
f 2010//2010 1716//1716 1715//1715
f 2020//2020 1614//1614 2115//2115
f 2115//2115 1979//1979 1823//1823
f 1574//1574 1539//1539 2006//2006
f 2118//2118 1905//1905 1907//1907
f 2120//2120 1854//1854 2047//2047
f 1515//1515 2046//2046 1821//1821
f 2082//2082 1657//1657 1658//1658
f 1712//1712 1874//1874 1518//1518
f 1911//1911 1915//1915 1912//1912
f 1647//1647 1816//1816 1735//1735
f 1460//1460 1739//1739 1740//1740
f 2121//2121 1875//1875 2073//2073
f 2121//2121 1650//1650 1478//1478
f 1847//1847 1746//1746 2053//2053
f 2003//2003 2122//2122 2078//2078
f 1482//1482 1481//1481 1771//1771
f 1963//1963 1965//1965 1964//1964
f 1520//1520 1896//1896 1521//1521
f 1663//1663 1896//1896 1665//1665
f 1975//1975 1657//1657 1976//1976
f 1974//1974 1658//1658 1657//1657
f 1645//1645 2023//2023 1679//1679
f 2124//2124 2005//2005 1950//1950
f 2119//2119 1900//1900 2124//2124
f 1789//1789 1909//1909 1704//1704
f 1909//1909 1789//1789 1705//1705
f 2076//2076 2127//2127 2126//2126
f 2128//2128 1503//1503 1611//1611
f 1652//1652 1489//1489 1970//1970
f 1969//1969 1652//1652 1970//1970
f 1679//1679 1932//1932 1677//1677
f 2035//2035 1671//1671 1619//1619
f 1674//1674 1943//1943 1945//1945
f 1531//1531 1934//1934 1937//1937
f 1828//1828 1851//1851 1545//1545
f 1708//1708 1545//1545 1709//1709
f 1989//1989 2128//2128 1613//1613
f 1965//1965 1710//1710 1964//1964
f 2130//2130 1894//1894 1586//1586
f 1662//1662 1879//1879 2071//2071
f 1879//1879 1859//1859 1469//1469
f 1574//1574 2006//2006 1575//1575
f 1747//1747 1584//1584 1583//1583
f 1682//1682 1786//1786 2044//2044
f 1971//1971 1780//1780 1967//1967
f 1780//1780 1971//1971 1778//1778
f 1672//1672 1755//1755 1756//1756
f 1880//1880 1879//1879 1468//1468
f 1468//1468 1730//1730 1880//1880
f 2020//2020 1616//1616 1924//1924
f 1745//1745 1687//1687 1683//1683
f 1926//1926 1925//1925 1500//1500
f 1896//1896 2097//2097 1665//1665
f 1888//1888 2131//2131 1562//1562
f 1471//1471 2131//2131 1888//1888
f 1543//1543 1913//1913 1912//1912
f 1958//1958 1960//1960 1723//1723
f 2069//2069 1499//1499 1689//1689
f 1673//1673 1548//1548 2133//2133
f 1643//1643 1918//1918 1455//1455
f 1643//1643 1642//1642 1918//1918
f 1779//1779 2073//2073 1712//1712
f 1486//1486 1488//1488 1555//1555
f 1762//1762 2135//2135 2004//2004
f 1885//1885 2136//2136 1776//1776
f 1885//1885 2110//2110 2136//2136
f 1714//1714 1807//1807 2048//2048
f 1714//1714 2091//2091 1807//1807
f 2132//2132 2017//2017 1853//1853
f 1606//1606 1607//1607 1608//1608
f 1731//1731 1822//1822 2137//2137
f 2125//2125 1731//1731 2137//2137
f 1950//1950 1472//1472 2124//2124
f 1563//1563 2131//2131 1472//1472
f 1793//1793 1508//1508 1755//1755
f 1915//1915 2050//2050 1912//1912
f 2068//2068 1736//1736 2138//2138
f 1959//1959 1979//1979 1614//1614
f 1826//1826 1959//1959 1958//1958
f 1583//1583 1746//1746 1747//1747
f 1930//1930 1929//1929 1463//1463
f 1493//1493 2039//2039 1930//1930
f 2033//2033 1680//1680 1700//1700
f 1829//1829 1680//1680 2033//2033
f 1966//1966 1475//1475 1967//1967
f 1475//1475 1966//1966 1476//1476
f 1466//1466 2025//2025 1769//1769
f 1467//1467 1466//1466 1769//1769
f 1923//1923 1754//1754 2065//2065
f 1947//1947 1996//1996 1799//1799
f 1620//1620 1947//1947 1536//1536
f 1985//1985 2139//2139 1794//1794
f 1794//1794 1984//1984 1795//1795
f 1981//1981 1465//1465 1982//1982
f 2028//2028 1465//1465 1467//1467
f 1549//1549 1484//1484 2103//2103
f 1549//1549 1483//1483 1484//1484
f 1778//1778 1971//1971 2140//2140
f 1645//1645 1914//1914 1815//1815
f 2009//2009 1715//1715 2011//2011
f 1715//1715 1871//1871 1559//1559
f 1765//1765 2032//2032 1763//1763
f 1567//1567 1566//1566 1763//1763
f 1608//1608 1646//1646 1605//1605
f 1972//1972 1647//1647 1646//1646
f 1803//1803 1952//1952 2100//2100
f 1932//1932 1565//1565 1677//1677
f 1800//1800 1822//1822 2062//2062
f 2029//2029 1610//1610 2028//2028
f 1678//1678 1574//1574 1480//1480
f 1645//1645 1678//1678 1480//1480
f 1796//1796 1797//1797 1794//1794
f 1797//1797 1796//1796 1567//1567
f 1589//1589 1627//1627 1590//1590
f 1998//1998 1627//1627 1589//1589
f 1933//1933 1556//1556 2141//2141
f 1868//1868 2051//2051 2053//2053
f 1626//1626 1627//1627 1902//1902
f 1630//1630 1897//1897 1631//1631
f 1630//1630 2089//2089 1897//1897
f 1744//1744 1464//1464 2055//2055
f 2055//2055 2054//2054 2145//2145
f 1617//1617 1825//1825 2008//2008
f 1655//1655 1533//1533 1870//1870
f 2072//2072 1665//1665 1666//1666
f 1928//1928 1927//1927 1770//1770
f 1603//1603 1928//1928 1770//1770
f 1470//1470 2022//2022 1634//1634
f 1904//1904 1485//1485 1717//1717
f 2013//2013 1717//1717 2109//2109
f 1695//1695 1581//1581 1624//1624
f 1970//1970 1489//1489 2018//2018
f 2049//2049 1512//1512 1659//1659
f 2043//2043 1910//1910 1682//1682
f 1727//1727 1676//1676 1675//1675
f 1842//1842 1844//1844 1954//1954
f 1739//1739 1765//1765 1766//1766
f 1640//1640 2058//2058 1639//1639
f 1604//1604 1936//1936 1864//1864
f 1936//1936 1604//1604 1531//1531
f 1597//1597 1523//1523 2061//2061
f 1579//1579 1542//1542 1541//1541
f 1483//1483 1579//1579 1541//1541
f 1841//1841 1585//1585 2064//2064
f 1455//1455 1696//1696 1492//1492
f 2092//2092 1809//1809 2091//2091
f 1714//1714 1991//1991 2091//2091
f 1653//1653 2005//2005 1728//1728
f 1878//1878 2063//2063 1733//1733
f 1733//1733 1732//1732 1878//1878
f 1504//1504 1469//1469 1702//1702
f 2070//2070 1779//1779 1778//1778
f 1778//1778 1969//1969 2070//2070
f 2058//2058 1917//1917 2059//2059
f 2059//2059 1509//1509 1919//1919
f 1919//1919 1509//1509 1477//1477
f 1580//1580 1865//1865 2141//2141
f 1867//1867 1983//1983 2105//2105
f 2105//2105 1982//1982 1846//1846
f 1684//1684 1605//1605 1646//1646
f 1610//1610 1529//1529 1609//1609
f 1920//1920 1590//1590 2081//2081
f 1827//1827 2006//2006 1538//1538
f 1628//1628 1940//1940 1942//1942
f 1940//1940 2144//2144 1938//1938
f 1748//1748 1694//1694 1855//1855
f 1908//1908 1883//1883 1882//1882
f 1719//1719 1491//1491 2089//2089
f 2101//2101 1675//1675 1955//1955
f 1955//1955 1621//1621 2101//2101
f 1958//1958 2045//2045 1490//1490
f 1723//1723 1961//1961 1958//1958
f 1892//1892 2056//2056 1622//1622
f 1622//1622 2056//2056 2087//2087
f 1889//1889 2107//2107 1551//1551
f 1572//1572 1532//1532 1927//1927
f 1926//1926 1464//1464 1743//1743
f 1743//1743 1925//1925 1926//1926
f 2099//2099 1554//1554 1977//1977
f 1836//1836 1593//1593 1625//1625
f 1741//1741 1742//1742 1496//1496
f 1742//1742 1560//1560 1496//1496
f 1586//1586 2090//2090 1587//1587
f 1895//1895 1586//1586 1894//1894
f 1953//1953 1857//1857 2113//2113
f 1786//1786 1681//1681 2025//2025
f 2025//2025 1466//1466 1787//1787
f 1997//1997 1783//1783 1998//1998
f 1804//1804 1636//1636 1551//1551
f 1804//1804 1551//1551 1553//1553
f 1632//1632 1727//1727 1675//1675
f 1463//1463 1598//1598 2055//2055
f 1931//1931 1598//1598 1463//1463
f 1725//1725 1483//1483 1548//1548
f 1725//1725 1724//1724 1483//1483
f 1771//1771 1963//1963 1772//1772
f 1740//1740 1688//1688 1759//1759
f 1591//1591 1638//1638 1589//1589
f 1638//1638 1591//1591 1640//1640
f 1540//1540 1993//1993 1538//1538
f 1851//1851 1993//1993 1734//1734
f 1819//1819 1893//1893 1660//1660
f 1517//1517 1660//1660 1893//1893
f 1779//1779 1712//1712 1780//1780
f 1879//1879 1662//1662 1859//1859
f 1859//1859 1662//1662 1858//1858
f 1482//1482 1644//1644 1480//1480
f 2138//2138 1644//1644 1482//1482
f 1965//1965 1481//1481 1575//1575
f 1771//1771 1481//1481 1965//1965
f 2085//2085 1498//1498 1814//1814
f 1834//1834 1833//1833 1934//1934
f 1937//1937 1934//1934 1833//1833
f 1830//1830 2033//2033 1834//1834
f 1830//1830 1834//1834 1934//1934
f 1940//1940 1527//1527 2083//2083
f 1478//1478 2143//2143 2121//2121
f 1819//1819 2113//2113 1661//1661
f 1455//1455 1492//1492 1456//1456
f 1473//1473 1947//1947 1672//1672
f 1976//1976 1850//1850 2011//2011
f 1573//1573 1891//1891 1831//1831
f 1624//1624 1758//1758 1858//1858
f 1881//1881 2041//2041 2042//2042
f 2012//2012 1885//1885 1776//1776
f 2012//2012 1776//1776 1886//1886
f 1549//1549 2103//2103 1838//1838
f 1836//1836 1838//1838 1835//1835
f 1781//1781 1978//1978 1977//1977
f 2098//2098 1805//1805 1977//1977
f 1474//1474 1462//1462 1905//1905
f 1476//1476 1518//1518 1557//1557
f 1557//1557 1518//1518 1949//1949
f 1822//1822 1799//1799 1996//1996
f 2010//2010 2009//2009 1849//1849
f 1911//1911 1816//1816 1915//1915
f 1914//1914 1915//1915 1816//1816
f 1525//1525 1737//1737 1526//1526
f 1540//1540 1539//1539 1564//1564
f 2116//2116 1539//1539 1574//1574
f 1591//1591 1590//1590 1920//1920
f 2094//2094 2095//2095 1921//1921
f 1686//1686 1605//1605 1957//1957
f 1997//1997 1589//1589 1637//1637
f 1704//1704 2044//2044 1788//1788
f 1704//1704 2093//2093 2044//2044
f 1691//1691 1988//1988 1529//1529
f 2128//2128 1990//1990 1502//1502
f 2115//2115 1614//1614 1979//1979
f 2055//2055 2145//2145 1744//1744
f 1744//1744 2145//2145 1669//1669
f 1495//1495 1714//1714 1517//1517
f 2023//2023 2123//2123 1679//1679
f 1688//1688 1524//1524 1760//1760
f 1550//1550 1760//1760 1524//1524
f 1812//1812 1921//1921 1811//1811
f 1812//1812 2114//2114 2015//2015
f 1555//1555 1553//1553 1552//1552
f 2053//2053 1746//1746 2037//2037
f 1563//1563 1950//1950 1951//1951
f 1950//1950 1563//1563 1472//1472
f 1671//1671 2035//2035 2076//2076
f 1667//1667 1782//1782 1882//1882
f 1832//1832 1834//1834 2034//2034
f 1832//1832 2034//2034 1841//1841
f 2002//2002 1791//1791 2001//2001
f 1546//1546 1734//1734 2001//2001
f 1530//1530 1768//1768 1692//1692
f 1890//1890 1705//1705 2146//2146
f 2116//2116 1987//1987 1677//1677
f 1641//1641 2094//2094 1922//1922
f 2065//2065 2066//2066 1641//1641
f 1784//1784 2016//2016 1686//1686
f 1813//1813 2016//2016 2104//2104
f 1794//1794 2139//2139 1984//1984
f 1862//1862 1984//1984 1986//1986
f 1962//1962 2098//2098 2045//2045
f 1961//1961 1962//1962 2045//2045
f 1558//1558 1892//1892 1844//1844
f 1619//1619 1948//1948 2035//2035
f 1902//1902 1752//1752 2074//2074
f 2074//2074 1752//1752 1751//1751
f 2062//2062 2064//2064 1587//1587
f 1633//1633 1623//1623 1634//1634
f 2111//2111 1856//1856 2047//2047
f 1624//1624 1856//1856 1695//1695
f 1981//1981 1611//1611 1503//1503
f 1526//1526 2014//2014 1550//1550
f 1735//1735 1816//1816 1911//1911
f 1735//1735 1911//1911 1941//1941
f 1735//1735 1941//1941 1648//1648
f 1685//1685 1648//1648 1941//1941
f 1567//1567 2032//2032 1797//1797
f 1617//1617 1528//1528 1618//1618
f 2085//2085 1816//1816 1647//1647
f 2084//2084 2085//2085 1647//1647
f 1976//1976 2011//2011 1559//1559
f 1715//1715 1559//1559 2011//2011
f 1683//1683 1685//1685 1500//1500
f 1550//1550 2114//2114 1761//1761
f 1799//1799 1536//1536 1947//1947
f 1790//1790 1793//1793 1711//1711
f 1473//1473 1756//1756 1556//1556
f 1552//1552 2026//2026 1486//1486
f 1798//1798 1994//1994 1985//1985
f 1521//1521 1896//1896 1663//1663
f 1519//1519 1521//1521 1663//1663
f 1975//1975 1976//1976 1561//1561
f 1561//1561 1976//1976 1559//1559
f 2014//2014 1629//1629 1510//1510
f 1800//1800 2062//2062 1587//1587
f 2090//2090 1800//1800 1587//1587
f 1633//1633 2022//2022 1727//1727
f 1653//1653 2010//2010 1951//1951
f 1809//1809 1808//1808 2091//2091
f 1745//1745 1683//1683 1500//1500
f 1941//1941 1913//1913 1685//1685
f 1934//1934 1531//1531 1935//1935
f 1532//1532 1935//1935 1531//1531
f 1992//1992 1683//1683 1684//1684
f 1893//1893 2057//2057 1517//1517
f 1516//1516 1517//1517 2057//2057
f 1792//1792 1755//1755 1757//1757
f 1745//1745 1500//1500 1925//1925
f 1593//1593 2135//2135 1762//1762
f 1827//1827 1828//1828 2077//2077
f 1994//1994 1798//1798 2019//2019
f 2040//2040 1543//1543 2038//2038
f 2040//2040 1913//1913 1543//1543
f 1898//1898 1899//1899 1897//1897
f 1666//1666 2031//2031 1533//1533
f 1666//1666 1533//1533 2072//2072
f 1983//1983 1656//1656 1741//1741
f 1805//1805 2098//2098 1668//1668
f 1668//1668 1667//1667 1805//1805
f 1777//1777 2136//2136 1663//1663
f 2136//2136 1777//1777 1776//1776
f 1922//1922 2094//2094 1810//1810
f 1921//1921 1810//1810 2094//2094
f 1671//1671 2076//2076 1755//1755
f 1925//1925 1924//1924 1745//1745
f 1514//1514 1658//1658 2051//2051
f 1974//1974 2051//2051 1658//1658
f 2089//2089 1492//1492 1897//1897
f 1492//1492 2089//2089 1491//1491
f 1949//1949 1518//1518 1874//1874
f 1949//1949 1874//1874 1876//1876
f 1738//1738 1737//1737 1525//1525
f 1752//1752 1902//1902 1998//1998
f 1998//1998 1902//1902 1627//1627
f 1568//1568 1567//1567 1795//1795
f 1568//1568 1795//1795 1861//1861
f 1916//1916 1662//1662 2071//2071
f 1829//1829 2024//2024 1680//1680
f 1831//1831 2024//2024 1829//1829
f 1636//1636 1801//1801 1635//1635
f 1551//1551 1636//1636 1635//1635
f 1508//1508 2002//2002 1506//1506
f 2029//2029 2028//2028 1467//1467
f 1467//1467 1768//1768 1530//1530
f 1973//1973 1741//1741 1656//1656
f 1974//1974 1973//1973 1656//1656
f 1536//1536 1535//1535 1620//1620
f 1658//1658 1514//1514 1515//1515
f 1932//1932 1862//1862 1565//1565
f 1862//1862 1932//1932 1860//1860
f 1545//1545 1546//1546 1709//1709
f 1709//1709 1546//1546 1790//1790
f 1753//1753 1917//1917 2058//2058
f 2048//2048 1512//1512 2049//2049
f 1642//1642 2059//2059 1917//1917
f 1642//1642 1968//1968 2059//2059
f 2028//2028 1982//1982 1465//1465
f 1982//1982 2028//2028 1610//1610
f 1592//1592 1625//1625 1593//1593
f 1963//1963 1771//1771 1965//1965
f 1819//1819 1821//1821 1953//1953
f 1718//1718 1630//1630 1629//1629
f 1630//1630 1718//1718 2089//2089
f 1786//1786 1785//1785 1788//1788
f 1788//1788 2044//2044 1786//1786
f 1937//1937 1833//1833 1701//1701
f 1937//1937 1701//1701 1702//1702
f 2004//2004 1688//1688 1760//1760
f 1804//1804 1553//1553 1999//1999
f 2108//2108 1474//1474 2109//2109
f 2013//2013 2109//2109 1474//1474
f 1576//1576 1774//1774 1963//1963
f 1580//1580 1579//1579 1724//1724
f 2134//2134 2133//2133 1547//1547
f 2138//2138 2050//2050 1644//1644
f 1726//1726 1727//1727 2022//2022
f 1749//1749 1988//1988 1693//1693
f 2008//2008 1824//1824 2007//2007
f 1815//1815 1914//1914 1816//1816
f 2043//2043 1700//1700 1910//1910
f 1853//1853 1739//1739 1766//1766
f 1853//1853 1766//1766 1764//1764
f 1721//1721 1883//1883 1523//1523
f 2111//2111 1855//1855 1694//1694
f 1828//1828 1545//1545 1708//1708
f 1809//1809 2092//2092 1562//1562
f 1809//1809 1562//1562 1563//1563
f 1615//1615 1960//1960 1614//1614
f 1909//1909 1705//1705 1704//1704
f 1568//1568 1860//1860 1863//1863
f 1583//1583 1854//1854 2037//2037
f 1583//1583 2037//2037 1746//1746
f 1529//1529 1610//1610 2029//2029
f 2017//2017 1607//1607 1606//1606
f 1708//1708 1577//1577 1710//1710
f 1495//1495 1991//1991 1714//1714
f 1991//1991 1495//1495 1872//1872
f 2146//2146 1789//1789 1989//1989
f 1990//1990 1989//1989 1789//1789
f 1753//1753 1918//1918 1917//1917
f 1664//1664 1519//1519 1663//1663
f 2121//2121 1651//1651 1650//1650
f 2073//2073 1651//1651 2121//2121
f 1625//1625 1626//1626 2142//2142
f 1607//1607 1972//1972 1608//1608
f 1972//1972 1646//1646 1608//1608
f 1513//1513 1657//1657 2082//2082
f 1712//1712 2073//2073 1875//1875
f 1874//1874 1712//1712 1875//1875
f 2098//2098 1978//1978 2045//2045
f 1493//1493 1494//1494 2039//2039
f 1637//1637 1919//1919 1477//1477
f 1637//1637 1477//1477 1997//1997
f 1461//1461 2119//2119 2124//2124
f 1953//1953 1820//1820 2096//2096
f 2006//2006 2077//2077 1575//1575
f 1693//1693 2078//2078 2122//2122
f 1463//1463 1493//1493 1930//1930
f 1988//1988 1691//1691 1690//1690
f 1943//1943 1676//1676 1866//1866
f 1943//1943 1674//1674 1676//1676
f 2068//2068 2067//2067 1736//1736
f 2068//2068 1772//1772 2067//2067
f 1737//1737 1738//1738 1813//1813
f 2016//2016 1813//1813 1738//1738
f 1586//1586 1895//1895 2090//2090
f 1609//1609 1746//1746 1847//1847
f 1609//1609 1847//1847 1610//1610
f 1458//1458 1835//1835 2103//2103
f 1835//1835 1838//1838 2103//2103
f 1817//1817 1970//1970 2018//2018
f 1970//1970 1817//1817 1818//1818
f 1727//1727 1726//1726 1866//1866
f 1758//1758 1469//1469 1859//1859
f 1887//1887 1801//1801 1471//1471
f 1952//1952 1461//1461 2124//2124
f 1472//1472 1952//1952 2124//2124
f 1854//1854 1584//1584 1855//1855
f 1748//1748 1855//1855 1584//1584
f 1764//1764 1763//1763 2069//2069
f 1764//1764 2069//2069 2132//2132
f 1826//1826 1979//1979 1959//1959
f 1826//1826 1823//1823 1979//1979
f 1785//1785 1787//1787 1465//1465
f 1516//1516 1558//1558 1557//1557
f 1892//1892 1558//1558 1516//1516
f 1848//1848 2009//2009 1850//1850
f 1849//1849 2009//2009 1848//1848
f 1864//1864 1602//1602 1604//1604
f 2078//2078 1602//1602 2003//2003
f 1997//1997 1477//1477 1783//1783
f 1477//1477 1842//1842 1783//1783
f 2135//2135 1593//1593 1836//1836
f 2135//2135 1836//1836 1835//1835
f 1720//1720 2007//2007 1824//1824
f 1942//1942 2007//2007 1720//1720
f 1961//1961 2045//2045 1958//1958
f 1578//1578 1577//1577 1792//1792
f 1938//1938 1737//1737 1813//1813
f 1667//1667 1881//1881 2117//2117
f 1713//1713 1873//1873 2060//2060
f 1634//1634 2125//2125 1470//1470
f 1732//1732 1634//1634 2021//2021
f 1459//1459 1600//1600 1601//1601
f 1601//1601 1460//1460 1459//1459
f 1499//1499 1863//1863 1498//1498
f 2046//2046 2036//2036 2120//2120
f 2107//2107 1479//1479 1650//1650
f 1479//1479 1478//1478 1650//1650
f 1985//1985 1994//1994 1540//1540
f 2027//2027 2107//2107 1650//1650
f 2005//2005 2124//2124 1900//1900
f 2005//2005 1900//1900 1728//1728
f 2118//2118 1907//1907 2112//2112
f 2066//2066 1640//1640 1641//1641
f 1753//1753 2058//2058 2066//2066
f 1638//1638 1640//1640 1639//1639
f 1653//1653 1654//1654 2147//2147
f 2010//2010 1653//1653 2147//2147
f 1552//1552 1551//1551 2107//2107
f 1691//1691 1530//1530 1692//1692
f 1792//1792 1711//1711 1793//1793
f 1929//1929 1544//1544 1773//1773
f 1773//1773 2088//2088 1929//1929
f 1569//1569 1706//1706 1570//1570
f 1894//1894 1570//1570 1706//1706
f 1460//1460 1759//1759 1458//1458
f 1759//1759 1835//1835 1458//1458
f 1720//1720 1719//1719 1942//1942
f 1718//1718 1628//1628 1719//1719
f 1581//1581 1695//1695 2122//2122
f 1939//1939 2104//2104 1527//1527
f 1882//1882 2054//2054 1908//1908
f 1574//1574 1678//1678 1987//1987
f 1556//1556 1580//1580 2141//2141
f 2015//2015 1921//1921 1812//1812
f 1921//1921 2015//2015 1810//1810
f 1502//1502 1981//1981 1503//1503
f 1465//1465 1981//1981 1502//1502
f 1533//1533 1655//1655 2072//2072
f 2072//2072 1655//1655 2075//2075
f 1754//1754 1753//1753 2065//2065
f 1670//1670 1757//1757 2076//2076
f 2080//2080 1729//1729 2079//2079
f 1989//1989 2030//2030 2146//2146
f 1558//1558 1844//1844 1557//1557
f 2001//2001 1791//1791 1546//1546
f 1538//1538 1993//1993 1851//1851
f 2093//2093 2043//2043 2044//2044
f 2034//2034 1588//1588 1841//1841
f 1841//1841 1588//1588 1585//1585
f 1549//1549 1837//1837 1547//1547
f 1550//1550 1511//1511 2114//2114
f 2020//2020 1743//1743 1669//1669
f 2020//2020 1924//1924 1743//1743
f 1918//1918 1946//1946 1455//1455
f 1588//1588 2034//2034 1571//1571
f 2033//2033 1700//1700 2034//2034
f 1514//1514 1868//1868 1515//1515
f 1906//1906 1804//1804 1999//1999
f 2030//2030 2031//2031 1707//1707
f 2031//2031 1666//1666 1707//1707
f 1552//1552 1486//1486 1555//1555
f 1974//1974 1657//1657 1975//1975
f 1818//1818 1817//1817 1651//1651
f 1839//1839 1701//1701 1833//1833
f 1738//1738 1525//1525 1852//1852
f 1882//1882 1722//1722 2054//2054
f 2041//2041 1882//1882 1883//1883
f 1721//1721 2041//2041 1883//1883
f 2113//2113 1819//1819 1953//1953
f 1554//1554 1555//1555 1488//1488
f 1814//1814 1815//1815 2085//2085
f 1793//1793 1755//1755 1792//1792
f 1597//1597 2061//2061 1598//1598
f 1570//1570 1588//1588 1571//1571
f 1935//1935 1572//1572 1831//1831
f 1831//1831 1572//1572 1573//1573
f 1525//1525 1688//1688 1852//1852
f 2136//2136 2110//2110 1663//1663
f 1528//1528 1617//1617 2008//2008
f 1487//1487 2018//2018 1489//1489
f 2026//2026 2018//2018 1486//1486
f 1929//1929 2088//2088 1594//1594
f 1805//1805 2112//2112 2099//2099
f 1968//1968 1642//1642 1967//1967
f 1616//1616 1825//1825 1617//1617
f 1954//1954 1675//1675 1843//1843
f 1674//1674 1843//1843 1675//1675
f 1522//1522 2102//2102 1948//1948
f 1520//1520 1522//1522 1948//1948
f 1547//1547 2133//2133 1548//1548
f 2022//2022 1633//1633 1634//1634
f 1947//1947 1620//1620 1672//1672
f 1554//1554 1999//1999 1555//1555
f 1800//1800 2090//2090 1537//1537
f 1502//1502 1788//1788 1785//1785
f 1990//1990 1788//1788 1502//1502
f 2083//2083 2008//2008 2007//2007
f 1837//1837 2134//2134 1547//1547
f 2142//2142 2134//2134 1837//1837
f 1473//1473 1672//1672 1756//1756
f 1592//1592 2081//2081 1590//1590
f 1673//1673 1943//1943 1866//1866
f 1876//1876 1875//1875 2143//2143
f 1875//1875 2121//2121 2143//2143
f 1611//1611 1981//1981 2105//2105
f 1981//1981 1982//1982 2105//2105
f 2052//2052 1656//1656 1867//1867
f 1564//1564 1539//1539 2116//2116
f 2116//2116 1677//1677 1564//1564
f 1496//1496 1612//1612 1741//1741
f 1723//1723 1722//1722 1962//1962
f 1962//1962 1722//1722 1782//1782
f 1942//1942 1940//1940 2083//2083
f 1722//1722 1723//1723 1615//1615
f 1960//1960 1615//1615 1723//1723
f 1736//1736 1912//1912 2050//2050
f 1543//1543 1912//1912 1736//1736
f 1951//1951 1809//1809 1563//1563
f 1808//1808 1809//1809 1951//1951
f 1499//1499 1498//1498 1689//1689
f 2090//2090 1895//1895 1537//1537
f 1945//1945 1751//1751 1843//1843
f 1674//1674 1945//1945 1843//1843
f 1616//1616 2020//2020 2115//2115
f 1616//1616 2115//2115 1825//1825
f 1725//1725 1980//1980 1724//1724
f 1980//1980 1865//1865 1724//1724
f 1564//1564 1565//1565 1986//1986
f 1986//1986 1565//1565 1862//1862
f 2137//2137 1995//1995 1470//1470
f 1783//1783 1842//1842 1750//1750
f 2004//2004 1835//1835 1759//1759
f 1835//1835 2004//2004 2135//2135
f 1548//1548 1980//1980 1725//1725
f 2142//2142 1626//1626 1902//1902
f 2051//2051 1974//1974 2052//2052
f 2052//2052 1974//1974 1656//1656
f 2035//2035 2102//2102 2127//2127
f 2102//2102 2126//2126 2127//2127
f 2130//2130 1588//1588 1570//1570
f 2016//2016 1784//1784 2104//2104
f 2014//2014 1510//1510 1550//1550
f 1550//1550 1510//1510 1511//1511
f 1990//1990 1789//1789 1788//1788
f 2067//2067 1544//1544 1736//1736
f 1736//1736 1544//1544 1543//1543
f 1542//1542 1703//1703 1506//1506
f 1850//1850 1976//1976 1657//1657
f 1903//1903 1902//1902 2074//2074
f 1896//1896 1895//1895 2097//2097
f 1492//1492 1696//1696 1898//1898
f 1696//1696 1845//1845 1898//1898
f 1457//1457 1751//1751 1944//1944
f 1721//1721 2042//2042 2041//2041
f 2042//2042 1721//1721 2110//2110
f 1522//1522 1520//1520 1519//1519
f 1767//1767 1692//1692 1768//1768
f 1767//1767 1928//1928 1692//1692
f 1959//1959 1614//1614 1960//1960
f 1858//1858 1758//1758 1859//1859
f 1848//1848 1850//1850 1512//1512
f 1889//1889 1887//1887 2060//2060
f 1635//1635 1887//1887 1889//1889
f 1787//1787 1786//1786 2025//2025
f 1459//1459 1541//1541 1600//1600
f 2122//2122 1694//1694 1693//1693
f 1582//1582 1702//1702 1469//1469
f 1702//1702 1582//1582 1864//1864
f 1748//1748 1584//1584 1749//1749
f 1749//1749 1584//1584 1747//1747
f 1607//1607 2132//2132 1689//1689
f 2132//2132 2069//2069 1689//1689
f 1840//1840 1832//1832 1841//1841
f 1536//1536 1799//1799 1537//1537
f 2061//2061 1908//1908 1598//1598
f 1523//1523 1908//1908 2061//2061
f 1705//1705 1789//1789 2146//2146
f 1621//1621 1892//1892 1622//1622
f 1790//1790 1791//1791 2002//2002
f 1472//1472 1471//1471 2100//2100
f 1493//1493 1464//1464 1926//1926
f 1464//1464 1493//1493 1463//1463
f 1462//1462 1474//1474 2108//2108
f 2108//2108 2119//2119 1462//1462
f 1511//1511 2106//2106 1698//1698
f 1511//1511 1510//1510 1631//1631
f 1837//1837 1836//1836 1625//1625
f 1576//1576 1964//1964 1577//1577
f 1899//1899 1699//1699 1698//1698
f 1698//1698 2106//2106 1899//1899
f 2065//2065 1641//1641 1922//1922
f 1806//1806 2117//2117 2118//2118
f 1461//1461 1952//1952 1803//1803
f 2129//2129 1506//1506 2019//2019
f 1506//1506 2000//2000 2019//2019
f 1775//1775 1776//1776 2075//2075
f 2075//2075 1655//1655 1775//1775
f 1929//1929 1594//1594 1931//1931
f 2048//2048 1807//1807 1848//1848
f 1517//1517 1516//1516 1495//1495
f 1972//1972 1607//1607 2084//2084
f 1689//1689 2084//2084 1607//1607
f 1597//1597 1595//1595 2126//2126
f 1595//1595 1670//1670 2126//2126
f 1456//1456 1491//1491 1826//1826
f 1603//1603 1690//1690 1928//1928
f 2134//2134 1903//1903 2133//2133
f 1845//1845 1754//1754 1923//1923
f 1923//1923 1898//1898 1845//1845
f 1505//1505 1840//1840 2064//2064
f 2087//2087 1661//1661 1916//1916
f 1860//1860 1932//1932 1863//1863
f 1593//1593 1762//1762 1811//1811
f 2021//2021 1634//1634 1623//1623
f 2129//2129 1600//1600 1599//1599
f 2129//2129 1599//1599 1506//1506
f 1688//1688 2004//2004 1759//1759
f 1713//1713 2060//2060 1888//1888
f 1535//1535 1948//1948 1619//1619
f 2078//2078 1693//1693 1603//1603
f 1485//1485 2042//2042 1884//1884
f 1984//1984 2139//2139 1986//1986
f 1985//1985 1986//1986 2139//2139
f 1663//1663 1665//1665 1777//1777
f 1795//1795 1984//1984 1861//1861
f 1992//1992 1648//1648 1685//1685
f 2086//2086 1462//1462 1803//1803
f 1867//1867 1656//1656 1983//1983
f 2060//2060 1873//1873 2143//2143
f 1852//1852 1688//1688 1740//1740
f 1856//1856 2111//2111 1695//1695
f 1801//1801 2100//2100 1471//1471
f 1803//1803 2100//2100 1801//1801
f 1564//1564 1986//1986 1985//1985
f 1886//1886 1901//1901 2108//2108
f 1900//1900 2108//2108 1901//1901
f 2043//2043 1569//1569 1571//1571
f 2043//2043 1571//1571 1700//1700
f 1479//1479 2060//2060 2143//2143
f 1479//1479 1889//1889 2060//2060
f 1618//1618 1745//1745 1616//1616
f 1616//1616 1745//1745 1924//1924
f 1719//1719 1628//1628 1942//1942
f 1498//1498 2085//2085 2084//2084
f 1820//1820 1856//1856 2096//2096
f 1933//1933 2141//2141 1866//1866
f 1866//1866 2141//2141 1865//1865
f 1457//1457 1673//1673 2133//2133
f 1856//1856 2120//2120 2047//2047
f 2046//2046 2120//2120 1856//1856
f 1687//1687 1618//1618 1528//1528
f 1957//1957 1687//1687 1528//1528
f 1685//1685 2040//2040 1501//1501
f 1685//1685 1913//1913 2040//2040
f 1629//1629 1631//1631 1510//1510
f 1577//1577 1964//1964 1710//1710
f 1931//1931 1594//1594 1596//1596
f 1654//1654 1653//1653 1728//1728
f 1684//1684 1957//1957 1605//1605
f 1998//1998 1783//1783 1752//1752
f 1750//1750 1752//1752 1783//1783
f 1900//1900 1729//1729 1728//1728
f 1729//1729 1900//1900 1901//1901
f 2095//2095 1920//1920 1921//1921
f 2002//2002 1508//1508 1793//1793
f 2125//2125 1732//1732 1731//1731
f 2082//2082 1821//1821 1659//1659
f 2082//2082 1515//1515 1821//1821
f 1576//1576 1773//1773 1774//1774
f 1633//1633 1621//1621 1623//1623
f 1673//1673 1457//1457 1944//1944
f 1624//1624 1858//1858 2096//2096
f 1905//1905 2118//2118 1904//1904
f 1904//1904 2118//2118 1485//1485
f 1802//1802 1804//1804 1906//1906
f 1636//1636 1804//1804 1802//1802
f 2001//2001 1734//1734 2000//2000
f 2123//2123 1932//1932 1679//1679
f 1773//1773 1576//1576 2088//2088
f 1774//1774 2067//2067 1772//1772
f 1772//1772 1963//1963 1774//1774
f 1864//1864 1582//1582 2003//2003
f 2003//2003 1602//1602 1864//1864
f 2030//2030 1496//1496 2031//2031
f 2080//2080 2079//2079 1869//1869
f 2080//2080 1869//1869 1716//1716
f 1871//1871 1716//1716 1869//1869
f 1930//1930 2039//2039 2038//2038
f 1821//1821 2046//2046 1820//1820
f 1759//1759 1460//1460 1740//1740
f 2079//2079 1901//1901 1775//1775
f 1840//1840 1505//1505 1839//1839
f 2097//2097 1895//1895 1894//1894
f 1528//1528 1784//1784 1686//1686
f 2108//2108 1900//1900 2119//2119
f 2029//2029 1467//1467 1530//1530
f 1899//1899 2106//2106 1631//1631
f 1850//1850 1657//1657 1513//1513
f 1659//1659 1819//1819 1660//1660
f 1819//1819 1659//1659 1821//1821
f 1871//1871 1869//1869 1956//1956
f 1869//1869 1870//1870 1956//1956
f 1632//1632 1675//1675 2101//2101
f 2052//2052 1867//1867 1847//1847
f 2052//2052 1847//1847 2053//2053
f 1498//1498 1863//1863 2123//2123
f 1722//1722 1882//1882 1782//1782
f 1694//1694 1748//1748 1749//1749
f 2107//2107 2027//2027 1552//1552
f 2026//2026 1552//1552 2027//2027
f 2037//2037 2036//2036 1868//1868
f 2053//2053 2037//2037 1868//1868
f 1560//1560 1559//1559 1871//1871
f 2026//2026 2027//2027 1817//1817
f 2099//2099 2112//2112 1999//1999
f 1554//1554 2099//2099 1999//1999
f 2031//2031 1497//1497 1534//1534
f 1534//1534 1533//1533 2031//2031
f 1826//1826 1824//1824 1823//1823
f 1824//1824 1826//1826 1720//1720
f 1528//1528 2008//2008 2083//2083
f 2051//2051 1868//1868 1514//1514
f 1870//1870 2079//2079 1655//1655
f 2080//2080 1654//1654 1728//1728
f 2147//2147 1654//1654 2080//2080
f 2021//2021 1623//1623 1916//1916
f 1916//1916 1623//1623 1622//1622
f 1938//1938 2014//2014 1737//1737
f 1790//1790 1711//1711 1709//1709
f 2012//2012 2108//2108 2109//2109
f 1886//1886 2108//2108 2012//2012
f 1619//1619 1672//1672 1620//1620
f 2067//2067 1774//1774 1773//1773
f 1773//1773 1544//1544 2067//2067
f 2077//2077 1828//1828 1710//1710
f 1487//1487 1486//1486 2018//2018
f 2066//2066 2058//2058 1640//1640
f 1825//1825 1824//1824 2008//2008
f 2126//2126 2102//2102 1597//1597
f 1727//1727 1866//1866 1676//1676
f 1991//1991 1872//1872 1713//1713
f 2040//2040 1494//1494 1501//1501
f 1598//1598 1931//1931 1596//1596
f 1707//1707 1890//1890 2146//2146
f 2030//2030 1707//1707 2146//2146
f 1488//1488 1977//1977 1554//1554
f 1574//1574 1987//1987 2116//2116
f 1755//1755 1672//1672 1671//1671
f 1461//1461 1462//1462 2119//2119
f 2049//2049 1517//1517 1714//1714
f 1736//1736 2050//2050 2138//2138
f 2064//2064 1840//1840 1841//1841
f 1802//1802 1906//1906 2086//2086
f 1905//1905 2086//2086 1906//1906
f 1611//1611 1741//1741 1612//1612
f 1507//1507 1756//1756 1508//1508
f 1852//1852 1740//1740 1853//1853
f 1472//1472 2131//2131 1471//1471
f 1564//1564 1985//1985 1540//1540
f 1495//1495 1949//1949 1872//1872
f 2059//2059 1968//1968 1509//1509
f 1509//1509 1968//1968 1475//1475
f 1846//1846 1847//1847 1867//1867
f 1846//1846 1867//1867 2105//2105
f 1601//1601 1600//1600 1797//1797
f 1951//1951 2010//2010 1808//1808
f 1808//1808 2010//2010 1849//1849
f 1586//1586 1585//1585 2130//2130
f 1907//1907 1906//1906 2112//2112
f 2112//2112 1906//1906 1999//1999
f 1914//1914 1644//1644 2050//2050
f 1645//1645 1644//1644 1914//1914
f 1814//1814 1498//1498 2123//2123
f 2123//2123 2023//2023 1814//1814
f 1832//1832 1840//1840 1839//1839
f 1706//1706 2093//2093 1704//1704
f 1613//1613 2128//2128 1611//1611
f 1697//1697 2114//2114 1698//1698
f 1698//1698 2114//2114 1511//1511
f 1506//1506 1599//1599 1542//1542
f 1927//1927 1767//1767 1573//1573
f 1609//1609 1529//1529 1747//1747
f 1677//1677 1987//1987 1678//1678
f 1497//1497 1496//1496 1560//1560
f 1571//1571 2034//2034 1700//1700
f 1504//1504 1468//1468 1469//1469
f 2126//2126 1670//1670 2076//2076
f 2077//2077 1710//1710 1965//1965
f 2144//2144 1628//1628 1718//1718
f 1628//1628 2144//2144 1940//1940
f 1708//1708 1710//1710 1828//1828
f 1847//1847 1846//1846 1610//1610
f 1818//1818 2070//2070 1969//1969
f 1787//1787 1466//1466 1465//1465
f 1686//1686 1606//1606 1605//1605
f 1686//1686 2016//2016 1606//1606
f 1870//1870 1533//1533 1534//1534
f 1870//1870 1534//1534 1956//1956
f 1806//1806 1667//1667 2117//2117
f 1805//1805 1667//1667 1806//1806
f 1504//1504 1701//1701 1505//1505
f 1505//1505 1701//1701 1839//1839
f 1713//1713 2092//2092 1991//1991
f 2092//2092 2091//2091 1991//1991
f 1872//1872 1949//1949 1876//1876
f 2140//2140 1969//1969 1778//1778
f 1811//1811 1920//1920 2081//2081
f 2095//2095 1641//1641 1591//1591
f 1515//1515 2082//2082 1658//1658
f 1808//1808 1807//1807 2091//2091
f 1593//1593 1811//1811 2081//2081
f 2046//2046 1856//1856 1820//1820
f 1876//1876 1873//1873 1872//1872
f 1876//1876 2143//2143 1873//1873
f 2083//2083 2007//2007 1942//1942
f 2030//2030 1613//1613 1496//1496
f 1496//1496 1613//1613 1612//1612
f 1470//1470 1726//1726 2022//2022
f 1488//1488 1487//1487 1781//1781
f 1969//1969 1970//1970 1818//1818
f 1499//1499 1566//1566 1863//1863
f 1595//1595 1594//1594 1670//1670
f 2115//2115 1823//1823 1825//1825
f 1537//1537 1895//1895 1896//1896
f 1786//1786 1682//1682 1681//1681
f 2023//2023 1645//1645 1815//1815
f 1668//1668 1782//1782 1667//1667
f 1777//1777 2072//2072 2075//2075
f 1755//1755 2076//2076 1757//1757
f 2095//2095 1591//1591 1920//1920
f 2097//2097 1890//1890 1665//1665
f 2017//2017 1606//1606 2016//2016
f 1849//1849 1848//1848 1807//1807
f 2122//2122 1695//1695 1694//1694
f 1587//1587 2064//2064 1585//1585
f 1594//1594 1595//1595 1596//1596
f 1972//1972 2084//2084 1647//1647
f 1497//1497 2031//2031 1496//1496
f 1822//1822 1996//1996 2137//2137
f 1652//1652 1969//1969 2140//2140
f 2082//2082 1659//1659 1513//1513
f 1513//1513 1659//1659 1512//1512
f 1992//1992 1646//1646 1648//1648
f 1718//1718 1938//1938 2144//2144
f 1718//1718 1629//1629 1938//1938
f 1517//1517 2049//2049 1660//1660
f 2010//2010 2147//2147 1716//1716
f 2097//2097 1706//1706 1705//1705
f 1462//1462 2086//2086 1905//1905
f 2129//2129 1798//1798 1797//1797
f 2019//2019 1798//1798 2129//2129
f 2132//2132 1607//1607 2017//2017
f 1499//1499 2069//2069 1566//1566
f 1877//1877 1765//1765 1739//1739
f 2118//2118 2112//2112 1806//1806
f 2040//2040 2038//2038 2039//2039
f 2084//2084 1689//1689 1498//1498
f 2097//2097 1705//1705 1890//1890
f 1901//1901 2079//2079 1729//1729
f 1784//1784 1527//1527 2104//2104
f 1527//1527 1784//1784 1528//1528
f 1884//1884 1717//1717 1485//1485
f 1866//1866 1865//1865 1980//1980
f 1673//1673 1866//1866 1980//1980
f 1871//1871 1715//1715 1716//1716
f 1916//1916 1622//1622 2087//2087
f 1732//1732 2125//2125 1634//1634
f 2032//2032 1567//1567 1763//1763
f 1863//1863 1932//1932 2123//2123
f 1894//1894 2130//2130 1570//1570
f 1871//1871 1956//1956 1560//1560
f 1497//1497 1560//1560 1956//1956
f 1956//1956 1534//1534 1497//1497
f 2142//2142 1902//1902 1903//1903
f 1664//1664 2110//2110 1721//1721
f 1721//1721 1519//1519 1664//1664
f 2079//2079 1870//1870 1869//1869
f 1600//1600 2129//2129 1797//1797
f 2042//2042 2110//2110 1884//1884
f 1753//1753 1754//1754 1946//1946
f 1946//1946 1918//1918 1753//1753
f 1939//1939 1813//1813 2104//2104
f 1544//1544 2038//2038 1543//1543
f 2142//2142 1903//1903 2134//2134
f 1680//1680 1682//1682 1910//1910
f 1817//1817 2027//2027 1649//1649
f 1893//1893 1819//1819 2087//2087
f 2087//2087 1819//1819 1661//1661
f 1730//1730 2063//2063 1878//1878
f 2037//2037 1854//1854 2036//2036
f 1488//1488 1781//1781 1977//1977
f 2046//2046 1515//1515 2036//2036
f 1868//1868 2036//2036 1515//1515
f 1757//1757 2088//2088 1792//1792
f 2072//2072 1777//1777 1665//1665
f 1826//1826 1490//1490 1456//1456
f 1631//1631 2106//2106 1511//1511
f 1541//1541 1459//1459 1484//1484
f 2003//2003 1581//1581 2122//2122
f 2113//2113 1857//1857 1662//1662
f 1457//1457 1903//1903 2074//2074
f 1886//1886 1775//1775 1901//1901
f 1776//1776 1775//1775 1886//1886
f 2071//2071 2021//2021 1916//1916
f 1600//1600 1541//1541 1599//1599
f 1754//1754 1845//1845 1946//1946
f 1946//1946 1845//1845 1455//1455
f 1457//1457 2133//2133 1903//1903
f 1669//1669 2145//2145 2054//2054
f 1792//1792 2088//2088 1578//1578
f 2118//2118 2117//2117 1485//1485
f 1977//1977 1978//1978 2098//2098
f 2013//2013 1904//1904 1717//1717
f 1790//1790 2002//2002 1793//1793
f 1817//1817 1649//1649 1651//1651
f 2036//2036 1854//1854 2120//2120
f 1516//1516 1949//1949 1495//1495
f 1516//1516 1557//1557 1949//1949
f 2114//2114 1812//1812 1761//1761
f 2080//2080 1716//1716 2147//2147
f 1655//1655 2079//2079 1775//1775
f 1988//1988 1749//1749 1747//1747
f 2117//2117 1881//1881 1485//1485
f 1881//1881 2042//2042 1485//1485
f 2043//2043 2093//2093 1569//1569
f 1843//1843 1842//1842 1954//1954
f 1474//1474 1905//1905 2013//2013
f 1686//1686 1957//1957 1528//1528
f 2172//2172 2152//2152 2153//2153
f 2157//2157 2510//2510 2330//2330
f 2159//2159 2359//2359 2160//2160
f 2804//2804 2161//2161 2657//2657
f 2162//2162 2163//2163 2164//2164
f 2686//2686 2167//2167 2168//2168
f 2169//2169 2639//2639 2170//2170
f 2171//2171 2152//2152 2172//2172
f 2173//2173 2174//2174 2175//2175
f 2180//2180 2181//2181 2182//2182
f 2183//2183 2157//2157 2330//2330
f 2186//2186 2187//2187 2188//2188
f 2195//2195 2196//2196 2197//2197
f 2198//2198 2199//2199 2200//2200
f 2201//2201 2824//2824 2202//2202
f 2205//2205 2206//2206 2317//2317
f 2211//2211 2212//2212 2213//2213
f 2214//2214 2546//2546 2154//2154
f 2215//2215 2216//2216 2217//2217
f 2218//2218 2219//2219 2220//2220
f 2228//2228 2229//2229 2230//2230
f 2162//2162 2231//2231 2782//2782
f 2232//2232 2233//2233 2234//2234
f 2237//2237 2238//2238 2239//2239
f 2240//2240 2241//2241 2242//2242
f 2243//2243 2244//2244 2245//2245
f 2246//2246 2247//2247 2248//2248
f 2251//2251 2252//2252 2438//2438
f 2253//2253 2254//2254 2255//2255
f 2399//2399 2256//2256 2257//2257
f 2177//2177 2260//2260 2261//2261
f 2264//2264 2265//2265 2795//2795
f 2266//2266 2241//2241 2240//2240
f 2268//2268 2693//2693 2269//2269
f 2270//2270 2271//2271 2272//2272
f 2275//2275 2276//2276 2755//2755
f 2660//2660 2281//2281 2758//2758
f 2282//2282 2283//2283 2751//2751
f 2285//2285 2286//2286 2287//2287
f 2288//2288 2289//2289 2290//2290
f 2295//2295 2296//2296 2817//2817
f 2297//2297 2298//2298 2299//2299
f 2171//2171 2300//2300 2301//2301
f 2546//2546 2214//2214 2304//2304
f 2305//2305 2306//2306 2153//2153
f 2722//2722 2307//2307 2308//2308
f 2283//2283 2240//2240 2242//2242
f 2311//2311 2312//2312 2313//2313
f 2804//2804 2315//2315 2161//2161
f 2212//2212 2211//2211 2316//2316
f 2318//2318 2319//2319 2320//2320
f 2236//2236 2321//2321 2834//2834
f 2324//2324 2325//2325 2222//2222
f 2304//2304 2214//2214 2327//2327
f 2264//2264 2302//2302 2265//2265
f 2797//2797 2285//2285 2330//2330
f 2743//2743 2201//2201 2202//2202
f 2333//2333 2334//2334 2335//2335
f 2319//2319 2336//2336 2337//2337
f 2656//2656 2340//2340 2836//2836
f 2343//2343 2344//2344 2272//2272
f 2349//2349 2350//2350 2532//2532
f 2353//2353 2354//2354 2350//2350
f 2322//2322 2357//2357 2323//2323
f 2298//2298 2363//2363 2364//2364
f 2731//2731 2365//2365 2366//2366
f 2370//2370 2371//2371 2372//2372
f 2743//2743 2373//2373 2201//2201
f 2374//2374 2375//2375 2430//2430
f 2376//2376 2377//2377 2378//2378
f 2376//2376 2379//2379 2377//2377
f 2380//2380 2381//2381 2382//2382
f 2245//2245 2383//2383 2796//2796
f 2246//2246 2385//2385 2247//2247
f 2386//2386 2387//2387 2388//2388
f 2399//2399 2400//2400 2401//2401
f 2403//2403 2404//2404 2155//2155
f 2393//2393 2407//2407 2782//2782
f 2492//2492 2408//2408 2446//2446
f 2412//2412 2413//2413 2414//2414
f 2419//2419 2420//2420 2826//2826
f 2423//2423 2290//2290 2289//2289
f 2426//2426 2427//2427 2566//2566
f 2598//2598 2431//2431 2430//2430
f 2366//2366 2358//2358 2233//2233
f 2433//2433 2434//2434 2307//2307
f 2437//2437 2436//2436 2438//2438
f 2590//2590 2445//2445 2446//2446
f 2448//2448 2817//2817 2296//2296
f 2449//2449 2450//2450 2357//2357
f 2451//2451 2612//2612 2452//2452
f 2455//2455 2356//2356 2355//2355
f 2492//2492 2456//2456 2408//2408
f 2302//2302 2457//2457 2458//2458
f 2235//2235 2459//2459 2236//2236
f 2460//2460 2214//2214 2151//2151
f 2461//2461 2462//2462 2463//2463
f 2238//2238 2242//2242 2756//2756
f 2464//2464 2830//2830 2465//2465
f 2466//2466 2273//2273 2467//2467
f 2414//2414 2413//2413 2468//2468
f 2469//2469 2157//2157 2470//2470
f 2471//2471 2472//2472 2473//2473
f 2474//2474 2282//2282 2790//2790
f 2477//2477 2237//2237 2410//2410
f 2566//2566 2427//2427 2478//2478
f 2826//2826 2480//2480 2481//2481
f 2823//2823 2796//2796 2383//2383
f 2373//2373 2482//2482 2201//2201
f 2182//2182 2181//2181 2483//2483
f 2484//2484 2485//2485 2486//2486
f 2487//2487 2488//2488 2489//2489
f 2490//2490 2491//2491 2341//2341
f 2828//2828 2312//2312 2311//2311
f 2557//2557 2492//2492 2638//2638
f 2390//2390 2493//2493 2494//2494
f 2766//2766 2496//2496 2360//2360
f 2497//2497 2393//2393 2498//2498
f 2681//2681 2501//2501 2260//2260
f 2199//2199 2198//2198 2686//2686
f 2299//2299 2511//2511 2234//2234
f 2233//2233 2358//2358 2234//2234
f 2150//2150 2154//2154 2514//2514
f 2515//2515 2516//2516 2517//2517
f 2830//2830 2464//2464 2520//2520
f 2400//2400 2521//2521 2401//2401
f 2522//2522 2229//2229 2228//2228
f 2522//2522 2440//2440 2523//2523
f 2662//2662 2287//2287 2524//2524
f 2814//2814 2525//2525 2295//2295
f 2518//2518 2526//2526 2519//2519
f 2527//2527 2528//2528 2529//2529
f 2193//2193 2194//2194 2530//2530
f 2531//2531 2532//2532 2533//2533
f 2418//2418 2417//2417 2536//2536
f 2174//2174 2173//2173 2537//2537
f 2538//2538 2377//2377 2379//2379
f 2539//2539 2540//2540 2541//2541
f 2456//2456 2492//2492 2543//2543
f 2557//2557 2543//2543 2492//2492
f 2546//2546 2547//2547 2548//2548
f 2266//2266 2240//2240 2552//2552
f 2552//2552 2553//2553 2482//2482
f 2391//2391 2362//2362 2560//2560
f 2565//2565 2566//2566 2567//2567
f 2573//2573 2574//2574 2575//2575
f 2576//2576 2577//2577 2396//2396
f 2396//2396 2395//2395 2576//2576
f 2744//2744 2800//2800 2579//2579
f 2185//2185 2580//2580 2581//2581
f 2582//2582 2583//2583 2335//2335
f 2586//2586 2587//2587 2588//2588
f 2589//2589 2590//2590 2447//2447
f 2407//2407 2591//2591 2592//2592
f 2596//2596 2597//2597 2201//2201
f 2598//2598 2599//2599 2600//2600
f 2833//2833 2601//2601 2455//2455
f 2693//2693 2268//2268 2602//2602
f 2603//2603 2604//2604 2602//2602
f 2193//2193 2530//2530 2608//2608
f 2610//2610 2479//2479 2259//2259
f 2315//2315 2611//2611 2161//2161
f 2452//2452 2612//2612 2613//2613
f 2241//2241 2614//2614 2615//2615
f 2148//2148 2614//2614 2241//2241
f 2616//2616 2340//2340 2416//2416
f 2620//2620 2621//2621 2489//2489
f 2622//2622 2294//2294 2293//2293
f 2623//2623 2411//2411 2624//2624
f 2594//2594 2595//2595 2626//2626
f 2382//2382 2381//2381 2627//2627
f 2456//2456 2629//2629 2510//2510
f 2196//2196 2195//2195 2630//2630
f 2493//2493 2631//2631 2632//2632
f 2493//2493 2632//2632 2494//2494
f 2633//2633 2511//2511 2634//2634
f 2196//2196 2630//2630 2635//2635
f 2445//2445 2636//2636 2637//2637
f 2638//2638 2637//2637 2558//2558
f 2170//2170 2639//2639 2331//2331
f 2422//2422 2421//2421 2641//2641
f 2156//2156 2641//2641 2642//2642
f 2418//2418 2795//2795 2646//2646
f 2260//2260 2647//2647 2261//2261
f 2648//2648 2469//2469 2356//2356
f 2157//2157 2469//2469 2648//2648
f 2218//2218 2220//2220 2649//2649
f 2650//2650 2758//2758 2281//2281
f 2257//2257 2651//2651 2652//2652
f 2654//2654 2655//2655 2656//2656
f 2298//2298 2297//2297 2363//2363
f 2658//2658 2372//2372 2659//2659
f 2320//2320 2427//2427 2318//2318
f 2664//2664 2470//2470 2665//2665
f 2655//2655 2666//2666 2656//2656
f 2271//2271 2667//2667 2272//2272
f 2463//2463 2667//2667 2668//2668
f 2307//2307 2669//2669 2433//2433
f 2291//2291 2292//2292 2243//2243
f 2440//2440 2441//2441 2670//2670
f 2279//2279 2280//2280 2671//2671
f 2672//2672 2149//2149 2516//2516
f 2614//2614 2149//2149 2672//2672
f 2499//2499 2332//2332 2237//2237
f 2223//2223 2676//2676 2488//2488
f 2615//2615 2171//2171 2172//2172
f 2160//2160 2678//2678 2679//2679
f 2681//2681 2177//2177 2500//2500
f 2177//2177 2681//2681 2260//2260
f 2209//2209 2315//2315 2210//2210
f 2682//2682 2802//2802 2683//2683
f 2310//2310 2475//2475 2675//2675
f 2552//2552 2240//2240 2553//2553
f 2174//2174 2686//2686 2198//2198
f 2536//2536 2167//2167 2174//2174
f 2678//2678 2180//2180 2679//2679
f 2495//2495 2181//2181 2685//2685
f 2503//2503 2502//2502 2686//2686
f 2687//2687 2689//2689 2458//2458
f 2688//2688 2689//2689 2690//2690
f 2275//2275 2548//2548 2367//2367
f 2513//2513 2512//2512 2691//2691
f 2150//2150 2347//2347 2151//2151
f 2696//2696 2697//2697 2565//2565
f 2698//2698 2697//2697 2699//2699
f 2520//2520 2700//2700 2316//2316
f 2204//2204 2531//2531 2533//2533
f 2352//2352 2435//2435 2702//2702
f 2402//2402 2284//2284 2625//2625
f 2286//2286 2524//2524 2287//2287
f 2704//2704 2550//2550 2549//2549
f 2705//2705 2225//2225 2507//2507
f 2580//2580 2185//2185 2706//2706
f 2454//2454 2453//2453 2658//2658
f 2417//2417 2481//2481 2822//2822
f 2244//2244 2383//2383 2245//2245
f 2707//2707 2215//2215 2217//2217
f 2354//2354 2353//2353 2189//2189
f 2710//2710 2423//2423 2289//2289
f 2713//2713 2206//2206 2205//2205
f 2824//2824 2714//2714 2819//2819
f 2223//2223 2222//2222 2389//2389
f 2278//2278 2715//2715 2277//2277
f 2800//2800 2560//2560 2579//2579
f 2327//2327 2214//2214 2716//2716
f 2471//2471 2717//2717 2569//2569
f 2718//2718 2719//2719 2683//2683
f 2718//2718 2683//2683 2316//2316
f 2647//2647 2260//2260 2419//2419
f 2256//2256 2720//2720 2721//2721
f 2266//2266 2267//2267 2148//2148
f 2458//2458 2457//2457 2687//2687
f 2537//2537 2173//2173 2264//2264
f 2166//2166 2216//2216 2215//2215
f 2726//2726 2156//2156 2508//2508
f 2403//2403 2155//2155 2184//2184
f 2729//2729 2603//2603 2461//2461
f 2730//2730 2438//2438 2189//2189
f 2195//2195 2731//2731 2630//2630
f 2399//2399 2733//2733 2256//2256
f 2734//2734 2562//2562 2561//2561
f 2468//2468 2735//2735 2414//2414
f 2162//2162 2738//2738 2163//2163
f 2508//2508 2156//2156 2642//2642
f 2703//2703 2250//2250 2326//2326
f 2357//2357 2739//2739 2323//2323
f 2740//2740 2425//2425 2424//2424
f 2267//2267 2266//2266 2743//2743
f 2742//2742 2267//2267 2743//2743
f 2824//2824 2201//2201 2714//2714
f 2714//2714 2201//2201 2597//2597
f 2511//2511 2299//2299 2298//2298
f 2511//2511 2745//2745 2634//2634
f 2746//2746 2617//2617 2224//2224
f 2564//2564 2565//2565 2567//2567
f 2638//2638 2558//2558 2557//2557
f 2750//2750 2527//2527 2200//2200
f 2502//2502 2449//2449 2750//2750
f 2282//2282 2281//2281 2790//2790
f 2650//2650 2282//2282 2751//2751
f 2591//2591 2392//2392 2589//2589
f 2149//2149 2753//2753 2392//2392
f 2604//2604 2180//2180 2182//2182
f 2754//2754 2197//2197 2755//2755
f 2172//2172 2239//2239 2756//2756
f 2329//2329 2757//2757 2327//2327
f 2689//2689 2688//2688 2757//2757
f 2539//2539 2319//2319 2337//2337
f 2165//2165 2216//2216 2166//2166
f 2717//2717 2568//2568 2569//2569
f 2220//2220 2758//2758 2649//2649
f 2758//2758 2339//2339 2554//2554
f 2612//2612 2759//2759 2760//2760
f 2161//2161 2611//2611 2747//2747
f 2529//2529 2200//2200 2527//2527
f 2510//2510 2509//2509 2456//2456
f 2662//2662 2330//2330 2287//2287
f 2183//2183 2330//2330 2662//2662
f 2762//2762 2440//2440 2655//2655
f 2762//2762 2655//2655 2654//2654
f 2529//2529 2528//2528 2321//2321
f 2732//2732 2401//2401 2657//2657
f 2493//2493 2325//2325 2631//2631
f 2420//2420 2764//2764 2826//2826
f 2505//2505 2386//2386 2388//2388
f 2625//2625 2524//2524 2286//2286
f 2745//2745 2364//2364 2634//2634
f 2547//2547 2365//2365 2367//2367
f 2531//2531 2349//2349 2532//2532
f 2766//2766 2685//2685 2678//2678
f 2178//2178 2610//2610 2794//2794
f 2186//2186 2371//2371 2370//2370
f 2313//2313 2312//2312 2314//2314
f 2242//2242 2241//2241 2756//2756
f 2417//2417 2822//2822 2244//2244
f 2816//2816 2562//2562 2579//2579
f 2376//2376 2575//2575 2379//2379
f 2769//2769 2303//2303 2770//2770
f 2328//2328 2771//2771 2569//2569
f 2697//2697 2698//2698 2426//2426
f 2673//2673 2698//2698 2772//2772
f 2475//2475 2283//2283 2476//2476
f 2474//2474 2283//2283 2282//2282
f 2297//2297 2299//2299 2450//2450
f 2503//2503 2773//2773 2774//2774
f 2675//2675 2577//2577 2576//2576
f 2154//2154 2546//2546 2548//2548
f 2154//2154 2691//2691 2514//2514
f 2252//2252 2437//2437 2438//2438
f 2318//2318 2336//2336 2319//2319
f 2394//2394 2775//2775 2661//2661
f 2444//2444 2335//2335 2334//2334
f 2213//2213 2530//2530 2194//2194
f 2616//2616 2342//2342 2777//2777
f 2342//2342 2737//2737 2341//2341
f 2492//2492 2778//2778 2638//2638
f 2778//2778 2492//2492 2446//2446
f 2293//2293 2779//2779 2780//2780
f 2541//2541 2338//2338 2781//2781
f 2783//2783 2784//2784 2526//2526
f 2752//2752 2595//2595 2404//2404
f 2273//2273 2785//2785 2467//2467
f 2393//2393 2231//2231 2578//2578
f 2669//2669 2382//2382 2433//2433
f 2359//2359 2159//2159 2651//2651
f 2256//2256 2721//2721 2551//2551
f 2404//2404 2403//2403 2585//2585
f 2788//2788 2740//2740 2789//2789
f 2586//2586 2504//2504 2221//2221
f 2632//2632 2221//2221 2388//2388
f 2790//2790 2396//2396 2577//2577
f 2684//2684 2544//2544 2791//2791
f 2356//2356 2229//2229 2355//2355
f 2792//2792 2463//2463 2668//2668
f 2406//2406 2607//2607 2680//2680
f 2684//2684 2323//2323 2725//2725
f 2536//2536 2174//2174 2537//2537
f 2795//2795 2418//2418 2536//2536
f 2598//2598 2430//2430 2375//2375
f 2335//2335 2306//2306 2582//2582
f 2261//2261 2647//2647 2769//2769
f 2265//2265 2646//2646 2795//2795
f 2272//2272 2462//2462 2343//2343
f 2667//2667 2463//2463 2462//2462
f 2245//2245 2796//2796 2381//2381
f 2796//2796 2384//2384 2385//2385
f 2387//2387 2386//2386 2285//2285
f 2632//2632 2559//2559 2494//2494
f 2710//2710 2588//2588 2711//2711
f 2669//2669 2307//2307 2291//2291
f 2381//2381 2380//2380 2245//2245
f 2802//2802 2803//2803 2804//2804
f 2682//2682 2803//2803 2802//2802
f 2206//2206 2772//2772 2698//2698
f 2771//2771 2716//2716 2471//2471
f 2168//2168 2583//2583 2686//2686
f 2533//2533 2352//2352 2204//2204
f 2654//2654 2190//2190 2189//2189
f 2151//2151 2680//2680 2460//2460
f 2193//2193 2151//2151 2194//2194
f 2192//2192 2805//2805 2159//2159
f 2676//2676 2485//2485 2808//2808
f 2372//2372 2658//2658 2370//2370
f 2809//2809 2370//2370 2658//2658
f 2591//2591 2589//2589 2447//2447
f 2394//2394 2429//2429 2207//2207
f 2218//2218 2649//2649 2409//2409
f 2623//2623 2624//2624 2622//2622
f 2451//2451 2759//2759 2612//2612
f 2810//2810 2472//2472 2471//2471
f 2472//2472 2668//2668 2667//2667
f 2683//2683 2719//2719 2682//2682
f 2734//2734 2614//2614 2672//2672
f 2734//2734 2615//2615 2614//2614
f 2811//2811 2479//2479 2696//2696
f 2390//2390 2812//2812 2493//2493
f 2173//2173 2175//2175 2459//2459
f 2687//2687 2457//2457 2173//2173
f 2239//2239 2499//2499 2237//2237
f 2499//2499 2153//2153 2306//2306
f 2216//2216 2542//2542 2217//2217
f 2810//2810 2716//2716 2214//2214
f 2784//2784 2783//2783 2814//2814
f 2634//2634 2364//2364 2783//2783
f 2686//2686 2583//2583 2503//2503
f 2608//2608 2346//2346 2815//2815
f 2538//2538 2163//2163 2277//2277
f 2277//2277 2163//2163 2278//2278
f 2518//2518 2816//2816 2765//2765
f 2562//2562 2816//2816 2561//2561
f 2506//2506 2155//2155 2156//2156
f 2697//2697 2696//2696 2699//2699
f 2448//2448 2582//2582 2817//2817
f 2597//2597 2596//2596 2599//2599
f 2564//2564 2567//2567 2563//2563
f 2427//2427 2320//2320 2478//2478
f 2310//2310 2675//2675 2309//2309
f 2477//2477 2650//2650 2751//2751
f 2588//2588 2710//2710 2289//2289
f 2727//2727 2289//2289 2288//2288
f 2169//2169 2197//2197 2196//2196
f 2546//2546 2545//2545 2547//2547
f 2201//2201 2482//2482 2596//2596
f 2482//2482 2553//2553 2596//2596
f 2369//2369 2733//2733 2368//2368
f 2681//2681 2609//2609 2501//2501
f 2328//2328 2569//2569 2770//2770
f 2261//2261 2770//2770 2177//2177
f 2188//2188 2279//2279 2349//2349
f 2389//2389 2390//2390 2819//2819
f 2820//2820 2665//2665 2663//2663
f 2357//2357 2821//2821 2739//2739
f 2291//2291 2442//2442 2263//2263
f 2663//2663 2665//2665 2183//2183
f 2181//2181 2714//2714 2597//2597
f 2807//2807 2714//2714 2181//2181
f 2543//2543 2557//2557 2629//2629
f 2456//2456 2543//2543 2629//2629
f 2349//2349 2671//2671 2350//2350
f 2195//2195 2197//2197 2754//2754
f 2195//2195 2754//2754 2731//2731
f 2821//2821 2450//2450 2299//2299
f 2821//2821 2299//2299 2234//2234
f 2367//2367 2365//2365 2731//2731
f 2276//2276 2367//2367 2731//2731
f 2836//2836 2190//2190 2654//2654
f 2630//2630 2233//2233 2232//2232
f 2366//2366 2233//2233 2630//2630
f 2158//2158 2742//2742 2590//2590
f 2381//2381 2628//2628 2627//2627
f 2628//2628 2166//2166 2215//2215
f 2646//2646 2419//2419 2481//2481
f 2324//2324 2631//2631 2325//2325
f 2502//2502 2450//2450 2449//2449
f 2342//2342 2617//2617 2730//2730
f 2350//2350 2354//2354 2532//2532
f 2296//2296 2525//2525 2773//2773
f 2234//2234 2511//2511 2232//2232
f 2511//2511 2633//2633 2635//2635
f 2412//2412 2414//2414 2736//2736
f 2351//2351 2352//2352 2702//2702
f 2417//2417 2244//2244 2262//2262
f 2625//2625 2286//2286 2505//2505
f 2625//2625 2505//2505 2626//2626
f 2768//2768 2513//2513 2572//2572
f 2548//2548 2275//2275 2513//2513
f 2189//2189 2438//2438 2709//2709
f 2657//2657 2453//2453 2454//2454
f 2726//2726 2506//2506 2156//2156
f 2266//2266 2552//2552 2743//2743
f 2738//2738 2439//2439 2278//2278
f 2516//2516 2515//2515 2672//2672
f 2600//2600 2431//2431 2598//2598
f 2310//2310 2553//2553 2475//2475
f 2338//2338 2554//2554 2339//2339
f 2761//2761 2459//2459 2175//2175
f 2252//2252 2251//2251 2818//2818
f 2252//2252 2818//2818 2437//2437
f 2245//2245 2380//2380 2243//2243
f 2669//2669 2291//2291 2243//2243
f 2560//2560 2800//2800 2639//2639
f 2391//2391 2639//2639 2169//2169
f 2720//2720 2369//2369 2368//2368
f 2720//2720 2256//2256 2369//2369
f 2740//2740 2178//2178 2794//2794
f 2421//2421 2642//2642 2641//2641
f 2326//2326 2642//2642 2806//2806
f 2780//2780 2781//2781 2293//2293
f 2219//2219 2218//2218 2293//2293
f 2701//2701 2700//2700 2521//2521
f 2277//2277 2715//2715 2829//2829
f 2316//2316 2683//2683 2830//2830
f 2683//2683 2802//2802 2830//2830
f 2467//2467 2785//2785 2210//2210
f 2267//2267 2158//2158 2753//2753
f 2392//2392 2753//2753 2589//2589
f 2652//2652 2159//2159 2805//2805
f 2159//2159 2652//2652 2651//2651
f 2268//2268 2713//2713 2712//2712
f 2278//2278 2439//2439 2613//2613
f 2530//2530 2831//2831 2345//2345
f 2608//2608 2345//2345 2346//2346
f 2306//2306 2793//2793 2499//2499
f 2306//2306 2335//2335 2793//2793
f 2445//2445 2637//2637 2638//2638
f 2638//2638 2778//2778 2445//2445
f 2476//2476 2283//2283 2474//2474
f 2790//2790 2577//2577 2474//2474
f 2637//2637 2832//2832 2494//2494
f 2240//2240 2283//2283 2475//2475
f 2240//2240 2475//2475 2553//2553
f 2601//2601 2648//2648 2356//2356
f 2455//2455 2601//2601 2356//2356
f 2402//2402 2752//2752 2585//2585
f 2291//2291 2307//2307 2722//2722
f 2706//2706 2185//2185 2507//2507
f 2184//2184 2507//2507 2185//2185
f 2213//2213 2831//2831 2530//2530
f 2547//2547 2545//2545 2365//2365
f 2662//2662 2311//2311 2663//2663
f 2311//2311 2662//2662 2524//2524
f 2429//2429 2675//2675 2576//2576
f 2207//2207 2429//2429 2576//2576
f 2441//2441 2440//2440 2762//2762
f 2177//2177 2570//2570 2176//2176
f 2568//2568 2271//2271 2270//2270
f 2710//2710 2641//2641 2423//2423
f 2156//2156 2423//2423 2641//2641
f 2535//2535 2534//2534 2204//2204
f 2535//2535 2204//2204 2203//2203
f 2742//2742 2743//2743 2636//2636
f 2689//2689 2834//2834 2690//2690
f 2791//2791 2690//2690 2834//2834
f 2539//2539 2835//2835 2319//2319
f 2320//2320 2319//2319 2835//2835
f 2327//2327 2757//2757 2688//2688
f 2387//2387 2558//2558 2559//2559
f 2302//2302 2264//2264 2457//2457
f 2173//2173 2457//2457 2264//2264
f 2732//2732 2659//2659 2399//2399
f 2321//2321 2791//2791 2834//2834
f 2788//2788 2179//2179 2178//2178
f 2149//2149 2497//2497 2516//2516
f 2463//2463 2792//2792 2607//2607
f 2212//2212 2316//2316 2700//2700
f 2398//2398 2213//2213 2212//2212
f 2208//2208 2555//2555 2775//2775
f 2775//2775 2336//2336 2661//2661
f 2767//2767 2766//2766 2678//2678
f 2359//2359 2678//2678 2160//2160
f 2166//2166 2628//2628 2385//2385
f 2300//2300 2734//2734 2519//2519
f 2522//2522 2355//2355 2229//2229
f 2798//2798 2355//2355 2523//2523
f 2679//2679 2729//2729 2677//2677
f 2729//2729 2406//2406 2405//2405
f 2238//2238 2751//2751 2242//2242
f 2246//2246 2564//2564 2563//2563
f 2811//2811 2564//2564 2246//2246
f 2358//2358 2432//2432 2725//2725
f 2772//2772 2309//2309 2428//2428
f 2597//2597 2692//2692 2483//2483
f 2483//2483 2181//2181 2597//2597
f 2470//2470 2226//2226 2469//2469
f 2469//2469 2230//2230 2356//2356
f 2231//2231 2162//2162 2164//2164
f 2689//2689 2235//2235 2834//2834
f 2687//2687 2235//2235 2689//2689
f 2228//2228 2666//2666 2522//2522
f 2647//2647 2265//2265 2769//2769
f 2537//2537 2264//2264 2795//2795
f 2449//2449 2527//2527 2750//2750
f 2357//2357 2322//2322 2449//2449
f 2153//2153 2239//2239 2172//2172
f 2239//2239 2153//2153 2499//2499
f 2568//2568 2717//2717 2271//2271
f 2301//2301 2526//2526 2784//2784
f 2526//2526 2301//2301 2300//2300
f 2706//2706 2341//2341 2491//2491
f 2225//2225 2706//2706 2507//2507
f 2773//2773 2363//2363 2297//2297
f 2297//2297 2774//2774 2773//2773
f 2583//2583 2582//2582 2448//2448
f 2448//2448 2503//2503 2583//2583
f 2737//2737 2616//2616 2416//2416
f 2256//2256 2551//2551 2651//2651
f 2510//2510 2629//2629 2797//2797
f 2510//2510 2797//2797 2330//2330
f 2174//2174 2198//2198 2175//2175
f 2805//2805 2701//2701 2652//2652
f 2701//2701 2397//2397 2398//2398
f 2718//2718 2466//2466 2719//2719
f 2400//2400 2257//2257 2652//2652
f 2405//2405 2346//2346 2677//2677
f 2346//2346 2405//2405 2815//2815
f 2545//2545 2546//2546 2695//2695
f 2760//2760 2747//2747 2612//2612
f 2427//2427 2426//2426 2674//2674
f 2427//2427 2661//2661 2318//2318
f 2332//2332 2793//2793 2335//2335
f 2170//2170 2197//2197 2169//2169
f 2494//2494 2558//2558 2637//2637
f 2558//2558 2494//2494 2559//2559
f 2238//2238 2756//2756 2239//2239
f 2784//2784 2724//2724 2301//2301
f 2566//2566 2697//2697 2426//2426
f 2566//2566 2565//2565 2697//2697
f 2320//2320 2165//2165 2478//2478
f 2760//2760 2759//2759 2453//2453
f 2711//2711 2487//2487 2422//2422
f 2801//2801 2496//2496 2704//2704
f 2671//2671 2349//2349 2279//2279
f 2586//2586 2727//2727 2288//2288
f 2833//2833 2455//2455 2782//2782
f 2420//2420 2259//2259 2258//2258
f 2692//2692 2598//2598 2269//2269
f 2693//2693 2694//2694 2269//2269
f 2786//2786 2606//2606 2512//2512
f 2786//2786 2512//2512 2376//2376
f 2284//2284 2524//2524 2625//2625
f 2524//2524 2284//2284 2311//2311
f 2314//2314 2491//2491 2735//2735
f 2590//2590 2446//2446 2447//2447
f 2189//2189 2190//2190 2730//2730
f 2777//2777 2190//2190 2836//2836
f 2559//2559 2388//2388 2387//2387
f 2196//2196 2633//2633 2169//2169
f 2633//2633 2196//2196 2635//2635
f 2327//2327 2716//2716 2329//2329
f 2716//2716 2771//2771 2329//2329
f 2371//2371 2645//2645 2644//2644
f 2371//2371 2643//2643 2368//2368
f 2634//2634 2361//2361 2633//2633
f 2389//2389 2807//2807 2223//2223
f 2153//2153 2152//2152 2305//2305
f 2541//2541 2542//2542 2539//2539
f 2575//2575 2331//2331 2379//2379
f 2615//2615 2734//2734 2171//2171
f 2300//2300 2171//2171 2734//2734
f 2703//2703 2351//2351 2702//2702
f 2243//2243 2292//2292 2244//2244
f 2303//2303 2302//2302 2458//2458
f 2827//2827 2618//2618 2484//2484
f 2351//2351 2619//2619 2618//2618
f 2738//2738 2440//2440 2439//2439
f 2193//2193 2680//2680 2151//2151
f 2680//2680 2193//2193 2608//2608
f 2148//2148 2149//2149 2614//2614
f 2686//2686 2502//2502 2199//2199
f 2750//2750 2199//2199 2502//2502
f 2823//2823 2384//2384 2796//2796
f 2758//2758 2650//2650 2649//2649
f 2649//2649 2650//2650 2409//2409
f 2285//2285 2386//2386 2286//2286
f 2286//2286 2386//2386 2505//2505
f 2215//2215 2707//2707 2627//2627
f 2407//2407 2393//2393 2392//2392
f 2591//2591 2407//2407 2392//2392
f 2804//2804 2464//2464 2465//2465
f 2508//2508 2250//2250 2249//2249
f 2250//2250 2508//2508 2642//2642
f 2736//2736 2490//2490 2737//2737
f 2719//2719 2466//2466 2467//2467
f 2719//2719 2467//2467 2210//2210
f 2443//2443 2442//2442 2722//2722
f 2444//2444 2443//2443 2332//2332
f 2462//2462 2272//2272 2667//2667
f 2182//2182 2694//2694 2693//2693
f 2279//2279 2452//2452 2280//2280
f 2670//2670 2280//2280 2452//2452
f 2372//2372 2371//2371 2368//2368
f 2733//2733 2372//2372 2368//2368
f 2180//2180 2685//2685 2181//2181
f 2685//2685 2180//2180 2678//2678
f 2682//2682 2315//2315 2803//2803
f 2343//2343 2728//2728 2712//2712
f 2218//2218 2623//2623 2622//2622
f 2218//2218 2622//2622 2293//2293
f 2586//2586 2588//2588 2727//2727
f 2588//2588 2289//2289 2727//2727
f 2501//2501 2420//2420 2419//2419
f 2799//2799 2160//2160 2679//2679
f 2349//2349 2531//2531 2188//2188
f 2534//2534 2531//2531 2204//2204
f 2459//2459 2687//2687 2173//2173
f 2235//2235 2687//2687 2459//2459
f 2254//2254 2486//2486 2255//2255
f 2247//2247 2385//2385 2384//2384
f 2220//2220 2219//2219 2339//2339
f 2220//2220 2339//2339 2758//2758
f 2426//2426 2673//2673 2674//2674
f 2673//2673 2426//2426 2698//2698
f 2517//2517 2516//2516 2498//2498
f 2510//2510 2157//2157 2509//2509
f 2509//2509 2157//2157 2648//2648
f 2610//2610 2696//2696 2479//2479
f 2699//2699 2696//2696 2179//2179
f 2787//2787 2433//2433 2382//2382
f 2705//2705 2224//2224 2225//2225
f 2705//2705 2746//2746 2224//2224
f 2769//2769 2770//2770 2261//2261
f 2373//2373 2552//2552 2482//2482
f 2552//2552 2373//2373 2743//2743
f 2646//2646 2265//2265 2647//2647
f 2419//2419 2646//2646 2647//2647
f 2274//2274 2606//2606 2273//2273
f 2570//2570 2568//2568 2270//2270
f 2748//2748 2749//2749 2415//2415
f 2814//2814 2364//2364 2363//2363
f 2783//2783 2364//2364 2814//2814
f 2409//2409 2623//2623 2218//2218
f 2816//2816 2579//2579 2362//2362
f 2816//2816 2362//2362 2361//2361
f 2368//2368 2550//2550 2720//2720
f 2550//2550 2721//2721 2720//2720
f 2671//2671 2280//2280 2670//2670
f 2804//2804 2465//2465 2802//2802
f 2802//2802 2465//2465 2830//2830
f 2211//2211 2348//2348 2316//2316
f 2437//2437 2702//2702 2435//2435
f 2437//2437 2435//2435 2436//2436
f 2504//2504 2505//2505 2388//2388
f 2388//2388 2221//2221 2504//2504
f 2370//2370 2187//2187 2186//2186
f 2168//2168 2776//2776 2333//2333
f 2333//2333 2583//2583 2168//2168
f 2231//2231 2164//2164 2578//2578
f 2200//2200 2175//2175 2198//2198
f 2580//2580 2706//2706 2491//2491
f 2259//2259 2501//2501 2609//2609
f 2259//2259 2609//2609 2610//2610
f 2675//2675 2429//2429 2309//2309
f 2331//2331 2575//2575 2170//2170
f 2575//2575 2574//2574 2170//2170
f 2471//2471 2716//2716 2810//2810
f 2321//2321 2761//2761 2529//2529
f 2281//2281 2282//2282 2650//2650
f 2553//2553 2310//2310 2600//2600
f 2584//2584 2585//2585 2403//2403
f 2641//2641 2710//2710 2422//2422
f 2710//2710 2711//2711 2422//2422
f 2450//2450 2774//2774 2297//2297
f 2408//2408 2456//2456 2601//2601
f 2476//2476 2474//2474 2577//2577
f 2577//2577 2675//2675 2476//2476
f 2293//2293 2781//2781 2219//2219
f 2781//2781 2339//2339 2219//2219
f 2617//2617 2746//2746 2251//2251
f 2818//2818 2251//2251 2746//2746
f 2580//2580 2312//2312 2593//2593
f 2748//2748 2656//2656 2666//2666
f 2311//2311 2313//2313 2663//2663
f 2696//2696 2565//2565 2811//2811
f 2811//2811 2565//2565 2564//2564
f 2380//2380 2669//2669 2243//2243
f 2380//2380 2382//2382 2669//2669
f 2704//2704 2767//2767 2721//2721
f 2550//2550 2704//2704 2721//2721
f 2212//2212 2700//2700 2398//2398
f 2398//2398 2700//2700 2701//2701
f 2545//2545 2695//2695 2544//2544
f 2783//2783 2765//2765 2634//2634
f 2295//2295 2817//2817 2723//2723
f 2496//2496 2801//2801 2255//2255
f 2633//2633 2361//2361 2169//2169
f 2661//2661 2336//2336 2318//2318
f 2692//2692 2597//2597 2599//2599
f 2585//2585 2752//2752 2404//2404
f 2402//2402 2584//2584 2284//2284
f 2533//2533 2532//2532 2708//2708
f 2352//2352 2533//2533 2435//2435
f 2303//2303 2328//2328 2770//2770
f 2230//2230 2469//2469 2226//2226
f 2228//2228 2230//2230 2226//2226
f 2295//2295 2784//2784 2814//2814
f 2724//2724 2784//2784 2295//2295
f 2315//2315 2209//2209 2611//2611
f 2244//2244 2292//2292 2262//2262
f 2560//2560 2639//2639 2391//2391
f 2167//2167 2536//2536 2417//2417
f 2674//2674 2661//2661 2427//2427
f 2581//2581 2184//2184 2185//2185
f 2227//2227 2664//2664 2413//2413
f 2337//2337 2540//2540 2539//2539
f 2337//2337 2555//2555 2540//2540
f 2374//2374 2268//2268 2375//2375
f 2374//2374 2713//2713 2268//2268
f 2660//2660 2395//2395 2396//2396
f 2766//2766 2495//2495 2685//2685
f 2772//2772 2206//2206 2309//2309
f 2825//2825 2374//2374 2206//2206
f 2161//2161 2747//2747 2760//2760
f 2768//2768 2573//2573 2575//2575
f 2569//2569 2771//2771 2471//2471
f 2162//2162 2782//2782 2798//2798
f 2498//2498 2578//2578 2744//2744
f 2267//2267 2742//2742 2158//2158
f 2747//2747 2613//2613 2612//2612
f 2442//2442 2291//2291 2722//2722
f 2587//2587 2631//2631 2324//2324
f 2632//2632 2631//2631 2221//2221
f 2362//2362 2579//2579 2560//2560
f 2408//2408 2833//2833 2592//2592
f 2833//2833 2408//2408 2601//2601
f 2322//2322 2528//2528 2527//2527
f 2527//2527 2449//2449 2322//2322
f 2227//2227 2470//2470 2664//2664
f 2470//2470 2227//2227 2226//2226
f 2712//2712 2713//2713 2424//2424
f 2635//2635 2232//2232 2511//2511
f 2635//2635 2630//2630 2232//2232
f 2813//2813 2542//2542 2216//2216
f 2703//2703 2702//2702 2250//2250
f 2818//2818 2702//2702 2437//2437
f 2822//2822 2481//2481 2480//2480
f 2757//2757 2329//2329 2458//2458
f 2443//2443 2263//2263 2442//2442
f 2554//2554 2660//2660 2758//2758
f 2317//2317 2699//2699 2179//2179
f 2495//2495 2807//2807 2181//2181
f 2518//2518 2561//2561 2816//2816
f 2548//2548 2691//2691 2154//2154
f 2554//2554 2555//2555 2208//2208
f 2338//2338 2555//2555 2554//2554
f 2258//2258 2259//2259 2479//2479
f 2811//2811 2248//2248 2479//2479
f 2664//2664 2665//2665 2820//2820
f 2567//2567 2478//2478 2165//2165
f 2567//2567 2566//2566 2478//2478
f 2627//2627 2628//2628 2215//2215
f 2342//2342 2616//2616 2737//2737
f 2739//2739 2821//2821 2234//2234
f 2395//2395 2207//2207 2576//2576
f 2275//2275 2755//2755 2572//2572
f 2489//2489 2422//2422 2487//2487
f 2832//2832 2390//2390 2494//2494
f 2604//2604 2603//2603 2729//2729
f 2180//2180 2604//2604 2729//2729
f 2334//2334 2333//2333 2776//2776
f 2590//2590 2589//2589 2158//2158
f 2158//2158 2589//2589 2753//2753
f 2545//2545 2544//2544 2432//2432
f 2432//2432 2365//2365 2545//2545
f 2309//2309 2431//2431 2310//2310
f 2818//2818 2249//2249 2250//2250
f 2341//2341 2225//2225 2224//2224
f 2706//2706 2225//2225 2341//2341
f 2317//2317 2206//2206 2698//2698
f 2410//2410 2722//2722 2411//2411
f 2411//2411 2722//2722 2308//2308
f 2778//2778 2446//2446 2445//2445
f 2701//2701 2521//2521 2400//2400
f 2400//2400 2652//2652 2701//2701
f 2268//2268 2269//2269 2375//2375
f 2375//2375 2269//2269 2598//2598
f 2738//2738 2523//2523 2440//2440
f 2359//2359 2651//2651 2551//2551
f 2606//2606 2605//2605 2514//2514
f 2342//2342 2730//2730 2777//2777
f 2730//2730 2190//2190 2777//2777
f 2790//2790 2281//2281 2396//2396
f 2396//2396 2281//2281 2660//2660
f 2331//2331 2164//2164 2163//2163
f 2163//2163 2538//2538 2331//2331
f 2227//2227 2413//2413 2226//2226
f 2342//2342 2224//2224 2617//2617
f 2222//2222 2223//2223 2488//2488
f 2222//2222 2488//2488 2324//2324
f 2335//2335 2444//2444 2332//2332
f 2808//2808 2484//2484 2618//2618
f 2808//2808 2485//2485 2484//2484
f 2653//2653 2353//2353 2350//2350
f 2551//2551 2767//2767 2359//2359
f 2359//2359 2767//2767 2678//2678
f 2509//2509 2648//2648 2601//2601
f 2740//2740 2794//2794 2425//2425
f 2200//2200 2199//2199 2750//2750
f 2451//2451 2809//2809 2759//2759
f 2390//2390 2832//2832 2824//2824
f 2637//2637 2636//2636 2824//2824
f 2570//2570 2569//2569 2568//2568
f 2276//2276 2754//2754 2755//2755
f 2462//2462 2461//2461 2728//2728
f 2210//2210 2315//2315 2682//2682
f 2719//2719 2210//2210 2682//2682
f 2253//2253 2644//2644 2254//2254
f 2709//2709 2708//2708 2354//2354
f 2708//2708 2532//2532 2354//2354
f 2722//2722 2332//2332 2443//2443
f 2270//2270 2272//2272 2344//2344
f 2732//2732 2657//2657 2454//2454
f 2336//2336 2555//2555 2337//2337
f 2336//2336 2775//2775 2555//2555
f 2534//2534 2188//2188 2531//2531
f 2546//2546 2690//2690 2695//2695
f 2244//2244 2822//2822 2383//2383
f 2383//2383 2822//2822 2823//2823
f 2405//2405 2406//2406 2815//2815
f 2733//2733 2399//2399 2659//2659
f 2733//2733 2659//2659 2372//2372
f 2621//2621 2620//2620 2618//2618
f 2620//2620 2808//2808 2618//2618
f 2432//2432 2366//2366 2365//2365
f 2438//2438 2436//2436 2709//2709
f 2709//2709 2436//2436 2708//2708
f 2485//2485 2255//2255 2486//2486
f 2674//2674 2394//2394 2661//2661
f 2428//2428 2429//2429 2394//2394
f 2728//2728 2343//2343 2462//2462
f 2371//2371 2644//2644 2643//2643
f 2700//2700 2520//2520 2521//2521
f 2515//2515 2562//2562 2734//2734
f 2370//2370 2809//2809 2187//2187
f 2451//2451 2279//2279 2187//2187
f 2249//2249 2726//2726 2508//2508
f 2599//2599 2598//2598 2692//2692
f 2406//2406 2461//2461 2607//2607
f 2345//2345 2831//2831 2397//2397
f 2345//2345 2191//2191 2346//2346
f 2595//2595 2594//2594 2288//2288
f 2733//2733 2369//2369 2256//2256
f 2584//2584 2581//2581 2828//2828
f 2828//2828 2581//2581 2593//2593
f 2688//2688 2304//2304 2327//2327
f 2542//2542 2779//2779 2217//2217
f 2217//2217 2779//2779 2707//2707
f 2400//2400 2399//2399 2257//2257
f 2624//2624 2411//2411 2308//2308
f 2392//2392 2393//2393 2497//2497
f 2149//2149 2392//2392 2497//2497
f 2403//2403 2184//2184 2581//2581
f 2525//2525 2814//2814 2363//2363
f 2440//2440 2670//2670 2439//2439
f 2626//2626 2752//2752 2402//2402
f 2626//2626 2402//2402 2625//2625
f 2466//2466 2274//2274 2273//2273
f 2640//2640 2274//2274 2466//2466
f 2704//2704 2496//2496 2767//2767
f 2805//2805 2192//2192 2397//2397
f 2701//2701 2805//2805 2397//2397
f 2643//2643 2550//2550 2368//2368
f 2642//2642 2421//2421 2806//2806
f 2421//2421 2422//2422 2806//2806
f 2761//2761 2200//2200 2529//2529
f 2175//2175 2200//2200 2761//2761
f 2671//2671 2441//2441 2653//2653
f 2148//2148 2753//2753 2149//2149
f 2780//2780 2542//2542 2781//2781
f 2779//2779 2542//2542 2780//2780
f 2684//2684 2321//2321 2528//2528
f 2310//2310 2431//2431 2600//2600
f 2213//2213 2194//2194 2211//2211
f 2509//2509 2601//2601 2456//2456
f 2596//2596 2553//2553 2599//2599
f 2262//2262 2263//2263 2776//2776
f 2165//2165 2320//2320 2835//2835
f 2186//2186 2535//2535 2645//2645
f 2472//2472 2810//2810 2668//2668
f 2668//2668 2460//2460 2792//2792
f 2284//2284 2828//2828 2311//2311
f 2584//2584 2828//2828 2284//2284
f 2549//2549 2801//2801 2704//2704
f 2356//2356 2230//2230 2229//2229
f 2413//2413 2412//2412 2749//2749
f 2415//2415 2749//2749 2412//2412
f 2602//2602 2268//2268 2712//2712
f 2603//2603 2712//2712 2728//2728
f 2150//2150 2514//2514 2347//2347
f 2774//2774 2502//2502 2503//2503
f 2155//2155 2506//2506 2184//2184
f 2538//2538 2829//2829 2377//2377
f 2538//2538 2277//2277 2829//2829
f 2616//2616 2836//2836 2340//2340
f 2836//2836 2616//2616 2777//2777
f 2819//2819 2807//2807 2389//2389
f 2296//2296 2295//2295 2525//2525
f 2511//2511 2298//2298 2745//2745
f 2364//2364 2745//2745 2298//2298
f 2779//2779 2294//2294 2787//2787
f 2294//2294 2779//2779 2293//2293
f 2187//2187 2279//2279 2188//2188
f 2522//2522 2666//2666 2655//2655
f 2619//2619 2351//2351 2703//2703
f 2621//2621 2618//2618 2619//2619
f 2621//2621 2619//2619 2326//2326
f 2547//2547 2367//2367 2548//2548
f 2453//2453 2161//2161 2760//2760
f 2161//2161 2453//2453 2657//2657
f 2312//2312 2828//2828 2593//2593
f 2192//2192 2191//2191 2397//2397
f 2491//2491 2490//2490 2735//2735
f 2735//2735 2490//2490 2736//2736
f 2723//2723 2817//2817 2305//2305
f 2715//2715 2611//2611 2209//2209
f 2829//2829 2715//2715 2209//2209
f 2464//2464 2521//2521 2520//2520
f 2688//2688 2690//2690 2304//2304
f 2818//2818 2250//2250 2702//2702
f 2405//2405 2677//2677 2729//2729
f 2729//2729 2679//2679 2180//2180
f 2314//2314 2735//2735 2468//2468
f 2314//2314 2468//2468 2820//2820
f 2820//2820 2313//2313 2314//2314
f 2271//2271 2473//2473 2667//2667
f 2773//2773 2503//2503 2296//2296
f 2278//2278 2163//2163 2738//2738
f 2255//2255 2801//2801 2253//2253
f 2253//2253 2801//2801 2549//2549
f 2563//2563 2166//2166 2385//2385
f 2385//2385 2246//2246 2563//2563
f 2491//2491 2314//2314 2580//2580
f 2580//2580 2314//2314 2312//2312
f 2595//2595 2752//2752 2626//2626
f 2248//2248 2247//2247 2763//2763
f 2279//2279 2451//2451 2452//2452
f 2301//2301 2724//2724 2152//2152
f 2301//2301 2152//2152 2171//2171
f 2477//2477 2409//2409 2650//2650
f 2410//2410 2409//2409 2477//2477
f 2708//2708 2435//2435 2533//2533
f 2708//2708 2436//2436 2435//2435
f 2789//2789 2205//2205 2788//2788
f 2205//2205 2789//2789 2713//2713
f 2542//2542 2541//2541 2781//2781
f 2645//2645 2371//2371 2186//2186
f 2266//2266 2148//2148 2241//2241
f 2347//2347 2194//2194 2151//2151
f 2303//2303 2458//2458 2329//2329
f 2443//2443 2444//2444 2334//2334
f 2382//2382 2707//2707 2787//2787
f 2707//2707 2779//2779 2787//2787
f 2827//2827 2352//2352 2351//2351
f 2351//2351 2618//2618 2827//2827
f 2446//2446 2592//2592 2591//2591
f 2408//2408 2592//2592 2446//2446
f 2826//2826 2764//2764 2763//2763
f 2771//2771 2328//2328 2329//2329
f 2725//2725 2432//2432 2544//2544
f 2203//2203 2484//2484 2486//2486
f 2394//2394 2207//2207 2775//2775
f 2640//2640 2466//2466 2718//2718
f 2495//2495 2766//2766 2807//2807
f 2571//2571 2486//2486 2254//2254
f 2587//2587 2711//2711 2588//2588
f 2711//2711 2587//2587 2324//2324
f 2740//2740 2424//2424 2789//2789
f 2789//2789 2424//2424 2713//2713
f 2656//2656 2836//2836 2654//2654
f 2377//2377 2829//2829 2785//2785
f 2211//2211 2347//2347 2348//2348
f 2561//2561 2518//2518 2519//2519
f 2561//2561 2519//2519 2734//2734
f 2332//2332 2410//2410 2237//2237
f 2410//2410 2332//2332 2722//2722
f 2695//2695 2690//2690 2791//2791
f 2695//2695 2791//2791 2544//2544
f 2724//2724 2305//2305 2152//2152
f 2305//2305 2724//2724 2723//2723
f 2586//2586 2288//2288 2594//2594
f 2671//2671 2653//2653 2350//2350
f 2178//2178 2740//2740 2788//2788
f 2517//2517 2498//2498 2744//2744
f 2744//2744 2579//2579 2517//2517
f 2829//2829 2209//2209 2210//2210
f 2829//2829 2210//2210 2785//2785
f 2505//2505 2504//2504 2626//2626
f 2504//2504 2594//2594 2626//2626
f 2438//2438 2617//2617 2251//2251
f 2438//2438 2730//2730 2617//2617
f 2574//2574 2755//2755 2197//2197
f 2339//2339 2781//2781 2338//2338
f 2228//2228 2748//2748 2666//2666
f 2228//2228 2749//2749 2748//2748
f 2344//2344 2343//2343 2424//2424
f 2424//2424 2343//2343 2712//2712
f 2156//2156 2155//2155 2290//2290
f 2595//2595 2290//2290 2404//2404
f 2189//2189 2353//2353 2654//2654
f 2164//2164 2331//2331 2639//2639
f 2800//2800 2164//2164 2639//2639
f 2183//2183 2470//2470 2157//2157
f 2183//2183 2665//2665 2470//2470
f 2358//2358 2366//2366 2432//2432
f 2713//2713 2825//2825 2206//2206
f 2753//2753 2148//2148 2267//2267
f 2721//2721 2767//2767 2551//2551
f 2325//2325 2812//2812 2222//2222
f 2624//2624 2294//2294 2622//2622
f 2294//2294 2624//2624 2434//2434
f 2424//2424 2425//2425 2344//2344
f 2425//2425 2741//2741 2344//2344
f 2463//2463 2607//2607 2461//2461
f 2423//2423 2156//2156 2290//2290
f 2167//2167 2776//2776 2168//2168
f 2374//2374 2825//2825 2713//2713
f 2611//2611 2715//2715 2278//2278
f 2693//2693 2602//2602 2604//2604
f 2604//2604 2182//2182 2693//2693
f 2393//2393 2782//2782 2231//2231
f 2192//2192 2159//2159 2160//2160
f 2800//2800 2578//2578 2164//2164
f 2630//2630 2731//2731 2366//2366
f 2586//2586 2221//2221 2587//2587
f 2221//2221 2631//2631 2587//2587
f 2694//2694 2692//2692 2269//2269
f 2461//2461 2406//2406 2729//2729
f 2503//2503 2448//2448 2296//2296
f 2459//2459 2761//2761 2236//2236
f 2761//2761 2321//2321 2236//2236
f 2804//2804 2803//2803 2315//2315
f 2178//2178 2179//2179 2610//2610
f 2696//2696 2610//2610 2179//2179
f 2265//2265 2302//2302 2769//2769
f 2302//2302 2303//2303 2769//2769
f 2176//2176 2270//2270 2741//2741
f 2176//2176 2570//2570 2270//2270
f 2608//2608 2815//2815 2680//2680
f 2446//2446 2591//2591 2447//2447
f 2376//2376 2768//2768 2575//2575
f 2288//2288 2290//2290 2595//2595
f 2246//2246 2248//2248 2811//2811
f 2659//2659 2454//2454 2658//2658
f 2659//2659 2732//2732 2454//2454
f 2294//2294 2434//2434 2787//2787
f 2433//2433 2787//2787 2434//2434
f 2660//2660 2208//2208 2395//2395
f 2655//2655 2440//2440 2522//2522
f 2738//2738 2162//2162 2523//2523
f 2523//2523 2162//2162 2798//2798
f 2176//2176 2500//2500 2177//2177
f 2176//2176 2794//2794 2500//2500
f 2826//2826 2823//2823 2480//2480
f 2822//2822 2480//2480 2823//2823
f 2538//2538 2379//2379 2331//2331
f 2300//2300 2519//2519 2526//2526
f 2344//2344 2741//2741 2270//2270
f 2632//2632 2388//2388 2559//2559
f 2705//2705 2249//2249 2746//2746
f 2746//2746 2249//2249 2818//2818
f 2754//2754 2276//2276 2731//2731
f 2262//2262 2292//2292 2263//2263
f 2476//2476 2675//2675 2475//2475
f 2206//2206 2374//2374 2309//2309
f 2430//2430 2309//2309 2374//2374
f 2581//2581 2580//2580 2593//2593
f 2544//2544 2684//2684 2725//2725
f 2419//2419 2826//2826 2481//2481
f 2501//2501 2419//2419 2260//2260
f 2571//2571 2254//2254 2644//2644
f 2176//2176 2741//2741 2794//2794
f 2794//2794 2741//2741 2425//2425
f 2521//2521 2464//2464 2401//2401
f 2397//2397 2831//2831 2398//2398
f 2691//2691 2548//2548 2513//2513
f 2428//2428 2394//2394 2674//2674
f 2417//2417 2418//2418 2481//2481
f 2506//2506 2705//2705 2507//2507
f 2506//2506 2249//2249 2705//2705
f 2737//2737 2490//2490 2341//2341
f 2450//2450 2821//2821 2357//2357
f 2820//2820 2663//2663 2313//2313
f 2786//2786 2273//2273 2606//2606
f 2223//2223 2807//2807 2360//2360
f 2807//2807 2766//2766 2360//2360
f 2751//2751 2238//2238 2477//2477
f 2237//2237 2477//2477 2238//2238
f 2443//2443 2334//2334 2263//2263
f 2776//2776 2263//2263 2334//2334
f 2316//2316 2348//2348 2640//2640
f 2718//2718 2316//2316 2640//2640
f 2605//2605 2640//2640 2348//2348
f 2213//2213 2398//2398 2831//2831
f 2460//2460 2668//2668 2810//2810
f 2460//2460 2810//2810 2214//2214
f 2628//2628 2796//2796 2385//2385
f 2808//2808 2620//2620 2676//2676
f 2515//2515 2579//2579 2562//2562
f 2236//2236 2834//2834 2235//2235
f 2471//2471 2473//2473 2717//2717
f 2332//2332 2499//2499 2793//2793
f 2451//2451 2187//2187 2809//2809
f 2584//2584 2403//2403 2581//2581
f 2186//2186 2534//2534 2535//2535
f 2186//2186 2188//2188 2534//2534
f 2664//2664 2820//2820 2468//2468
f 2170//2170 2574//2574 2197//2197
f 2797//2797 2556//2556 2285//2285
f 2680//2680 2607//2607 2792//2792
f 2680//2680 2792//2792 2460//2460
f 2651//2651 2257//2257 2256//2256
f 2799//2799 2679//2679 2677//2677
f 2819//2819 2714//2714 2807//2807
f 2500//2500 2609//2609 2681//2681
f 2554//2554 2208//2208 2660//2660
f 2670//2670 2441//2441 2671//2671
f 2376//2376 2378//2378 2786//2786
f 2228//2228 2226//2226 2749//2749
f 2226//2226 2413//2413 2749//2749
f 2526//2526 2765//2765 2783//2783
f 2765//2765 2526//2526 2518//2518
f 2407//2407 2592//2592 2782//2782
f 2241//2241 2615//2615 2756//2756
f 2487//2487 2324//2324 2488//2488
f 2711//2711 2324//2324 2487//2487
f 2634//2634 2765//2765 2361//2361
f 2816//2816 2361//2361 2765//2765
f 2775//2775 2207//2207 2208//2208
f 2342//2342 2341//2341 2224//2224
f 2569//2569 2570//2570 2770//2770
f 2570//2570 2177//2177 2770//2770
f 2627//2627 2707//2707 2382//2382
f 2743//2743 2202//2202 2636//2636
f 2202//2202 2824//2824 2636//2636
f 2556//2556 2797//2797 2557//2557
f 2629//2629 2557//2557 2797//2797
f 2609//2609 2500//2500 2794//2794
f 2794//2794 2610//2610 2609//2609
f 2594//2594 2504//2504 2586//2586
f 2165//2165 2166//2166 2563//2563
f 2165//2165 2563//2563 2567//2567
f 2399//2399 2401//2401 2732//2732
f 2835//2835 2539//2539 2813//2813
f 2813//2813 2539//2539 2542//2542
f 2773//2773 2525//2525 2363//2363
f 2643//2643 2253//2253 2549//2549
f 2253//2253 2643//2643 2644//2644
f 2767//2767 2496//2496 2766//2766
f 2637//2637 2824//2824 2832//2832
f 2619//2619 2703//2703 2326//2326
f 2255//2255 2360//2360 2496//2496
f 2782//2782 2455//2455 2798//2798
f 2489//2489 2621//2621 2422//2422
f 2806//2806 2422//2422 2621//2621
f 2763//2763 2258//2258 2248//2248
f 2184//2184 2506//2506 2507//2507
f 2287//2287 2330//2330 2285//2285
f 2694//2694 2483//2483 2692//2692
f 2657//2657 2464//2464 2804//2804
f 2346//2346 2191//2191 2192//2192
f 2346//2346 2192//2192 2799//2799
f 2390//2390 2824//2824 2819//2819
f 2624//2624 2308//2308 2434//2434
f 2308//2308 2307//2307 2434//2434
f 2498//2498 2516//2516 2497//2497
f 2416//2416 2415//2415 2737//2737
f 2415//2415 2736//2736 2737//2737
f 2468//2468 2413//2413 2664//2664
f 2417//2417 2262//2262 2776//2776
f 2776//2776 2167//2167 2417//2417
f 2691//2691 2512//2512 2606//2606
f 2813//2813 2165//2165 2835//2835
f 2813//2813 2216//2216 2165//2165
f 2249//2249 2506//2506 2726//2726
f 2613//2613 2747//2747 2611//2611
f 2481//2481 2418//2418 2646//2646
f 2472//2472 2667//2667 2473//2473
f 2680//2680 2815//2815 2406//2406
f 2709//2709 2354//2354 2189//2189
f 2556//2556 2558//2558 2387//2387
f 2556//2556 2557//2557 2558//2558
f 2528//2528 2322//2322 2323//2323
f 2830//2830 2520//2520 2316//2316
f 2458//2458 2689//2689 2757//2757
f 2479//2479 2248//2248 2258//2258
f 2756//2756 2615//2615 2172//2172
f 2734//2734 2672//2672 2515//2515
f 2662//2662 2663//2663 2183//2183
f 2348//2348 2514//2514 2605//2605
f 2347//2347 2514//2514 2348//2348
f 2712//2712 2603//2603 2602//2602
f 2785//2785 2378//2378 2377//2377
f 2204//2204 2352//2352 2827//2827
f 2686//2686 2174//2174 2167//2167
f 2514//2514 2691//2691 2606//2606
f 2358//2358 2739//2739 2234//2234
f 2621//2621 2326//2326 2806//2806
f 2353//2353 2762//2762 2654//2654
f 2353//2353 2653//2653 2762//2762
f 2290//2290 2155//2155 2404//2404
f 2362//2362 2391//2391 2361//2361
f 2361//2361 2391//2391 2169//2169
f 2464//2464 2657//2657 2401//2401
f 2346//2346 2799//2799 2677//2677
f 2676//2676 2223//2223 2360//2360
f 2751//2751 2283//2283 2242//2242
f 2452//2452 2439//2439 2670//2670
f 2613//2613 2439//2439 2452//2452
f 2367//2367 2276//2276 2275//2275
f 2676//2676 2620//2620 2488//2488
f 2620//2620 2489//2489 2488//2488
f 2415//2415 2416//2416 2748//2748
f 2416//2416 2340//2340 2748//2748
f 2484//2484 2203//2203 2827//2827
f 2204//2204 2827//2827 2203//2203
f 2736//2736 2414//2414 2735//2735
f 2273//2273 2786//2786 2785//2785
f 2785//2785 2786//2786 2378//2378
f 2441//2441 2762//2762 2653//2653
f 2826//2826 2763//2763 2384//2384
f 2826//2826 2384//2384 2823//2823
f 2191//2191 2345//2345 2397//2397
f 2355//2355 2522//2522 2523//2523
f 2579//2579 2515//2515 2517//2517
f 2535//2535 2571//2571 2645//2645
f 2644//2644 2645//2645 2571//2571
f 2250//2250 2642//2642 2326//2326
f 2763//2763 2247//2247 2384//2384
f 2537//2537 2795//2795 2536//2536
f 2582//2582 2305//2305 2817//2817
f 2306//2306 2305//2305 2582//2582
f 2285//2285 2556//2556 2387//2387
f 2409//2409 2410//2410 2623//2623
f 2623//2623 2410//2410 2411//2411
f 2613//2613 2611//2611 2278//2278
f 2674//2674 2772//2772 2428//2428
f 2674//2674 2673//2673 2772//2772
f 2486//2486 2571//2571 2203//2203
f 2535//2535 2203//2203 2571//2571
f 2600//2600 2599//2599 2553//2553
f 2763//2763 2420//2420 2258//2258
f 2764//2764 2420//2420 2763//2763
f 2275//2275 2572//2572 2513//2513
f 2255//2255 2485//2485 2676//2676
f 2676//2676 2360//2360 2255//2255
f 2333//2333 2335//2335 2583//2583
f 2192//2192 2160//2160 2799//2799
f 2555//2555 2338//2338 2540//2540
f 2493//2493 2812//2812 2325//2325
f 2150//2150 2151//2151 2154//2154
f 2154//2154 2151//2151 2214//2214
f 2263//2263 2292//2292 2291//2291
f 2549//2549 2550//2550 2643//2643
f 2450//2450 2502//2502 2774//2774
f 2658//2658 2453//2453 2809//2809
f 2453//2453 2759//2759 2809//2809
f 2628//2628 2381//2381 2796//2796
f 2782//2782 2592//2592 2833//2833
f 2317//2317 2698//2698 2699//2699
f 2640//2640 2605//2605 2274//2274
f 2546//2546 2304//2304 2690//2690
f 2788//2788 2205//2205 2317//2317
f 2179//2179 2788//2788 2317//2317
f 2498//2498 2393//2393 2578//2578
f 2636//2636 2445//2445 2742//2742
f 2742//2742 2445//2445 2590//2590
f 2528//2528 2323//2323 2684//2684
f 2222//2222 2812//2812 2389//2389
f 2389//2389 2812//2812 2390//2390
f 2725//2725 2323//2323 2739//2739
f 2358//2358 2725//2725 2739//2739
f 2736//2736 2415//2415 2412//2412
f 2430//2430 2431//2431 2309//2309
f 2748//2748 2340//2340 2656//2656
f 2572//2572 2573//2573 2768//2768
f 2573//2573 2572//2572 2755//2755
f 2744//2744 2578//2578 2800//2800
f 2321//2321 2684//2684 2791//2791
f 2541//2541 2540//2540 2338//2338
f 2420//2420 2501//2501 2259//2259
f 2608//2608 2530//2530 2345//2345
f 2347//2347 2211//2211 2194//2194
f 2723//2723 2724//2724 2295//2295
f 2455//2455 2355//2355 2798//2798
f 2328//2328 2303//2303 2329//2329
f 2585//2585 2584//2584 2402//2402
f 2512//2512 2768//2768 2376//2376
f 2768//2768 2512//2512 2513//2513
f 2728//2728 2461//2461 2603//2603
f 2574//2574 2573//2573 2755//2755
f 2483//2483 2694//2694 2182//2182
f 2274//2274 2605//2605 2606//2606
f 2428//2428 2309//2309 2429//2429
f 2395//2395 2208//2208 2207//2207
f 2473//2473 2271//2271 2717//2717
o SEAT-GANGBRACKET
v -0.581926 0.065929 -0.763066
v -0.601396 0.107306 -0.762920
v -0.612548 0.102824 -0.764798
v -0.611225 0.101616 -0.761674
v -0.612681 0.015219 -0.764867
v -0.585392 0.063829 -0.765732
v -0.606348 0.103376 -0.764875
v -0.614604 0.102717 -0.757755
v -0.616853 0.014542 -0.758073
v -0.323065 0.065929 -1.060275
v -0.303595 0.107307 -1.060422
v -0.292112 0.102550 -1.058438
v -0.293476 0.102276 -1.059689
v -0.292310 0.015219 -1.058475
v -0.290387 0.102717 -1.065586
v -0.288137 0.014542 -1.065268
v -0.319602 0.063589 -1.057608
v -0.298642 0.103340 -1.058505
v -0.329821 0.007673 -0.763827
v -0.575415 0.006623 -0.764913
v -0.576903 0.005433 -0.757760
v -0.329576 0.006623 -0.758429
v -0.328088 0.005433 -1.065581
v -0.575415 0.006623 -1.064913
v -0.575170 0.007673 -1.059514
v -0.329576 0.006623 -1.058428
v -0.586774 0.015857 -0.757838
v -0.585018 0.064895 -0.757762
v -0.328416 0.003137 -0.757794
v -0.577078 0.002256 -0.758414
v -0.574066 0.008032 -0.762395
v -0.330925 0.008032 -0.760946
v -0.589292 0.015597 -0.760887
v -0.588866 0.064170 -0.763855
v -0.576575 0.003136 -1.065547
v -0.327913 0.002256 -1.064927
v -0.318217 0.015857 -1.065503
v -0.319973 0.064895 -1.065580
v -0.315700 0.015597 -1.062454
v -0.316125 0.064170 -1.059486
v -0.330925 0.008032 -1.060946
v -0.574066 0.008032 -1.062395
v -0.614531 0.014364 -1.065296
v -0.614968 0.105721 -1.065522
v -0.612561 0.102864 -1.064823
v -0.582442 0.065618 -1.059376
v -0.601832 0.106870 -1.059426
v -0.604476 0.104991 -1.057586
v -0.618216 0.015221 -1.058416
v -0.617938 0.103286 -1.058742
v -0.619184 0.103710 -1.061806
v -0.606353 0.103337 -1.064834
v -0.588341 0.064411 -1.064634
v -0.298638 0.103337 -0.758508
v -0.316650 0.064411 -0.758707
v -0.290460 0.014365 -0.758045
v -0.290023 0.105721 -0.757819
v -0.292430 0.102864 -0.758518
v -0.322549 0.065618 -0.763966
v -0.303160 0.106870 -0.763915
v -0.300515 0.104992 -0.765755
v -0.286775 0.015221 -0.764925
v -0.287053 0.103286 -0.764599
v -0.285807 0.103710 -0.761535
v -0.318081 0.014936 -0.757892
v -0.322745 0.015167 -0.764409
v -0.586910 0.014936 -1.065449
v -0.582246 0.015167 -1.058932
v -0.614663 0.106028 -0.757878
v -0.604476 0.104992 -0.757586
v -0.606163 0.108118 -0.758465
v -0.607186 0.101917 -0.762503
v -0.290328 0.106028 -1.065463
v -0.300515 0.104991 -1.065755
v -0.298828 0.108118 -1.064876
v -0.297805 0.101917 -1.060839
v -0.619366 0.004500 -1.055609
v -0.619296 0.003877 -0.768576
v -0.612158 0.006574 -1.051972
v -0.613924 0.007949 -1.050980
v -0.613368 0.007695 -0.772054
v -0.612334 0.015245 -1.059098
v -0.611736 0.013675 -1.062944
v -0.611868 0.101988 -1.059602
v -0.611585 0.005493 -0.770079
v -0.612205 0.002348 -0.769773
v -0.611711 0.003833 -1.054726
v -0.618773 0.015136 -0.764166
v -0.619298 0.012296 -0.761152
v -0.619177 0.103709 -0.761855
v -0.618756 0.006608 -0.771674
v -0.618848 0.006293 -1.050941
v -0.286218 0.015136 -1.059175
v -0.285693 0.012296 -1.062189
v -0.285814 0.103709 -1.061486
v -0.293406 0.005493 -1.053262
v -0.292786 0.002348 -1.053568
v -0.293280 0.003833 -0.768616
v -0.286235 0.006608 -1.051668
v -0.286143 0.006293 -0.772399
v -0.292833 0.006574 -0.771369
v -0.291067 0.007949 -0.772361
v -0.291623 0.007695 -1.051287
v -0.292658 0.015245 -0.764243
v -0.293255 0.013675 -0.760397
v -0.293123 0.101988 -0.763739
v -0.285625 0.004501 -0.767732
v -0.285695 0.003877 -1.054766
v -0.322549 0.065618 -1.063966
v -0.322745 0.015167 -1.064409
v -0.323796 0.014812 -1.061079
v -0.582442 0.065618 -0.759376
v -0.582246 0.015167 -0.758932
v -0.581195 0.014812 -0.762262
v -0.297814 0.101947 -0.760778
v -0.315573 0.064030 -0.761671
v -0.298178 0.102479 -0.763902
v -0.607177 0.101947 -1.062564
v -0.589418 0.064030 -1.061671
v -0.606813 0.102478 -1.059440
v -0.329230 0.000177 -1.061556
v -0.575684 0.000801 -1.059778
v -0.316610 0.013771 -1.059385
v -0.588381 0.013771 -0.763957
v -0.575761 0.000177 -0.761785
v -0.329307 0.000801 -0.763564
v -0.331070 0.000135 -0.760764
v -0.315736 0.013930 -0.762543
v -0.589255 0.013930 -1.060799
v -0.573921 0.000135 -1.062577
v -0.607331 0.110134 -0.761716
v -0.604475 0.108769 -0.763751
v -0.618541 0.102934 -0.764024
v -0.297660 0.110134 -1.061625
v -0.300516 0.108769 -1.059590
v -0.286450 0.102934 -1.059317
v -0.293245 0.009900 -1.061462
v -0.611746 0.009900 -0.761880
v -0.619239 0.009898 -1.061469
v -0.285752 0.009899 -0.761872
v -0.612830 0.108968 -1.059409
v -0.606163 0.108118 -1.058465
v -0.604882 0.106894 -1.065495
v -0.300109 0.106894 -0.757847
v -0.292161 0.108968 -0.763932
v -0.298828 0.108118 -0.764876
v -0.316578 0.064358 -0.764517
v -0.321116 0.064477 -0.757913
v -0.322701 0.012826 -0.758511
v -0.588413 0.064358 -1.058825
v -0.583875 0.064477 -1.065428
v -0.582291 0.012826 -1.064830
v -0.298179 0.102537 -1.063945
v -0.606812 0.102537 -0.759396
v -0.601832 0.106870 -0.759426
v -0.303160 0.106870 -1.063915
v -0.613558 0.006545 -1.061089
v -0.291433 0.006545 -0.762252
v -0.287558 0.006545 -1.061089
v -0.617433 0.006544 -0.762252
v -0.329821 0.007673 -1.063827
v -0.575170 0.007673 -0.759514
v -0.581195 0.014812 -1.062262
v -0.581844 0.065889 -1.062445
v -0.323796 0.014812 -0.761079
v -0.323147 0.065889 -0.760897
v -0.326468 0.007940 -0.764901
v -0.321807 0.004073 -0.761924
v -0.326811 0.003822 -0.765526
v -0.320350 0.008265 -0.765017
v -0.583184 0.004073 -1.061417
v -0.578180 0.003822 -1.057815
v -0.584642 0.008265 -1.058324
v -0.578523 0.007940 -1.058441
v -0.601396 0.107306 -1.062920
v -0.607331 0.110134 -1.061716
v -0.604475 0.108769 -1.063751
v -0.303595 0.107307 -0.760422
v -0.297660 0.110134 -0.761625
v -0.300516 0.108769 -0.759590
v -0.293687 0.101810 -0.760930
v -0.611304 0.101810 -1.062411
v -0.585142 0.010422 -0.765553
v -0.319849 0.010422 -1.057789
v -0.585898 0.009213 -0.758630
v -0.580131 0.002818 -0.763869
v -0.319093 0.009212 -1.064712
v -0.324860 0.002818 -1.059473
v -0.290406 0.106010 -0.765479
v -0.613075 0.103773 -1.057922
v -0.614586 0.106009 -1.057863
v -0.285767 0.009598 -1.056924
v -0.619224 0.009598 -0.766418
v -0.611767 0.009600 -1.056924
v -0.293224 0.009600 -0.766418
v -0.291641 0.109172 -1.059974
v -0.613350 0.109172 -0.763367
v -0.612172 0.102884 -0.758762
v -0.293632 0.101751 -1.062395
v -0.292819 0.102884 -1.064579
v -0.322700 0.012826 -1.058511
v -0.300109 0.106894 -1.057847
v -0.582291 0.012826 -0.764830
v -0.604933 0.106822 -0.765540
v -0.325722 0.001867 -0.760087
v -0.579269 0.001867 -1.063254
v -0.287052 0.103318 -1.064592
v -0.292162 0.108966 -1.063941
v -0.617939 0.103319 -0.758749
v -0.612828 0.108966 -0.759400
v -0.613390 0.109210 -1.063285
v -0.618558 0.102959 -1.063991
v -0.617507 0.012288 -1.064513
v -0.291601 0.109210 -0.760057
v -0.286433 0.102959 -0.759350
v -0.287484 0.012289 -0.758829
v -0.612190 0.010412 -0.766472
v -0.615641 0.011017 -0.768465
v -0.616334 0.008177 -0.772293
v -0.289350 0.011017 -1.054876
v -0.288657 0.008177 -1.051048
v -0.292802 0.010412 -1.056869
v -0.615350 0.011017 -1.054876
v -0.616989 0.007972 -1.050919
v -0.618802 0.010411 -1.056870
v -0.289641 0.011017 -0.768465
v -0.288003 0.007972 -0.772422
v -0.286189 0.010411 -0.766471
v -0.584833 0.006078 -0.763213
v -0.320158 0.006077 -1.060129
v -0.290181 0.000044 -1.049035
v -0.287299 0.000354 -0.773705
v -0.287394 0.001122 -1.053398
v -0.291034 0.003104 -1.057621
v -0.617597 0.001122 -0.769944
v -0.613957 0.003104 -0.765720
v -0.614810 0.000044 -0.774306
v -0.617692 0.000354 -1.049636
v -0.291597 0.001122 -0.769944
v -0.287957 0.003104 -0.765720
v -0.613394 0.001122 -1.053398
v -0.617034 0.003104 -1.057621
v -0.319973 0.064895 -0.765580
v -0.318220 0.015832 -0.765503
v -0.585018 0.064896 -1.057762
v -0.586771 0.015832 -1.057838
v -0.578550 0.010857 -1.061760
v -0.326441 0.010857 -0.761582
v -0.578550 0.010857 -0.761760
v -0.326441 0.010857 -1.061582
v -0.329874 0.002877 -1.057818
v -0.575117 0.002877 -0.765523
v -0.291567 0.012218 -1.064457
v -0.613424 0.012218 -0.758884
v -0.315978 0.064177 -1.063977
v -0.589013 0.064177 -0.759365
v -0.616758 0.107491 -0.761824
v -0.288233 0.107491 -1.061517
v -0.616827 0.107413 -1.061704
v -0.288164 0.107413 -0.761637
v -0.291917 0.103774 -0.765419
v -0.290167 0.014622 -0.765961
v -0.614824 0.014622 -1.057380
v -0.614904 0.105719 -0.765526
v -0.290087 0.105719 -1.057815
v -0.322466 0.003726 -1.062521
v -0.582524 0.003726 -0.760820
v -0.587250 0.009130 -1.061323
v -0.586142 0.008616 -1.064092
v -0.318849 0.008616 -0.759250
v -0.317741 0.009129 -0.762018
v -0.587257 0.009142 -0.761319
v -0.317734 0.009141 -1.062022
v -0.324311 0.010406 -1.064971
v -0.580680 0.010406 -0.758370
v -0.288837 0.014634 -1.057384
v -0.616155 0.014634 -0.765957
v -0.803271 0.065929 -0.326569
v -0.803125 0.107307 -0.307099
v -0.805003 0.102824 -0.295948
v -0.801879 0.101617 -0.297271
v -0.805072 0.015219 -0.295814
v -0.805937 0.063830 -0.323103
v -0.805080 0.103376 -0.302148
v -0.797960 0.102717 -0.293891
v -0.798278 0.014542 -0.291642
v -1.100480 0.065929 -0.585431
v -1.100627 0.107307 -0.604901
v -1.098643 0.102550 -0.616384
v -1.099894 0.102276 -0.615019
v -1.098680 0.015219 -0.616185
v -1.105792 0.102717 -0.618109
v -1.105474 0.014542 -0.620358
v -1.097813 0.063590 -0.588893
v -1.098710 0.103340 -0.609854
v -0.804032 0.007673 -0.578674
v -0.805118 0.006623 -0.333081
v -0.797966 0.005433 -0.331592
v -0.798634 0.006623 -0.578919
v -1.105786 0.005433 -0.580408
v -1.105118 0.006623 -0.333081
v -1.099719 0.007673 -0.333326
v -1.098634 0.006623 -0.578919
v -0.798043 0.015857 -0.321721
v -0.797967 0.064895 -0.323477
v -0.798000 0.003137 -0.580080
v -0.798619 0.002256 -0.331417
v -0.802601 0.008032 -0.334430
v -0.801151 0.008032 -0.577570
v -0.801092 0.015597 -0.319204
v -0.804060 0.064171 -0.319630
v -1.105752 0.003137 -0.331920
v -1.105133 0.002256 -0.580582
v -1.105708 0.015857 -0.590279
v -1.105785 0.064896 -0.588523
v -1.102660 0.015597 -0.592796
v -1.099692 0.064171 -0.592370
v -1.101151 0.008032 -0.577570
v -1.102600 0.008032 -0.334430
v -1.105501 0.014365 -0.293965
v -1.105727 0.105721 -0.293527
v -1.105028 0.102864 -0.295935
v -1.099581 0.065618 -0.326053
v -1.099632 0.106870 -0.306664
v -1.097791 0.104992 -0.304020
v -1.098621 0.015221 -0.290279
v -1.098947 0.103286 -0.290557
v -1.102011 0.103710 -0.289311
v -1.105039 0.103337 -0.302143
v -1.104839 0.064411 -0.320154
v -0.798713 0.103337 -0.609857
v -0.798912 0.064411 -0.591845
v -0.798250 0.014365 -0.618035
v -0.798024 0.105721 -0.618473
v -0.798723 0.102864 -0.616065
v -0.804171 0.065618 -0.585947
v -0.804120 0.106870 -0.605336
v -0.805960 0.104992 -0.607980
v -0.805130 0.015221 -0.621721
v -0.804804 0.103286 -0.621443
v -0.801740 0.103710 -0.622689
v -0.798097 0.014936 -0.590414
v -0.804614 0.015167 -0.585751
v -1.105654 0.014936 -0.321586
v -1.099137 0.015167 -0.326249
v -0.798083 0.106028 -0.293833
v -0.797791 0.104992 -0.304020
v -0.798670 0.108118 -0.302332
v -0.802708 0.101917 -0.301309
v -1.105668 0.106028 -0.618167
v -1.105960 0.104992 -0.607980
v -1.105081 0.108118 -0.609668
v -1.101044 0.101917 -0.610691
v -1.095814 0.004500 -0.289129
v -0.808781 0.003877 -0.289200
v -1.092178 0.006574 -0.296337
v -1.091186 0.007949 -0.294571
v -0.812259 0.007695 -0.295128
v -1.099303 0.015245 -0.296162
v -1.103150 0.013675 -0.296759
v -1.099807 0.101988 -0.296628
v -0.810284 0.005493 -0.296911
v -0.809978 0.002348 -0.296291
v -1.094931 0.003833 -0.296784
v -0.804371 0.015136 -0.289723
v -0.801357 0.012296 -0.289197
v -0.802060 0.103709 -0.289318
v -0.811879 0.006608 -0.289739
v -1.091147 0.006293 -0.289648
v -1.099380 0.015136 -0.622277
v -1.102395 0.012296 -0.622803
v -1.101691 0.103709 -0.622682
v -1.093467 0.005494 -0.615089
v -1.093773 0.002348 -0.615709
v -0.808821 0.003833 -0.615216
v -1.091873 0.006608 -0.622261
v -0.812605 0.006293 -0.622352
v -0.811574 0.006574 -0.615663
v -0.812566 0.007949 -0.617429
v -1.091493 0.007695 -0.616872
v -0.804449 0.015245 -0.615838
v -0.800602 0.013675 -0.615241
v -0.803944 0.101988 -0.615372
v -0.807937 0.004500 -0.622871
v -1.094970 0.003877 -0.622800
v -1.104171 0.065618 -0.585947
v -1.104614 0.015167 -0.585751
v -1.101285 0.014812 -0.584700
v -0.799581 0.065618 -0.326053
v -0.799137 0.015167 -0.326249
v -0.802467 0.014812 -0.327300
v -0.800983 0.101947 -0.610682
v -0.801876 0.064030 -0.592923
v -0.804107 0.102479 -0.610317
v -1.102769 0.101947 -0.301318
v -1.101876 0.064030 -0.319077
v -1.099645 0.102479 -0.301683
v -1.101761 0.000177 -0.579265
v -1.099983 0.000801 -0.332811
v -1.099589 0.013771 -0.591885
v -0.804162 0.013771 -0.320115
v -0.801990 0.000177 -0.332734
v -0.803769 0.000801 -0.579188
v -0.800969 0.000135 -0.577426
v -0.802748 0.013930 -0.592760
v -1.101004 0.013930 -0.319240
v -1.102782 0.000135 -0.334574
v -0.801921 0.110134 -0.301165
v -0.803956 0.108769 -0.304021
v -0.804229 0.102935 -0.289955
v -1.101830 0.110134 -0.610835
v -1.099795 0.108769 -0.607979
v -1.099523 0.102935 -0.622045
v -1.101667 0.009900 -0.615251
v -0.802085 0.009900 -0.296749
v -1.101674 0.009899 -0.289257
v -0.802077 0.009899 -0.622743
v -1.099614 0.108968 -0.295665
v -1.098670 0.108118 -0.302332
v -1.105700 0.106894 -0.303613
v -0.798052 0.106894 -0.608387
v -0.804137 0.108968 -0.616335
v -0.805081 0.108118 -0.609668
v -0.804722 0.064358 -0.591918
v -0.798118 0.064477 -0.587380
v -0.798716 0.012826 -0.585795
v -1.099030 0.064358 -0.320082
v -1.105633 0.064477 -0.324620
v -1.105035 0.012826 -0.326205
v -1.104150 0.102537 -0.610316
v -0.799601 0.102537 -0.301684
v -0.799631 0.106870 -0.306664
v -1.104120 0.106870 -0.605336
v -1.101294 0.006545 -0.294937
v -0.802458 0.006544 -0.617063
v -1.101294 0.006545 -0.620937
v -0.802458 0.006544 -0.291063
v -1.104032 0.007673 -0.578674
v -0.799719 0.007673 -0.333326
v -1.102467 0.014812 -0.327300
v -1.102650 0.065889 -0.326651
v -0.801284 0.014812 -0.584700
v -0.801102 0.065889 -0.585349
v -0.805106 0.007940 -0.582027
v -0.802129 0.004073 -0.586689
v -0.805731 0.003822 -0.581684
v -0.805222 0.008265 -0.588146
v -1.101623 0.004073 -0.325311
v -1.098020 0.003822 -0.330316
v -1.098529 0.008265 -0.323854
v -1.098646 0.007940 -0.329973
v -1.103125 0.107307 -0.307099
v -1.101921 0.110134 -0.301165
v -1.103956 0.108769 -0.304020
v -0.800627 0.107307 -0.604901
v -0.801830 0.110134 -0.610835
v -0.799795 0.108769 -0.607979
v -0.801136 0.101810 -0.614809
v -1.102616 0.101810 -0.297191
v -0.805758 0.010422 -0.323354
v -1.097994 0.010422 -0.588646
v -0.798835 0.009212 -0.322598
v -0.804074 0.002818 -0.328364
v -1.104917 0.009213 -0.589402
v -1.099678 0.002818 -0.583635
v -0.805684 0.106010 -0.618090
v -1.098127 0.103774 -0.295421
v -1.098068 0.106010 -0.293910
v -1.097129 0.009598 -0.622729
v -0.806623 0.009598 -0.289271
v -1.097129 0.009600 -0.296728
v -0.806623 0.009600 -0.615272
v -1.100179 0.109172 -0.616854
v -0.803572 0.109172 -0.295145
v -0.798967 0.102884 -0.296323
v -1.102600 0.101751 -0.614864
v -1.104784 0.102884 -0.615677
v -1.098716 0.012826 -0.585795
v -1.098052 0.106894 -0.608386
v -0.805035 0.012826 -0.326205
v -0.805745 0.106822 -0.303562
v -0.800292 0.001867 -0.582773
v -1.103459 0.001867 -0.329227
v -1.104797 0.103319 -0.621444
v -1.104146 0.108966 -0.616333
v -0.798954 0.103318 -0.290556
v -0.799606 0.108966 -0.295667
v -1.103490 0.109210 -0.295106
v -1.104196 0.102959 -0.289937
v -1.104718 0.012288 -0.290989
v -0.800262 0.109210 -0.616894
v -0.799555 0.102959 -0.622063
v -0.799034 0.012289 -0.621011
v -0.806677 0.010412 -0.296306
v -0.808670 0.011017 -0.292855
v -0.812498 0.008177 -0.292161
v -1.095081 0.011017 -0.619145
v -1.091253 0.008177 -0.619839
v -1.097074 0.010412 -0.615694
v -1.095081 0.011017 -0.293145
v -1.091125 0.007972 -0.291507
v -1.097075 0.010411 -0.289693
v -0.808670 0.011017 -0.618855
v -0.812627 0.007972 -0.620493
v -0.806676 0.010411 -0.622307
v -0.803418 0.006078 -0.323663
v -1.100334 0.006077 -0.588337
v -1.089240 0.000044 -0.618315
v -0.813910 0.000354 -0.621197
v -1.093603 0.001122 -0.621102
v -1.097826 0.003104 -0.617461
v -0.810149 0.001122 -0.290898
v -0.805925 0.003104 -0.294539
v -0.814511 0.000044 -0.293685
v -1.089842 0.000354 -0.290803
v -0.810149 0.001122 -0.616898
v -0.805925 0.003104 -0.620539
v -1.093603 0.001122 -0.295102
v -1.097826 0.003104 -0.291461
v -0.805785 0.064895 -0.588523
v -0.805708 0.015832 -0.590276
v -1.097967 0.064895 -0.323477
v -1.098043 0.015832 -0.321724
v -1.101965 0.010857 -0.329945
v -0.801787 0.010857 -0.582055
v -0.801965 0.010857 -0.329945
v -1.101787 0.010857 -0.582055
v -1.098024 0.002877 -0.578621
v -0.805728 0.002877 -0.333378
v -1.104662 0.012218 -0.616928
v -0.799089 0.012218 -0.295072
v -1.104182 0.064177 -0.592518
v -0.799570 0.064177 -0.319482
v -0.802029 0.107491 -0.291737
v -1.101722 0.107491 -0.620263
v -1.101909 0.107413 -0.291669
v -0.801842 0.107413 -0.620331
v -0.805624 0.103774 -0.616579
v -0.806166 0.014622 -0.618328
v -1.097585 0.014623 -0.293671
v -0.805731 0.105719 -0.293591
v -1.098020 0.105719 -0.618409
v -1.102726 0.003726 -0.586029
v -0.801025 0.003726 -0.325971
v -1.101528 0.009130 -0.321245
v -1.104297 0.008616 -0.322353
v -0.799455 0.008616 -0.589646
v -0.802223 0.009129 -0.590754
v -0.801524 0.009142 -0.321239
v -1.102227 0.009141 -0.590761
v -1.105176 0.010406 -0.584184
v -0.798575 0.010407 -0.327815
v -1.097589 0.014634 -0.619659
v -0.806162 0.014634 -0.292341
v -0.803271 0.065929 0.577669
v -0.803125 0.107307 0.597139
v -0.805003 0.102824 0.608291
v -0.801879 0.101617 0.606968
v -0.805072 0.015219 0.608424
v -0.805937 0.063830 0.581135
v -0.805080 0.103376 0.602091
v -0.797960 0.102717 0.610347
v -0.798278 0.014542 0.612596
v -1.100480 0.065929 0.318808
v -1.100627 0.107307 0.299338
v -1.098643 0.102550 0.287855
v -1.099894 0.102276 0.289219
v -1.098680 0.015219 0.288053
v -1.105792 0.102717 0.286129
v -1.105474 0.014542 0.283880
v -1.097813 0.063590 0.315345
v -1.098710 0.103340 0.294384
v -0.804032 0.007674 0.325564
v -0.805118 0.006623 0.571157
v -0.797966 0.005433 0.572646
v -0.798634 0.006623 0.325319
v -1.105786 0.005433 0.323831
v -1.105118 0.006623 0.571158
v -1.099719 0.007673 0.570912
v -1.098634 0.006623 0.325319
v -0.798043 0.015857 0.582517
v -0.797967 0.064895 0.580761
v -0.798000 0.003137 0.324159
v -0.798619 0.002257 0.572821
v -0.802601 0.008032 0.569808
v -0.801151 0.008032 0.326668
v -0.801092 0.015597 0.585034
v -0.804060 0.064171 0.584609
v -1.105752 0.003137 0.572318
v -1.105133 0.002256 0.323656
v -1.105708 0.015857 0.313959
v -1.105785 0.064896 0.315716
v -1.102660 0.015597 0.311442
v -1.099692 0.064171 0.311868
v -1.101151 0.008032 0.326668
v -1.102601 0.008032 0.569809
v -1.105501 0.014365 0.610273
v -1.105727 0.105721 0.610711
v -1.105028 0.102865 0.608303
v -1.099581 0.065618 0.578185
v -1.099632 0.106870 0.597574
v -1.097791 0.104992 0.600218
v -1.098621 0.015221 0.613959
v -1.098947 0.103286 0.613681
v -1.102011 0.103711 0.614927
v -1.105039 0.103337 0.602096
v -1.104839 0.064411 0.584084
v -0.798713 0.103337 0.294381
v -0.798912 0.064411 0.312393
v -0.798250 0.014365 0.286203
v -0.798024 0.105721 0.285766
v -0.798723 0.102865 0.288173
v -0.804171 0.065618 0.318291
v -0.804120 0.106870 0.298902
v -0.805960 0.104992 0.296258
v -0.805130 0.015221 0.282518
v -0.804804 0.103286 0.282795
v -0.801740 0.103710 0.281550
v -0.798097 0.014936 0.313824
v -0.804614 0.015167 0.318488
v -1.105654 0.014936 0.582653
v -1.099137 0.015167 0.577989
v -0.798083 0.106028 0.610406
v -0.797791 0.104992 0.600219
v -0.798670 0.108118 0.601906
v -0.802708 0.101917 0.602929
v -1.105668 0.106028 0.286071
v -1.105960 0.104992 0.296258
v -1.105081 0.108118 0.294571
v -1.101044 0.101917 0.293547
v -1.095814 0.004501 0.615109
v -0.808781 0.003877 0.615039
v -1.092178 0.006574 0.607901
v -1.091186 0.007949 0.609667
v -0.812259 0.007695 0.609110
v -1.099303 0.015245 0.608076
v -1.103150 0.013675 0.607479
v -1.099807 0.101988 0.607611
v -0.810285 0.005493 0.607328
v -0.809978 0.002348 0.607947
v -1.094931 0.003833 0.607454
v -0.804371 0.015136 0.614515
v -0.801357 0.012297 0.615041
v -0.802060 0.103709 0.614920
v -0.811879 0.006608 0.614499
v -1.091147 0.006293 0.614590
v -1.099380 0.015136 0.281961
v -1.102395 0.012296 0.281435
v -1.101691 0.103709 0.281556
v -1.093467 0.005493 0.289149
v -1.093773 0.002348 0.288529
v -0.808821 0.003833 0.289023
v -1.091873 0.006608 0.281978
v -0.812605 0.006293 0.281886
v -0.811574 0.006574 0.288576
v -0.812566 0.007949 0.286810
v -1.091493 0.007695 0.287366
v -0.804449 0.015245 0.288400
v -0.800602 0.013675 0.288998
v -0.803944 0.101988 0.288866
v -0.807937 0.004501 0.281368
v -1.094970 0.003877 0.281438
v -1.104171 0.065618 0.318291
v -1.104614 0.015167 0.318488
v -1.101285 0.014812 0.319539
v -0.799581 0.065618 0.578185
v -0.799137 0.015167 0.577989
v -0.802467 0.014812 0.576938
v -0.800983 0.101947 0.293557
v -0.801876 0.064030 0.311316
v -0.804107 0.102479 0.293921
v -1.102769 0.101947 0.602920
v -1.101876 0.064030 0.585161
v -1.099645 0.102479 0.602556
v -1.101761 0.000177 0.324973
v -1.099983 0.000801 0.571427
v -1.099589 0.013772 0.312353
v -0.804162 0.013771 0.584123
v -0.801990 0.000177 0.571504
v -0.803769 0.000801 0.325050
v -0.800969 0.000135 0.326812
v -0.802748 0.013930 0.311479
v -1.101004 0.013930 0.584998
v -1.102782 0.000135 0.569664
v -0.801921 0.110134 0.603074
v -0.803956 0.108769 0.600218
v -0.804229 0.102935 0.614284
v -1.101830 0.110134 0.293403
v -1.099795 0.108769 0.296259
v -1.099523 0.102935 0.282193
v -1.101666 0.009900 0.288988
v -0.802085 0.009900 0.607489
v -1.101674 0.009898 0.614981
v -0.802077 0.009899 0.281495
v -1.099614 0.108968 0.608573
v -1.098670 0.108118 0.601906
v -1.105700 0.106894 0.600625
v -0.798052 0.106894 0.295852
v -0.804137 0.108968 0.287904
v -0.805081 0.108118 0.294571
v -0.804722 0.064358 0.312320
v -0.798118 0.064477 0.316859
v -0.798716 0.012826 0.318443
v -1.099030 0.064358 0.584156
v -1.105633 0.064477 0.579618
v -1.105035 0.012826 0.578034
v -1.104150 0.102537 0.293922
v -0.799601 0.102537 0.602554
v -0.799632 0.106870 0.597574
v -1.104120 0.106870 0.298902
v -1.101294 0.006545 0.609301
v -0.802457 0.006544 0.287175
v -1.101294 0.006545 0.283301
v -0.802457 0.006545 0.613175
v -1.104032 0.007674 0.325564
v -0.799719 0.007674 0.570912
v -1.102467 0.014812 0.576938
v -1.102650 0.065889 0.577587
v -0.801284 0.014812 0.319539
v -0.801102 0.065889 0.318889
v -0.805106 0.007940 0.322211
v -0.802129 0.004073 0.317550
v -0.805731 0.003822 0.322554
v -0.805222 0.008265 0.316092
v -1.101622 0.004073 0.578927
v -1.098020 0.003822 0.573922
v -1.098529 0.008265 0.580384
v -1.098646 0.007940 0.574266
v -1.103125 0.107307 0.597139
v -1.101921 0.110134 0.603074
v -1.103956 0.108769 0.600218
v -0.800627 0.107307 0.299337
v -0.801830 0.110134 0.293403
v -0.799795 0.108769 0.296259
v -0.801136 0.101810 0.289430
v -1.102616 0.101810 0.607047
v -0.805758 0.010422 0.580885
v -1.097994 0.010422 0.315592
v -0.798835 0.009213 0.581641
v -0.804074 0.002818 0.575874
v -1.104917 0.009213 0.314836
v -1.099678 0.002819 0.320603
v -0.805684 0.106010 0.286148
v -1.098127 0.103774 0.608818
v -1.098068 0.106010 0.610328
v -1.097129 0.009598 0.281509
v -0.806623 0.009598 0.614967
v -1.097129 0.009600 0.607510
v -0.806623 0.009600 0.288967
v -1.100179 0.109172 0.287384
v -0.803572 0.109172 0.609093
v -0.798967 0.102884 0.607915
v -1.102600 0.101751 0.289375
v -1.104784 0.102884 0.288562
v -1.098716 0.012827 0.318443
v -1.098052 0.106894 0.295852
v -0.805035 0.012827 0.578034
v -0.805745 0.106822 0.600676
v -0.800292 0.001867 0.321465
v -1.103459 0.001867 0.575012
v -1.104797 0.103319 0.282795
v -1.104146 0.108966 0.287905
v -0.798954 0.103318 0.613682
v -0.799606 0.108967 0.608571
v -1.103490 0.109210 0.609133
v -1.104196 0.102959 0.614301
v -1.104718 0.012289 0.613250
v -0.800262 0.109210 0.287344
v -0.799555 0.102959 0.282176
v -0.799034 0.012289 0.283227
v -0.806677 0.010412 0.607932
v -0.808670 0.011017 0.611384
v -0.812498 0.008177 0.612077
v -1.095081 0.011017 0.285093
v -1.091253 0.008177 0.284400
v -1.097075 0.010412 0.288544
v -1.095081 0.011017 0.611093
v -1.091124 0.007973 0.612731
v -1.097075 0.010411 0.614545
v -0.808670 0.011017 0.285384
v -0.812627 0.007972 0.283745
v -0.806676 0.010411 0.281931
v -0.803418 0.006078 0.580576
v -1.100334 0.006078 0.315901
v -1.089240 0.000044 0.285924
v -0.813910 0.000354 0.283042
v -1.093603 0.001122 0.283136
v -1.097826 0.003104 0.286777
v -0.810149 0.001122 0.613340
v -0.805925 0.003104 0.609699
v -0.814511 0.000044 0.610553
v -1.089842 0.000354 0.613435
v -0.810149 0.001122 0.287340
v -0.805925 0.003104 0.283699
v -1.093603 0.001122 0.609136
v -1.097826 0.003104 0.612777
v -0.805785 0.064895 0.315716
v -0.805708 0.015833 0.313963
v -1.097967 0.064895 0.580761
v -1.098043 0.015833 0.582514
v -1.101965 0.010857 0.574293
v -0.801787 0.010857 0.322184
v -0.801965 0.010857 0.574293
v -1.101787 0.010857 0.322184
v -1.098024 0.002877 0.325617
v -0.805728 0.002877 0.570860
v -1.104662 0.012218 0.287310
v -0.799089 0.012218 0.609167
v -1.104182 0.064177 0.311720
v -0.799570 0.064177 0.584756
v -0.802029 0.107491 0.612501
v -1.101722 0.107491 0.283976
v -1.101909 0.107413 0.612570
v -0.801842 0.107413 0.283907
v -0.805624 0.103774 0.287659
v -0.806166 0.014622 0.285910
v -1.097585 0.014623 0.610567
v -0.805731 0.105719 0.610647
v -1.098020 0.105719 0.285830
v -1.102726 0.003726 0.318209
v -0.801025 0.003726 0.578267
v -1.101528 0.009129 0.582993
v -1.104297 0.008616 0.581885
v -0.799455 0.008616 0.314592
v -0.802223 0.009129 0.313484
v -0.801524 0.009141 0.582999
v -1.102227 0.009141 0.313477
v -1.105176 0.010406 0.320054
v -0.798575 0.010407 0.576423
v -1.097589 0.014634 0.284579
v -0.806162 0.014634 0.611897
v 0.319347 0.065929 -0.763066
v 0.299877 0.107307 -0.762920
v 0.288725 0.102824 -0.764798
v 0.290048 0.101616 -0.761674
v 0.288592 0.015219 -0.764867
v 0.315881 0.063829 -0.765732
v 0.294925 0.103376 -0.764875
v 0.286669 0.102717 -0.757755
v 0.284420 0.014542 -0.758073
v 0.578208 0.065929 -1.060275
v 0.597678 0.107307 -1.060422
v 0.609161 0.102550 -1.058438
v 0.607797 0.102276 -1.059689
v 0.608963 0.015219 -1.058475
v 0.610886 0.102717 -1.065586
v 0.613136 0.014542 -1.065268
v 0.581671 0.063589 -1.057608
v 0.602631 0.103340 -1.058505
v 0.571452 0.007673 -0.763827
v 0.325858 0.006623 -0.764913
v 0.324370 0.005433 -0.757760
v 0.571697 0.006623 -0.758429
v 0.573185 0.005433 -1.065581
v 0.325858 0.006623 -1.064913
v 0.326104 0.007673 -1.059514
v 0.571697 0.006623 -1.058428
v 0.314499 0.015857 -0.757838
v 0.316255 0.064895 -0.757762
v 0.572857 0.003137 -0.757794
v 0.324195 0.002256 -0.758414
v 0.327207 0.008032 -0.762395
v 0.570348 0.008032 -0.760946
v 0.311982 0.015597 -0.760887
v 0.312407 0.064171 -0.763855
v 0.324698 0.003136 -1.065547
v 0.573360 0.002256 -1.064927
v 0.583057 0.015857 -1.065503
v 0.581300 0.064895 -1.065580
v 0.585574 0.015597 -1.062455
v 0.585148 0.064170 -1.059486
v 0.570348 0.008032 -1.060946
v 0.327207 0.008032 -1.062395
v 0.286743 0.014364 -1.065296
v 0.286305 0.105721 -1.065522
v 0.288713 0.102864 -1.064823
v 0.318831 0.065618 -1.059376
v 0.299442 0.106870 -1.059426
v 0.296798 0.104991 -1.057586
v 0.283057 0.015221 -1.058416
v 0.283335 0.103286 -1.058742
v 0.282089 0.103710 -1.061806
v 0.294920 0.103337 -1.064834
v 0.312932 0.064411 -1.064634
v 0.602635 0.103337 -0.758508
v 0.584623 0.064411 -0.758707
v 0.610813 0.014365 -0.758045
v 0.611250 0.105721 -0.757819
v 0.608843 0.102864 -0.758518
v 0.578725 0.065618 -0.763965
v 0.598113 0.106870 -0.763915
v 0.600758 0.104992 -0.765755
v 0.614498 0.015221 -0.764925
v 0.614221 0.103286 -0.764599
v 0.615466 0.103710 -0.761535
v 0.583192 0.014936 -0.757892
v 0.578528 0.015167 -0.764409
v 0.314363 0.014936 -1.065449
v 0.319027 0.015167 -1.058932
v 0.286610 0.106028 -0.757878
v 0.296797 0.104992 -0.757586
v 0.295110 0.108118 -0.758465
v 0.294087 0.101917 -0.762503
v 0.610945 0.106028 -1.065463
v 0.600758 0.104991 -1.065755
v 0.602445 0.108118 -1.064876
v 0.603468 0.101917 -1.060838
v 0.281907 0.004500 -1.055609
v 0.281977 0.003877 -0.768576
v 0.289115 0.006574 -1.051973
v 0.287349 0.007949 -1.050981
v 0.287905 0.007695 -0.772054
v 0.288940 0.015245 -1.059098
v 0.289537 0.013676 -1.062945
v 0.289405 0.101988 -1.059602
v 0.289688 0.005493 -0.770080
v 0.289068 0.002348 -0.769773
v 0.289562 0.003833 -1.054726
v 0.282501 0.015136 -0.764166
v 0.281975 0.012297 -0.761152
v 0.282096 0.103709 -0.761855
v 0.282517 0.006608 -0.771674
v 0.282425 0.006293 -1.050942
v 0.615055 0.015136 -1.059176
v 0.615580 0.012296 -1.062189
v 0.615460 0.103709 -1.061486
v 0.607867 0.005493 -1.053262
v 0.608487 0.002348 -1.053568
v 0.607993 0.003833 -0.768616
v 0.615038 0.006608 -1.051668
v 0.615130 0.006293 -0.772400
v 0.608440 0.006574 -0.771369
v 0.610206 0.007949 -0.772361
v 0.609650 0.007695 -1.051287
v 0.608616 0.015245 -0.764244
v 0.608018 0.013675 -0.760397
v 0.608150 0.101988 -0.763739
v 0.615648 0.004501 -0.767732
v 0.615578 0.003877 -1.054765
v 0.578725 0.065618 -1.063966
v 0.578528 0.015167 -1.064409
v 0.577477 0.014812 -1.061079
v 0.318831 0.065618 -0.759376
v 0.319027 0.015167 -0.758932
v 0.320078 0.014812 -0.762262
v 0.603459 0.101947 -0.760778
v 0.585700 0.064030 -0.761671
v 0.603095 0.102478 -0.763902
v 0.294096 0.101947 -1.062564
v 0.311855 0.064030 -1.061671
v 0.294460 0.102478 -1.059440
v 0.572043 0.000177 -1.061556
v 0.325589 0.000801 -1.059778
v 0.584663 0.013771 -1.059384
v 0.312893 0.013771 -0.763957
v 0.325512 0.000177 -0.761785
v 0.571966 0.000801 -0.763564
v 0.570204 0.000135 -0.760764
v 0.585537 0.013930 -0.762543
v 0.312018 0.013930 -1.060799
v 0.327352 0.000135 -1.062577
v 0.293942 0.110134 -0.761716
v 0.296798 0.108769 -0.763751
v 0.282732 0.102935 -0.764024
v 0.603613 0.110134 -1.061625
v 0.600757 0.108769 -1.059590
v 0.614823 0.102935 -1.059317
v 0.608028 0.009900 -1.061461
v 0.289527 0.009900 -0.761880
v 0.282035 0.009899 -1.061469
v 0.615521 0.009899 -0.761873
v 0.288443 0.108968 -1.059409
v 0.295110 0.108118 -1.058465
v 0.296391 0.106894 -1.065495
v 0.601164 0.106894 -0.757847
v 0.609112 0.108968 -0.763932
v 0.602445 0.108118 -0.764876
v 0.584696 0.064358 -0.764517
v 0.580157 0.064477 -0.757913
v 0.578573 0.012826 -0.758511
v 0.312860 0.064358 -1.058825
v 0.317398 0.064477 -1.065428
v 0.318983 0.012826 -1.064830
v 0.603094 0.102537 -1.063945
v 0.294462 0.102537 -0.759396
v 0.299442 0.106870 -0.759426
v 0.598113 0.106870 -1.063915
v 0.287715 0.006545 -1.061089
v 0.609841 0.006544 -0.762252
v 0.613715 0.006545 -1.061089
v 0.283841 0.006545 -0.762252
v 0.571452 0.007673 -1.063827
v 0.326103 0.007673 -0.759514
v 0.320078 0.014812 -1.062262
v 0.319429 0.065889 -1.062445
v 0.577477 0.014812 -0.761079
v 0.578126 0.065889 -0.760897
v 0.574805 0.007940 -0.764901
v 0.579466 0.004073 -0.761924
v 0.574462 0.003822 -0.765526
v 0.580924 0.008265 -0.765017
v 0.318089 0.004073 -1.061417
v 0.323094 0.003822 -1.057815
v 0.316631 0.008265 -1.058324
v 0.322750 0.007940 -1.058441
v 0.299877 0.107307 -1.062920
v 0.293942 0.110134 -1.061716
v 0.296798 0.108769 -1.063751
v 0.597678 0.107307 -0.760422
v 0.603613 0.110134 -0.761625
v 0.600757 0.108769 -0.759590
v 0.607586 0.101810 -0.760931
v 0.289969 0.101810 -1.062411
v 0.316131 0.010422 -0.765553
v 0.581424 0.010422 -1.057789
v 0.315375 0.009213 -0.758630
v 0.321142 0.002818 -0.763869
v 0.582180 0.009213 -1.064712
v 0.576413 0.002818 -1.059473
v 0.610868 0.106010 -0.765479
v 0.288198 0.103773 -1.057922
v 0.286687 0.106009 -1.057863
v 0.615507 0.009598 -1.056924
v 0.282049 0.009598 -0.766418
v 0.289506 0.009600 -1.056924
v 0.608049 0.009600 -0.766418
v 0.609632 0.109172 -1.059974
v 0.287923 0.109172 -0.763367
v 0.289101 0.102884 -0.758762
v 0.607641 0.101751 -1.062395
v 0.608454 0.102884 -1.064579
v 0.578573 0.012826 -1.058511
v 0.601164 0.106894 -1.057847
v 0.318982 0.012826 -0.764830
v 0.296340 0.106822 -0.765540
v 0.575551 0.001867 -0.760087
v 0.322004 0.001867 -1.063254
v 0.614221 0.103318 -1.064592
v 0.609111 0.108966 -1.063941
v 0.283334 0.103318 -0.758749
v 0.288445 0.108966 -0.759400
v 0.287883 0.109210 -1.063285
v 0.282715 0.102959 -1.063991
v 0.283767 0.012288 -1.064513
v 0.609672 0.109210 -0.760057
v 0.614840 0.102959 -0.759350
v 0.613789 0.012289 -0.758829
v 0.289084 0.010412 -0.766472
v 0.285632 0.011017 -0.768465
v 0.284939 0.008177 -0.772293
v 0.611923 0.011017 -1.054876
v 0.612616 0.008177 -1.051048
v 0.608472 0.010412 -1.056869
v 0.285923 0.011017 -1.054876
v 0.284285 0.007972 -1.050919
v 0.282471 0.010411 -1.056870
v 0.611632 0.011017 -0.768465
v 0.613271 0.007972 -0.772422
v 0.615085 0.010411 -0.766471
v 0.316440 0.006078 -0.763213
v 0.581115 0.006078 -1.060129
v 0.611092 0.000044 -1.049035
v 0.613974 0.000354 -0.773705
v 0.613880 0.001122 -1.053398
v 0.610239 0.003104 -1.057621
v 0.283676 0.001122 -0.769944
v 0.287317 0.003104 -0.765720
v 0.286463 0.000044 -0.774306
v 0.283581 0.000354 -1.049636
v 0.609676 0.001122 -0.769944
v 0.613317 0.003104 -0.765720
v 0.287879 0.001122 -1.053398
v 0.284239 0.003104 -1.057621
v 0.581300 0.064895 -0.765580
v 0.583053 0.015832 -0.765503
v 0.316255 0.064895 -1.057762
v 0.314502 0.015832 -1.057838
v 0.322723 0.010857 -1.061760
v 0.574832 0.010857 -0.761582
v 0.322723 0.010857 -0.761760
v 0.574832 0.010857 -1.061582
v 0.571399 0.002877 -1.057819
v 0.326156 0.002877 -0.765523
v 0.609706 0.012218 -1.064457
v 0.287849 0.012218 -0.758884
v 0.585296 0.064177 -1.063977
v 0.312260 0.064177 -0.759365
v 0.284515 0.107491 -0.761824
v 0.613040 0.107491 -1.061517
v 0.284446 0.107413 -1.061704
v 0.613109 0.107413 -0.761637
v 0.609357 0.103774 -0.765419
v 0.611106 0.014622 -0.765961
v 0.286449 0.014622 -1.057380
v 0.286369 0.105719 -0.765526
v 0.611186 0.105719 -1.057815
v 0.578806 0.003726 -1.062521
v 0.318749 0.003726 -0.760820
v 0.314023 0.009129 -1.061323
v 0.315131 0.008616 -1.064092
v 0.582424 0.008616 -0.759250
v 0.583532 0.009130 -0.762018
v 0.314016 0.009141 -0.761319
v 0.583539 0.009142 -1.062022
v 0.576962 0.010406 -1.064971
v 0.320593 0.010406 -0.758370
v 0.612437 0.014634 -1.057384
v 0.285119 0.014634 -0.765957
vn 0.9024 0.2218 -0.3694
vn 0.7166 0.6303 -0.2987
vn 0.3339 -0.2702 -0.9031
vn 0.7309 -0.6814 -0.0382
vn 0.7519 0.1329 -0.6458
vn 0.1171 0.0229 -0.9929
vn -0.2420 -0.3567 -0.9023
vn 0.0555 0.0170 0.9983
vn -0.3239 -0.1398 0.9357
vn -0.9010 0.2226 0.3723
vn -0.7171 0.6304 0.2972
vn -0.3032 -0.1782 0.9361
vn -0.5263 -0.6999 0.4829
vn -0.7539 0.1346 0.6431
vn -0.0556 0.0170 -0.9983
vn 0.3239 -0.1398 -0.9357
vn -0.1129 0.0214 0.9934
vn 0.2179 -0.3561 0.9087
vn -0.1697 0.9808 -0.0957
vn 0.1807 0.4678 -0.8652
vn 0.0249 0.0765 0.9968
vn -0.1625 0.4649 0.8703
vn -0.0250 0.0765 -0.9968
vn 0.1625 0.4648 -0.8704
vn 0.1697 0.9808 0.0957
vn -0.1806 0.4677 0.8652
vn -0.3544 -0.0422 0.9341
vn 0.1422 0.0352 0.9892
vn 0.1129 -0.3704 0.9220
vn -0.2010 -0.6114 0.7653
vn 0.2024 0.9554 -0.2151
vn -0.2024 0.9554 0.2151
vn -0.9703 -0.1158 0.2124
vn -0.8120 -0.2020 -0.5475
vn -0.1129 -0.3704 -0.9220
vn 0.2010 -0.6114 -0.7653
vn 0.3544 -0.0422 -0.9341
vn -0.1422 0.0352 -0.9892
vn 0.9703 -0.1158 -0.2124
vn 0.8145 -0.2055 0.5426
vn -0.2024 0.9554 0.2152
vn 0.2299 -0.1588 -0.9602
vn -0.3119 0.3158 -0.8961
vn 0.3110 -0.2507 -0.9167
vn 0.8123 0.1839 0.5536
vn 0.6145 0.5836 0.5308
vn 0.1199 0.0752 0.9899
vn -0.7436 0.1431 0.6532
vn -0.6467 0.1928 0.7380
vn -0.9461 0.3237 -0.0130
vn -0.2244 -0.3544 -0.9078
vn -0.5804 -0.1383 -0.8025
vn 0.2244 -0.3545 0.9077
vn 0.5804 -0.1383 0.8025
vn -0.2299 -0.1588 0.9602
vn 0.3119 0.3158 0.8961
vn -0.3110 -0.2507 0.9167
vn -0.8122 0.1838 -0.5536
vn -0.6145 0.5836 -0.5308
vn -0.1199 0.0752 -0.9899
vn 0.7436 0.1431 -0.6532
vn 0.6467 0.1928 -0.7380
vn 0.9461 0.3237 0.0130
vn 0.4863 -0.0718 0.8708
vn -0.6328 0.2017 -0.7476
vn -0.4863 -0.0718 -0.8708
vn 0.6328 0.2017 0.7476
vn -0.2945 0.3368 0.8943
vn 0.1150 0.0749 0.9905
vn 0.1625 0.6373 0.7533
vn -0.5195 -0.8141 -0.2594
vn 0.2946 0.3368 -0.8943
vn -0.1150 0.0749 -0.9905
vn -0.1626 0.6373 -0.7533
vn 0.4948 -0.8370 0.2337
vn -0.9283 -0.3224 -0.1850
vn -0.9217 -0.3423 0.1823
vn 0.8991 0.4193 0.1259
vn 0.4109 0.8859 0.2155
vn 0.5770 0.7813 -0.2379
vn 0.8588 0.1114 0.5000
vn 0.8943 -0.1185 -0.4314
vn 0.6419 -0.4978 0.5832
vn 0.9951 0.0855 -0.0488
vn 0.7514 -0.6281 0.2022
vn 0.9196 -0.3457 -0.1864
vn -0.8605 0.1022 -0.4991
vn -0.9115 -0.1372 0.3878
vn -0.9453 0.3255 -0.0206
vn -0.8726 0.4681 -0.1391
vn -0.8824 0.4599 0.0989
vn 0.8605 0.1021 0.4990
vn 0.9115 -0.1372 -0.3878
vn 0.9453 0.3256 0.0206
vn -0.9951 0.0855 0.0488
vn -0.7515 -0.6280 -0.2021
vn -0.9196 -0.3457 0.1864
vn 0.8726 0.4681 0.1391
vn 0.8824 0.4599 -0.0989
vn -0.8991 0.4193 -0.1259
vn -0.4109 0.8859 -0.2155
vn -0.5770 0.7813 0.2379
vn -0.8589 0.1114 -0.4999
vn -0.8943 -0.1186 0.4315
vn -0.6419 -0.4978 -0.5832
vn 0.9283 -0.3224 0.1850
vn 0.9217 -0.3423 -0.1823
vn -0.8267 0.1863 -0.5310
vn -0.6390 0.1918 -0.7449
vn -0.9551 0.2561 0.1487
vn 0.8267 0.1863 0.5310
vn 0.6390 0.1918 0.7449
vn 0.9551 0.2561 -0.1487
vn 0.5121 -0.8225 0.2476
vn 0.9761 -0.2170 0.0079
vn 0.3404 -0.6650 -0.6648
vn -0.5121 -0.8224 -0.2476
vn -0.9761 -0.2170 -0.0079
vn -0.3404 -0.6650 0.6647
vn 0.1654 -0.9853 0.0430
vn -0.1908 -0.8517 0.4880
vn 0.8067 -0.1646 0.5676
vn -0.8067 -0.1646 -0.5676
vn -0.1654 -0.9853 -0.0430
vn 0.1908 -0.8517 -0.4880
vn 0.0867 -0.9597 0.2673
vn 0.9717 -0.1882 -0.1427
vn -0.9717 -0.1881 0.1427
vn -0.0867 -0.9597 -0.2673
vn 0.1202 0.9927 0.0026
vn 0.3154 0.8254 -0.4682
vn -0.7406 0.2287 -0.6318
vn -0.1202 0.9927 -0.0026
vn -0.3146 0.8278 0.4645
vn 0.7406 0.2287 0.6318
vn -0.8870 -0.2503 -0.3880
vn 0.8869 -0.2502 0.3883
vn -0.8866 -0.2479 -0.3904
vn 0.8867 -0.2479 0.3904
vn -0.2534 0.8113 0.5268
vn 0.1626 0.6376 0.7530
vn 0.1782 0.3295 -0.9272
vn -0.1782 0.3294 0.9272
vn 0.2535 0.8113 -0.5268
vn -0.1626 0.6376 -0.7530
vn 0.6371 -0.1465 -0.7567
vn -0.4170 0.0792 0.9054
vn -0.4707 0.2452 0.8475
vn -0.6371 -0.1465 0.7567
vn 0.4171 0.0792 -0.9054
vn 0.4707 0.2452 -0.8475
vn 0.3281 -0.6538 -0.6818
vn -0.3311 -0.6535 0.6807
vn 0.6154 0.5831 0.5304
vn -0.6154 0.5831 -0.5304
vn 0.4110 -0.5764 -0.7063
vn -0.4110 -0.5764 0.7063
vn 0.3979 -0.5829 -0.7084
vn -0.3979 -0.5829 0.7084
vn -0.2516 0.7611 -0.5979
vn 0.2515 0.7611 0.5979
vn 0.9528 0.2607 -0.1558
vn 0.9498 0.2304 -0.2119
vn -0.9528 0.2607 0.1558
vn -0.9497 0.2304 0.2119
vn -0.2854 0.3988 -0.8715
vn 0.6399 -0.7623 -0.0971
vn 0.2017 -0.3746 -0.9050
vn 0.4896 -0.3691 -0.7899
vn -0.6399 -0.7623 0.0972
vn -0.2017 -0.3746 0.9050
vn -0.4896 -0.3691 0.7899
vn 0.2854 0.3988 0.8715
vn 0.7154 0.6332 -0.2954
vn 0.1207 0.9927 0.0017
vn 0.3135 0.8279 -0.4651
vn -0.7154 0.6332 0.2954
vn -0.1207 0.9927 -0.0017
vn -0.3135 0.8279 0.4651
vn -0.6864 -0.6854 0.2433
vn 0.6864 -0.6854 -0.2433
vn -0.3307 -0.1841 -0.9256
vn 0.3308 -0.1841 0.9256
vn -0.5578 -0.3552 0.7501
vn -0.4164 -0.7167 -0.5594
vn 0.5578 -0.3551 -0.7501
vn 0.4164 -0.7167 0.5594
vn 0.3222 0.3214 -0.8904
vn 0.0471 -0.1741 0.9836
vn -0.3222 0.3215 0.8904
vn 0.9078 0.2797 0.3126
vn -0.9077 0.2798 -0.3126
vn 0.9088 0.2761 0.3128
vn -0.9088 0.2761 -0.3128
vn 0.2832 0.8607 0.4232
vn -0.2831 0.8607 -0.4231
vn 0.3297 -0.3238 0.8868
vn -0.7205 -0.6523 -0.2353
vn -0.3173 -0.3113 -0.8958
vn -0.4770 0.1978 0.8563
vn -0.1829 0.3307 0.9258
vn 0.4770 0.1978 -0.8563
vn 0.1767 0.3232 -0.9297
vn 0.4243 -0.8311 0.3596
vn -0.4243 -0.8311 -0.3596
vn 0.6825 0.2095 -0.7002
vn 0.2534 0.8135 -0.5235
vn -0.6826 0.2095 0.7002
vn -0.2533 0.8135 0.5235
vn -0.2906 0.8650 -0.4090
vn -0.7454 0.2264 -0.6270
vn -0.4593 -0.2733 -0.8452
vn 0.2906 0.8650 0.4091
vn 0.7454 0.2265 0.6270
vn 0.4593 -0.2733 0.8452
vn 0.8646 0.3450 -0.3653
vn -0.0805 0.7015 -0.7081
vn -0.2487 0.9280 -0.2773
vn 0.0805 0.7015 0.7081
vn 0.2488 0.9280 0.2773
vn -0.8646 0.3450 0.3653
vn 0.0894 0.7073 0.7012
vn -0.3720 0.8802 0.2946
vn -0.8776 0.3265 0.3509
vn -0.0894 0.7074 -0.7012
vn 0.3720 0.8802 -0.2946
vn 0.8776 0.3265 -0.3509
vn -0.6838 -0.6112 -0.3986
vn 0.6838 -0.6112 0.3986
vn -0.1785 -0.9819 -0.0632
vn 0.4781 -0.8746 0.0802
vn 0.4403 -0.8597 -0.2588
vn -0.3147 -0.7651 -0.5618
vn -0.4403 -0.8597 0.2588
vn 0.3146 -0.7651 0.5618
vn 0.1785 -0.9819 0.0632
vn -0.4781 -0.8746 -0.0802
vn -0.4399 -0.8639 0.2452
vn 0.3016 -0.7750 0.5553
vn 0.4399 -0.8639 -0.2451
vn -0.3016 -0.7750 -0.5553
vn -0.1734 0.0419 -0.9840
vn 0.3421 -0.0399 -0.9388
vn 0.1735 0.0419 0.9839
vn -0.3421 -0.0399 0.9388
vn 0.7198 0.6941 0.0112
vn -0.7198 0.6941 -0.0113
vn 0.6932 0.7208 0.0057
vn -0.6932 0.7207 -0.0057
vn 0.0598 -0.4110 0.9097
vn -0.0598 -0.4110 -0.9097
vn -0.4574 -0.2723 -0.8465
vn 0.4585 -0.2715 0.8462
vn 0.7882 -0.1786 -0.5890
vn -0.7882 -0.1786 0.5890
vn -0.7091 0.7044 -0.0323
vn 0.7091 0.7044 0.0323
vn -0.7142 0.6999 -0.0083
vn 0.7142 0.6999 0.0083
vn -0.0471 -0.1741 -0.9836
vn -0.2030 0.3110 -0.9285
vn 0.2030 0.3110 0.9285
vn -0.3047 0.3097 -0.9007
vn 0.3094 0.3129 0.8980
vn 0.5844 -0.7670 -0.2651
vn -0.5844 -0.7670 0.2651
vn -0.8668 -0.4830 0.1235
vn -0.6509 -0.4270 -0.6277
vn 0.6509 -0.4270 0.6277
vn 0.8668 -0.4830 -0.1235
vn -0.8834 -0.4642 0.0638
vn 0.8834 -0.4642 -0.0638
vn -0.5385 0.4599 -0.7060
vn 0.5386 0.4599 0.7060
vn 0.2015 0.3078 0.9299
vn -0.2015 0.3078 -0.9299
vn -0.3694 0.2218 -0.9024
vn -0.2987 0.6303 -0.7166
vn -0.9031 -0.2702 -0.3339
vn -0.0382 -0.6814 -0.7309
vn -0.6457 0.1329 -0.7519
vn -0.9929 0.0229 -0.1171
vn -0.9023 -0.3567 0.2420
vn 0.9983 0.0169 -0.0556
vn 0.9357 -0.1398 0.3239
vn 0.3723 0.2226 0.9010
vn 0.2972 0.6304 0.7172
vn 0.9361 -0.1782 0.3033
vn 0.4830 -0.6999 0.5262
vn 0.6430 0.1346 0.7539
vn -0.9983 0.0170 0.0556
vn -0.9357 -0.1397 -0.3239
vn 0.9934 0.0214 0.1129
vn 0.9087 -0.3561 -0.2179
vn -0.0957 0.9808 0.1697
vn -0.8652 0.4678 -0.1807
vn 0.9968 0.0766 -0.0250
vn 0.8703 0.4649 0.1625
vn -0.9968 0.0766 0.0249
vn -0.8704 0.4648 -0.1625
vn 0.0956 0.9808 -0.1697
vn 0.8652 0.4678 0.1807
vn 0.9341 -0.0422 0.3544
vn 0.9892 0.0352 -0.1422
vn 0.9220 -0.3704 -0.1129
vn 0.7654 -0.6114 0.2010
vn -0.2151 0.9554 -0.2024
vn 0.2151 0.9554 0.2024
vn 0.2124 -0.1158 0.9703
vn -0.5475 -0.2020 0.8120
vn -0.9220 -0.3704 0.1130
vn -0.7653 -0.6114 -0.2010
vn -0.9341 -0.0422 -0.3544
vn -0.9892 0.0352 0.1422
vn -0.2124 -0.1158 -0.9703
vn 0.5426 -0.2056 -0.8145
vn -0.9602 -0.1588 -0.2299
vn -0.8961 0.3158 0.3119
vn -0.9167 -0.2508 -0.3110
vn 0.5535 0.1839 -0.8123
vn 0.5308 0.5836 -0.6145
vn 0.9899 0.0752 -0.1199
vn 0.6532 0.1431 0.7436
vn 0.7380 0.1927 0.6467
vn -0.0129 0.3237 0.9461
vn -0.9078 -0.3544 0.2244
vn -0.8025 -0.1383 0.5804
vn 0.9078 -0.3544 -0.2244
vn 0.8025 -0.1383 -0.5804
vn 0.9602 -0.1588 0.2299
vn 0.8961 0.3158 -0.3119
vn 0.9167 -0.2507 0.3110
vn -0.5536 0.1838 0.8122
vn -0.5308 0.5836 0.6145
vn -0.9899 0.0752 0.1199
vn -0.6531 0.1431 -0.7436
vn -0.7380 0.1928 -0.6467
vn 0.0129 0.3237 -0.9461
vn 0.8708 -0.0718 -0.4863
vn -0.7476 0.2017 0.6328
vn -0.8708 -0.0718 0.4863
vn 0.7476 0.2017 -0.6328
vn 0.8943 0.3368 0.2945
vn 0.9905 0.0750 -0.1150
vn 0.7533 0.6373 -0.1625
vn -0.2594 -0.8141 0.5195
vn -0.8943 0.3368 -0.2945
vn -0.9905 0.0749 0.1150
vn -0.7533 0.6373 0.1625
vn 0.2338 -0.8370 -0.4948
vn -0.1850 -0.3224 0.9283
vn 0.1823 -0.3423 0.9217
vn 0.1259 0.4193 -0.8991
vn 0.2155 0.8859 -0.4109
vn -0.2379 0.7813 -0.5770
vn 0.5000 0.1114 -0.8589
vn -0.4315 -0.1186 -0.8943
vn 0.5833 -0.4978 -0.6418
vn -0.0488 0.0855 -0.9951
vn 0.2021 -0.6281 -0.7514
vn -0.1864 -0.3457 -0.9196
vn -0.4991 0.1021 0.8605
vn 0.3878 -0.1372 0.9115
vn -0.0206 0.3255 0.9453
vn -0.1391 0.4681 0.8727
vn 0.0989 0.4599 0.8825
vn 0.4991 0.1022 -0.8605
vn -0.3878 -0.1372 -0.9115
vn 0.0206 0.3255 -0.9453
vn 0.0488 0.0855 0.9951
vn -0.2021 -0.6281 0.7515
vn 0.1864 -0.3457 0.9196
vn 0.1391 0.4681 -0.8727
vn -0.0989 0.4599 -0.8825
vn -0.1259 0.4193 0.8991
vn -0.2155 0.8858 0.4109
vn 0.2379 0.7813 0.5770
vn -0.4999 0.1114 0.8589
vn 0.4315 -0.1186 0.8943
vn -0.5833 -0.4978 0.6419
vn 0.1850 -0.3224 -0.9283
vn -0.1823 -0.3423 -0.9217
vn -0.5310 0.1863 0.8267
vn -0.7449 0.1918 0.6390
vn 0.1487 0.2561 0.9551
vn 0.5310 0.1863 -0.8267
vn 0.7449 0.1918 -0.6390
vn -0.1487 0.2561 -0.9551
vn 0.2476 -0.8224 -0.5121
vn 0.0079 -0.2170 -0.9761
vn -0.6648 -0.6650 -0.3404
vn -0.2476 -0.8225 0.5121
vn -0.0079 -0.2170 0.9761
vn 0.6648 -0.6650 0.3404
vn 0.0430 -0.9853 -0.1654
vn 0.4880 -0.8517 0.1908
vn 0.5676 -0.1646 -0.8067
vn -0.5676 -0.1646 0.8067
vn -0.0430 -0.9853 0.1654
vn -0.4880 -0.8517 -0.1908
vn 0.2673 -0.9597 -0.0867
vn -0.1427 -0.1882 -0.9717
vn 0.1427 -0.1882 0.9717
vn -0.2673 -0.9597 0.0867
vn 0.0026 0.9927 -0.1202
vn -0.4682 0.8254 -0.3154
vn -0.6318 0.2287 0.7406
vn -0.0025 0.9927 0.1202
vn 0.4645 0.8278 0.3146
vn 0.6318 0.2288 -0.7406
vn -0.3881 -0.2504 0.8870
vn 0.3883 -0.2502 -0.8869
vn -0.3904 -0.2479 0.8866
vn 0.3904 -0.2478 -0.8867
vn 0.5268 0.8113 0.2534
vn 0.7531 0.6375 -0.1626
vn -0.9272 0.3295 -0.1782
vn 0.9272 0.3295 0.1782
vn -0.5268 0.8113 -0.2534
vn -0.7530 0.6376 0.1626
vn -0.7567 -0.1465 -0.6371
vn 0.9054 0.0792 0.4171
vn 0.8475 0.2452 0.4707
vn 0.7567 -0.1465 0.6371
vn -0.9054 0.0792 -0.4170
vn -0.8475 0.2452 -0.4707
vn -0.6818 -0.6538 -0.3281
vn 0.6807 -0.6535 0.3311
vn 0.5304 0.5831 -0.6154
vn -0.5304 0.5830 0.6154
vn -0.7063 -0.5764 -0.4110
vn 0.7063 -0.5764 0.4110
vn -0.7084 -0.5830 -0.3979
vn 0.7084 -0.5830 0.3979
vn -0.5979 0.7611 0.2516
vn 0.5979 0.7611 -0.2516
vn -0.1558 0.2607 -0.9528
vn -0.2119 0.2304 -0.9497
vn 0.1558 0.2607 0.9528
vn 0.2118 0.2304 0.9498
vn -0.8715 0.3988 0.2854
vn -0.0971 -0.7623 -0.6399
vn -0.9050 -0.3746 -0.2017
vn -0.7899 -0.3691 -0.4896
vn 0.0971 -0.7623 0.6399
vn 0.9050 -0.3746 0.2017
vn 0.7899 -0.3691 0.4896
vn 0.8715 0.3989 -0.2854
vn -0.2954 0.6332 -0.7154
vn 0.0017 0.9927 -0.1207
vn -0.4651 0.8279 -0.3135
vn 0.2954 0.6332 0.7154
vn -0.0017 0.9927 0.1207
vn 0.4651 0.8279 0.3134
vn 0.2433 -0.6854 0.6864
vn -0.2433 -0.6853 -0.6864
vn -0.9256 -0.1841 0.3307
vn 0.9256 -0.1841 -0.3307
vn 0.7501 -0.3552 0.5578
vn -0.5594 -0.7167 0.4164
vn -0.7501 -0.3551 -0.5578
vn 0.5594 -0.7167 -0.4164
vn -0.8904 0.3214 -0.3222
vn 0.9836 -0.1740 -0.0471
vn 0.8904 0.3215 0.3222
vn 0.3126 0.2798 -0.9078
vn -0.3126 0.2798 0.9078
vn 0.3128 0.2761 -0.9088
vn -0.3128 0.2761 0.9088
vn 0.4232 0.8607 -0.2832
vn -0.4232 0.8607 0.2831
vn 0.8868 -0.3238 -0.3297
vn -0.2353 -0.6523 0.7205
vn -0.8958 -0.3113 0.3173
vn 0.8563 0.1978 0.4771
vn 0.9259 0.3307 0.1829
vn -0.8563 0.1978 -0.4771
vn -0.9297 0.3231 -0.1766
vn 0.3596 -0.8311 -0.4243
vn -0.3596 -0.8311 0.4243
vn -0.7001 0.2095 -0.6826
vn -0.5235 0.8135 -0.2534
vn 0.7002 0.2095 0.6826
vn 0.5235 0.8135 0.2534
vn -0.4090 0.8650 0.2906
vn -0.6270 0.2265 0.7454
vn -0.8452 -0.2733 0.4593
vn 0.4090 0.8650 -0.2906
vn 0.6269 0.2265 -0.7454
vn 0.8452 -0.2733 -0.4593
vn -0.3653 0.3450 -0.8646
vn -0.7081 0.7015 0.0805
vn -0.2773 0.9280 0.2488
vn 0.7081 0.7015 -0.0805
vn 0.2773 0.9280 -0.2488
vn 0.3652 0.3450 0.8646
vn 0.7012 0.7074 -0.0894
vn 0.2946 0.8802 0.3720
vn 0.3509 0.3265 0.8776
vn -0.7012 0.7073 0.0894
vn -0.2946 0.8802 -0.3720
vn -0.3509 0.3265 -0.8776
vn -0.3985 -0.6112 0.6838
vn 0.3986 -0.6112 -0.6838
vn -0.0632 -0.9819 0.1784
vn 0.0802 -0.8746 -0.4781
vn -0.2588 -0.8597 -0.4403
vn -0.5618 -0.7651 0.3146
vn 0.2588 -0.8597 0.4403
vn 0.5619 -0.7651 -0.3147
vn 0.0632 -0.9819 -0.1785
vn -0.0802 -0.8746 0.4781
vn 0.2451 -0.8639 0.4399
vn 0.5553 -0.7750 -0.3016
vn -0.2452 -0.8639 -0.4399
vn -0.5553 -0.7750 0.3016
vn -0.9840 0.0419 0.1734
vn -0.9388 -0.0399 -0.3421
vn 0.9840 0.0419 -0.1734
vn 0.9388 -0.0399 0.3421
vn 0.0112 0.6941 -0.7198
vn -0.0113 0.6941 0.7198
vn 0.0057 0.7207 -0.6932
vn -0.0057 0.7207 0.6932
vn 0.9097 -0.4110 -0.0598
vn -0.9097 -0.4109 0.0598
vn -0.8465 -0.2723 0.4574
vn 0.8462 -0.2715 -0.4585
vn -0.5890 -0.1786 -0.7882
vn 0.5890 -0.1786 0.7882
vn -0.0323 0.7044 0.7091
vn 0.0323 0.7043 -0.7091
vn -0.0083 0.6999 0.7142
vn 0.0083 0.6999 -0.7142
vn -0.9836 -0.1741 0.0471
vn -0.9285 0.3110 0.2030
vn 0.9285 0.3110 -0.2030
vn -0.9007 0.3097 0.3046
vn 0.8980 0.3129 -0.3094
vn -0.2651 -0.7670 -0.5844
vn 0.2651 -0.7670 0.5844
vn 0.1236 -0.4830 0.8668
vn -0.6277 -0.4271 0.6509
vn 0.6277 -0.4270 -0.6509
vn -0.1235 -0.4831 -0.8668
vn 0.0638 -0.4642 0.8835
vn -0.0638 -0.4642 -0.8834
vn -0.7059 0.4600 0.5386
vn 0.7060 0.4599 -0.5386
vn 0.9299 0.3078 -0.2015
vn -0.9299 0.3079 0.2015
vn 0.9983 0.0170 -0.0556
vn 0.2972 0.6304 0.7171
vn 0.4830 -0.6999 0.5263
vn 0.6431 0.1346 0.7538
vn -0.9357 -0.1398 -0.3238
vn 0.9087 -0.3562 -0.2179
vn 0.2152 0.9554 0.2024
vn -0.9220 -0.3704 0.1129
vn -0.7654 -0.6114 -0.2010
vn -0.9892 0.0352 0.1423
vn 0.5426 -0.2055 -0.8145
vn -0.2152 0.9554 -0.2024
vn 0.5536 0.1839 -0.8123
vn -0.0130 0.3237 0.9461
vn -0.5536 0.1839 0.8123
vn -0.6532 0.1431 -0.7435
vn 0.0130 0.3237 -0.9461
vn 0.9905 0.0749 -0.1150
vn -0.2595 -0.8141 0.5195
vn -0.7533 0.6373 0.1626
vn 0.2337 -0.8370 -0.4948
vn 0.1259 0.4194 -0.8991
vn 0.5000 0.1114 -0.8588
vn -0.4314 -0.1185 -0.8943
vn 0.2021 -0.6280 -0.7515
vn -0.1864 -0.3457 -0.9197
vn -0.4990 0.1021 0.8605
vn -0.1391 0.4681 0.8726
vn 0.0989 0.4599 0.8824
vn 0.1391 0.4681 -0.8726
vn -0.0989 0.4599 -0.8824
vn -0.1259 0.4194 0.8990
vn -0.2155 0.8859 0.4109
vn 0.2379 0.7813 0.5771
vn -0.5000 0.1114 0.8589
vn 0.4314 -0.1186 0.8943
vn -0.5833 -0.4979 0.6418
vn -0.5309 0.1863 0.8267
vn -0.1428 -0.1882 -0.9717
vn 0.1428 -0.1881 0.9717
vn -0.3880 -0.2503 0.8870
vn -0.3904 -0.2479 0.8867
vn 0.7530 0.6375 -0.1626
vn 0.8476 0.2452 0.4707
vn -0.9054 0.0792 -0.4171
vn 0.5304 0.5830 -0.6154
vn -0.5304 0.5831 0.6154
vn -0.7084 -0.5829 -0.3979
vn -0.2118 0.2304 -0.9498
vn 0.2119 0.2304 0.9498
vn -0.0972 -0.7623 -0.6399
vn -0.9050 -0.3745 -0.2017
vn -0.7900 -0.3691 -0.4896
vn 0.0972 -0.7623 0.6399
vn 0.9050 -0.3745 0.2017
vn 0.7900 -0.3691 0.4896
vn 0.4651 0.8279 0.3135
vn 0.2433 -0.6853 0.6864
vn -0.2433 -0.6854 -0.6864
vn 0.7501 -0.3551 0.5578
vn -0.3126 0.2797 0.9078
vn 0.9258 0.3307 0.1829
vn 0.7001 0.2095 0.6826
vn 0.5234 0.8135 0.2534
vn -0.3652 0.3450 -0.8646
vn 0.3653 0.3450 0.8646
vn -0.7012 0.7074 0.0894
vn -0.3986 -0.6112 0.6838
vn -0.0632 -0.9819 0.1785
vn -0.5618 -0.7651 0.3147
vn 0.5618 -0.7651 -0.3147
vn 0.2451 -0.8639 0.4400
vn 0.9839 0.0420 -0.1735
vn 0.0057 0.7208 -0.6932
vn 0.9097 -0.4109 -0.0598
vn -0.9097 -0.4110 0.0598
vn 0.0323 0.7044 -0.7091
vn -0.9285 0.3110 0.2031
vn -0.9007 0.3096 0.3046
vn -0.6277 -0.4270 0.6509
vn 0.0638 -0.4642 0.8834
vn -0.7060 0.4599 0.5386
vn 0.7519 0.1329 -0.6457
vn -0.3238 -0.1398 0.9357
vn -0.7171 0.6303 0.2973
vn -0.5262 -0.6999 0.4830
vn -0.7538 0.1346 0.6431
vn 0.1625 0.4648 -0.8703
vn 0.1697 0.9808 0.0958
vn -0.9703 -0.1158 0.2125
vn -0.8120 -0.2020 -0.5476
vn 0.3545 -0.0422 -0.9341
vn 0.8123 0.1838 0.5536
vn -0.7435 0.1431 0.6532
vn -0.5803 -0.1383 -0.8025
vn -0.8123 0.1839 -0.5536
vn 0.7435 0.1431 -0.6532
vn 0.1150 0.0750 0.9905
vn -0.1625 0.6373 -0.7533
vn 0.4948 -0.8370 0.2338
vn 0.8990 0.4194 0.1259
vn 0.5771 0.7813 -0.2379
vn 0.8589 0.1115 0.5000
vn 0.7515 -0.6280 0.2021
vn 0.9197 -0.3457 -0.1864
vn -0.8605 0.1022 -0.4990
vn 0.8606 0.1021 0.4990
vn 0.9453 0.3255 0.0206
vn -0.7515 -0.6281 -0.2021
vn -0.8991 0.4194 -0.1259
vn -0.5771 0.7813 0.2379
vn -0.8589 0.1114 -0.5000
vn -0.8943 -0.1186 0.4314
vn 0.5121 -0.8224 0.2476
vn -0.5122 -0.8224 -0.2476
vn 0.9717 -0.1882 -0.1428
vn -0.9717 -0.1882 0.1427
vn -0.7406 0.2288 -0.6318
vn -0.1203 0.9927 -0.0026
vn -0.8867 -0.2478 -0.3904
vn 0.8867 -0.2478 0.3904
vn 0.2534 0.8113 -0.5268
vn -0.1627 0.6376 -0.7530
vn 0.6372 -0.1465 -0.7567
vn -0.4707 0.2452 0.8476
vn 0.2516 0.7611 0.5979
vn 0.9498 0.2304 -0.2118
vn -0.9498 0.2304 0.2119
vn 0.6399 -0.7623 -0.0972
vn 0.4896 -0.3691 -0.7900
vn -0.4896 -0.3691 0.7900
vn 0.6864 -0.6854 -0.2432
vn 0.3307 -0.1841 0.9256
vn -0.5578 -0.3551 0.7501
vn 0.5578 -0.3552 -0.7501
vn 0.3222 0.3215 -0.8904
vn -0.3222 0.3214 0.8904
vn -0.9078 0.2798 -0.3126
vn -0.4770 0.1977 0.8563
vn 0.2533 0.8135 -0.5235
vn -0.6826 0.2095 0.7001
vn -0.2534 0.8135 0.5235
vn -0.7454 0.2265 -0.6270
vn 0.7454 0.2265 0.6269
vn 0.8646 0.3450 -0.3652
vn -0.2488 0.9280 -0.2773
vn -0.8646 0.3450 0.3652
vn 0.0894 0.7074 0.7012
vn -0.0894 0.7073 -0.7012
vn 0.3720 0.8803 -0.2946
vn 0.3147 -0.7651 0.5618
vn -0.4400 -0.8639 0.2452
vn 0.4399 -0.8639 -0.2452
vn -0.3017 -0.7750 -0.5553
vn 0.6932 0.7207 0.0057
vn -0.0471 -0.1740 -0.9836
vn 0.6509 -0.4271 0.6277
vn 0.2015 0.3079 0.9298
s 1
usemtl SEAT-GANGBRACKET
f 2839//2839 2840//2840 2841//2841
f 2848//2848 2849//2849 2850//2850
f 2855//2855 3003//3002 2856//2856
f 2857//2857 2865//2865 2858//2858
f 2859//2859 2871//2871 2860//2860
f 2861//2861 3010//3009 2862//2862
f 2865//2865 2857//2857 2866//2866
f 2869//2869 3092//3091 2870//2870
f 2871//2871 2859//2859 2872//2872
f 2875//2875 3091//3090 2876//2876
f 2879//2878 2880//2879 2881//2880
f 2882//2881 2883//2882 2884//2883
f 2885//2884 2886//2885 2887//2886
f 2892//2891 2893//2892 2894//2893
f 2895//2894 2896//2895 2897//2896
f 2898//2897 2899//2898 2900//2899
f 2905//2904 2906//2905 2907//2906
f 3092//3091 2908//2907 2870//2870
f 2909//2908 2910//2909 2911//2910
f 3091//3090 2912//2911 2876//2876
f 2913//2912 3074//3073 2914//2913
f 2915//2914 2916//2915 2917//2916
f 2918//2917 2919//2918 2920//2919
f 2921//2920 2922//2921 2923//2922
f 2924//2923 2925//2924 2926//2925
f 2929//2928 2930//2929 2931//2930
f 2932//2931 2933//2932 2934//2933
f 2937//2936 2938//2937 2939//2938
f 2940//2939 2941//2940 2942//2941
f 2943//2942 3068//3067 2944//2943
f 2951//2950 2952//2951 2953//2952
f 2954//2953 2955//2954 2956//2955
f 2957//2956 3087//3086 2958//2957
f 2959//2958 2875//2875 2876//2876
f 2960//2959 2869//2869 2870//2870
f 2961//2960 3088//3087 2962//2961
f 2939//2938 2932//2931 2937//2936
f 3035//3034 2973//2972 2850//2850
f 2917//2916 2921//2920 2915//2914
f 2840//2840 2974//2973 2841//2841
f 2975//2974 2885//2884 2887//2886
f 2976//2975 2898//2897 2900//2899
f 2881//2880 2880//2879 2979//2978
f 2894//2893 2893//2892 2980//2979
f 2912//2911 3091//3090 2989//2988
f 2840//2840 2839//2839 2843//2843
f 2908//2907 3092//3091 2990//2989
f 2991//2990 2906//2905 2948//2947
f 2992//2991 2910//2909 2945//2944
f 2877//2877 2997//2996 2878//2867
f 2867//2867 2998//2997 2868//2868
f 3004//3003 3005//3004 3006//3005
f 3007//3006 3008//3007 3009//3008
f 3017//3016 2951//2950 2953//2952
f 3018//3017 2954//2953 2956//2955
f 3021//3020 2866//2866 2857//2857
f 3065//3064 3022//3021 3103//3102
f 3023//3022 2872//2872 2859//2859
f 3066//3065 3024//3023 3102//3101
f 2982//2981 3025//3024 2897//2896
f 3097//3096 2942//2941 2953//2952
f 3026//3025 2920//2919 2956//2955
f 2978//2977 3027//3026 2884//2883
f 2971//2970 3032//3031 2970//2969
f 2968//2967 3033//3032 2967//2966
f 2908//2907 2990//2989 2840//2840
f 2906//2905 2905//2904 3034//3033
f 2912//2911 2989//2988 3035//3034
f 2910//2909 2909//2908 3036//3035
f 2895//2894 3002//3001 2896//2895
f 2882//2881 3000//2999 2883//2882
f 3043//3042 2931//2930 2930//2929
f 3045//3044 2926//2925 2925//2924
f 3047//3046 3012//3011 3013//3012
f 3050//3049 3015//3014 3016//3015
f 2921//2920 2917//2916 3053//3052
f 2932//2931 2939//2938 3058//3057
f 2928//2927 3060//3059 3061//3060
f 2936//2935 3063//3062 3064//3063
f 2902//2901 3079//3078 3080//3079
f 2904//2903 3081//3080 3082//3081
f 2988//2987 2860//2860 2871//2871
f 2985//2984 2858//2858 2865//2865
f 2857//2857 2863//2863 3021//3020
f 2859//2859 2873//2873 3023//3022
f 3087//3086 3020//3019 3037//3036
f 3088//3087 3019//3018 3039//3038
f 3008//3007 2958//2957 3087//3086
f 3005//3004 2962//2961 3088//3087
f 2955//2954 2889//2888 2965//2964
f 2955//2954 2954//2953 2889//2888
f 2952//2951 2891//2890 2964//2963
f 2952//2951 2951//2950 2891//2890
f 3052//3051 2976//2975 3051//3050
f 3076//3075 3052//3051 2994//2993
f 3078//3077 3049//3048 2993//2992
f 3049//3048 2975//2974 3048//3047
f 3070//3069 3089//3088 2995//2994
f 3089//3088 2973//2972 3035//3034
f 3090//3089 2974//2973 2840//2840
f 3072//3071 3090//3089 2996//2995
f 3093//3092 2905//2904 3046//3045
f 3094//3093 2909//2908 3044//3043
f 3095//3094 3027//3026 2977//2976
f 3096//3095 3025//3024 2981//2980
f 3025//3024 3097//3096 2897//2896
f 3027//3026 3026//3025 2884//2883
f 3100//3099 3040//3039 2839//2839
f 3100//3099 2839//2839 2841//2841
f 3101//3100 3038//3037 2848//2848
f 3101//3100 2848//2848 2850//2850
f 2875//2875 2873//2873 3091//3090
f 3102//3101 2872//2872 3023//3022
f 2869//2869 2863//2863 3092//3091
f 3103//3102 2866//2866 3021//3020
f 3036//3035 3035//3034 2989//2988
f 3035//3034 3036//3035 3089//3088
f 2840//2840 3034//3033 3090//3089
f 3034//3033 2840//2840 2990//2989
f 3018//3017 2881//2880 2888//2887
f 2881//2880 3018//3017 2919//2918
f 3017//3016 2894//2893 2890//2889
f 2894//2893 3017//3016 2941//2940
f 2969//2968 3113//3112 2924//2923
f 2927//2926 3029//3028 3054//3053
f 2972//2971 3112//3111 2929//2928
f 2935//2934 3028//3027 3056//3055
f 2937//2936 3031//3030 3062//3061
f 3098//3097 2940//2939 2942//2941
f 3099//3098 2918//2917 2920//2919
f 2915//2914 3030//3029 3059//3058
f 2939//2938 3057//3056 3056//3055
f 3057//3056 2939//2938 2938//2937
f 3055//3054 2917//2916 2916//2915
f 2917//2916 3055//3054 3054//3053
f 3060//3059 2916//2915 3059//3058
f 3063//3062 2938//2937 3062//3061
f 2897//2896 2953//2952 2983//2982
f 2953//2952 2897//2896 3097//3096
f 2956//2955 2884//2883 3026//3025
f 2884//2883 2956//2955 2986//2985
f 3092//3091 2906//2905 2990//2989
f 2990//2989 2906//2905 3034//3033
f 3091//3090 2910//2909 2989//2988
f 2989//2988 2910//2909 3036//3035
f 2866//2866 2961//2960 2963//2962
f 2872//2872 2957//2956 2966//2965
f 2981//2980 2982//2981 3015//3014
f 3002//3001 3014//3013 2896//2895
f 3000//2999 3011//3010 2883//2882
f 2977//2976 2978//2977 3012//3011
f 2907//2906 2967//2966 3046//3045
f 2838//2838 2991//2990 2837//2837
f 2847//2847 2992//2991 2846//2846
f 2911//2910 2970//2969 3044//3043
f 3087//3086 2957//2956 3024//3023
f 3088//3087 2961//2960 3022//3021
f 2878//2867 2861//2861 2877//2877
f 2868//2868 2855//2855 2867//2867
f 2913//2912 3061//3060 2975//2974
f 2943//2942 3064//3063 2976//2975
f 2921//2920 3053//3052 2974//2973
f 2932//2931 3058//3057 2973//2972
f 3105//3104 3042//3041 3007//3006
f 3106//3105 3041//3040 3004//3003
f 2964//2963 3107//3106 3006//3005
f 2965//2964 3104//3103 3009//3008
f 2919//2918 2879//2878 2881//2880
f 2941//2940 2892//2891 2894//2893
f 3108//3107 2869//2869 2960//2959
f 3021//3020 2869//2869 3108//3107
f 3109//3108 2875//2875 2959//2958
f 3023//3022 2875//2875 3109//3108
f 3084//3083 2985//2984 3001//3000
f 3083//3082 2988//2987 2999//2998
f 2984//2983 3002//3001 3001//3000
f 3014//3013 3002//3001 2984//2983
f 2987//2986 3000//2999 2999//2998
f 3011//3010 3000//2999 2987//2986
f 2886//2885 2885//2884 3026//3025
f 3027//3026 3095//3094 2886//2885
f 3025//3024 3096//3095 2899//2898
f 2899//2898 2898//2897 3097//3096
f 2905//2904 3093//3092 3045//3044
f 2845//2845 2844//2844 3045//3044
f 2909//2908 3094//3093 3043//3042
f 2852//2852 2851//2851 3043//3042
f 2997//2996 3110//3109 2859//2859
f 2859//2859 2860//2860 2997//2996
f 2857//2857 2858//2858 2998//2997
f 2998//2997 3111//3110 2857//2857
f 3096//3095 3050//3049 2893//2892
f 3095//3094 3047//3046 2880//2879
f 3093//3092 3033//3032 3100//3099
f 3094//3093 3032//3031 3101//3100
f 2864//2864 2863//2863 2949//2948
f 2874//2874 2873//2873 2946//2945
f 3107//3106 2964//2963 3106//3105
f 2901//2900 2964//2963 2891//2890
f 2903//2902 2965//2964 2889//2888
f 3104//3103 2965//2964 3105//3104
f 3043//3042 3094//3093 2931//2930
f 2931//2930 3094//3093 3101//3100
f 2926//2925 3093//3092 3100//3099
f 3045//3044 3093//3092 2926//2925
f 2887//2886 3095//3094 2880//2879
f 2886//2885 3095//3094 2887//2886
f 2900//2899 3096//3095 2893//2892
f 2899//2898 3096//3095 2900//2899
f 3099//3098 2885//2884 3059//3058
f 3098//3097 2898//2897 3062//3061
f 3112//3111 2850//2850 3056//3055
f 3113//3112 2841//2841 3054//3053
f 3008//3007 3082//3081 3009//3008
f 3005//3004 3080//3079 3006//3005
f 2876//2876 2853//2853 3020//3019
f 2876//2876 2854//2854 2853//2853
f 2870//2870 2843//2843 2842//2842
f 2870//2870 2842//2842 3019//3018
f 2897//2896 2896//2895 2982//2981
f 2884//2883 2883//2882 2978//2977
f 2906//2905 2991//2990 2907//2906
f 2910//2909 2992//2991 2911//2910
f 3053//3052 2841//2841 2974//2973
f 3058//3057 2850//2850 2973//2972
f 3064//3063 2898//2897 2976//2975
f 3061//3060 2885//2884 2975//2974
f 3063//3062 3057//3056 2938//2937
f 3060//3059 3055//3054 2916//2915
f 2941//2940 3017//3016 2942//2941
f 2942//2941 3017//3016 2953//2952
f 2919//2918 3018//3017 2920//2919
f 2920//2919 3018//3017 2956//2955
f 2912//2911 3035//3034 2849//2849
f 2849//2849 3035//3034 2850//2850
f 2922//2921 3073//3072 3077//3076
f 2933//2932 3067//3066 3075//3074
f 2871//2871 2903//2902 2988//2987
f 2865//2865 2901//2900 2985//2984
f 3024//3023 3020//3019 3087//3086
f 3022//3021 3019//3018 3088//3087
f 2944//2943 2935//2934 2936//2935
f 2914//2913 2927//2926 2928//2927
f 2932//2931 2934//2933 2937//2936
f 2921//2920 2923//2922 2915//2914
f 2928//2927 2913//2912 2914//2913
f 3061//3060 2913//2912 2928//2927
f 2936//2935 2943//2942 2944//2943
f 3064//3063 2943//2942 2936//2935
f 3066//3065 2959//2958 3020//3019
f 3020//3019 2959//2958 2876//2876
f 3019//3018 2960//2959 2870//2870
f 3065//3064 2960//2959 3019//3018
f 3107//3106 3004//3003 3006//3005
f 3104//3103 3007//3006 3009//3008
f 3108//3107 3103//3102 3021//3020
f 2960//2959 3065//3064 3108//3107
f 2959//2958 3066//3065 3109//3108
f 3109//3108 3102//3101 3023//3022
f 2880//2879 3048//3047 2887//2886
f 3101//3100 2972//2971 2931//2930
f 2893//2892 3051//3050 2900//2899
f 3100//3099 2969//2968 2926//2925
f 2888//2887 2979//2978 2987//2986
f 2881//2880 2979//2978 2888//2887
f 2890//2889 2980//2979 2984//2983
f 2894//2893 2980//2979 2890//2889
f 3040//3039 2842//2842 2843//2843
f 3040//3039 2843//2843 2839//2839
f 3038//3037 2854//2854 2848//2848
f 3038//3037 2853//2853 2854//2854
f 3085//3084 3039//3038 2950//2949
f 3086//3085 3037//3036 2947//2946
f 2861//2861 2878//2867 3083//3082
f 2855//2855 2868//2868 3084//3083
f 2997//2996 2877//2877 3086//3085
f 2998//2997 2867//2867 3085//3084
f 2965//2964 3082//3081 2986//2985
f 3009//3008 3082//3081 2965//2964
f 3006//3005 3080//3079 2964//2963
f 2964//2963 3080//3079 2983//2982
f 3112//3111 3028//3027 2929//2928
f 2929//2928 3028//3027 2930//2929
f 3113//3112 3029//3028 2924//2923
f 2924//2923 3029//3028 2925//2924
f 3099//3098 3030//3029 2918//2917
f 2918//2917 3030//3029 2919//2918
f 3098//3097 3031//3030 2940//2939
f 2940//2939 3031//3030 2941//2940
f 3112//3111 3101//3100 2850//2850
f 3113//3112 3100//3099 2841//2841
f 3026//3025 2885//2884 3099//3098
f 3097//3096 2898//2897 3098//3097
f 2902//2901 3001//3000 3002//3001
f 3001//3000 2902//2901 3084//3083
f 2999//2998 2904//2903 3083//3082
f 2904//2903 2999//2998 3000//2999
f 2947//2946 2946//2945 3086//3085
f 2946//2945 2947//2946 2846//2846
f 2950//2949 2949//2948 3085//3084
f 2949//2948 2950//2949 2837//2837
f 2851//2851 3036//3035 2909//2908
f 2844//2844 3034//3033 2905//2904
f 2931//2930 2972//2971 2929//2928
f 2926//2925 2969//2968 2924//2923
f 2900//2899 3051//3050 2976//2975
f 2887//2886 3048//3047 2975//2974
f 3070//3069 3069//3068 3067//3066
f 3070//3069 3067//3066 2933//2932
f 3072//3071 3071//3070 3073//3072
f 3072//3071 3073//3072 2922//2921
f 3076//3075 3075//3074 3068//3067
f 3078//3077 3077//3076 3074//3073
f 2958//2957 2966//2965 2957//2956
f 3042//3041 2966//2965 2958//2957
f 3041//3040 2963//2962 2962//2961
f 2962//2961 2963//2962 2961//2960
f 3059//3058 2885//2884 3061//3060
f 3059//3058 3061//3060 3060//3059
f 3062//3061 3064//3063 3063//3062
f 3062//3061 2898//2897 3064//3063
f 3054//3053 3053//3052 2917//2916
f 3054//3053 2841//2841 3053//3052
f 3056//3055 3058//3057 2939//2938
f 3056//3055 2850//2850 3058//3057
f 2956//2955 2955//2954 2986//2985
f 2986//2985 2955//2954 2965//2964
f 2953//2952 2952//2951 2983//2982
f 2983//2982 2952//2951 2964//2963
f 2993//2992 2923//2922 3077//3076
f 2994//2993 2934//2933 3075//3074
f 2995//2994 2944//2943 3069//3068
f 2996//2995 2914//2913 3071//3070
f 3095//3094 2977//2976 3047//3046
f 2977//2976 3012//3011 3047//3046
f 3096//3095 2981//2980 3050//3049
f 2981//2980 3015//3014 3050//3049
f 3094//3093 3044//3043 3032//3031
f 3044//3043 2970//2969 3032//3031
f 3093//3092 3046//3045 3033//3032
f 3046//3045 2967//2966 3033//3032
f 2869//2869 3021//3020 2863//2863
f 2875//2875 3023//3022 2873//2873
f 2882//2881 3081//3080 2904//2903
f 2882//2881 2884//2883 3081//3080
f 2895//2894 3079//3078 2902//2901
f 2895//2894 2897//2896 3079//3078
f 3087//3086 3010//3009 3008//3007
f 3088//3087 3003//3002 3005//3004
f 2856//2856 3003//3002 3088//3087
f 3039//3038 2856//2856 3088//3087
f 3037//3036 2862//2862 3087//3086
f 2862//2862 3010//3009 3087//3086
f 3043//3042 2851//2851 2909//2908
f 3045//3044 2844//2844 2905//2904
f 2886//2885 3026//3025 3027//3026
f 2899//2898 3097//3096 3025//3024
f 3098//3097 3062//3061 3031//3030
f 3099//3098 3059//3058 3030//3029
f 3113//3112 3054//3053 3029//3028
f 3112//3111 3056//3055 3028//3027
f 3014//3013 3016//3015 3015//3014
f 3015//3014 2982//2981 2896//2895
f 3011//3010 3013//3012 3012//3011
f 3012//3011 2978//2977 2883//2882
f 2970//2969 2911//2910 2992//2991
f 2847//2847 2971//2970 2970//2969
f 2838//2838 2968//2967 2967//2966
f 2967//2966 2907//2906 2991//2990
f 2974//2973 3072//3071 2922//2921
f 2974//2973 3090//3089 3072//3071
f 2973//2972 3070//3069 2933//2932
f 2973//2972 3089//3088 3070//3069
f 2976//2975 3076//3075 2943//2942
f 2976//2975 3052//3051 3076//3075
f 2975//2974 3078//3077 2913//2912
f 2975//2974 3049//3048 3078//3077
f 2888//2887 2954//2953 3018//3017
f 2954//2953 2888//2887 2889//2888
f 2890//2889 2951//2950 3017//3016
f 2951//2950 2890//2889 2891//2890
f 2854//2854 2876//2876 2912//2911
f 2854//2854 2912//2911 2849//2849
f 2843//2843 2908//2907 2840//2840
f 2843//2843 2870//2870 2908//2907
f 2996//2995 2925//2924 2914//2913
f 2995//2994 2930//2929 2944//2943
f 2993//2992 2919//2918 2923//2922
f 2994//2993 2941//2940 2934//2933
f 2921//2920 2974//2973 2922//2921
f 2932//2931 2973//2972 2933//2932
f 2853//2853 3037//3036 3020//3019
f 2842//2842 3039//3038 3019//3018
f 2903//2902 2987//2986 2988//2987
f 2901//2900 2984//2983 2985//2984
f 3028//3027 2944//2943 2930//2929
f 3029//3028 2914//2913 2925//2924
f 3030//3029 2923//2922 2919//2918
f 3031//3030 2934//2933 2941//2940
f 3007//3006 2958//2957 3008//3007
f 3004//3003 2962//2961 3005//3004
f 3102//3101 2957//2956 2872//2872
f 3103//3102 2961//2960 2866//2866
f 2859//2859 3110//3109 2873//2873
f 2873//2873 3110//3109 2946//2945
f 3080//3079 3003//3002 2902//2901
f 3005//3004 3003//3002 3080//3079
f 2863//2863 3111//3110 2949//2948
f 2857//2857 3111//3110 2863//2863
f 3008//3007 3010//3009 3082//3081
f 3082//3081 3010//3009 2904//2903
f 2849//2849 2848//2848 2854//2854
f 2920//2919 3026//3025 3099//3098
f 2942//2941 3097//3096 3098//3097
f 3034//3033 2844//2844 3090//3089
f 3036//3035 2851//2851 3089//3088
f 2861//2861 2862//2862 2877//2877
f 2855//2855 2856//2856 2867//2867
f 2858//2858 2868//2868 2998//2997
f 2860//2860 2878//2867 2997//2996
f 3105//3104 2965//2964 2903//2902
f 3106//3105 2964//2963 2901//2900
f 2947//2946 3037//3036 2846//2846
f 2950//2949 3039//3038 2837//2837
f 2999//2998 2988//2987 2987//2986
f 3001//3000 2985//2984 2984//2983
f 3040//3039 3100//3099 3033//3032
f 2893//2892 3050//3049 2980//2979
f 2880//2879 3047//3046 2979//2978
f 3038//3037 3101//3100 3032//3031
f 2903//2902 2871//2871 3105//3104
f 2871//2871 3042//3041 3105//3104
f 2865//2865 3041//3040 3106//3105
f 2901//2900 2865//2865 3106//3105
f 3020//3019 3024//3023 3066//3065
f 3019//3018 3022//3021 3065//3064
f 3086//3085 2862//2862 3037//3036
f 3086//3085 2877//2877 2862//2862
f 3085//3084 2856//2856 3039//3038
f 3085//3084 2867//2867 2856//2856
f 3084//3083 2858//2858 2985//2984
f 3084//3083 2868//2868 2858//2858
f 3083//3082 2860//2860 2988//2987
f 3083//3082 2878//2867 2860//2860
f 3039//3038 2842//2842 2837//2837
f 2837//2837 2842//2842 3040//3039
f 2846//2846 2853//2853 3038//3037
f 3037//3036 2853//2853 2846//2846
f 2865//2865 2963//2962 3041//3040
f 2963//2962 2865//2865 2866//2866
f 2871//2871 2966//2965 3042//3041
f 2966//2965 2871//2871 2872//2872
f 2968//2967 3040//3039 3033//3032
f 2971//2970 3038//3037 3032//3031
f 3013//3012 2979//2978 3047//3046
f 3016//3015 2980//2979 3050//3049
f 2977//2976 3027//3026 2978//2977
f 2981//2980 3025//3024 2982//2981
f 2909//2908 2911//2910 3044//3043
f 2905//2904 2907//2906 3046//3045
f 2880//2879 3049//3048 3048//3047
f 2972//2971 3101//3100 3112//3111
f 2893//2892 3052//3051 3051//3050
f 2969//2968 3100//3099 3113//3112
f 3062//3061 2938//2937 2937//2936
f 3059//3058 2916//2915 2915//2914
f 3056//3055 3057//3056 2935//2934
f 3054//3053 3055//3054 2927//2926
f 3074//3073 2913//2912 3078//3077
f 3068//3067 2943//2942 3076//3075
f 2906//2905 2864//2864 2948//2947
f 2864//2864 2949//2948 2948//2947
f 2874//2874 2946//2945 2945//2944
f 2910//2909 2874//2874 2945//2944
f 2925//2924 2845//2845 3045//3044
f 2930//2929 2852//2852 3043//3042
f 3003//3002 3084//3083 2902//2901
f 3003//3002 2855//2855 3084//3083
f 3010//3009 2861//2861 3083//3082
f 3010//3009 3083//3082 2904//2903
f 3110//3109 2997//2996 3086//3085
f 3110//3109 3086//3085 2946//2945
f 3111//3110 2998//2997 3085//3084
f 3111//3110 3085//3084 2949//2948
f 2846//2846 3038//3037 2847//2847
f 2971//2970 2847//2847 3038//3037
f 2987//2986 2979//2978 3011//3010
f 3013//3012 3011//3010 2979//2978
f 2837//2837 3040//3039 2838//2838
f 2968//2967 2838//2838 3040//3039
f 3016//3015 3014//3013 2980//2979
f 2984//2983 2980//2979 3014//3013
f 2927//2926 3060//3059 2928//2927
f 2935//2934 3063//3062 2936//2935
f 2927//2926 3055//3054 3060//3059
f 2935//2934 3057//3056 3063//3062
f 3069//3068 2944//2943 3068//3067
f 3071//3070 2914//2913 3074//3073
f 3075//3074 2934//2933 2933//2932
f 3077//3076 2923//2922 2922//2921
f 2889//2888 2987//2986 2903//2902
f 2888//2887 2987//2986 2889//2888
f 2891//2890 2984//2983 2901//2900
f 2890//2889 2984//2983 2891//2890
f 3079//3078 2897//2896 2983//2982
f 3079//3078 2983//2982 3080//3079
f 3092//3091 2864//2864 2906//2905
f 2863//2863 2864//2864 3092//3091
f 3081//3080 2884//2883 2986//2985
f 3081//3080 2986//2985 3082//3081
f 3091//3090 2874//2874 2910//2909
f 2873//2873 2874//2874 3091//3090
f 3067//3066 3068//3067 3075//3074
f 3073//3072 3074//3073 3077//3076
f 3068//3067 3067//3066 3069//3068
f 3074//3073 3073//3072 3071//3070
f 2851//2851 2852//2852 3089//3088
f 2844//2844 2845//2845 3090//3089
f 2880//2879 2879//2878 3049//3048
f 2893//2892 2892//2891 3052//3051
f 2935//2934 2944//2943 3028//3027
f 2927//2926 2914//2913 3029//3028
f 2915//2914 2923//2922 3030//3029
f 2937//2936 2934//2933 3031//3030
f 2993//2992 2879//2878 2919//2918
f 2993//2992 3049//3048 2879//2878
f 2996//2995 2845//2845 2925//2924
f 2996//2995 3090//3089 2845//2845
f 2994//2993 2892//2891 2941//2940
f 2994//2993 3052//3051 2892//2891
f 2995//2994 3089//3088 2852//2852
f 2995//2994 2852//2852 2930//2929
f 3072//3071 2996//2995 3071//3070
f 3070//3069 2995//2994 3069//3068
f 3076//3075 2994//2993 3075//3074
f 3078//3077 2993//2992 3077//3076
f 3000//2999 2882//2881 2904//2903
f 3002//3001 2895//2894 2902//2901
f 2837//2837 2948//2947 2949//2948
f 2846//2846 2945//2944 2946//2945
f 3105//3104 3007//3006 3104//3103
f 3106//3105 3004//3003 3107//3106
f 3024//3023 2957//2956 3102//3101
f 3022//3021 2961//2960 3103//3102
f 3041//3040 2962//2961 3004//3003
f 3042//3041 2958//2957 3007//3006
f 3066//3065 3102//3101 3109//3108
f 3065//3064 3103//3102 3108//3107
f 2846//2846 2992//2991 2945//2944
f 2837//2837 2991//2990 2948//2947
f 2883//2882 3011//3010 3012//3011
f 2896//2895 3014//3013 3015//3014
f 2991//2990 2838//2838 2967//2966
f 2992//2991 2847//2847 2970//2969
f 3116//3115 3117//3116 3118//3117
f 3125//3124 3126//3125 3127//3126
f 3132//3131 3280//3277 3133//3132
f 3134//3133 3142//3141 3135//3134
f 3136//3135 3148//3147 3137//3136
f 3138//3137 3287//3284 3139//3138
f 3142//3141 3134//3133 3143//3142
f 3146//3145 3369//3366 3147//3146
f 3148//3147 3136//3135 3149//3148
f 3152//3151 3368//3365 3153//3152
f 3156//3153 3157//3154 3158//3155
f 3159//3156 3160//3157 3161//3158
f 3162//3159 3163//3160 3164//3161
f 3169//3166 3170//3167 3171//3168
f 3172//3169 3173//3170 3174//3171
f 3175//3172 3176//3173 3177//3174
f 3182//3179 3183//3180 3184//3181
f 3369//3366 3185//3182 3147//3146
f 3186//3183 3187//3184 3188//3185
f 3368//3365 3189//3186 3153//3152
f 3190//3187 3351//3348 3191//3188
f 3192//3189 3193//3190 3194//3191
f 3195//3192 3196//3193 3197//3194
f 3198//3195 3199//3196 3200//3197
f 3201//3198 3202//3199 3203//3200
f 3206//3203 3207//3204 3208//3205
f 3209//3206 3210//3207 3211//3208
f 3214//3211 3215//3212 3216//3213
f 3217//3214 3218//3215 3219//3216
f 3220//3217 3345//3342 3221//3218
f 3228//3225 3229//3226 3230//3227
f 3231//3228 3232//3229 3233//3230
f 3234//3231 3364//3361 3235//3232
f 3236//3233 3152//3151 3153//3152
f 3237//3234 3146//3145 3147//3146
f 3238//3235 3365//3362 3239//3236
f 3216//3213 3209//3206 3214//3211
f 3312//3309 3250//3247 3127//3126
f 3194//3191 3198//3195 3192//3189
f 3117//3116 3251//3248 3118//3117
f 3252//3249 3162//3159 3164//3161
f 3253//3250 3175//3172 3177//3174
f 3158//3155 3157//3154 3256//3253
f 3171//3168 3170//3167 3257//3254
f 3189//3186 3368//3365 3266//3263
f 3117//3116 3116//3115 3120//3119
f 3185//3182 3369//3366 3267//3264
f 3268//3265 3183//3180 3225//3222
f 3269//3266 3187//3184 3222//3219
f 3154//3144 3274//3271 3155//3143
f 3144//3143 3275//3272 3145//3144
f 3281//3278 3282//3279 3283//3280
f 3284//3281 3285//3282 3286//3283
f 3294//3291 3228//3225 3230//3227
f 3295//3292 3231//3228 3233//3230
f 3298//3295 3143//3142 3134//3133
f 3342//3339 3299//3296 3380//3377
f 3300//3297 3149//3148 3136//3135
f 3343//3340 3301//3298 3379//3376
f 3259//3256 3302//3299 3174//3171
f 3374//3371 3219//3216 3230//3227
f 3303//3300 3197//3194 3233//3230
f 3255//3252 3304//3301 3161//3158
f 3248//3245 3309//3306 3247//3244
f 3245//3242 3310//3307 3244//3241
f 3185//3182 3267//3264 3117//3116
f 3183//3180 3182//3179 3311//3308
f 3189//3186 3266//3263 3312//3309
f 3187//3184 3186//3183 3313//3310
f 3172//3169 3279//3276 3173//3170
f 3159//3156 3277//3274 3160//3157
f 3320//3317 3208//3205 3207//3204
f 3322//3319 3203//3200 3202//3199
f 3324//3321 3289//3286 3290//3287
f 3327//3324 3292//3289 3293//3290
f 3198//3195 3194//3191 3330//3327
f 3209//3206 3216//3213 3335//3332
f 3205//3202 3337//3334 3338//3335
f 3213//3210 3340//3337 3341//3338
f 3179//3176 3356//3353 3357//3354
f 3181//3178 3358//3355 3359//3356
f 3265//3262 3137//3136 3148//3147
f 3262//3259 3135//3134 3142//3141
f 3134//3133 3140//3139 3298//3295
f 3136//3135 3150//3149 3300//3297
f 3364//3361 3297//3294 3314//3311
f 3365//3362 3296//3293 3316//3313
f 3285//3282 3235//3232 3364//3361
f 3282//3279 3239//3236 3365//3362
f 3232//3229 3166//3163 3242//3239
f 3232//3229 3231//3228 3166//3163
f 3229//3226 3168//3165 3241//3238
f 3229//3226 3228//3225 3168//3165
f 3329//3326 3253//3250 3328//3325
f 3353//3350 3329//3326 3271//3268
f 3355//3352 3326//3323 3270//3267
f 3326//3323 3252//3249 3325//3322
f 3347//3344 3366//3363 3272//3269
f 3366//3363 3250//3247 3312//3309
f 3367//3364 3251//3248 3117//3116
f 3349//3346 3367//3364 3273//3270
f 3370//3367 3182//3179 3323//3320
f 3371//3368 3186//3183 3321//3318
f 3372//3369 3304//3301 3254//3251
f 3373//3370 3302//3299 3258//3255
f 3302//3299 3374//3371 3174//3171
f 3304//3301 3303//3300 3161//3158
f 3377//3374 3317//3314 3116//3115
f 3377//3374 3116//3115 3118//3117
f 3378//3375 3315//3312 3125//3124
f 3378//3375 3125//3124 3127//3126
f 3152//3151 3150//3149 3368//3365
f 3379//3376 3149//3148 3300//3297
f 3146//3145 3140//3139 3369//3366
f 3380//3377 3143//3142 3298//3295
f 3313//3310 3312//3309 3266//3263
f 3312//3309 3313//3310 3366//3363
f 3117//3116 3311//3308 3367//3364
f 3311//3308 3117//3116 3267//3264
f 3295//3292 3158//3155 3165//3162
f 3158//3155 3295//3292 3196//3193
f 3294//3291 3171//3168 3167//3164
f 3171//3168 3294//3291 3218//3215
f 3246//3243 3390//3387 3201//3198
f 3204//3201 3306//3303 3331//3328
f 3249//3246 3389//3386 3206//3203
f 3212//3209 3305//3302 3333//3330
f 3214//3211 3308//3305 3339//3336
f 3375//3372 3217//3214 3219//3216
f 3376//3373 3195//3192 3197//3194
f 3192//3189 3307//3304 3336//3333
f 3216//3213 3334//3331 3333//3330
f 3334//3331 3216//3213 3215//3212
f 3332//3329 3194//3191 3193//3190
f 3194//3191 3332//3329 3331//3328
f 3337//3334 3193//3190 3336//3333
f 3340//3337 3215//3212 3339//3336
f 3174//3171 3230//3227 3260//3257
f 3230//3227 3174//3171 3374//3371
f 3233//3230 3161//3158 3303//3300
f 3161//3158 3233//3230 3263//3260
f 3369//3366 3183//3180 3267//3264
f 3267//3264 3183//3180 3311//3308
f 3368//3365 3187//3184 3266//3263
f 3266//3263 3187//3184 3313//3310
f 3143//3142 3238//3235 3240//3237
f 3149//3148 3234//3231 3243//3240
f 3258//3255 3259//3256 3292//3289
f 3279//3276 3291//3288 3173//3170
f 3277//3274 3288//3285 3160//3157
f 3254//3251 3255//3252 3289//3286
f 3184//3181 3244//3241 3323//3320
f 3115//3114 3268//3265 3114//3113
f 3124//3123 3269//3266 3123//3122
f 3188//3185 3247//3244 3321//3318
f 3364//3361 3234//3231 3301//3298
f 3365//3362 3238//3235 3299//3296
f 3155//3143 3138//3137 3154//3144
f 3145//3144 3132//3131 3144//3143
f 3190//3187 3338//3335 3252//3249
f 3220//3217 3341//3338 3253//3250
f 3198//3195 3330//3327 3251//3248
f 3209//3206 3335//3332 3250//3247
f 3382//3379 3319//3316 3284//3281
f 3383//3380 3318//3315 3281//3278
f 3241//3238 3384//3381 3283//3280
f 3242//3239 3381//3378 3286//3283
f 3196//3193 3156//3153 3158//3155
f 3218//3215 3169//3166 3171//3168
f 3385//3382 3146//3145 3237//3234
f 3298//3295 3146//3145 3385//3382
f 3386//3383 3152//3151 3236//3233
f 3300//3297 3152//3151 3386//3383
f 3361//3358 3262//3259 3278//3275
f 3360//3357 3265//3262 3276//3273
f 3261//3258 3279//3276 3278//3275
f 3291//3288 3279//3276 3261//3258
f 3264//3261 3277//3274 3276//3273
f 3288//3285 3277//3274 3264//3261
f 3163//3160 3162//3159 3303//3300
f 3304//3301 3372//3369 3163//3160
f 3302//3299 3373//3370 3176//3173
f 3176//3173 3175//3172 3374//3371
f 3182//3179 3370//3367 3322//3319
f 3122//3121 3121//3120 3322//3319
f 3186//3183 3371//3368 3320//3317
f 3129//3128 3128//3127 3320//3317
f 3274//3271 3387//3384 3136//3135
f 3136//3135 3137//3136 3274//3271
f 3134//3133 3135//3134 3275//3272
f 3275//3272 3388//3385 3134//3133
f 3373//3370 3327//3324 3170//3167
f 3372//3369 3324//3321 3157//3154
f 3370//3367 3310//3307 3377//3374
f 3371//3368 3309//3306 3378//3375
f 3141//3140 3140//3139 3226//3223
f 3151//3150 3150//3149 3223//3220
f 3384//3381 3241//3238 3383//3380
f 3178//3175 3241//3238 3168//3165
f 3180//3177 3242//3239 3166//3163
f 3381//3378 3242//3239 3382//3379
f 3320//3317 3371//3368 3208//3205
f 3208//3205 3371//3368 3378//3375
f 3203//3200 3370//3367 3377//3374
f 3322//3319 3370//3367 3203//3200
f 3164//3161 3372//3369 3157//3154
f 3163//3160 3372//3369 3164//3161
f 3177//3174 3373//3370 3170//3167
f 3176//3173 3373//3370 3177//3174
f 3376//3373 3162//3159 3336//3333
f 3375//3372 3175//3172 3339//3336
f 3389//3386 3127//3126 3333//3330
f 3390//3387 3118//3117 3331//3328
f 3285//3282 3359//3356 3286//3283
f 3282//3279 3357//3354 3283//3280
f 3153//3152 3130//3129 3297//3294
f 3153//3152 3131//3130 3130//3129
f 3147//3146 3120//3119 3119//3118
f 3147//3146 3119//3118 3296//3293
f 3174//3171 3173//3170 3259//3256
f 3161//3158 3160//3157 3255//3252
f 3183//3180 3268//3265 3184//3181
f 3187//3184 3269//3266 3188//3185
f 3330//3327 3118//3117 3251//3248
f 3335//3332 3127//3126 3250//3247
f 3341//3338 3175//3172 3253//3250
f 3338//3335 3162//3159 3252//3249
f 3340//3337 3334//3331 3215//3212
f 3337//3334 3332//3329 3193//3190
f 3218//3215 3294//3291 3219//3216
f 3219//3216 3294//3291 3230//3227
f 3196//3193 3295//3292 3197//3194
f 3197//3194 3295//3292 3233//3230
f 3189//3186 3312//3309 3126//3125
f 3126//3125 3312//3309 3127//3126
f 3199//3196 3350//3347 3354//3351
f 3210//3207 3344//3341 3352//3349
f 3148//3147 3180//3177 3265//3262
f 3142//3141 3178//3175 3262//3259
f 3301//3298 3297//3294 3364//3361
f 3299//3296 3296//3293 3365//3362
f 3221//3218 3212//3209 3213//3210
f 3191//3188 3204//3201 3205//3202
f 3209//3206 3211//3208 3214//3211
f 3198//3195 3200//3197 3192//3189
f 3205//3202 3190//3187 3191//3188
f 3338//3335 3190//3187 3205//3202
f 3213//3210 3220//3217 3221//3218
f 3341//3338 3220//3217 3213//3210
f 3343//3340 3236//3233 3297//3294
f 3297//3294 3236//3233 3153//3152
f 3296//3293 3237//3234 3147//3146
f 3342//3339 3237//3234 3296//3293
f 3384//3381 3281//3278 3283//3280
f 3381//3378 3284//3281 3286//3283
f 3385//3382 3380//3377 3298//3295
f 3237//3234 3342//3339 3385//3382
f 3236//3233 3343//3340 3386//3383
f 3386//3383 3379//3376 3300//3297
f 3157//3154 3325//3322 3164//3161
f 3378//3375 3249//3246 3208//3205
f 3170//3167 3328//3325 3177//3174
f 3377//3374 3246//3243 3203//3200
f 3165//3162 3256//3253 3264//3261
f 3158//3155 3256//3253 3165//3162
f 3167//3164 3257//3254 3261//3258
f 3171//3168 3257//3254 3167//3164
f 3317//3314 3119//3118 3120//3119
f 3317//3314 3120//3119 3116//3115
f 3315//3312 3131//3130 3125//3124
f 3315//3312 3130//3129 3131//3130
f 3362//3359 3316//3313 3227//3224
f 3363//3360 3314//3311 3224//3221
f 3138//3137 3155//3143 3360//3357
f 3132//3131 3145//3144 3361//3358
f 3274//3271 3154//3144 3363//3360
f 3275//3272 3144//3143 3362//3359
f 3242//3239 3359//3356 3263//3260
f 3286//3283 3359//3356 3242//3239
f 3283//3280 3357//3354 3241//3238
f 3241//3238 3357//3354 3260//3257
f 3389//3386 3305//3302 3206//3203
f 3206//3203 3305//3302 3207//3204
f 3390//3387 3306//3303 3201//3198
f 3201//3198 3306//3303 3202//3199
f 3376//3373 3307//3304 3195//3192
f 3195//3192 3307//3304 3196//3193
f 3375//3372 3308//3305 3217//3214
f 3217//3214 3308//3305 3218//3215
f 3389//3386 3378//3375 3127//3126
f 3390//3387 3377//3374 3118//3117
f 3303//3300 3162//3159 3376//3373
f 3374//3371 3175//3172 3375//3372
f 3179//3176 3278//3275 3279//3276
f 3278//3275 3179//3176 3361//3358
f 3276//3273 3181//3178 3360//3357
f 3181//3178 3276//3273 3277//3274
f 3224//3221 3223//3220 3363//3360
f 3223//3220 3224//3221 3123//3122
f 3227//3224 3226//3223 3362//3359
f 3226//3223 3227//3224 3114//3113
f 3128//3127 3313//3310 3186//3183
f 3121//3120 3311//3308 3182//3179
f 3208//3205 3249//3246 3206//3203
f 3203//3200 3246//3243 3201//3198
f 3177//3174 3328//3325 3253//3250
f 3164//3161 3325//3322 3252//3249
f 3347//3344 3346//3343 3344//3341
f 3347//3344 3344//3341 3210//3207
f 3349//3346 3348//3345 3350//3347
f 3349//3346 3350//3347 3199//3196
f 3353//3350 3352//3349 3345//3342
f 3355//3352 3354//3351 3351//3348
f 3235//3232 3243//3240 3234//3231
f 3319//3316 3243//3240 3235//3232
f 3318//3315 3240//3237 3239//3236
f 3239//3236 3240//3237 3238//3235
f 3336//3333 3162//3159 3338//3335
f 3336//3333 3338//3335 3337//3334
f 3339//3336 3341//3338 3340//3337
f 3339//3336 3175//3172 3341//3338
f 3331//3328 3330//3327 3194//3191
f 3331//3328 3118//3117 3330//3327
f 3333//3330 3335//3332 3216//3213
f 3333//3330 3127//3126 3335//3332
f 3233//3230 3232//3229 3263//3260
f 3263//3260 3232//3229 3242//3239
f 3230//3227 3229//3226 3260//3257
f 3260//3257 3229//3226 3241//3238
f 3270//3267 3200//3197 3354//3351
f 3271//3268 3211//3208 3352//3349
f 3272//3269 3221//3218 3346//3343
f 3273//3270 3191//3188 3348//3345
f 3372//3369 3254//3251 3324//3321
f 3254//3251 3289//3286 3324//3321
f 3373//3370 3258//3255 3327//3324
f 3258//3255 3292//3289 3327//3324
f 3371//3368 3321//3318 3309//3306
f 3321//3318 3247//3244 3309//3306
f 3370//3367 3323//3320 3310//3307
f 3323//3320 3244//3241 3310//3307
f 3146//3145 3298//3295 3140//3139
f 3152//3151 3300//3297 3150//3149
f 3159//3156 3358//3355 3181//3178
f 3159//3156 3161//3158 3358//3355
f 3172//3169 3356//3353 3179//3176
f 3172//3169 3174//3171 3356//3353
f 3364//3361 3287//3284 3285//3282
f 3365//3362 3280//3277 3282//3279
f 3133//3132 3280//3277 3365//3362
f 3316//3313 3133//3132 3365//3362
f 3314//3311 3139//3138 3364//3361
f 3139//3138 3287//3284 3364//3361
f 3320//3317 3128//3127 3186//3183
f 3322//3319 3121//3120 3182//3179
f 3163//3160 3303//3300 3304//3301
f 3176//3173 3374//3371 3302//3299
f 3375//3372 3339//3336 3308//3305
f 3376//3373 3336//3333 3307//3304
f 3390//3387 3331//3328 3306//3303
f 3389//3386 3333//3330 3305//3302
f 3291//3288 3293//3290 3292//3289
f 3292//3289 3259//3256 3173//3170
f 3288//3285 3290//3287 3289//3286
f 3289//3286 3255//3252 3160//3157
f 3247//3244 3188//3185 3269//3266
f 3124//3123 3248//3245 3247//3244
f 3115//3114 3245//3242 3244//3241
f 3244//3241 3184//3181 3268//3265
f 3251//3248 3349//3346 3199//3196
f 3251//3248 3367//3364 3349//3346
f 3250//3247 3347//3344 3210//3207
f 3250//3247 3366//3363 3347//3344
f 3253//3250 3353//3350 3220//3217
f 3253//3250 3329//3326 3353//3350
f 3252//3249 3355//3352 3190//3187
f 3252//3249 3326//3323 3355//3352
f 3165//3162 3231//3228 3295//3292
f 3231//3228 3165//3162 3166//3163
f 3167//3164 3228//3225 3294//3291
f 3228//3225 3167//3164 3168//3165
f 3131//3130 3153//3152 3189//3186
f 3131//3130 3189//3186 3126//3125
f 3120//3119 3185//3182 3117//3116
f 3120//3119 3147//3146 3185//3182
f 3273//3270 3202//3199 3191//3188
f 3272//3269 3207//3204 3221//3218
f 3270//3267 3196//3193 3200//3197
f 3271//3268 3218//3215 3211//3208
f 3198//3195 3251//3248 3199//3196
f 3209//3206 3250//3247 3210//3207
f 3130//3129 3314//3311 3297//3294
f 3119//3118 3316//3313 3296//3293
f 3180//3177 3264//3261 3265//3262
f 3178//3175 3261//3258 3262//3259
f 3305//3302 3221//3218 3207//3204
f 3306//3303 3191//3188 3202//3199
f 3307//3304 3200//3197 3196//3193
f 3308//3305 3211//3208 3218//3215
f 3284//3281 3235//3232 3285//3282
f 3281//3278 3239//3236 3282//3279
f 3379//3376 3234//3231 3149//3148
f 3380//3377 3238//3235 3143//3142
f 3136//3135 3387//3384 3150//3149
f 3150//3149 3387//3384 3223//3220
f 3357//3354 3280//3277 3179//3176
f 3282//3279 3280//3277 3357//3354
f 3140//3139 3388//3385 3226//3223
f 3134//3133 3388//3385 3140//3139
f 3285//3282 3287//3284 3359//3356
f 3359//3356 3287//3284 3181//3178
f 3126//3125 3125//3124 3131//3130
f 3197//3194 3303//3300 3376//3373
f 3219//3216 3374//3371 3375//3372
f 3311//3308 3121//3120 3367//3364
f 3313//3310 3128//3127 3366//3363
f 3138//3137 3139//3138 3154//3144
f 3132//3131 3133//3132 3144//3143
f 3135//3134 3145//3144 3275//3272
f 3137//3136 3155//3143 3274//3271
f 3382//3379 3242//3239 3180//3177
f 3383//3380 3241//3238 3178//3175
f 3224//3221 3314//3311 3123//3122
f 3227//3224 3316//3313 3114//3113
f 3276//3273 3265//3262 3264//3261
f 3278//3275 3262//3259 3261//3258
f 3317//3314 3377//3374 3310//3307
f 3170//3167 3327//3324 3257//3254
f 3157//3154 3324//3321 3256//3253
f 3315//3312 3378//3375 3309//3306
f 3180//3177 3148//3147 3382//3379
f 3148//3147 3319//3316 3382//3379
f 3142//3141 3318//3315 3383//3380
f 3178//3175 3142//3141 3383//3380
f 3297//3294 3301//3298 3343//3340
f 3296//3293 3299//3296 3342//3339
f 3363//3360 3139//3138 3314//3311
f 3363//3360 3154//3144 3139//3138
f 3362//3359 3133//3132 3316//3313
f 3362//3359 3144//3143 3133//3132
f 3361//3358 3135//3134 3262//3259
f 3361//3358 3145//3144 3135//3134
f 3360//3357 3137//3136 3265//3262
f 3360//3357 3155//3143 3137//3136
f 3316//3313 3119//3118 3114//3113
f 3114//3113 3119//3118 3317//3314
f 3123//3122 3130//3129 3315//3312
f 3314//3311 3130//3129 3123//3122
f 3142//3141 3240//3237 3318//3315
f 3240//3237 3142//3141 3143//3142
f 3148//3147 3243//3240 3319//3316
f 3243//3240 3148//3147 3149//3148
f 3245//3242 3317//3314 3310//3307
f 3248//3245 3315//3312 3309//3306
f 3290//3287 3256//3253 3324//3321
f 3293//3290 3257//3254 3327//3324
f 3254//3251 3304//3301 3255//3252
f 3258//3255 3302//3299 3259//3256
f 3186//3183 3188//3185 3321//3318
f 3182//3179 3184//3181 3323//3320
f 3157//3154 3326//3323 3325//3322
f 3249//3246 3378//3375 3389//3386
f 3170//3167 3329//3326 3328//3325
f 3246//3243 3377//3374 3390//3387
f 3339//3336 3215//3212 3214//3211
f 3336//3333 3193//3190 3192//3189
f 3333//3330 3334//3331 3212//3209
f 3331//3328 3332//3329 3204//3201
f 3351//3348 3190//3187 3355//3352
f 3345//3342 3220//3217 3353//3350
f 3183//3180 3141//3140 3225//3222
f 3141//3140 3226//3223 3225//3222
f 3151//3150 3223//3220 3222//3219
f 3187//3184 3151//3150 3222//3219
f 3202//3199 3122//3121 3322//3319
f 3207//3204 3129//3128 3320//3317
f 3280//3277 3361//3358 3179//3176
f 3280//3277 3132//3131 3361//3358
f 3287//3284 3138//3137 3360//3357
f 3287//3284 3360//3357 3181//3178
f 3387//3384 3274//3271 3363//3360
f 3387//3384 3363//3360 3223//3220
f 3388//3385 3275//3272 3362//3359
f 3388//3385 3362//3359 3226//3223
f 3123//3122 3315//3312 3124//3123
f 3248//3245 3124//3123 3315//3312
f 3264//3261 3256//3253 3288//3285
f 3290//3287 3288//3285 3256//3253
f 3114//3113 3317//3314 3115//3114
f 3245//3242 3115//3114 3317//3314
f 3293//3290 3291//3288 3257//3254
f 3261//3258 3257//3254 3291//3288
f 3204//3201 3337//3334 3205//3202
f 3212//3209 3340//3337 3213//3210
f 3204//3201 3332//3329 3337//3334
f 3212//3209 3334//3331 3340//3337
f 3346//3343 3221//3218 3345//3342
f 3348//3345 3191//3188 3351//3348
f 3352//3349 3211//3208 3210//3207
f 3354//3351 3200//3197 3199//3196
f 3166//3163 3264//3261 3180//3177
f 3165//3162 3264//3261 3166//3163
f 3168//3165 3261//3258 3178//3175
f 3167//3164 3261//3258 3168//3165
f 3356//3353 3174//3171 3260//3257
f 3356//3353 3260//3257 3357//3354
f 3369//3366 3141//3140 3183//3180
f 3140//3139 3141//3140 3369//3366
f 3358//3355 3161//3158 3263//3260
f 3358//3355 3263//3260 3359//3356
f 3368//3365 3151//3150 3187//3184
f 3150//3149 3151//3150 3368//3365
f 3344//3341 3345//3342 3352//3349
f 3350//3347 3351//3348 3354//3351
f 3345//3342 3344//3341 3346//3343
f 3351//3348 3350//3347 3348//3345
f 3128//3127 3129//3128 3366//3363
f 3121//3120 3122//3121 3367//3364
f 3157//3154 3156//3153 3326//3323
f 3170//3167 3169//3166 3329//3326
f 3212//3209 3221//3218 3305//3302
f 3204//3201 3191//3188 3306//3303
f 3192//3189 3200//3197 3307//3304
f 3214//3211 3211//3208 3308//3305
f 3270//3267 3156//3153 3196//3193
f 3270//3267 3326//3323 3156//3153
f 3273//3270 3122//3121 3202//3199
f 3273//3270 3367//3364 3122//3121
f 3271//3268 3169//3166 3218//3215
f 3271//3268 3329//3326 3169//3166
f 3272//3269 3366//3363 3129//3128
f 3272//3269 3129//3128 3207//3204
f 3349//3346 3273//3270 3348//3345
f 3347//3344 3272//3269 3346//3343
f 3353//3350 3271//3268 3352//3349
f 3355//3352 3270//3267 3354//3351
f 3277//3274 3159//3156 3181//3178
f 3279//3276 3172//3169 3179//3176
f 3114//3113 3225//3222 3226//3223
f 3123//3122 3222//3219 3223//3220
f 3382//3379 3284//3281 3381//3378
f 3383//3380 3281//3278 3384//3381
f 3301//3298 3234//3231 3379//3376
f 3299//3296 3238//3235 3380//3377
f 3318//3315 3239//3236 3281//3278
f 3319//3316 3235//3232 3284//3281
f 3343//3340 3379//3376 3386//3383
f 3342//3339 3380//3377 3385//3382
f 3123//3122 3269//3266 3222//3219
f 3114//3113 3268//3265 3225//3222
f 3160//3157 3288//3285 3289//3286
f 3173//3170 3291//3288 3292//3289
f 3268//3265 3115//3114 3244//3241
f 3269//3266 3124//3123 3247//3244
f 3393//3115 3394//3116 3395//3117
f 3402//3124 3403//3390 3404//3391
f 3409//3131 3557//3277 3410//3132
f 3411//3133 3419//3141 3412//3134
f 3413//3135 3425//3395 3414//3136
f 3415//3137 3564//3284 3416//3138
f 3419//3141 3411//3133 3420//3142
f 3423//3145 3646//3366 3424//3146
f 3425//3395 3413//3135 3426//3396
f 3429//3151 3645//3365 3430//3398
f 3433//3153 3434//3154 3435//3155
f 3436//3400 3437//3157 3438//3158
f 3439//3159 3440//3160 3441//3401
f 3446//3166 3447//3167 3448//3168
f 3449//3402 3450//3170 3451//3171
f 3452//3403 3453//3173 3454//3404
f 3459//3179 3460//3405 3461//3181
f 3646//3366 3462//3406 3424//3146
f 3463//3183 3464//3184 3465//3407
f 3645//3365 3466//3408 3430//3398
f 3467//3187 3628//3348 3468//3188
f 3469//3409 3470//3190 3471//3191
f 3472//3410 3473//3411 3474//3194
f 3475//3195 3476//3412 3477//3413
f 3478//3414 3479//3199 3480//3200
f 3483//3203 3484//3204 3485//3205
f 3486//3206 3487//3207 3488//3208
f 3491//3419 3492//3420 3493//3421
f 3494//3422 3495//3423 3496//3424
f 3497//3217 3622//3342 3498//3218
f 3505//3225 3506//3226 3507//3227
f 3508//3228 3509//3229 3510//3230
f 3511//3231 3641//3462 3512//3232
f 3513//3233 3429//3151 3430//3398
f 3514//3234 3423//3145 3424//3146
f 3515//3235 3642//3463 3516//3236
f 3493//3421 3486//3206 3491//3419
f 3589//3309 3527//3428 3404//3391
f 3471//3191 3475//3195 3469//3409
f 3394//3116 3528//3248 3395//3117
f 3529//3429 3439//3159 3441//3401
f 3530//3250 3452//3403 3454//3404
f 3435//3155 3434//3154 3533//3253
f 3448//3168 3447//3167 3534//3254
f 3466//3408 3645//3365 3543//3263
f 3394//3116 3393//3115 3397//3119
f 3462//3406 3646//3366 3544//3264
f 3545//3433 3460//3405 3502//3222
f 3546//3434 3464//3184 3499//3425
f 3431//3144 3551//3271 3432//3399
f 3421//3143 3552//3272 3422//3394
f 3558//3438 3559//3439 3560//3440
f 3561//3441 3562//3442 3563//3443
f 3571//3445 3505//3225 3507//3227
f 3572//3446 3508//3228 3510//3230
f 3575//3447 3420//3142 3411//3133
f 3619//3455 3576//3296 3657//3377
f 3577//3297 3426//3396 3413//3135
f 3620//3340 3578//3298 3656//3376
f 3536//3256 3579//3299 3451//3171
f 3651//3371 3496//3424 3507//3227
f 3580//3300 3474//3194 3510//3230
f 3532//3430 3581//3301 3438//3158
f 3525//3245 3586//3306 3524//3244
f 3522//3242 3587//3307 3521//3241
f 3462//3406 3544//3264 3394//3116
f 3460//3405 3459//3179 3588//3308
f 3466//3408 3543//3263 3589//3309
f 3464//3184 3463//3183 3590//3310
f 3449//3402 3556//3437 3450//3170
f 3436//3400 3554//3436 3437//3157
f 3597//3317 3485//3205 3484//3204
f 3599//3450 3480//3200 3479//3199
f 3601//3321 3566//3286 3567//3287
f 3604//3324 3569//3289 3570//3444
f 3475//3195 3471//3191 3607//3452
f 3486//3206 3493//3421 3612//3453
f 3482//3416 3614//3334 3615//3335
f 3490//3418 3617//3337 3618//3338
f 3456//3176 3633//3353 3634//3354
f 3458//3178 3635//3460 3636//3356
f 3542//3262 3414//3136 3425//3395
f 3539//3431 3412//3134 3419//3141
f 3411//3133 3417//3139 3575//3447
f 3413//3135 3427//3149 3577//3297
f 3641//3462 3574//3294 3591//3311
f 3642//3463 3573//3293 3593//3313
f 3562//3442 3512//3232 3641//3462
f 3559//3439 3516//3236 3642//3463
f 3509//3229 3443//3163 3519//3427
f 3509//3229 3508//3228 3443//3163
f 3506//3226 3445//3165 3518//3426
f 3506//3226 3505//3225 3445//3165
f 3606//3326 3530//3250 3605//3325
f 3630//3350 3606//3326 3548//3268
f 3632//3352 3603//3323 3547//3267
f 3603//3323 3529//3429 3602//3322
f 3624//3457 3643//3363 3549//3435
f 3643//3363 3527//3428 3589//3309
f 3644//3364 3528//3248 3394//3116
f 3626//3458 3644//3364 3550//3270
f 3647//3367 3459//3179 3600//3451
f 3648//3464 3463//3183 3598//3318
f 3649//3369 3581//3301 3531//3251
f 3650//3370 3579//3299 3535//3255
f 3579//3299 3651//3371 3451//3171
f 3581//3301 3580//3300 3438//3158
f 3654//3466 3594//3314 3393//3115
f 3654//3466 3393//3115 3395//3117
f 3655//3375 3592//3449 3402//3124
f 3655//3375 3402//3124 3404//3391
f 3429//3151 3427//3149 3645//3365
f 3656//3376 3426//3396 3577//3297
f 3423//3145 3417//3139 3646//3366
f 3657//3377 3420//3142 3575//3447
f 3590//3310 3589//3309 3543//3263
f 3589//3309 3590//3310 3643//3363
f 3394//3116 3588//3308 3644//3364
f 3588//3308 3394//3116 3544//3264
f 3572//3446 3435//3155 3442//3162
f 3435//3155 3572//3446 3473//3411
f 3571//3445 3448//3168 3444//3164
f 3448//3168 3571//3445 3495//3423
f 3523//3243 3667//3387 3478//3414
f 3481//3415 3583//3448 3608//3328
f 3526//3246 3666//3386 3483//3203
f 3489//3417 3582//3302 3610//3330
f 3491//3419 3585//3305 3616//3454
f 3652//3465 3494//3422 3496//3424
f 3653//3373 3472//3410 3474//3194
f 3469//3409 3584//3304 3613//3333
f 3493//3421 3611//3331 3610//3330
f 3611//3331 3493//3421 3492//3420
f 3609//3329 3471//3191 3470//3190
f 3471//3191 3609//3329 3608//3328
f 3614//3334 3470//3190 3613//3333
f 3617//3337 3492//3420 3616//3454
f 3451//3171 3507//3227 3537//3257
f 3507//3227 3451//3171 3651//3371
f 3510//3230 3438//3158 3580//3300
f 3438//3158 3510//3230 3540//3260
f 3646//3366 3460//3405 3544//3264
f 3544//3264 3460//3405 3588//3308
f 3645//3365 3464//3184 3543//3263
f 3543//3263 3464//3184 3590//3310
f 3420//3142 3515//3235 3517//3237
f 3426//3396 3511//3231 3520//3240
f 3535//3255 3536//3256 3569//3289
f 3556//3437 3568//3288 3450//3170
f 3554//3436 3565//3285 3437//3157
f 3531//3251 3532//3430 3566//3286
f 3461//3181 3521//3241 3600//3451
f 3392//3114 3545//3433 3391//3113
f 3401//3389 3546//3434 3400//3122
f 3465//3407 3524//3244 3598//3318
f 3641//3462 3511//3231 3578//3298
f 3642//3463 3515//3235 3576//3296
f 3432//3399 3415//3137 3431//3144
f 3422//3394 3409//3131 3421//3143
f 3467//3187 3615//3335 3529//3429
f 3497//3217 3618//3338 3530//3250
f 3475//3195 3607//3452 3528//3248
f 3486//3206 3612//3453 3527//3428
f 3659//3467 3596//3316 3561//3441
f 3660//3380 3595//3315 3558//3438
f 3518//3426 3661//3381 3560//3440
f 3519//3427 3658//3378 3563//3443
f 3473//3411 3433//3153 3435//3155
f 3495//3423 3446//3166 3448//3168
f 3662//3468 3423//3145 3514//3234
f 3575//3447 3423//3145 3662//3468
f 3663//3383 3429//3151 3513//3233
f 3577//3297 3429//3151 3663//3383
f 3638//3358 3539//3431 3555//3275
f 3637//3357 3542//3262 3553//3273
f 3538//3258 3556//3437 3555//3275
f 3568//3288 3556//3437 3538//3258
f 3541//3432 3554//3436 3553//3273
f 3565//3285 3554//3436 3541//3432
f 3440//3160 3439//3159 3580//3300
f 3581//3301 3649//3369 3440//3160
f 3579//3299 3650//3370 3453//3173
f 3453//3173 3452//3403 3651//3371
f 3459//3179 3647//3367 3599//3450
f 3399//3121 3398//3388 3599//3450
f 3463//3183 3648//3464 3597//3317
f 3406//3392 3405//3127 3597//3317
f 3551//3271 3664//3469 3413//3135
f 3413//3135 3414//3136 3551//3271
f 3411//3133 3412//3134 3552//3272
f 3552//3272 3665//3385 3411//3133
f 3650//3370 3604//3324 3447//3167
f 3649//3369 3601//3321 3434//3154
f 3647//3367 3587//3307 3654//3466
f 3648//3464 3586//3306 3655//3375
f 3418//3140 3417//3139 3503//3223
f 3428//3397 3427//3149 3500//3220
f 3661//3381 3518//3426 3660//3380
f 3455//3175 3518//3426 3445//3165
f 3457//3177 3519//3427 3443//3163
f 3658//3378 3519//3427 3659//3467
f 3597//3317 3648//3464 3485//3205
f 3485//3205 3648//3464 3655//3375
f 3480//3200 3647//3367 3654//3466
f 3599//3450 3647//3367 3480//3200
f 3441//3401 3649//3369 3434//3154
f 3440//3160 3649//3369 3441//3401
f 3454//3404 3650//3370 3447//3167
f 3453//3173 3650//3370 3454//3404
f 3653//3373 3439//3159 3613//3333
f 3652//3465 3452//3403 3616//3454
f 3666//3386 3404//3391 3610//3330
f 3667//3387 3395//3117 3608//3328
f 3562//3442 3636//3356 3563//3443
f 3559//3439 3634//3354 3560//3440
f 3430//3398 3407//3129 3574//3294
f 3430//3398 3408//3393 3407//3129
f 3424//3146 3397//3119 3396//3118
f 3424//3146 3396//3118 3573//3293
f 3451//3171 3450//3170 3536//3256
f 3438//3158 3437//3157 3532//3430
f 3460//3405 3545//3433 3461//3181
f 3464//3184 3546//3434 3465//3407
f 3607//3452 3395//3117 3528//3248
f 3612//3453 3404//3391 3527//3428
f 3618//3338 3452//3403 3530//3250
f 3615//3335 3439//3159 3529//3429
f 3617//3337 3611//3331 3492//3420
f 3614//3334 3609//3329 3470//3190
f 3495//3423 3571//3445 3496//3424
f 3496//3424 3571//3445 3507//3227
f 3473//3411 3572//3446 3474//3194
f 3474//3194 3572//3446 3510//3230
f 3466//3408 3589//3309 3403//3390
f 3403//3390 3589//3309 3404//3391
f 3476//3412 3627//3347 3631//3351
f 3487//3207 3621//3456 3629//3459
f 3425//3395 3457//3177 3542//3262
f 3419//3141 3455//3175 3539//3431
f 3578//3298 3574//3294 3641//3462
f 3576//3296 3573//3293 3642//3463
f 3498//3218 3489//3417 3490//3418
f 3468//3188 3481//3415 3482//3416
f 3486//3206 3488//3208 3491//3419
f 3475//3195 3477//3413 3469//3409
f 3482//3416 3467//3187 3468//3188
f 3615//3335 3467//3187 3482//3416
f 3490//3418 3497//3217 3498//3218
f 3618//3338 3497//3217 3490//3418
f 3620//3340 3513//3233 3574//3294
f 3574//3294 3513//3233 3430//3398
f 3573//3293 3514//3234 3424//3146
f 3619//3455 3514//3234 3573//3293
f 3661//3381 3558//3438 3560//3440
f 3658//3378 3561//3441 3563//3443
f 3662//3468 3657//3377 3575//3447
f 3514//3234 3619//3455 3662//3468
f 3513//3233 3620//3340 3663//3383
f 3663//3383 3656//3376 3577//3297
f 3434//3154 3602//3322 3441//3401
f 3655//3375 3526//3246 3485//3205
f 3447//3167 3605//3325 3454//3404
f 3654//3466 3523//3243 3480//3200
f 3442//3162 3533//3253 3541//3432
f 3435//3155 3533//3253 3442//3162
f 3444//3164 3534//3254 3538//3258
f 3448//3168 3534//3254 3444//3164
f 3594//3314 3396//3118 3397//3119
f 3594//3314 3397//3119 3393//3115
f 3592//3449 3408//3393 3402//3124
f 3592//3449 3407//3129 3408//3393
f 3639//3461 3593//3313 3504//3224
f 3640//3360 3591//3311 3501//3221
f 3415//3137 3432//3399 3637//3357
f 3409//3131 3422//3394 3638//3358
f 3551//3271 3431//3144 3640//3360
f 3552//3272 3421//3143 3639//3461
f 3519//3427 3636//3356 3540//3260
f 3563//3443 3636//3356 3519//3427
f 3560//3440 3634//3354 3518//3426
f 3518//3426 3634//3354 3537//3257
f 3666//3386 3582//3302 3483//3203
f 3483//3203 3582//3302 3484//3204
f 3667//3387 3583//3448 3478//3414
f 3478//3414 3583//3448 3479//3199
f 3653//3373 3584//3304 3472//3410
f 3472//3410 3584//3304 3473//3411
f 3652//3465 3585//3305 3494//3422
f 3494//3422 3585//3305 3495//3423
f 3666//3386 3655//3375 3404//3391
f 3667//3387 3654//3466 3395//3117
f 3580//3300 3439//3159 3653//3373
f 3651//3371 3452//3403 3652//3465
f 3456//3176 3555//3275 3556//3437
f 3555//3275 3456//3176 3638//3358
f 3553//3273 3458//3178 3637//3357
f 3458//3178 3553//3273 3554//3436
f 3501//3221 3500//3220 3640//3360
f 3500//3220 3501//3221 3400//3122
f 3504//3224 3503//3223 3639//3461
f 3503//3223 3504//3224 3391//3113
f 3405//3127 3590//3310 3463//3183
f 3398//3388 3588//3308 3459//3179
f 3485//3205 3526//3246 3483//3203
f 3480//3200 3523//3243 3478//3414
f 3454//3404 3605//3325 3530//3250
f 3441//3401 3602//3322 3529//3429
f 3624//3457 3623//3343 3621//3456
f 3624//3457 3621//3456 3487//3207
f 3626//3458 3625//3345 3627//3347
f 3626//3458 3627//3347 3476//3412
f 3630//3350 3629//3459 3622//3342
f 3632//3352 3631//3351 3628//3348
f 3512//3232 3520//3240 3511//3231
f 3596//3316 3520//3240 3512//3232
f 3595//3315 3517//3237 3516//3236
f 3516//3236 3517//3237 3515//3235
f 3613//3333 3439//3159 3615//3335
f 3613//3333 3615//3335 3614//3334
f 3616//3454 3618//3338 3617//3337
f 3616//3454 3452//3403 3618//3338
f 3608//3328 3607//3452 3471//3191
f 3608//3328 3395//3117 3607//3452
f 3610//3330 3612//3453 3493//3421
f 3610//3330 3404//3391 3612//3453
f 3510//3230 3509//3229 3540//3260
f 3540//3260 3509//3229 3519//3427
f 3507//3227 3506//3226 3537//3257
f 3537//3257 3506//3226 3518//3426
f 3547//3267 3477//3413 3631//3351
f 3548//3268 3488//3208 3629//3459
f 3549//3435 3498//3218 3623//3343
f 3550//3270 3468//3188 3625//3345
f 3649//3369 3531//3251 3601//3321
f 3531//3251 3566//3286 3601//3321
f 3650//3370 3535//3255 3604//3324
f 3535//3255 3569//3289 3604//3324
f 3648//3464 3598//3318 3586//3306
f 3598//3318 3524//3244 3586//3306
f 3647//3367 3600//3451 3587//3307
f 3600//3451 3521//3241 3587//3307
f 3423//3145 3575//3447 3417//3139
f 3429//3151 3577//3297 3427//3149
f 3436//3400 3635//3460 3458//3178
f 3436//3400 3438//3158 3635//3460
f 3449//3402 3633//3353 3456//3176
f 3449//3402 3451//3171 3633//3353
f 3641//3462 3564//3284 3562//3442
f 3642//3463 3557//3277 3559//3439
f 3410//3132 3557//3277 3642//3463
f 3593//3313 3410//3132 3642//3463
f 3591//3311 3416//3138 3641//3462
f 3416//3138 3564//3284 3641//3462
f 3597//3317 3405//3127 3463//3183
f 3599//3450 3398//3388 3459//3179
f 3440//3160 3580//3300 3581//3301
f 3453//3173 3651//3371 3579//3299
f 3652//3465 3616//3454 3585//3305
f 3653//3373 3613//3333 3584//3304
f 3667//3387 3608//3328 3583//3448
f 3666//3386 3610//3330 3582//3302
f 3568//3288 3570//3444 3569//3289
f 3569//3289 3536//3256 3450//3170
f 3565//3285 3567//3287 3566//3286
f 3566//3286 3532//3430 3437//3157
f 3524//3244 3465//3407 3546//3434
f 3401//3389 3525//3245 3524//3244
f 3392//3114 3522//3242 3521//3241
f 3521//3241 3461//3181 3545//3433
f 3528//3248 3626//3458 3476//3412
f 3528//3248 3644//3364 3626//3458
f 3527//3428 3624//3457 3487//3207
f 3527//3428 3643//3363 3624//3457
f 3530//3250 3630//3350 3497//3217
f 3530//3250 3606//3326 3630//3350
f 3529//3429 3632//3352 3467//3187
f 3529//3429 3603//3323 3632//3352
f 3442//3162 3508//3228 3572//3446
f 3508//3228 3442//3162 3443//3163
f 3444//3164 3505//3225 3571//3445
f 3505//3225 3444//3164 3445//3165
f 3408//3393 3430//3398 3466//3408
f 3408//3393 3466//3408 3403//3390
f 3397//3119 3462//3406 3394//3116
f 3397//3119 3424//3146 3462//3406
f 3550//3270 3479//3199 3468//3188
f 3549//3435 3484//3204 3498//3218
f 3547//3267 3473//3411 3477//3413
f 3548//3268 3495//3423 3488//3208
f 3475//3195 3528//3248 3476//3412
f 3486//3206 3527//3428 3487//3207
f 3407//3129 3591//3311 3574//3294
f 3396//3118 3593//3313 3573//3293
f 3457//3177 3541//3432 3542//3262
f 3455//3175 3538//3258 3539//3431
f 3582//3302 3498//3218 3484//3204
f 3583//3448 3468//3188 3479//3199
f 3584//3304 3477//3413 3473//3411
f 3585//3305 3488//3208 3495//3423
f 3561//3441 3512//3232 3562//3442
f 3558//3438 3516//3236 3559//3439
f 3656//3376 3511//3231 3426//3396
f 3657//3377 3515//3235 3420//3142
f 3413//3135 3664//3469 3427//3149
f 3427//3149 3664//3469 3500//3220
f 3634//3354 3557//3277 3456//3176
f 3559//3439 3557//3277 3634//3354
f 3417//3139 3665//3385 3503//3223
f 3411//3133 3665//3385 3417//3139
f 3562//3442 3564//3284 3636//3356
f 3636//3356 3564//3284 3458//3178
f 3403//3390 3402//3124 3408//3393
f 3474//3194 3580//3300 3653//3373
f 3496//3424 3651//3371 3652//3465
f 3588//3308 3398//3388 3644//3364
f 3590//3310 3405//3127 3643//3363
f 3415//3137 3416//3138 3431//3144
f 3409//3131 3410//3132 3421//3143
f 3412//3134 3422//3394 3552//3272
f 3414//3136 3432//3399 3551//3271
f 3659//3467 3519//3427 3457//3177
f 3660//3380 3518//3426 3455//3175
f 3501//3221 3591//3311 3400//3122
f 3504//3224 3593//3313 3391//3113
f 3553//3273 3542//3262 3541//3432
f 3555//3275 3539//3431 3538//3258
f 3594//3314 3654//3466 3587//3307
f 3447//3167 3604//3324 3534//3254
f 3434//3154 3601//3321 3533//3253
f 3592//3449 3655//3375 3586//3306
f 3457//3177 3425//3395 3659//3467
f 3425//3395 3596//3316 3659//3467
f 3419//3141 3595//3315 3660//3380
f 3455//3175 3419//3141 3660//3380
f 3574//3294 3578//3298 3620//3340
f 3573//3293 3576//3296 3619//3455
f 3640//3360 3416//3138 3591//3311
f 3640//3360 3431//3144 3416//3138
f 3639//3461 3410//3132 3593//3313
f 3639//3461 3421//3143 3410//3132
f 3638//3358 3412//3134 3539//3431
f 3638//3358 3422//3394 3412//3134
f 3637//3357 3414//3136 3542//3262
f 3637//3357 3432//3399 3414//3136
f 3593//3313 3396//3118 3391//3113
f 3391//3113 3396//3118 3594//3314
f 3400//3122 3407//3129 3592//3449
f 3591//3311 3407//3129 3400//3122
f 3419//3141 3517//3237 3595//3315
f 3517//3237 3419//3141 3420//3142
f 3425//3395 3520//3240 3596//3316
f 3520//3240 3425//3395 3426//3396
f 3522//3242 3594//3314 3587//3307
f 3525//3245 3592//3449 3586//3306
f 3567//3287 3533//3253 3601//3321
f 3570//3444 3534//3254 3604//3324
f 3531//3251 3581//3301 3532//3430
f 3535//3255 3579//3299 3536//3256
f 3463//3183 3465//3407 3598//3318
f 3459//3179 3461//3181 3600//3451
f 3434//3154 3603//3323 3602//3322
f 3526//3246 3655//3375 3666//3386
f 3447//3167 3606//3326 3605//3325
f 3523//3243 3654//3466 3667//3387
f 3616//3454 3492//3420 3491//3419
f 3613//3333 3470//3190 3469//3409
f 3610//3330 3611//3331 3489//3417
f 3608//3328 3609//3329 3481//3415
f 3628//3348 3467//3187 3632//3352
f 3622//3342 3497//3217 3630//3350
f 3460//3405 3418//3140 3502//3222
f 3418//3140 3503//3223 3502//3222
f 3428//3397 3500//3220 3499//3425
f 3464//3184 3428//3397 3499//3425
f 3479//3199 3399//3121 3599//3450
f 3484//3204 3406//3392 3597//3317
f 3557//3277 3638//3358 3456//3176
f 3557//3277 3409//3131 3638//3358
f 3564//3284 3415//3137 3637//3357
f 3564//3284 3637//3357 3458//3178
f 3664//3469 3551//3271 3640//3360
f 3664//3469 3640//3360 3500//3220
f 3665//3385 3552//3272 3639//3461
f 3665//3385 3639//3461 3503//3223
f 3400//3122 3592//3449 3401//3389
f 3525//3245 3401//3389 3592//3449
f 3541//3432 3533//3253 3565//3285
f 3567//3287 3565//3285 3533//3253
f 3391//3113 3594//3314 3392//3114
f 3522//3242 3392//3114 3594//3314
f 3570//3444 3568//3288 3534//3254
f 3538//3258 3534//3254 3568//3288
f 3481//3415 3614//3334 3482//3416
f 3489//3417 3617//3337 3490//3418
f 3481//3415 3609//3329 3614//3334
f 3489//3417 3611//3331 3617//3337
f 3623//3343 3498//3218 3622//3342
f 3625//3345 3468//3188 3628//3348
f 3629//3459 3488//3208 3487//3207
f 3631//3351 3477//3413 3476//3412
f 3443//3163 3541//3432 3457//3177
f 3442//3162 3541//3432 3443//3163
f 3445//3165 3538//3258 3455//3175
f 3444//3164 3538//3258 3445//3165
f 3633//3353 3451//3171 3537//3257
f 3633//3353 3537//3257 3634//3354
f 3646//3366 3418//3140 3460//3405
f 3417//3139 3418//3140 3646//3366
f 3635//3460 3438//3158 3540//3260
f 3635//3460 3540//3260 3636//3356
f 3645//3365 3428//3397 3464//3184
f 3427//3149 3428//3397 3645//3365
f 3621//3456 3622//3342 3629//3459
f 3627//3347 3628//3348 3631//3351
f 3622//3342 3621//3456 3623//3343
f 3628//3348 3627//3347 3625//3345
f 3405//3127 3406//3392 3643//3363
f 3398//3388 3399//3121 3644//3364
f 3434//3154 3433//3153 3603//3323
f 3447//3167 3446//3166 3606//3326
f 3489//3417 3498//3218 3582//3302
f 3481//3415 3468//3188 3583//3448
f 3469//3409 3477//3413 3584//3304
f 3491//3419 3488//3208 3585//3305
f 3547//3267 3433//3153 3473//3411
f 3547//3267 3603//3323 3433//3153
f 3550//3270 3399//3121 3479//3199
f 3550//3270 3644//3364 3399//3121
f 3548//3268 3446//3166 3495//3423
f 3548//3268 3606//3326 3446//3166
f 3549//3435 3643//3363 3406//3392
f 3549//3435 3406//3392 3484//3204
f 3626//3458 3550//3270 3625//3345
f 3624//3457 3549//3435 3623//3343
f 3630//3350 3548//3268 3629//3459
f 3632//3352 3547//3267 3631//3351
f 3554//3436 3436//3400 3458//3178
f 3556//3437 3449//3402 3456//3176
f 3391//3113 3502//3222 3503//3223
f 3400//3122 3499//3425 3500//3220
f 3659//3467 3561//3441 3658//3378
f 3660//3380 3558//3438 3661//3381
f 3578//3298 3511//3231 3656//3376
f 3576//3296 3515//3235 3657//3377
f 3595//3315 3516//3236 3558//3438
f 3596//3316 3512//3232 3561//3441
f 3620//3340 3656//3376 3663//3383
f 3619//3455 3657//3377 3662//3468
f 3400//3122 3546//3434 3499//3425
f 3391//3113 3545//3433 3502//3222
f 3437//3157 3565//3285 3566//3286
f 3450//3170 3568//3288 3569//3289
f 3545//3433 3392//3114 3521//3241
f 3546//3434 3401//3389 3524//3244
f 3670//2839 3671//2840 3672//3470
f 3679//2848 3680//3473 3681//3474
f 3686//2855 3834//3002 3687//2856
f 3688//2857 3696//2865 3689//2858
f 3690//2859 3702//2871 3691//3475
f 3692//3476 3841//3009 3693//2862
f 3696//2865 3688//2857 3697//2866
f 3700//3477 3923//3091 3701//3478
f 3702//2871 3690//2859 3703//2872
f 3706//2875 3922//3090 3707//2876
f 3710//2878 3711//2879 3712//2880
f 3713//3480 3714//2882 3715//2883
f 3716//3481 3717//2885 3718//2886
f 3723//2891 3724//2892 3725//2893
f 3726//3483 3727//2895 3728//2896
f 3729//3484 3730//2898 3731//2899
f 3736//2904 3737//3485 3738//2906
f 3923//3091 3739//2907 3701//3478
f 3740//2908 3741//2909 3742//3486
f 3922//3090 3743//3487 3707//2876
f 3744//2912 3905//3073 3745//2913
f 3746//3488 3747//2915 3748//3489
f 3749//3490 3750//2918 3751//2919
f 3752//2920 3753//3491 3754//3492
f 3755//3493 3756//2924 3757//2925
f 3760//3494 3761//2929 3762//3495
f 3763//2931 3764//3496 3765//2933
f 3768//3497 3769//2937 3770//3498
f 3771//3499 3772//3500 3773//2941
f 3774//2942 3899//3067 3775//2943
f 3782//3501 3783//2951 3784//2952
f 3785//3502 3786//2954 3787//2955
f 3788//2956 3918//3086 3789//2957
f 3790//2958 3706//2875 3707//2876
f 3791//2959 3700//3477 3701//3478
f 3792//2960 3919//3087 3793//2961
f 3770//3498 3763//2931 3768//3497
f 3866//3034 3804//2972 3681//3474
f 3748//3489 3752//2920 3746//3488
f 3671//2840 3805//2973 3672//3470
f 3806//3507 3716//3481 3718//2886
f 3807//3508 3729//3484 3731//2899
f 3712//2880 3711//2879 3810//2978
f 3725//2893 3724//2892 3811//2979
f 3743//3487 3922//3090 3820//2988
f 3671//2840 3670//2839 3674//2843
f 3739//2907 3923//3091 3821//2989
f 3822//2990 3737//3485 3779//2947
f 3823//2991 3741//2909 3776//2944
f 3708//2877 3828//2996 3709//2867
f 3698//2867 3829//3513 3699//2868
f 3835//3516 3836//3004 3837//3517
f 3838//3006 3839//3007 3840//3518
f 3848//3016 3782//3501 3784//2952
f 3849//3519 3785//3502 3787//2955
f 3852//3521 3697//2866 3688//2857
f 3896//3064 3853//3021 3934//3102
f 3854//3522 3703//2872 3690//2859
f 3897//3065 3855//3023 3933//3101
f 3813//3510 3856//3523 3728//2896
f 3928//3543 3773//2941 3784//2952
f 3857//3025 3751//2919 3787//2955
f 3809//2977 3858//3524 3715//2883
f 3802//2970 3863//3031 3801//3506
f 3799//2967 3864//3032 3798//2966
f 3739//2907 3821//2989 3671//2840
f 3737//3485 3736//2904 3865//3033
f 3743//3487 3820//2988 3866//3034
f 3741//2909 3740//2908 3867//3035
f 3726//3483 3833//3515 3727//2895
f 3713//3480 3831//3514 3714//2882
f 3874//3042 3762//3495 3761//2929
f 3876//3528 3757//2925 3756//2924
f 3878//3046 3843//3011 3844//3012
f 3881//3049 3846//3014 3847//3015
f 3752//2920 3748//3489 3884//3532
f 3763//2931 3770//3498 3889//3534
f 3759//2927 3891//3059 3892//3060
f 3767//2935 3894//3537 3895//3063
f 3733//2901 3910//3078 3911//3079
f 3735//2903 3912//3080 3913//3081
f 3819//2987 3691//3475 3702//2871
f 3816//3512 3689//2858 3696//2865
f 3688//2857 3694//2863 3852//3521
f 3690//2859 3704//3479 3854//3522
f 3918//3086 3851//3520 3868//3526
f 3919//3087 3850//3018 3870//3038
f 3839//3007 3789//2957 3918//3086
f 3836//3004 3793//2961 3919//3087
f 3786//2954 3720//3482 3796//3504
f 3786//2954 3785//3502 3720//3482
f 3783//2951 3722//2890 3795//3503
f 3783//2951 3782//3501 3722//2890
f 3883//3051 3807//3508 3882//3531
f 3907//3075 3883//3051 3825//2993
f 3909//3541 3880//3048 3824//2992
f 3880//3048 3806//3507 3879//3530
f 3901//3069 3920//3088 3826//2994
f 3920//3088 3804//2972 3866//3034
f 3921//3089 3805//2973 3671//2840
f 3903//3538 3921//3089 3827//2995
f 3924//3092 3736//2904 3877//3529
f 3925//3093 3740//2908 3875//3527
f 3926//3094 3858//3524 3808//2976
f 3927//3095 3856//3523 3812//3509
f 3856//3523 3928//3543 3728//2896
f 3858//3524 3857//3025 3715//2883
f 3931//3099 3871//3039 3670//2839
f 3931//3099 3670//2839 3672//3470
f 3932//3100 3869//3037 3679//2848
f 3932//3100 3679//2848 3681//3474
f 3706//2875 3704//3479 3922//3090
f 3933//3101 3703//2872 3854//3522
f 3700//3477 3694//2863 3923//3091
f 3934//3102 3697//2866 3852//3521
f 3867//3035 3866//3034 3820//2988
f 3866//3034 3867//3035 3920//3088
f 3671//2840 3865//3033 3921//3089
f 3865//3033 3671//2840 3821//2989
f 3849//3519 3712//2880 3719//2887
f 3712//2880 3849//3519 3750//2918
f 3848//3016 3725//2893 3721//2889
f 3725//2893 3848//3016 3772//3500
f 3800//3505 3944//3112 3755//3493
f 3758//2926 3860//3525 3885//3053
f 3803//2971 3943//3545 3760//3494
f 3766//2934 3859//3027 3887//3055
f 3768//3497 3862//3030 3893//3536
f 3929//3097 3771//3499 3773//2941
f 3930//3098 3749//3490 3751//2919
f 3746//3488 3861//3029 3890//3535
f 3770//3498 3888//3056 3887//3055
f 3888//3056 3770//3498 3769//2937
f 3886//3533 3748//3489 3747//2915
f 3748//3489 3886//3533 3885//3053
f 3891//3059 3747//2915 3890//3535
f 3894//3537 3769//2937 3893//3536
f 3728//2896 3784//2952 3814//3511
f 3784//2952 3728//2896 3928//3543
f 3787//2955 3715//2883 3857//3025
f 3715//2883 3787//2955 3817//2985
f 3923//3091 3737//3485 3821//2989
f 3821//2989 3737//3485 3865//3033
f 3922//3090 3741//2909 3820//2988
f 3820//2988 3741//2909 3867//3035
f 3697//2866 3792//2960 3794//2962
f 3703//2872 3788//2956 3797//2965
f 3812//3509 3813//3510 3846//3014
f 3833//3515 3845//3013 3727//2895
f 3831//3514 3842//3010 3714//2882
f 3808//2976 3809//2977 3843//3011
f 3738//2906 3798//2966 3877//3529
f 3669//2838 3822//2990 3668//2837
f 3678//3472 3823//2991 3677//2846
f 3742//3486 3801//3506 3875//3527
f 3918//3086 3788//2956 3855//3023
f 3919//3087 3792//2960 3853//3021
f 3709//2867 3692//3476 3708//2877
f 3699//2868 3686//2855 3698//2867
f 3744//2912 3892//3060 3806//3507
f 3774//2942 3895//3063 3807//3508
f 3752//2920 3884//3532 3805//2973
f 3763//2931 3889//3534 3804//2972
f 3936//3104 3873//3041 3838//3006
f 3937//3544 3872//3040 3835//3516
f 3795//3503 3938//3106 3837//3517
f 3796//3504 3935//3103 3840//3518
f 3750//2918 3710//2878 3712//2880
f 3772//3500 3723//2891 3725//2893
f 3939//3107 3700//3477 3791//2959
f 3852//3521 3700//3477 3939//3107
f 3940//3108 3706//2875 3790//2958
f 3854//3522 3706//2875 3940//3108
f 3915//3083 3816//3512 3832//3000
f 3914//3082 3819//2987 3830//2998
f 3815//2983 3833//3515 3832//3000
f 3845//3013 3833//3515 3815//2983
f 3818//2986 3831//3514 3830//2998
f 3842//3010 3831//3514 3818//2986
f 3717//2885 3716//3481 3857//3025
f 3858//3524 3926//3094 3717//2885
f 3856//3523 3927//3095 3730//2898
f 3730//2898 3729//3484 3928//3543
f 3736//2904 3924//3092 3876//3528
f 3676//3471 3675//2844 3876//3528
f 3740//2908 3925//3093 3874//3042
f 3683//2852 3682//2851 3874//3042
f 3828//2996 3941//3109 3690//2859
f 3690//2859 3691//3475 3828//2996
f 3688//2857 3689//2858 3829//3513
f 3829//3513 3942//3110 3688//2857
f 3927//3095 3881//3049 3724//2892
f 3926//3094 3878//3046 3711//2879
f 3924//3092 3864//3032 3931//3099
f 3925//3093 3863//3031 3932//3100
f 3695//2864 3694//2863 3780//2948
f 3705//2874 3704//3479 3777//2945
f 3938//3106 3795//3503 3937//3544
f 3732//2900 3795//3503 3722//2890
f 3734//2902 3796//3504 3720//3482
f 3935//3103 3796//3504 3936//3104
f 3874//3042 3925//3093 3762//3495
f 3762//3495 3925//3093 3932//3100
f 3757//2925 3924//3092 3931//3099
f 3876//3528 3924//3092 3757//2925
f 3718//2886 3926//3094 3711//2879
f 3717//2885 3926//3094 3718//2886
f 3731//2899 3927//3095 3724//2892
f 3730//2898 3927//3095 3731//2899
f 3930//3098 3716//3481 3890//3535
f 3929//3097 3729//3484 3893//3536
f 3943//3545 3681//3474 3887//3055
f 3944//3112 3672//3470 3885//3053
f 3839//3007 3913//3081 3840//3518
f 3836//3004 3911//3079 3837//3517
f 3707//2876 3684//2853 3851//3520
f 3707//2876 3685//2854 3684//2853
f 3701//3478 3674//2843 3673//2842
f 3701//3478 3673//2842 3850//3018
f 3728//2896 3727//2895 3813//3510
f 3715//2883 3714//2882 3809//2977
f 3737//3485 3822//2990 3738//2906
f 3741//2909 3823//2991 3742//3486
f 3884//3532 3672//3470 3805//2973
f 3889//3534 3681//3474 3804//2972
f 3895//3063 3729//3484 3807//3508
f 3892//3060 3716//3481 3806//3507
f 3894//3537 3888//3056 3769//2937
f 3891//3059 3886//3533 3747//2915
f 3772//3500 3848//3016 3773//2941
f 3773//2941 3848//3016 3784//2952
f 3750//2918 3849//3519 3751//2919
f 3751//2919 3849//3519 3787//2955
f 3743//3487 3866//3034 3680//3473
f 3680//3473 3866//3034 3681//3474
f 3753//3491 3904//3072 3908//3540
f 3764//3496 3898//3066 3906//3539
f 3702//2871 3734//2902 3819//2987
f 3696//2865 3732//2900 3816//3512
f 3855//3023 3851//3520 3918//3086
f 3853//3021 3850//3018 3919//3087
f 3775//2943 3766//2934 3767//2935
f 3745//2913 3758//2926 3759//2927
f 3763//2931 3765//2933 3768//3497
f 3752//2920 3754//3492 3746//3488
f 3759//2927 3744//2912 3745//2913
f 3892//3060 3744//2912 3759//2927
f 3767//2935 3774//2942 3775//2943
f 3895//3063 3774//2942 3767//2935
f 3897//3065 3790//2958 3851//3520
f 3851//3520 3790//2958 3707//2876
f 3850//3018 3791//2959 3701//3478
f 3896//3064 3791//2959 3850//3018
f 3938//3106 3835//3516 3837//3517
f 3935//3103 3838//3006 3840//3518
f 3939//3107 3934//3102 3852//3521
f 3791//2959 3896//3064 3939//3107
f 3790//2958 3897//3065 3940//3108
f 3940//3108 3933//3101 3854//3522
f 3711//2879 3879//3530 3718//2886
f 3932//3100 3803//2971 3762//3495
f 3724//2892 3882//3531 3731//2899
f 3931//3099 3800//3505 3757//2925
f 3719//2887 3810//2978 3818//2986
f 3712//2880 3810//2978 3719//2887
f 3721//2889 3811//2979 3815//2983
f 3725//2893 3811//2979 3721//2889
f 3871//3039 3673//2842 3674//2843
f 3871//3039 3674//2843 3670//2839
f 3869//3037 3685//2854 3679//2848
f 3869//3037 3684//2853 3685//2854
f 3916//3542 3870//3038 3781//2949
f 3917//3085 3868//3526 3778//2946
f 3692//3476 3709//2867 3914//3082
f 3686//2855 3699//2868 3915//3083
f 3828//2996 3708//2877 3917//3085
f 3829//3513 3698//2867 3916//3542
f 3796//3504 3913//3081 3817//2985
f 3840//3518 3913//3081 3796//3504
f 3837//3517 3911//3079 3795//3503
f 3795//3503 3911//3079 3814//3511
f 3943//3545 3859//3027 3760//3494
f 3760//3494 3859//3027 3761//2929
f 3944//3112 3860//3525 3755//3493
f 3755//3493 3860//3525 3756//2924
f 3930//3098 3861//3029 3749//3490
f 3749//3490 3861//3029 3750//2918
f 3929//3097 3862//3030 3771//3499
f 3771//3499 3862//3030 3772//3500
f 3943//3545 3932//3100 3681//3474
f 3944//3112 3931//3099 3672//3470
f 3857//3025 3716//3481 3930//3098
f 3928//3543 3729//3484 3929//3097
f 3733//2901 3832//3000 3833//3515
f 3832//3000 3733//2901 3915//3083
f 3830//2998 3735//2903 3914//3082
f 3735//2903 3830//2998 3831//3514
f 3778//2946 3777//2945 3917//3085
f 3777//2945 3778//2946 3677//2846
f 3781//2949 3780//2948 3916//3542
f 3780//2948 3781//2949 3668//2837
f 3682//2851 3867//3035 3740//2908
f 3675//2844 3865//3033 3736//2904
f 3762//3495 3803//2971 3760//3494
f 3757//2925 3800//3505 3755//3493
f 3731//2899 3882//3531 3807//3508
f 3718//2886 3879//3530 3806//3507
f 3901//3069 3900//3068 3898//3066
f 3901//3069 3898//3066 3764//3496
f 3903//3538 3902//3070 3904//3072
f 3903//3538 3904//3072 3753//3491
f 3907//3075 3906//3539 3899//3067
f 3909//3541 3908//3540 3905//3073
f 3789//2957 3797//2965 3788//2956
f 3873//3041 3797//2965 3789//2957
f 3872//3040 3794//2962 3793//2961
f 3793//2961 3794//2962 3792//2960
f 3890//3535 3716//3481 3892//3060
f 3890//3535 3892//3060 3891//3059
f 3893//3536 3895//3063 3894//3537
f 3893//3536 3729//3484 3895//3063
f 3885//3053 3884//3532 3748//3489
f 3885//3053 3672//3470 3884//3532
f 3887//3055 3889//3534 3770//3498
f 3887//3055 3681//3474 3889//3534
f 3787//2955 3786//2954 3817//2985
f 3817//2985 3786//2954 3796//3504
f 3784//2952 3783//2951 3814//3511
f 3814//3511 3783//2951 3795//3503
f 3824//2992 3754//3492 3908//3540
f 3825//2993 3765//2933 3906//3539
f 3826//2994 3775//2943 3900//3068
f 3827//2995 3745//2913 3902//3070
f 3926//3094 3808//2976 3878//3046
f 3808//2976 3843//3011 3878//3046
f 3927//3095 3812//3509 3881//3049
f 3812//3509 3846//3014 3881//3049
f 3925//3093 3875//3527 3863//3031
f 3875//3527 3801//3506 3863//3031
f 3924//3092 3877//3529 3864//3032
f 3877//3529 3798//2966 3864//3032
f 3700//3477 3852//3521 3694//2863
f 3706//2875 3854//3522 3704//3479
f 3713//3480 3912//3080 3735//2903
f 3713//3480 3715//2883 3912//3080
f 3726//3483 3910//3078 3733//2901
f 3726//3483 3728//2896 3910//3078
f 3918//3086 3841//3009 3839//3007
f 3919//3087 3834//3002 3836//3004
f 3687//2856 3834//3002 3919//3087
f 3870//3038 3687//2856 3919//3087
f 3868//3526 3693//2862 3918//3086
f 3693//2862 3841//3009 3918//3086
f 3874//3042 3682//2851 3740//2908
f 3876//3528 3675//2844 3736//2904
f 3717//2885 3857//3025 3858//3524
f 3730//2898 3928//3543 3856//3523
f 3929//3097 3893//3536 3862//3030
f 3930//3098 3890//3535 3861//3029
f 3944//3112 3885//3053 3860//3525
f 3943//3545 3887//3055 3859//3027
f 3845//3013 3847//3015 3846//3014
f 3846//3014 3813//3510 3727//2895
f 3842//3010 3844//3012 3843//3011
f 3843//3011 3809//2977 3714//2882
f 3801//3506 3742//3486 3823//2991
f 3678//3472 3802//2970 3801//3506
f 3669//2838 3799//2967 3798//2966
f 3798//2966 3738//2906 3822//2990
f 3805//2973 3903//3538 3753//3491
f 3805//2973 3921//3089 3903//3538
f 3804//2972 3901//3069 3764//3496
f 3804//2972 3920//3088 3901//3069
f 3807//3508 3907//3075 3774//2942
f 3807//3508 3883//3051 3907//3075
f 3806//3507 3909//3541 3744//2912
f 3806//3507 3880//3048 3909//3541
f 3719//2887 3785//3502 3849//3519
f 3785//3502 3719//2887 3720//3482
f 3721//2889 3782//3501 3848//3016
f 3782//3501 3721//2889 3722//2890
f 3685//2854 3707//2876 3743//3487
f 3685//2854 3743//3487 3680//3473
f 3674//2843 3739//2907 3671//2840
f 3674//2843 3701//3478 3739//2907
f 3827//2995 3756//2924 3745//2913
f 3826//2994 3761//2929 3775//2943
f 3824//2992 3750//2918 3754//3492
f 3825//2993 3772//3500 3765//2933
f 3752//2920 3805//2973 3753//3491
f 3763//2931 3804//2972 3764//3496
f 3684//2853 3868//3526 3851//3520
f 3673//2842 3870//3038 3850//3018
f 3734//2902 3818//2986 3819//2987
f 3732//2900 3815//2983 3816//3512
f 3859//3027 3775//2943 3761//2929
f 3860//3525 3745//2913 3756//2924
f 3861//3029 3754//3492 3750//2918
f 3862//3030 3765//2933 3772//3500
f 3838//3006 3789//2957 3839//3007
f 3835//3516 3793//2961 3836//3004
f 3933//3101 3788//2956 3703//2872
f 3934//3102 3792//2960 3697//2866
f 3690//2859 3941//3109 3704//3479
f 3704//3479 3941//3109 3777//2945
f 3911//3079 3834//3002 3733//2901
f 3836//3004 3834//3002 3911//3079
f 3694//2863 3942//3110 3780//2948
f 3688//2857 3942//3110 3694//2863
f 3839//3007 3841//3009 3913//3081
f 3913//3081 3841//3009 3735//2903
f 3680//3473 3679//2848 3685//2854
f 3751//2919 3857//3025 3930//3098
f 3773//2941 3928//3543 3929//3097
f 3865//3033 3675//2844 3921//3089
f 3867//3035 3682//2851 3920//3088
f 3692//3476 3693//2862 3708//2877
f 3686//2855 3687//2856 3698//2867
f 3689//2858 3699//2868 3829//3513
f 3691//3475 3709//2867 3828//2996
f 3936//3104 3796//3504 3734//2902
f 3937//3544 3795//3503 3732//2900
f 3778//2946 3868//3526 3677//2846
f 3781//2949 3870//3038 3668//2837
f 3830//2998 3819//2987 3818//2986
f 3832//3000 3816//3512 3815//2983
f 3871//3039 3931//3099 3864//3032
f 3724//2892 3881//3049 3811//2979
f 3711//2879 3878//3046 3810//2978
f 3869//3037 3932//3100 3863//3031
f 3734//2902 3702//2871 3936//3104
f 3702//2871 3873//3041 3936//3104
f 3696//2865 3872//3040 3937//3544
f 3732//2900 3696//2865 3937//3544
f 3851//3520 3855//3023 3897//3065
f 3850//3018 3853//3021 3896//3064
f 3917//3085 3693//2862 3868//3526
f 3917//3085 3708//2877 3693//2862
f 3916//3542 3687//2856 3870//3038
f 3916//3542 3698//2867 3687//2856
f 3915//3083 3689//2858 3816//3512
f 3915//3083 3699//2868 3689//2858
f 3914//3082 3691//3475 3819//2987
f 3914//3082 3709//2867 3691//3475
f 3870//3038 3673//2842 3668//2837
f 3668//2837 3673//2842 3871//3039
f 3677//2846 3684//2853 3869//3037
f 3868//3526 3684//2853 3677//2846
f 3696//2865 3794//2962 3872//3040
f 3794//2962 3696//2865 3697//2866
f 3702//2871 3797//2965 3873//3041
f 3797//2965 3702//2871 3703//2872
f 3799//2967 3871//3039 3864//3032
f 3802//2970 3869//3037 3863//3031
f 3844//3012 3810//2978 3878//3046
f 3847//3015 3811//2979 3881//3049
f 3808//2976 3858//3524 3809//2977
f 3812//3509 3856//3523 3813//3510
f 3740//2908 3742//3486 3875//3527
f 3736//2904 3738//2906 3877//3529
f 3711//2879 3880//3048 3879//3530
f 3803//2971 3932//3100 3943//3545
f 3724//2892 3883//3051 3882//3531
f 3800//3505 3931//3099 3944//3112
f 3893//3536 3769//2937 3768//3497
f 3890//3535 3747//2915 3746//3488
f 3887//3055 3888//3056 3766//2934
f 3885//3053 3886//3533 3758//2926
f 3905//3073 3744//2912 3909//3541
f 3899//3067 3774//2942 3907//3075
f 3737//3485 3695//2864 3779//2947
f 3695//2864 3780//2948 3779//2947
f 3705//2874 3777//2945 3776//2944
f 3741//2909 3705//2874 3776//2944
f 3756//2924 3676//3471 3876//3528
f 3761//2929 3683//2852 3874//3042
f 3834//3002 3915//3083 3733//2901
f 3834//3002 3686//2855 3915//3083
f 3841//3009 3692//3476 3914//3082
f 3841//3009 3914//3082 3735//2903
f 3941//3109 3828//2996 3917//3085
f 3941//3109 3917//3085 3777//2945
f 3942//3110 3829//3513 3916//3542
f 3942//3110 3916//3542 3780//2948
f 3677//2846 3869//3037 3678//3472
f 3802//2970 3678//3472 3869//3037
f 3818//2986 3810//2978 3842//3010
f 3844//3012 3842//3010 3810//2978
f 3668//2837 3871//3039 3669//2838
f 3799//2967 3669//2838 3871//3039
f 3847//3015 3845//3013 3811//2979
f 3815//2983 3811//2979 3845//3013
f 3758//2926 3891//3059 3759//2927
f 3766//2934 3894//3537 3767//2935
f 3758//2926 3886//3533 3891//3059
f 3766//2934 3888//3056 3894//3537
f 3900//3068 3775//2943 3899//3067
f 3902//3070 3745//2913 3905//3073
f 3906//3539 3765//2933 3764//3496
f 3908//3540 3754//3492 3753//3491
f 3720//3482 3818//2986 3734//2902
f 3719//2887 3818//2986 3720//3482
f 3722//2890 3815//2983 3732//2900
f 3721//2889 3815//2983 3722//2890
f 3910//3078 3728//2896 3814//3511
f 3910//3078 3814//3511 3911//3079
f 3923//3091 3695//2864 3737//3485
f 3694//2863 3695//2864 3923//3091
f 3912//3080 3715//2883 3817//2985
f 3912//3080 3817//2985 3913//3081
f 3922//3090 3705//2874 3741//2909
f 3704//3479 3705//2874 3922//3090
f 3898//3066 3899//3067 3906//3539
f 3904//3072 3905//3073 3908//3540
f 3899//3067 3898//3066 3900//3068
f 3905//3073 3904//3072 3902//3070
f 3682//2851 3683//2852 3920//3088
f 3675//2844 3676//3471 3921//3089
f 3711//2879 3710//2878 3880//3048
f 3724//2892 3723//2891 3883//3051
f 3766//2934 3775//2943 3859//3027
f 3758//2926 3745//2913 3860//3525
f 3746//3488 3754//3492 3861//3029
f 3768//3497 3765//2933 3862//3030
f 3824//2992 3710//2878 3750//2918
f 3824//2992 3880//3048 3710//2878
f 3827//2995 3676//3471 3756//2924
f 3827//2995 3921//3089 3676//3471
f 3825//2993 3723//2891 3772//3500
f 3825//2993 3883//3051 3723//2891
f 3826//2994 3920//3088 3683//2852
f 3826//2994 3683//2852 3761//2929
f 3903//3538 3827//2995 3902//3070
f 3901//3069 3826//2994 3900//3068
f 3907//3075 3825//2993 3906//3539
f 3909//3541 3824//2992 3908//3540
f 3831//3514 3713//3480 3735//2903
f 3833//3515 3726//3483 3733//2901
f 3668//2837 3779//2947 3780//2948
f 3677//2846 3776//2944 3777//2945
f 3936//3104 3838//3006 3935//3103
f 3937//3544 3835//3516 3938//3106
f 3855//3023 3788//2956 3933//3101
f 3853//3021 3792//2960 3934//3102
f 3872//3040 3793//2961 3835//3516
f 3873//3041 3789//2957 3838//3006
f 3897//3065 3933//3101 3940//3108
f 3896//3064 3934//3102 3939//3107
f 3677//2846 3823//2991 3776//2944
f 3668//2837 3822//2990 3779//2947
f 3714//2882 3842//3010 3843//3011
f 3727//2895 3845//3013 3846//3014
f 3822//2990 3669//2838 3798//2966
f 3823//2991 3678//3472 3801//3506
o SEAT-LEG
v -1.237161 0.035455 -0.606013
v -1.236784 0.004836 -0.612032
v -1.182913 0.000475 -0.614371
v -1.231008 0.000473 -0.615130
v -1.222390 0.000475 -0.627445
v -1.202924 0.035455 -0.637215
v -1.232634 0.004350 -0.623016
v -1.231507 0.035455 -0.625142
v -1.228994 0.004757 -0.627875
v -1.208416 0.035455 -0.577185
v -1.223198 0.004325 -0.582095
v -1.217759 0.004757 -0.579288
v -1.222727 0.035455 -0.581647
v -1.177150 0.035455 -0.608878
v -1.181148 0.004779 -0.622287
v -1.181460 0.035455 -0.591746
v -1.182500 0.004837 -0.590126
v -1.199514 0.000622 -0.582326
v -1.217200 0.035455 -0.579035
v -1.194358 0.000498 -0.629378
v -1.203517 0.004533 -0.637126
v -1.231897 0.000568 -0.600448
v -1.233953 0.004816 -0.593756
v -1.235893 0.035455 -0.598442
v -1.196782 0.035455 -0.578993
v -1.193233 0.004376 -0.580761
v -1.183987 0.035455 -0.626553
v -1.225087 0.035455 -0.631419
v -1.180128 0.001857 -0.598725
v -1.177266 0.004361 -0.605526
v -1.177423 0.004850 -0.611362
v -1.228947 0.001015 -0.623216
v -1.237099 0.004721 -0.606250
v -1.206758 0.000930 -0.580580
v -1.211890 0.003900 -0.577887
v -1.206211 0.004778 -0.577360
v -1.218868 0.035455 -0.635054
v -1.218067 0.004892 -0.635361
v -1.211899 0.001508 -0.634726
v -1.188681 0.001250 -0.627615
v -1.184794 0.001224 -0.623161
v -1.196536 0.004779 -0.635386
v -1.191810 0.035455 -0.633325
v -1.232871 0.035455 -0.591839
v -1.232036 0.001608 -0.594603
v -1.234145 0.003094 -0.595696
v -1.234235 0.001619 -0.600562
v -1.235443 0.001835 -0.607764
v -1.236324 0.003207 -0.603528
v -1.220959 0.003225 -0.633404
v -1.216517 0.001211 -0.633076
v -1.231062 0.002590 -0.623894
v -1.226785 0.002758 -0.628946
v -1.187300 0.001636 -0.587539
v -1.183003 0.002709 -0.590918
v -1.193143 0.001902 -0.582634
v -1.197352 0.002878 -0.579758
v -1.178043 0.002585 -0.607736
v -1.201515 0.000973 -0.633510
v -1.207613 0.000724 -0.633665
v -1.194488 0.003241 -0.633928
v -1.189585 0.003247 -0.630981
v -1.208166 0.002669 -0.578247
v -1.218534 0.003165 -0.580155
v -1.225245 0.002286 -0.584970
v -1.211659 0.035455 -0.637028
v -1.210999 0.004770 -0.637074
v -1.236342 0.035455 -0.614846
v -1.235118 0.004251 -0.617914
v -1.234684 0.002256 -0.615602
v -1.180748 0.002824 -0.619907
v -1.184421 0.000658 -0.594337
v -1.178262 0.003967 -0.599809
v -1.177820 0.035455 -0.600212
v -1.233270 0.000927 -0.613364
v -1.227080 0.004172 -0.585076
v -1.228532 0.035455 -0.586193
v -1.229730 0.004770 -0.587608
v -1.189923 0.004776 -0.631959
v -1.200043 0.002808 -0.635689
v -1.214229 0.000568 -0.582712
v -1.216531 0.001517 -0.581080
v -1.200381 0.004778 -0.578118
v -1.184565 0.004779 -0.627072
v -1.184259 0.003139 -0.625886
v -1.205101 0.002222 -0.635903
v -1.208541 0.003237 -0.636749
v -1.187043 0.035455 -0.584867
v -1.187533 0.003903 -0.584855
v -1.180990 0.000772 -0.604312
v -1.181049 0.000946 -0.613914
v -1.222608 0.000632 -0.586360
v -1.228546 0.001190 -0.590343
v -1.230867 0.003257 -0.589869
v -1.194007 0.001533 -0.631929
v -1.203066 0.002778 -0.578409
v -1.178803 0.035455 -0.617698
v -1.178730 0.004779 -0.616928
v -1.178742 0.002829 -0.614300
v -1.224575 0.004778 -0.631739
v -1.236258 0.004314 -0.600424
v -1.188647 0.000813 -0.588328
v -1.214275 0.003240 -0.635906
v -1.221813 0.001199 -0.630420
v -1.236527 0.003349 -0.610471
v -1.180086 0.004159 -0.594713
v -1.237161 0.035455 -1.206013
v -1.236784 0.004836 -1.212033
v -1.182913 0.000475 -1.214371
v -1.231008 0.000473 -1.215130
v -1.222390 0.000475 -1.227445
v -1.197175 0.035455 -1.235817
v -1.199358 0.004250 -1.236211
v -1.232634 0.004350 -1.223016
v -1.231507 0.035455 -1.225142
v -1.228994 0.004756 -1.227875
v -1.205455 0.035455 -1.177206
v -1.208877 0.035455 -1.237464
v -1.223199 0.004325 -1.182095
v -1.217759 0.004757 -1.179288
v -1.222727 0.035455 -1.181646
v -1.177150 0.035455 -1.208878
v -1.181509 0.003923 -1.222606
v -1.181460 0.035455 -1.191746
v -1.182500 0.004837 -1.190126
v -1.199514 0.000622 -1.182326
v -1.215722 0.035455 -1.178491
v -1.194358 0.000498 -1.229378
v -1.204717 0.004372 -1.237167
v -1.231897 0.000568 -1.200448
v -1.233953 0.004816 -1.193755
v -1.235893 0.035455 -1.198442
v -1.194054 0.035455 -1.180145
v -1.192190 0.004778 -1.181340
v -1.183987 0.035455 -1.226553
v -1.225087 0.035455 -1.231420
v -1.180128 0.001857 -1.198725
v -1.177266 0.004361 -1.205526
v -1.177525 0.004065 -1.211149
v -1.197548 0.004778 -1.178922
v -1.228947 0.001015 -1.223216
v -1.237099 0.004721 -1.206250
v -1.206757 0.000930 -1.180580
v -1.211891 0.003900 -1.177887
v -1.204433 0.004401 -1.177459
v -1.218868 0.035455 -1.235054
v -1.218067 0.004892 -1.235361
v -1.211899 0.001508 -1.234725
v -1.188681 0.001250 -1.227615
v -1.184794 0.001224 -1.223161
v -1.193972 0.003877 -1.234095
v -1.232871 0.035455 -1.191839
v -1.232036 0.001608 -1.194603
v -1.234145 0.003094 -1.195696
v -1.234235 0.001619 -1.200562
v -1.235443 0.001835 -1.207764
v -1.236324 0.003206 -1.203528
v -1.220959 0.003224 -1.233404
v -1.216517 0.001211 -1.233077
v -1.231063 0.002590 -1.223894
v -1.226785 0.002758 -1.228946
v -1.187300 0.001636 -1.187539
v -1.183003 0.002709 -1.190917
v -1.194336 0.001564 -1.182566
v -1.191900 0.002878 -1.182355
v -1.197352 0.002878 -1.179758
v -1.178529 0.002140 -1.206874
v -1.201515 0.000972 -1.233510
v -1.207612 0.000724 -1.233665
v -1.208166 0.002669 -1.178247
v -1.218534 0.003165 -1.180155
v -1.225245 0.002286 -1.184969
v -1.210999 0.004770 -1.237074
v -1.236342 0.035455 -1.214846
v -1.235118 0.004250 -1.217914
v -1.234684 0.002256 -1.215602
v -1.181157 0.002325 -1.219637
v -1.184421 0.000658 -1.194337
v -1.178262 0.003967 -1.199809
v -1.177820 0.035455 -1.200212
v -1.233270 0.000927 -1.213364
v -1.227080 0.004172 -1.185076
v -1.228532 0.035455 -1.186193
v -1.229730 0.004770 -1.187608
v -1.189305 0.035455 -1.231496
v -1.189076 0.003886 -1.231068
v -1.214228 0.000568 -1.182713
v -1.216531 0.001516 -1.181080
v -1.184808 0.003888 -1.227101
v -1.202154 0.002193 -1.235616
v -1.208542 0.003237 -1.236749
v -1.186003 0.035455 -1.185947
v -1.187533 0.003903 -1.184855
v -1.180990 0.000772 -1.204312
v -1.181049 0.000946 -1.213914
v -1.222608 0.000632 -1.186360
v -1.228546 0.001189 -1.190343
v -1.230867 0.003256 -1.189869
v -1.194007 0.001533 -1.231929
v -1.203085 0.002274 -1.178924
v -1.178803 0.035455 -1.217698
v -1.178846 0.004310 -1.217055
v -1.179235 0.002304 -1.214164
v -1.224575 0.004778 -1.231739
v -1.236258 0.004314 -1.200424
v -1.188647 0.000813 -1.188328
v -1.214275 0.003240 -1.235906
v -1.221813 0.001199 -1.230420
v -1.236527 0.003349 -1.210471
v -1.180086 0.004159 -1.194713
v -0.637130 0.035455 -0.604553
v -0.636784 0.004836 -0.612033
v -0.582913 0.000475 -0.614370
v -0.631008 0.000473 -0.615130
v -0.622390 0.000475 -0.627445
v -0.602923 0.035455 -0.637215
v -0.599358 0.004251 -0.636211
v -0.632634 0.004350 -0.623016
v -0.630511 0.035455 -0.626297
v -0.628994 0.004757 -0.627875
v -0.605607 0.035455 -0.577341
v -0.623199 0.004325 -0.582095
v -0.617759 0.004757 -0.579288
v -0.621485 0.035455 -0.580855
v -0.577151 0.035455 -0.608880
v -0.581148 0.004779 -0.622288
v -0.579967 0.035455 -0.594552
v -0.583788 0.035455 -0.588355
v -0.582500 0.004837 -0.590126
v -0.599514 0.000622 -0.582326
v -0.594358 0.000498 -0.629378
v -0.604717 0.004372 -0.637167
v -0.631897 0.000568 -0.600449
v -0.633953 0.004816 -0.593756
v -0.634334 0.035455 -0.594244
v -0.596781 0.035455 -0.578993
v -0.593233 0.004376 -0.580761
v -0.583987 0.035455 -0.626552
v -0.625087 0.035455 -0.631419
v -0.580128 0.001857 -0.598725
v -0.577266 0.004361 -0.605525
v -0.577423 0.004850 -0.611362
v -0.628948 0.001015 -0.623216
v -0.637098 0.004722 -0.606250
v -0.606758 0.000930 -0.580580
v -0.611890 0.003900 -0.577887
v -0.606211 0.004778 -0.577360
v -0.618868 0.035455 -0.635054
v -0.618067 0.004892 -0.635361
v -0.611899 0.001508 -0.634726
v -0.588681 0.001250 -0.627615
v -0.584794 0.001224 -0.623161
v -0.593972 0.003877 -0.634095
v -0.591810 0.035455 -0.633325
v -0.632036 0.001608 -0.594603
v -0.634145 0.003094 -0.595696
v -0.634235 0.001619 -0.600561
v -0.635444 0.001835 -0.607764
v -0.636324 0.003206 -0.603527
v -0.577597 0.035455 -0.601631
v -0.620959 0.003225 -0.633404
v -0.616517 0.001211 -0.633076
v -0.631062 0.002590 -0.623894
v -0.626785 0.002758 -0.628947
v -0.587300 0.001636 -0.587540
v -0.583003 0.002709 -0.590917
v -0.593143 0.001902 -0.582634
v -0.597352 0.002878 -0.579758
v -0.578043 0.002585 -0.607736
v -0.601515 0.000973 -0.633510
v -0.607613 0.000724 -0.633665
v -0.608166 0.002669 -0.578247
v -0.618534 0.003166 -0.580155
v -0.625245 0.002286 -0.584969
v -0.611659 0.035455 -0.637028
v -0.610999 0.004770 -0.637074
v -0.634322 0.035455 -0.620117
v -0.635118 0.004250 -0.617914
v -0.634684 0.002256 -0.615602
v -0.580748 0.002824 -0.619907
v -0.584421 0.000658 -0.594337
v -0.578261 0.003967 -0.599809
v -0.633271 0.000927 -0.613364
v -0.627080 0.004172 -0.585076
v -0.628532 0.035455 -0.586193
v -0.629731 0.004771 -0.587608
v -0.589076 0.003886 -0.631067
v -0.614229 0.000568 -0.582712
v -0.616531 0.001516 -0.581080
v -0.600381 0.004778 -0.578118
v -0.584565 0.004779 -0.627072
v -0.584260 0.003139 -0.625887
v -0.602154 0.002193 -0.635616
v -0.608541 0.003237 -0.636749
v -0.589201 0.035455 -0.583251
v -0.587534 0.003903 -0.584855
v -0.580990 0.000772 -0.604312
v -0.581049 0.000946 -0.613914
v -0.622608 0.000632 -0.586360
v -0.628546 0.001189 -0.590343
v -0.630867 0.003256 -0.589870
v -0.594007 0.001533 -0.631929
v -0.603066 0.002778 -0.578409
v -0.578803 0.035455 -0.617697
v -0.578730 0.004779 -0.616928
v -0.578742 0.002829 -0.614301
v -0.624574 0.004778 -0.631739
v -0.636258 0.004314 -0.600424
v -0.588647 0.000813 -0.588328
v -0.612854 0.035455 -0.577789
v -0.614274 0.003240 -0.635906
v -0.621812 0.001199 -0.630420
v -0.636527 0.003349 -0.610471
v -0.636604 0.035455 -0.613377
v -0.580086 0.004159 -0.594713
v -0.637130 0.035455 -1.204553
v -0.636784 0.004836 -1.212033
v -0.582913 0.000475 -1.214370
v -0.631008 0.000473 -1.215130
v -0.622390 0.000475 -1.227445
v -0.602923 0.035455 -1.237215
v -0.599358 0.004250 -1.236211
v -0.632634 0.004350 -1.223016
v -0.628993 0.004756 -1.227876
v -0.605455 0.035455 -1.177206
v -0.623199 0.004325 -1.182095
v -0.617760 0.004757 -1.179288
v -0.621484 0.035455 -1.180855
v -0.577151 0.035455 -1.208880
v -0.581148 0.004778 -1.222288
v -0.581460 0.035455 -1.191746
v -0.582500 0.004837 -1.190126
v -0.599514 0.000622 -1.182326
v -0.594358 0.000498 -1.229378
v -0.604717 0.004372 -1.237167
v -0.631897 0.000568 -1.200449
v -0.633953 0.004816 -1.193755
v -0.634334 0.035455 -1.194244
v -0.594054 0.035455 -1.180145
v -0.592190 0.004778 -1.181340
v -0.583987 0.035455 -1.226552
v -0.627360 0.035455 -1.229546
v -0.580128 0.001857 -1.198725
v -0.577266 0.004361 -1.205525
v -0.577423 0.004850 -1.211362
v -0.597548 0.004778 -1.178922
v -0.628947 0.001015 -1.223216
v -0.637098 0.004722 -1.206250
v -0.606757 0.000930 -1.180580
v -0.611891 0.003900 -1.177887
v -0.604433 0.004401 -1.177459
v -0.622347 0.035455 -1.233255
v -0.618067 0.004892 -1.235361
v -0.611899 0.001508 -1.234725
v -0.588681 0.001250 -1.227615
v -0.584794 0.001224 -1.223161
v -0.593972 0.003877 -1.234095
v -0.591810 0.035455 -1.233325
v -0.632036 0.001608 -1.194603
v -0.634145 0.003094 -1.195696
v -0.634235 0.001619 -1.200561
v -0.635444 0.001835 -1.207764
v -0.636324 0.003206 -1.203527
v -0.620959 0.003225 -1.233404
v -0.616517 0.001211 -1.233077
v -0.631062 0.002590 -1.223894
v -0.626785 0.002758 -1.228946
v -0.587300 0.001636 -1.187540
v -0.583003 0.002709 -1.190917
v -0.594336 0.001564 -1.182566
v -0.591900 0.002878 -1.182355
v -0.597352 0.002878 -1.179758
v -0.578043 0.002585 -1.207735
v -0.601515 0.000972 -1.233510
v -0.607612 0.000724 -1.233665
v -0.608166 0.002669 -1.178247
v -0.618534 0.003166 -1.180155
v -0.625245 0.002286 -1.184969
v -0.614030 0.035455 -1.236678
v -0.610999 0.004770 -1.237074
v -0.633135 0.035455 -1.222669
v -0.635118 0.004250 -1.217914
v -0.634684 0.002256 -1.215602
v -0.580748 0.002824 -1.219907
v -0.584421 0.000658 -1.194337
v -0.578261 0.003967 -1.199809
v -0.577820 0.035455 -1.200212
v -0.633271 0.000927 -1.213364
v -0.627080 0.004172 -1.185076
v -0.628532 0.035455 -1.186193
v -0.629731 0.004770 -1.187608
v -0.589076 0.003886 -1.231068
v -0.614228 0.000568 -1.182713
v -0.616531 0.001516 -1.181080
v -0.584565 0.004779 -1.227073
v -0.584260 0.003139 -1.225887
v -0.602154 0.002193 -1.235616
v -0.608542 0.003237 -1.236749
v -0.586003 0.035455 -1.185947
v -0.587534 0.003903 -1.184855
v -0.580990 0.000772 -1.204312
v -0.581049 0.000946 -1.213914
v -0.622608 0.000632 -1.186360
v -0.628546 0.001189 -1.190343
v -0.630867 0.003256 -1.189869
v -0.594007 0.001533 -1.231929
v -0.603085 0.002274 -1.178924
v -0.578803 0.035455 -1.217697
v -0.578730 0.004779 -1.216928
v -0.578742 0.002829 -1.214301
v -0.624575 0.004778 -1.231739
v -0.636258 0.004314 -1.200424
v -0.588647 0.000813 -1.188328
v -0.614380 0.035455 -1.178186
v -0.614275 0.003240 -1.235906
v -0.621813 0.001199 -1.230420
v -0.636527 0.003349 -1.210471
v -0.636604 0.035455 -1.213377
v -0.580086 0.004159 -1.194713
v 0.326798 0.035455 -0.570675
v 0.326420 0.004836 -0.564655
v 0.272550 0.000475 -0.562318
v 0.320645 0.000473 -0.561559
v 0.312027 0.000475 -0.549244
v 0.322270 0.004350 -0.553672
v 0.319077 0.035455 -0.549232
v 0.318630 0.004757 -0.548813
v 0.295091 0.035455 -0.599483
v 0.295509 0.035455 -0.539204
v 0.312835 0.004325 -0.594594
v 0.307396 0.004757 -0.597401
v 0.312364 0.035455 -0.595042
v 0.266962 0.035455 -0.564719
v 0.269985 0.004776 -0.555755
v 0.270319 0.035455 -0.555023
v 0.272435 0.035455 -0.587188
v 0.272136 0.004837 -0.586563
v 0.289150 0.000622 -0.594363
v 0.305358 0.035455 -0.598198
v 0.283994 0.000498 -0.547312
v 0.293153 0.004533 -0.539563
v 0.321533 0.000568 -0.576240
v 0.323590 0.004816 -0.582933
v 0.325530 0.035455 -0.578247
v 0.279926 0.035455 -0.594284
v 0.282870 0.004376 -0.595928
v 0.269764 0.001857 -0.577963
v 0.266903 0.004361 -0.571163
v 0.286602 0.035455 -0.597610
v 0.318584 0.001015 -0.553473
v 0.326735 0.004722 -0.570439
v 0.296394 0.000930 -0.596109
v 0.301527 0.003900 -0.598802
v 0.295848 0.004779 -0.599329
v 0.313261 0.035455 -0.544143
v 0.307703 0.004892 -0.541328
v 0.301535 0.001508 -0.541963
v 0.278317 0.001250 -0.549074
v 0.274430 0.001224 -0.553528
v 0.286172 0.004779 -0.541303
v 0.284068 0.035455 -0.541986
v 0.322508 0.035455 -0.584850
v 0.321672 0.001608 -0.582086
v 0.323781 0.003094 -0.580993
v 0.323871 0.001619 -0.576128
v 0.325080 0.001835 -0.568924
v 0.325960 0.003206 -0.573161
v 0.310595 0.003225 -0.543285
v 0.306153 0.001211 -0.543612
v 0.320699 0.002590 -0.552795
v 0.316421 0.002758 -0.547742
v 0.276937 0.001636 -0.589149
v 0.272639 0.002709 -0.585771
v 0.282779 0.001903 -0.594055
v 0.286988 0.002878 -0.596931
v 0.268186 0.002195 -0.570919
v 0.268057 0.002668 -0.564274
v 0.291152 0.000973 -0.543179
v 0.297249 0.000724 -0.543024
v 0.284124 0.003241 -0.542761
v 0.279222 0.003247 -0.545707
v 0.297802 0.002669 -0.598441
v 0.308170 0.003166 -0.596534
v 0.314881 0.002286 -0.591720
v 0.305122 0.035455 -0.540458
v 0.300635 0.004770 -0.539615
v 0.323397 0.035455 -0.555313
v 0.324754 0.004250 -0.558774
v 0.324320 0.002256 -0.561087
v 0.270384 0.002824 -0.556782
v 0.274057 0.000658 -0.582352
v 0.267898 0.003967 -0.576879
v 0.267456 0.035455 -0.576477
v 0.322907 0.000927 -0.563325
v 0.316717 0.004172 -0.591613
v 0.318168 0.035455 -0.590496
v 0.319367 0.004770 -0.589081
v 0.275619 0.035455 -0.547958
v 0.279559 0.004776 -0.544730
v 0.289679 0.002808 -0.541000
v 0.303865 0.000568 -0.593976
v 0.306168 0.001517 -0.595609
v 0.290017 0.004778 -0.598571
v 0.274201 0.004779 -0.549617
v 0.273896 0.003139 -0.550803
v 0.294738 0.002222 -0.540785
v 0.298178 0.003238 -0.539940
v 0.277170 0.003903 -0.591834
v 0.270626 0.000772 -0.572377
v 0.270685 0.000946 -0.562775
v 0.312244 0.000632 -0.590329
v 0.318182 0.001189 -0.586345
v 0.320503 0.003256 -0.586820
v 0.283644 0.001533 -0.544760
v 0.292702 0.002778 -0.598280
v 0.267351 0.004468 -0.563512
v 0.314211 0.004778 -0.544949
v 0.325894 0.004314 -0.576265
v 0.278284 0.000813 -0.588361
v 0.303911 0.003240 -0.540783
v 0.311449 0.001199 -0.546269
v 0.326163 0.003349 -0.566218
v 0.326241 0.035455 -0.563310
v 0.269723 0.004159 -0.581976
v 0.326798 0.035455 -1.208675
v 0.326420 0.004836 -1.202655
v 0.272550 0.000475 -1.200318
v 0.320645 0.000473 -1.199559
v 0.312027 0.000475 -1.187244
v 0.322270 0.004350 -1.191672
v 0.318630 0.004757 -1.186813
v 0.301002 0.035455 -1.237234
v 0.295509 0.035455 -1.177204
v 0.312835 0.004325 -1.232594
v 0.307396 0.004757 -1.235401
v 0.311120 0.035455 -1.233834
v 0.266962 0.035455 -1.202719
v 0.272376 0.004779 -1.189924
v 0.271006 0.035455 -1.191661
v 0.269520 0.004251 -1.195054
v 0.271096 0.035455 -1.222942
v 0.272136 0.004837 -1.224563
v 0.289150 0.000622 -1.232363
v 0.283994 0.000498 -1.185312
v 0.293153 0.004533 -1.177563
v 0.321533 0.000568 -1.214240
v 0.323590 0.004816 -1.220933
v 0.323243 0.035455 -1.221684
v 0.283880 0.035455 -1.234476
v 0.282870 0.004376 -1.233928
v 0.316998 0.035455 -1.185144
v 0.269764 0.001857 -1.215963
v 0.266903 0.004361 -1.209163
v 0.290749 0.035455 -1.236836
v 0.318584 0.001015 -1.191473
v 0.326735 0.004722 -1.208439
v 0.296394 0.000930 -1.234109
v 0.301527 0.003900 -1.236802
v 0.295848 0.004778 -1.237329
v 0.311983 0.035455 -1.181433
v 0.307702 0.004892 -1.179328
v 0.301535 0.001508 -1.179963
v 0.278317 0.001250 -1.187074
v 0.274430 0.001224 -1.191528
v 0.283608 0.003877 -1.180594
v 0.285417 0.035455 -1.179489
v 0.321672 0.001608 -1.220086
v 0.323781 0.003093 -1.218993
v 0.323871 0.001619 -1.214128
v 0.325080 0.001835 -1.206925
v 0.325960 0.003206 -1.211161
v 0.310596 0.003224 -1.181285
v 0.306153 0.001211 -1.181612
v 0.320699 0.002590 -1.190796
v 0.316421 0.002758 -1.185742
v 0.276936 0.001636 -1.227149
v 0.272639 0.002709 -1.223771
v 0.282779 0.001903 -1.232055
v 0.286988 0.002878 -1.234931
v 0.268186 0.002195 -1.208919
v 0.268058 0.002667 -1.202274
v 0.291152 0.000972 -1.181179
v 0.297249 0.000724 -1.181024
v 0.279222 0.003247 -1.183708
v 0.297802 0.002669 -1.236442
v 0.308170 0.003165 -1.234534
v 0.314881 0.002286 -1.229720
v 0.305122 0.035455 -1.178458
v 0.300635 0.004770 -1.177615
v 0.325979 0.035455 -1.199843
v 0.324754 0.004250 -1.196775
v 0.324320 0.002256 -1.199087
v 0.270794 0.002325 -1.195052
v 0.274058 0.000658 -1.220352
v 0.267898 0.003967 -1.214879
v 0.267456 0.035455 -1.214477
v 0.322907 0.000927 -1.201325
v 0.316717 0.004172 -1.229613
v 0.318168 0.035455 -1.228496
v 0.319367 0.004770 -1.227080
v 0.277818 0.035455 -1.183988
v 0.277228 0.004776 -1.184536
v 0.321893 0.035455 -1.190773
v 0.303865 0.000568 -1.231976
v 0.306167 0.001516 -1.233608
v 0.290017 0.004778 -1.236571
v 0.273896 0.003139 -1.188802
v 0.291790 0.002193 -1.179073
v 0.298179 0.003237 -1.177940
v 0.276679 0.035455 -1.229822
v 0.277170 0.003903 -1.229833
v 0.270626 0.000772 -1.210377
v 0.270685 0.000946 -1.200775
v 0.312244 0.000632 -1.228329
v 0.318182 0.001189 -1.224346
v 0.320503 0.003256 -1.224820
v 0.283643 0.001533 -1.182760
v 0.292702 0.002778 -1.236280
v 0.267351 0.004468 -1.201512
v 0.314211 0.004778 -1.182949
v 0.325894 0.004314 -1.214265
v 0.325898 0.035455 -1.214714
v 0.278284 0.000813 -1.226361
v 0.303912 0.003240 -1.178783
v 0.311449 0.001199 -1.184269
v 0.326163 0.003348 -1.204219
v 0.269723 0.004159 -1.219977
v 0.288705 0.004128 -1.178599
v -0.273202 0.035455 -0.570675
v -0.273580 0.004836 -0.564655
v -0.327450 0.000475 -0.562318
v -0.279355 0.000473 -0.561559
v -0.287974 0.000475 -0.549244
v -0.277730 0.004350 -0.553672
v -0.280923 0.035455 -0.549232
v -0.281371 0.004757 -0.548813
v -0.304909 0.035455 -0.599483
v -0.304491 0.035455 -0.539204
v -0.287165 0.004325 -0.594594
v -0.292605 0.004757 -0.597401
v -0.287636 0.035455 -0.595042
v -0.333038 0.035455 -0.564720
v -0.327624 0.004779 -0.551924
v -0.329681 0.035455 -0.555023
v -0.330480 0.004251 -0.557054
v -0.329696 0.035455 -0.583700
v -0.327864 0.004837 -0.586563
v -0.310850 0.000622 -0.594363
v -0.294642 0.035455 -0.598198
v -0.316006 0.000498 -0.547311
v -0.306847 0.004533 -0.539563
v -0.278467 0.000568 -0.576240
v -0.276411 0.004816 -0.582933
v -0.276757 0.035455 -0.583684
v -0.316310 0.035455 -0.596543
v -0.317130 0.004376 -0.595928
v -0.330236 0.001857 -0.577963
v -0.333097 0.004361 -0.571163
v -0.281416 0.001015 -0.553473
v -0.273265 0.004722 -0.570438
v -0.303606 0.000930 -0.596109
v -0.298473 0.003900 -0.598802
v -0.304152 0.004779 -0.599329
v -0.286739 0.035455 -0.544143
v -0.292297 0.004892 -0.541328
v -0.298465 0.001508 -0.541963
v -0.321683 0.001250 -0.549074
v -0.325570 0.001224 -0.553528
v -0.313828 0.004779 -0.541303
v -0.315932 0.035455 -0.541986
v -0.319096 0.004778 -0.543912
v -0.278328 0.001608 -0.582086
v -0.276219 0.003094 -0.580993
v -0.276129 0.001619 -0.576128
v -0.274920 0.001835 -0.568925
v -0.274040 0.003206 -0.573161
v -0.332767 0.035455 -0.575057
v -0.289405 0.003225 -0.543285
v -0.293847 0.001211 -0.543612
v -0.279301 0.002590 -0.552795
v -0.283579 0.002758 -0.547742
v -0.323063 0.001636 -0.589150
v -0.327361 0.002709 -0.585771
v -0.317221 0.001903 -0.594055
v -0.313012 0.002878 -0.596931
v -0.331814 0.002195 -0.570919
v -0.331943 0.002668 -0.564274
v -0.308848 0.000973 -0.543179
v -0.302751 0.000724 -0.543024
v -0.315876 0.003241 -0.542761
v -0.320778 0.003247 -0.545708
v -0.302198 0.002669 -0.598441
v -0.291830 0.003166 -0.596534
v -0.285119 0.002286 -0.591720
v -0.294878 0.035455 -0.540458
v -0.299365 0.004770 -0.539615
v -0.276603 0.035455 -0.555313
v -0.275246 0.004250 -0.558774
v -0.275680 0.002256 -0.561087
v -0.329206 0.002325 -0.557051
v -0.325943 0.000658 -0.582352
v -0.332102 0.003967 -0.576879
v -0.277093 0.000927 -0.563325
v -0.283283 0.004172 -0.591613
v -0.281832 0.035455 -0.590496
v -0.280633 0.004770 -0.589081
v -0.324381 0.035455 -0.547958
v -0.323754 0.004779 -0.547498
v -0.310321 0.002808 -0.541000
v -0.296135 0.000568 -0.593976
v -0.293832 0.001517 -0.595609
v -0.309983 0.004778 -0.598571
v -0.326104 0.003139 -0.550802
v -0.305262 0.002222 -0.540785
v -0.301822 0.003238 -0.539940
v -0.324361 0.035455 -0.590741
v -0.322830 0.003903 -0.591834
v -0.329374 0.000772 -0.572377
v -0.329315 0.000946 -0.562775
v -0.287756 0.000632 -0.590329
v -0.281818 0.001189 -0.586345
v -0.279497 0.003256 -0.586820
v -0.316356 0.001533 -0.544760
v -0.307298 0.002778 -0.598280
v -0.332649 0.004468 -0.563512
v -0.285789 0.004778 -0.544949
v -0.274106 0.004314 -0.576265
v -0.274102 0.035455 -0.576714
v -0.321716 0.000813 -0.588361
v -0.296089 0.003240 -0.540783
v -0.288551 0.001199 -0.546269
v -0.273837 0.003349 -0.566218
v -0.273759 0.035455 -0.563310
v -0.330277 0.004159 -0.581976
v -0.273202 0.035455 -1.208675
v -0.273580 0.004836 -1.202655
v -0.327450 0.000475 -1.200318
v -0.279355 0.000473 -1.199559
v -0.287973 0.000475 -1.187244
v -0.277730 0.004350 -1.191672
v -0.281370 0.004757 -1.186813
v -0.298998 0.035455 -1.237234
v -0.304491 0.035455 -1.177204
v -0.287164 0.004325 -1.232594
v -0.292604 0.004757 -1.235401
v -0.288880 0.035455 -1.233834
v -0.333213 0.035455 -1.205809
v -0.327624 0.004779 -1.189924
v -0.330480 0.004251 -1.195054
v -0.328904 0.035455 -1.222942
v -0.327864 0.004837 -1.224563
v -0.310850 0.000622 -1.232363
v -0.316006 0.000498 -1.185312
v -0.306847 0.004533 -1.177563
v -0.278467 0.000568 -1.214240
v -0.276410 0.004816 -1.220933
v -0.276757 0.035455 -1.221684
v -0.316120 0.035455 -1.234476
v -0.317130 0.004376 -1.233928
v -0.327304 0.035455 -1.189412
v -0.283002 0.035455 -1.185144
v -0.330236 0.001857 -1.215963
v -0.333097 0.004361 -1.209163
v -0.309252 0.035455 -1.236836
v -0.281416 0.001015 -1.191473
v -0.273265 0.004722 -1.208439
v -0.303606 0.000930 -1.234109
v -0.298473 0.003900 -1.236802
v -0.304152 0.004778 -1.237329
v -0.288017 0.035455 -1.181433
v -0.292298 0.004892 -1.179328
v -0.298465 0.001508 -1.179963
v -0.321683 0.001250 -1.187074
v -0.325570 0.001224 -1.191528
v -0.317944 0.004776 -1.181160
v -0.314583 0.035455 -1.179489
v -0.278328 0.001608 -1.220086
v -0.276219 0.003094 -1.218993
v -0.276129 0.001619 -1.214128
v -0.274920 0.001835 -1.206925
v -0.274040 0.003206 -1.211161
v -0.289404 0.003224 -1.181285
v -0.293847 0.001211 -1.181612
v -0.279301 0.002590 -1.190796
v -0.283579 0.002758 -1.185742
v -0.323064 0.001636 -1.227149
v -0.327361 0.002709 -1.223771
v -0.317221 0.001903 -1.232055
v -0.313012 0.002878 -1.234931
v -0.331814 0.002195 -1.208919
v -0.331943 0.002668 -1.202274
v -0.308848 0.000972 -1.181179
v -0.302751 0.000724 -1.181024
v -0.315876 0.003241 -1.180761
v -0.320778 0.003247 -1.183708
v -0.302198 0.002669 -1.236442
v -0.291830 0.003165 -1.234534
v -0.285119 0.002286 -1.229720
v -0.294878 0.035455 -1.178458
v -0.299365 0.004770 -1.177615
v -0.274021 0.035455 -1.199843
v -0.275246 0.004250 -1.196775
v -0.275680 0.002256 -1.199087
v -0.329206 0.002325 -1.195052
v -0.325942 0.000658 -1.220352
v -0.332102 0.003967 -1.214879
v -0.332544 0.035455 -1.214477
v -0.277093 0.000927 -1.201325
v -0.283283 0.004172 -1.229613
v -0.281832 0.035455 -1.228496
v -0.280633 0.004770 -1.227080
v -0.322182 0.035455 -1.183988
v -0.323755 0.004779 -1.185498
v -0.278107 0.035455 -1.190773
v -0.296135 0.000568 -1.231976
v -0.293833 0.001516 -1.233608
v -0.309983 0.004778 -1.236571
v -0.326104 0.003139 -1.188802
v -0.308210 0.002193 -1.179073
v -0.301821 0.003237 -1.177940
v -0.323321 0.035455 -1.229822
v -0.322830 0.003903 -1.229833
v -0.329374 0.000772 -1.210377
v -0.329315 0.000946 -1.200775
v -0.287756 0.000632 -1.228329
v -0.281818 0.001189 -1.224345
v -0.279497 0.003256 -1.224820
v -0.316357 0.001533 -1.182760
v -0.307298 0.002778 -1.236280
v -0.331561 0.035455 -1.196991
v -0.332649 0.004468 -1.201512
v -0.285789 0.004778 -1.182949
v -0.274106 0.004314 -1.214265
v -0.274102 0.035455 -1.214714
v -0.321716 0.000813 -1.226361
v -0.296088 0.003240 -1.178783
v -0.288551 0.001199 -1.184269
v -0.273837 0.003349 -1.204218
v -0.330277 0.004159 -1.219977
v -0.311295 0.004128 -1.178599
v -0.566298 0.035455 -0.333368
v -0.568290 0.004350 -0.333375
v -0.562068 0.000475 -0.279174
v -0.561310 0.000473 -0.327269
v -0.548995 0.000475 -0.318650
v -0.540172 0.004077 -0.296115
v -0.554215 0.004489 -0.329449
v -0.551297 0.035455 -0.327767
v -0.548565 0.004757 -0.325254
v -0.599234 0.035455 -0.301715
v -0.538954 0.035455 -0.302133
v -0.594344 0.004325 -0.319459
v -0.597663 0.004816 -0.312758
v -0.594793 0.035455 -0.318987
v -0.564471 0.035455 -0.273586
v -0.554151 0.004779 -0.277409
v -0.554775 0.035455 -0.276943
v -0.581886 0.035455 -0.276227
v -0.588085 0.035455 -0.280048
v -0.586314 0.004837 -0.278760
v -0.594113 0.000622 -0.295773
v -0.597949 0.035455 -0.311982
v -0.547062 0.000498 -0.290618
v -0.539272 0.004372 -0.300977
v -0.575991 0.000568 -0.328157
v -0.582684 0.004816 -0.330213
v -0.580772 0.035455 -0.331143
v -0.594034 0.035455 -0.286550
v -0.595100 0.004778 -0.288450
v -0.577713 0.001857 -0.276388
v -0.570913 0.004361 -0.273526
v -0.565077 0.004850 -0.273683
v -0.597360 0.035455 -0.293226
v -0.597518 0.004778 -0.293810
v -0.553224 0.001015 -0.325208
v -0.595860 0.000930 -0.303018
v -0.599027 0.004778 -0.305412
v -0.543893 0.035455 -0.319885
v -0.541078 0.004892 -0.314327
v -0.541714 0.001508 -0.308159
v -0.548824 0.001250 -0.284941
v -0.553278 0.001224 -0.281054
v -0.541594 0.004776 -0.291317
v -0.541240 0.035455 -0.292040
v -0.581835 0.001608 -0.328296
v -0.580743 0.003094 -0.330405
v -0.575878 0.001619 -0.330495
v -0.568675 0.001835 -0.331704
v -0.572912 0.003206 -0.332584
v -0.574807 0.035455 -0.273857
v -0.543035 0.003225 -0.317219
v -0.543363 0.001211 -0.312777
v -0.552546 0.002590 -0.327323
v -0.547492 0.002758 -0.323044
v -0.588899 0.001636 -0.283560
v -0.585522 0.002709 -0.279263
v -0.593874 0.001564 -0.290596
v -0.594084 0.002877 -0.288160
v -0.596682 0.002879 -0.293612
v -0.568703 0.002585 -0.274303
v -0.542929 0.000972 -0.297775
v -0.542774 0.000724 -0.303872
v -0.542511 0.003241 -0.290748
v -0.598192 0.002669 -0.304426
v -0.598217 0.003246 -0.307855
v -0.596285 0.003166 -0.314794
v -0.591470 0.002286 -0.321505
v -0.540209 0.035455 -0.311745
v -0.539365 0.004770 -0.307258
v -0.559048 0.035455 -0.331704
v -0.563317 0.002271 -0.331477
v -0.559175 0.002803 -0.330891
v -0.556532 0.002824 -0.277008
v -0.582103 0.000658 -0.280681
v -0.576630 0.003967 -0.274522
v -0.563075 0.000927 -0.329531
v -0.591364 0.004172 -0.323340
v -0.589206 0.035455 -0.325873
v -0.588830 0.004770 -0.325991
v -0.598760 0.004283 -0.299483
v -0.546605 0.035455 -0.283294
v -0.545372 0.003886 -0.285335
v -0.593727 0.000568 -0.310489
v -0.595359 0.001516 -0.312792
v -0.549367 0.004779 -0.280826
v -0.550553 0.003139 -0.280519
v -0.540823 0.002193 -0.298414
v -0.539691 0.003237 -0.304802
v -0.591584 0.003903 -0.283794
v -0.572127 0.000772 -0.277250
v -0.562525 0.000946 -0.277309
v -0.590080 0.000632 -0.318868
v -0.586096 0.001189 -0.324806
v -0.586571 0.003256 -0.327127
v -0.544511 0.001533 -0.290267
v -0.597515 0.002274 -0.299345
v -0.559509 0.004779 -0.274991
v -0.562139 0.002829 -0.275002
v -0.544699 0.004779 -0.320834
v -0.576015 0.004314 -0.332518
v -0.573575 0.035455 -0.333103
v -0.588111 0.000813 -0.284907
v -0.540534 0.003240 -0.310536
v -0.546019 0.001199 -0.318073
v -0.561619 0.004382 -0.332398
v -0.581726 0.004159 -0.276347
v -1.208424 0.035455 -0.333421
v -1.202406 0.004836 -0.333044
v -1.200068 0.000475 -0.279174
v -1.199309 0.000473 -0.327269
v -1.186995 0.000475 -0.318650
v -1.177782 0.035455 -0.296276
v -1.178228 0.004250 -0.295619
v -1.191423 0.004350 -0.328894
v -1.189296 0.035455 -0.327767
v -1.186564 0.004757 -0.325254
v -1.237234 0.035455 -0.301714
v -1.177111 0.035455 -0.304945
v -1.232345 0.004325 -0.319459
v -1.235663 0.004816 -0.312759
v -1.232793 0.035455 -0.318987
v -1.205559 0.035455 -0.273411
v -1.189675 0.004779 -0.279000
v -1.190249 0.035455 -0.278475
v -1.195865 0.004377 -0.275595
v -1.219886 0.035455 -0.276227
v -1.226085 0.035455 -0.280048
v -1.224313 0.004837 -0.278760
v -1.232113 0.000622 -0.295774
v -1.235949 0.035455 -0.311982
v -1.185062 0.000498 -0.290618
v -1.177272 0.004372 -0.300977
v -1.213991 0.000568 -0.328157
v -1.220684 0.004816 -0.330213
v -1.217467 0.035455 -0.331746
v -1.232034 0.035455 -0.286549
v -1.233100 0.004779 -0.288451
v -1.215714 0.001857 -0.276388
v -1.208913 0.004361 -0.273526
v -1.203077 0.004850 -0.273683
v -1.235360 0.035455 -0.293226
v -1.235518 0.004778 -0.293809
v -1.191224 0.001015 -0.325208
v -1.208188 0.004722 -0.333359
v -1.233860 0.000930 -0.303017
v -1.237027 0.004778 -0.305413
v -1.181893 0.035455 -0.319885
v -1.179078 0.004892 -0.314327
v -1.179714 0.001508 -0.308159
v -1.186824 0.001250 -0.284941
v -1.191278 0.001224 -0.281054
v -1.180911 0.004776 -0.288679
v -1.219835 0.001608 -0.328296
v -1.218743 0.003094 -0.330405
v -1.213878 0.001619 -0.330495
v -1.206675 0.001835 -0.331704
v -1.210912 0.003206 -0.332584
v -1.212807 0.035455 -0.273857
v -1.181035 0.003225 -0.317219
v -1.181363 0.001211 -0.312777
v -1.190546 0.002590 -0.327323
v -1.185492 0.002758 -0.323044
v -1.226899 0.001636 -0.283560
v -1.223522 0.002709 -0.279263
v -1.231874 0.001565 -0.290597
v -1.232084 0.002877 -0.288160
v -1.234682 0.002879 -0.293613
v -1.206703 0.002585 -0.274303
v -1.180929 0.000972 -0.297776
v -1.180774 0.000724 -0.303872
v -1.180511 0.003241 -0.290748
v -1.183458 0.003247 -0.285846
v -1.236192 0.002669 -0.304426
v -1.236217 0.003246 -0.307856
v -1.234285 0.003166 -0.314795
v -1.229470 0.002286 -0.321505
v -1.178209 0.035455 -0.311745
v -1.177365 0.004770 -0.307258
v -1.199593 0.035455 -0.332602
v -1.196526 0.004251 -0.331378
v -1.198838 0.002256 -0.330944
v -1.194802 0.002325 -0.277418
v -1.220103 0.000658 -0.280681
v -1.214630 0.003967 -0.274522
v -1.201075 0.000927 -0.329531
v -1.229364 0.004172 -0.323340
v -1.227206 0.035455 -0.325873
v -1.226830 0.004770 -0.325991
v -1.236760 0.004284 -0.299482
v -1.182742 0.035455 -0.285597
v -1.185249 0.004779 -0.282869
v -1.231727 0.000568 -0.310489
v -1.233359 0.001516 -0.312792
v -1.188553 0.003139 -0.280520
v -1.178823 0.002193 -0.298413
v -1.177691 0.003237 -0.304803
v -1.229585 0.003903 -0.283794
v -1.210127 0.000772 -0.277250
v -1.200525 0.000946 -0.277309
v -1.228080 0.000632 -0.318868
v -1.224096 0.001189 -0.324806
v -1.224571 0.003256 -0.327126
v -1.182511 0.001533 -0.290267
v -1.235515 0.002274 -0.299345
v -1.198211 0.035455 -0.274656
v -1.200139 0.002829 -0.275002
v -1.182700 0.004779 -0.320834
v -1.214015 0.004314 -0.332518
v -1.226111 0.000813 -0.284907
v -1.178534 0.003240 -0.310535
v -1.184020 0.001199 -0.318073
v -1.203969 0.003349 -0.332787
v -1.219726 0.004159 -0.276347
v -0.566298 0.035455 0.266632
v -0.568290 0.004350 0.266625
v -0.562068 0.000475 0.320826
v -0.561309 0.000473 0.272731
v -0.548995 0.000475 0.281350
v -0.540477 0.004376 0.305549
v -0.554215 0.004489 0.270551
v -0.551297 0.035455 0.272233
v -0.548564 0.004757 0.274746
v -0.599234 0.035455 0.298285
v -0.538954 0.035455 0.297867
v -0.594344 0.004325 0.280541
v -0.597663 0.004816 0.287242
v -0.594793 0.035455 0.281013
v -0.564470 0.035455 0.326414
v -0.554150 0.004779 0.322591
v -0.554774 0.035455 0.323057
v -0.581886 0.035455 0.323773
v -0.588086 0.035455 0.319952
v -0.586313 0.004837 0.321240
v -0.594113 0.000622 0.304227
v -0.597949 0.035455 0.288018
v -0.547062 0.000499 0.309382
v -0.539272 0.004372 0.299023
v -0.575991 0.000568 0.271843
v -0.582684 0.004816 0.269787
v -0.580772 0.035455 0.268857
v -0.594034 0.035455 0.313450
v -0.595100 0.004779 0.311550
v -0.577713 0.001857 0.323612
v -0.570913 0.004361 0.326474
v -0.565078 0.004850 0.326317
v -0.597360 0.035455 0.306774
v -0.597518 0.004779 0.306190
v -0.553224 0.001015 0.274792
v -0.595860 0.000930 0.296982
v -0.599027 0.004778 0.294588
v -0.543893 0.035456 0.280115
v -0.541078 0.004892 0.285673
v -0.541714 0.001508 0.291841
v -0.548824 0.001250 0.315059
v -0.553278 0.001224 0.318946
v -0.541240 0.035455 0.307960
v -0.543662 0.004779 0.312472
v -0.581835 0.001608 0.271704
v -0.580743 0.003094 0.269595
v -0.575878 0.001619 0.269505
v -0.568675 0.001835 0.268296
v -0.572912 0.003206 0.267416
v -0.574807 0.035455 0.326143
v -0.543035 0.003225 0.282781
v -0.543363 0.001211 0.287223
v -0.552546 0.002590 0.272677
v -0.547492 0.002758 0.276956
v -0.588899 0.001636 0.316440
v -0.585522 0.002709 0.320737
v -0.593874 0.001565 0.309404
v -0.594084 0.002877 0.311840
v -0.596682 0.002879 0.306388
v -0.568703 0.002585 0.325697
v -0.542929 0.000973 0.302225
v -0.542774 0.000724 0.296128
v -0.542511 0.003241 0.309252
v -0.545459 0.003247 0.314155
v -0.598192 0.002669 0.295574
v -0.598217 0.003246 0.292145
v -0.596285 0.003166 0.285206
v -0.591470 0.002286 0.278495
v -0.540209 0.035455 0.288255
v -0.539365 0.004770 0.292742
v -0.559048 0.035455 0.268296
v -0.563318 0.002271 0.268523
v -0.559175 0.002803 0.269109
v -0.556532 0.002824 0.322992
v -0.582102 0.000658 0.319319
v -0.576629 0.003967 0.325479
v -0.563075 0.000927 0.270469
v -0.591364 0.004172 0.276660
v -0.589206 0.035455 0.274127
v -0.588830 0.004770 0.274009
v -0.598760 0.004284 0.300517
v -0.546605 0.035455 0.316706
v -0.548313 0.004777 0.318290
v -0.593727 0.000568 0.289511
v -0.595359 0.001516 0.287208
v -0.550553 0.003139 0.319481
v -0.540823 0.002193 0.301586
v -0.539691 0.003237 0.295198
v -0.591584 0.003903 0.316206
v -0.572127 0.000772 0.322750
v -0.562525 0.000946 0.322691
v -0.590080 0.000632 0.281132
v -0.586096 0.001190 0.275194
v -0.586571 0.003256 0.272874
v -0.544511 0.001533 0.309733
v -0.597515 0.002274 0.300655
v -0.559510 0.004779 0.325009
v -0.562139 0.002829 0.324998
v -0.544700 0.004779 0.279166
v -0.576015 0.004314 0.267482
v -0.573574 0.035455 0.266897
v -0.588111 0.000813 0.315093
v -0.540534 0.003240 0.289464
v -0.546019 0.001199 0.281927
v -0.561619 0.004382 0.267602
v -0.581726 0.004159 0.323653
v -1.208424 0.035455 0.266579
v -1.206290 0.004350 0.266625
v -1.200068 0.000475 0.320826
v -1.199309 0.000473 0.272731
v -1.186995 0.000475 0.281350
v -1.177782 0.035455 0.303724
v -1.178228 0.004250 0.304381
v -1.192215 0.004489 0.270551
v -1.189296 0.035455 0.272233
v -1.186564 0.004757 0.274746
v -1.237234 0.035455 0.298286
v -1.177111 0.035455 0.295055
v -1.232345 0.004325 0.280542
v -1.235663 0.004816 0.287241
v -1.232793 0.035455 0.281013
v -1.205559 0.035455 0.326589
v -1.189675 0.004779 0.321000
v -1.190249 0.035455 0.321525
v -1.195865 0.004377 0.324405
v -1.219886 0.035455 0.323773
v -1.226085 0.035455 0.319952
v -1.224313 0.004837 0.321240
v -1.232113 0.000622 0.304226
v -1.235949 0.035455 0.288018
v -1.185062 0.000499 0.309382
v -1.177272 0.004372 0.299023
v -1.213991 0.000568 0.271843
v -1.220684 0.004816 0.269787
v -1.217467 0.035455 0.268254
v -1.232034 0.035455 0.313451
v -1.233100 0.004779 0.311549
v -1.215713 0.001857 0.323612
v -1.208913 0.004361 0.326474
v -1.203077 0.004850 0.326317
v -1.235360 0.035455 0.306774
v -1.235518 0.004778 0.306191
v -1.191224 0.001015 0.274792
v -1.233860 0.000930 0.296983
v -1.237027 0.004778 0.294587
v -1.181893 0.035456 0.280115
v -1.179078 0.004892 0.285673
v -1.179714 0.001508 0.291841
v -1.186824 0.001250 0.315059
v -1.191278 0.001224 0.318946
v -1.180911 0.004776 0.311321
v -1.219835 0.001608 0.271704
v -1.218743 0.003094 0.269595
v -1.213878 0.001619 0.269505
v -1.206675 0.001835 0.268296
v -1.210912 0.003207 0.267416
v -1.212807 0.035455 0.326143
v -1.181035 0.003225 0.282782
v -1.181363 0.001211 0.287223
v -1.190546 0.002590 0.272677
v -1.185492 0.002758 0.276956
v -1.226899 0.001636 0.316440
v -1.223522 0.002709 0.320737
v -1.231874 0.001565 0.309403
v -1.232084 0.002877 0.311840
v -1.234682 0.002879 0.306387
v -1.206703 0.002585 0.325697
v -1.180929 0.000973 0.302224
v -1.180774 0.000724 0.296128
v -1.180511 0.003241 0.309252
v -1.183458 0.003247 0.314154
v -1.236192 0.002669 0.295574
v -1.236217 0.003246 0.292144
v -1.234285 0.003166 0.285205
v -1.229470 0.002286 0.278495
v -1.178209 0.035455 0.288255
v -1.177365 0.004770 0.292742
v -1.199594 0.035455 0.267398
v -1.201318 0.002271 0.268523
v -1.197175 0.002803 0.269109
v -1.194802 0.002325 0.322583
v -1.220103 0.000658 0.319319
v -1.214629 0.003967 0.325479
v -1.201075 0.000927 0.270469
v -1.229364 0.004172 0.276661
v -1.227206 0.035455 0.274127
v -1.226830 0.004770 0.274009
v -1.236760 0.004284 0.300518
v -1.182742 0.035455 0.314403
v -1.185249 0.004779 0.317131
v -1.231727 0.000568 0.289511
v -1.233359 0.001517 0.287208
v -1.188553 0.003139 0.319480
v -1.178823 0.002193 0.301587
v -1.177691 0.003238 0.295197
v -1.229585 0.003903 0.316206
v -1.210127 0.000772 0.322750
v -1.200525 0.000946 0.322691
v -1.228080 0.000632 0.281132
v -1.224096 0.001189 0.275194
v -1.224571 0.003256 0.272874
v -1.182511 0.001533 0.309733
v -1.235515 0.002274 0.300655
v -1.198211 0.035455 0.325344
v -1.200139 0.002830 0.324998
v -1.182700 0.004779 0.279165
v -1.214015 0.004314 0.267482
v -1.226111 0.000813 0.315093
v -1.178534 0.003240 0.289465
v -1.184020 0.001199 0.281927
v -1.199619 0.004382 0.267602
v -1.219727 0.004159 0.323653
v -1.209842 0.035455 0.570521
v -1.206244 0.004350 0.570536
v -1.200024 0.000475 0.624738
v -1.199265 0.000473 0.576643
v -1.186950 0.000475 0.585261
v -1.177180 0.035455 0.604727
v -1.192170 0.004489 0.574462
v -1.186950 0.035455 0.578007
v -1.186520 0.004757 0.578657
v -1.237152 0.035455 0.600671
v -1.232300 0.004325 0.584454
v -1.235107 0.004757 0.589891
v -1.235543 0.035455 0.590539
v -1.205515 0.035455 0.630500
v -1.189630 0.004779 0.624912
v -1.188916 0.035455 0.624620
v -1.194760 0.004251 0.627768
v -1.219842 0.035455 0.627684
v -1.226040 0.035455 0.623863
v -1.224269 0.004837 0.625151
v -1.232069 0.000622 0.608137
v -1.185017 0.000499 0.613293
v -1.177269 0.004533 0.604134
v -1.213946 0.000569 0.575754
v -1.220639 0.004816 0.573698
v -1.218728 0.035455 0.572768
v -1.232835 0.035455 0.616200
v -1.233633 0.004376 0.614418
v -1.215669 0.001857 0.627523
v -1.208869 0.004361 0.630385
v -1.236178 0.035455 0.607866
v -1.191179 0.001015 0.578703
v -1.233815 0.000930 0.600893
v -1.236630 0.004760 0.595514
v -1.237035 0.004779 0.601440
v -1.181139 0.035455 0.585306
v -1.179034 0.004892 0.589585
v -1.179669 0.001508 0.595753
v -1.186779 0.001250 0.618970
v -1.191234 0.001224 0.622857
v -1.180300 0.003877 0.613678
v -1.181070 0.035455 0.615841
v -1.219790 0.001608 0.575615
v -1.218698 0.003094 0.573506
v -1.213834 0.001619 0.573416
v -1.206630 0.001835 0.572208
v -1.210868 0.003206 0.571327
v -1.212762 0.035455 0.630055
v -1.180990 0.003225 0.586692
v -1.181318 0.001211 0.591134
v -1.190501 0.002590 0.576589
v -1.185448 0.002758 0.580867
v -1.226855 0.001636 0.620351
v -1.223477 0.002709 0.624648
v -1.231761 0.001903 0.614509
v -1.234637 0.002878 0.610299
v -1.208625 0.002195 0.629101
v -1.201980 0.002668 0.629230
v -1.180885 0.000973 0.606136
v -1.180729 0.000724 0.600039
v -1.183414 0.003247 0.618065
v -1.236148 0.002669 0.599485
v -1.236172 0.003245 0.596055
v -1.234240 0.003166 0.589117
v -1.229426 0.002286 0.582406
v -1.177717 0.035455 0.593622
v -1.177321 0.004770 0.596652
v -1.194277 0.035455 0.573329
v -1.201273 0.002271 0.572434
v -1.197130 0.002803 0.573020
v -1.194758 0.002326 0.626494
v -1.220058 0.000658 0.623230
v -1.214585 0.003967 0.629390
v -1.201030 0.000927 0.574380
v -1.229320 0.004172 0.580572
v -1.230416 0.035455 0.581525
v -1.226786 0.004770 0.577920
v -1.184242 0.004777 0.620059
v -1.231682 0.000568 0.593423
v -1.233314 0.001516 0.591120
v -1.236277 0.004779 0.607270
v -1.188509 0.003139 0.623392
v -1.178779 0.002193 0.605498
v -1.177646 0.003238 0.599109
v -1.229540 0.003903 0.620117
v -1.210083 0.000772 0.626661
v -1.200480 0.000946 0.626602
v -1.228035 0.000632 0.585044
v -1.224052 0.001190 0.579105
v -1.224526 0.003256 0.576785
v -1.182466 0.001533 0.613645
v -1.235986 0.002778 0.604585
v -1.198167 0.035455 0.629255
v -1.201218 0.004468 0.629937
v -1.182655 0.004779 0.583078
v -1.213970 0.004314 0.571393
v -1.226066 0.000813 0.619004
v -1.178489 0.003241 0.593376
v -1.183975 0.001199 0.585838
v -1.199574 0.004382 0.571513
v -1.225003 0.035455 0.576423
v -1.201016 0.035455 0.571047
v -1.219681 0.004159 0.627565
v -1.178305 0.004128 0.608582
v -0.571842 0.035455 0.570521
v -0.568244 0.004350 0.570536
v -0.562024 0.000475 0.624738
v -0.561265 0.000473 0.576643
v -0.548950 0.000475 0.585261
v -0.539180 0.035455 0.604728
v -0.554170 0.004489 0.574462
v -0.548520 0.004757 0.578657
v -0.599189 0.035455 0.602197
v -0.594300 0.004325 0.584453
v -0.597106 0.004757 0.589891
v -0.594748 0.035455 0.584923
v -0.567515 0.035455 0.630500
v -0.554106 0.004779 0.626502
v -0.550916 0.035455 0.624620
v -0.581842 0.035455 0.627684
v -0.588040 0.035455 0.623863
v -0.586269 0.004837 0.625151
v -0.594069 0.000622 0.608137
v -0.597904 0.035455 0.591929
v -0.547017 0.000499 0.613293
v -0.539269 0.004533 0.604134
v -0.575946 0.000569 0.575754
v -0.582639 0.004816 0.573698
v -0.580728 0.035455 0.572768
v -0.596798 0.035455 0.612175
v -0.595633 0.004376 0.614418
v -0.546850 0.035455 0.580290
v -0.577669 0.001857 0.627523
v -0.570869 0.004361 0.630385
v -0.565033 0.004850 0.630228
v -0.553179 0.001015 0.578704
v -0.595815 0.000930 0.600894
v -0.598508 0.003901 0.595760
v -0.599035 0.004779 0.601440
v -0.543139 0.035455 0.585305
v -0.541034 0.004892 0.589585
v -0.541669 0.001508 0.595753
v -0.548780 0.001250 0.618970
v -0.553234 0.001224 0.622857
v -0.541009 0.004779 0.611116
v -0.543069 0.035455 0.615841
v -0.581790 0.001608 0.575615
v -0.580698 0.003094 0.573506
v -0.575834 0.001619 0.573416
v -0.568630 0.001835 0.572208
v -0.572868 0.003206 0.571327
v -0.574762 0.035455 0.630055
v -0.542990 0.003225 0.586692
v -0.543318 0.001211 0.591134
v -0.552501 0.002590 0.576589
v -0.547448 0.002758 0.580867
v -0.588855 0.001636 0.620351
v -0.585477 0.002709 0.624648
v -0.593761 0.001903 0.614509
v -0.596637 0.002879 0.610299
v -0.568659 0.002585 0.629608
v -0.542885 0.000973 0.606136
v -0.542729 0.000724 0.600039
v -0.542466 0.003241 0.613162
v -0.545413 0.003247 0.618065
v -0.598147 0.002669 0.599486
v -0.596240 0.003166 0.589117
v -0.591425 0.002286 0.582406
v -0.539717 0.035455 0.593622
v -0.539321 0.004770 0.596653
v -0.553725 0.035455 0.574517
v -0.563273 0.002271 0.572434
v -0.559130 0.002803 0.573020
v -0.556488 0.002824 0.626903
v -0.582058 0.000658 0.623230
v -0.576585 0.003967 0.629390
v -0.563030 0.000927 0.574380
v -0.591320 0.004172 0.580572
v -0.589161 0.035455 0.578039
v -0.588786 0.004770 0.577920
v -0.544436 0.004776 0.617728
v -0.540706 0.002808 0.607608
v -0.593682 0.000568 0.593422
v -0.595314 0.001516 0.591120
v -0.598277 0.004778 0.607270
v -0.549323 0.004779 0.623086
v -0.550508 0.003139 0.623392
v -0.540491 0.002222 0.602550
v -0.539646 0.003238 0.599109
v -0.593144 0.035455 0.618450
v -0.591540 0.003903 0.620117
v -0.572082 0.000772 0.626661
v -0.562480 0.000946 0.626602
v -0.590035 0.000632 0.585044
v -0.586052 0.001190 0.579105
v -0.586526 0.003256 0.576785
v -0.544466 0.001533 0.613644
v -0.597986 0.002778 0.604585
v -0.560167 0.035455 0.629256
v -0.559465 0.004779 0.628920
v -0.562094 0.002829 0.628909
v -0.544655 0.004779 0.583077
v -0.575970 0.004314 0.571393
v -0.588067 0.000813 0.619004
v -0.540489 0.003241 0.593376
v -0.545975 0.001199 0.585838
v -0.561574 0.004382 0.571513
v -0.563016 0.035455 0.571047
v -0.581681 0.004159 0.627565
v -1.204254 0.035455 1.170544
v -1.202362 0.004836 1.170867
v -1.200024 0.000475 1.224738
v -1.199265 0.000473 1.176643
v -1.186950 0.000475 1.185261
v -1.177180 0.035455 1.204727
v -1.191379 0.004350 1.175017
v -1.190478 0.035455 1.175395
v -1.186520 0.004757 1.178657
v -1.237210 0.035455 1.199235
v -1.232301 0.004325 1.184454
v -1.235107 0.004757 1.189892
v -1.234925 0.035455 1.189144
v -1.203949 0.035455 1.230438
v -1.189630 0.004779 1.224911
v -1.190204 0.035455 1.225436
v -1.194761 0.004251 1.227768
v -1.222649 0.035455 1.226192
v -1.224269 0.004837 1.225151
v -1.232069 0.000623 1.208137
v -1.185017 0.000499 1.213293
v -1.177269 0.004534 1.204134
v -1.213947 0.000569 1.175755
v -1.220639 0.004816 1.173698
v -1.235402 0.035455 1.210869
v -1.233633 0.004376 1.214418
v -1.184850 0.035455 1.180290
v -1.215669 0.001857 1.227523
v -1.208868 0.004361 1.230385
v -1.191179 0.001015 1.178704
v -1.208143 0.004722 1.170553
v -1.233815 0.000930 1.200893
v -1.236508 0.003901 1.195760
v -1.237035 0.004779 1.201440
v -1.181139 0.035456 1.185305
v -1.179034 0.004892 1.189585
v -1.179669 0.001508 1.195753
v -1.186779 0.001250 1.218970
v -1.191234 0.001224 1.222857
v -1.180866 0.004776 1.215232
v -1.179882 0.035455 1.213289
v -1.223915 0.035455 1.175577
v -1.219791 0.001609 1.175615
v -1.218699 0.003094 1.173507
v -1.213834 0.001619 1.173416
v -1.206631 0.001835 1.172207
v -1.210868 0.003206 1.171327
v -1.180990 0.003225 1.186692
v -1.181318 0.001211 1.191134
v -1.190501 0.002590 1.176589
v -1.185447 0.002759 1.180867
v -1.226855 0.001636 1.220351
v -1.223477 0.002709 1.224648
v -1.231761 0.001903 1.214509
v -1.234637 0.002878 1.210299
v -1.208626 0.002195 1.229101
v -1.201979 0.002668 1.229230
v -1.180885 0.000973 1.206136
v -1.180729 0.000724 1.200039
v -1.180467 0.003241 1.213163
v -1.183413 0.003247 1.218065
v -1.236148 0.002669 1.199485
v -1.234240 0.003166 1.189117
v -1.229425 0.002286 1.182406
v -1.177717 0.035455 1.193622
v -1.177321 0.004770 1.196652
v -1.197003 0.035455 1.172207
v -1.196480 0.004251 1.172533
v -1.198793 0.002257 1.172967
v -1.194758 0.002326 1.226494
v -1.220058 0.000659 1.223230
v -1.214585 0.003967 1.229390
v -1.214183 0.035455 1.229831
v -1.201030 0.000927 1.174380
v -1.229320 0.004172 1.180572
v -1.230417 0.035455 1.181526
v -1.226786 0.004770 1.177920
v -1.183694 0.035455 1.219470
v -1.185204 0.004779 1.221042
v -1.231682 0.000568 1.193423
v -1.233314 0.001517 1.191120
v -1.236277 0.004779 1.207270
v -1.188508 0.003140 1.223392
v -1.178779 0.002193 1.205498
v -1.177646 0.003238 1.199109
v -1.229528 0.035456 1.220608
v -1.229540 0.003903 1.220117
v -1.210083 0.000772 1.226661
v -1.200480 0.000947 1.226602
v -1.228035 0.000632 1.185044
v -1.224052 0.001190 1.179106
v -1.224526 0.003256 1.176785
v -1.182466 0.001533 1.213645
v -1.235986 0.002778 1.204586
v -1.196879 0.035455 1.228762
v -1.201218 0.004469 1.229937
v -1.182654 0.004779 1.183078
v -1.213970 0.004314 1.171393
v -1.214598 0.035455 1.171287
v -1.226067 0.000813 1.219004
v -1.178489 0.003241 1.193376
v -1.183975 0.001199 1.185838
v -1.203924 0.003349 1.171125
v -1.219681 0.004159 1.227565
v -1.178305 0.004128 1.208582
v -0.566254 0.035455 1.170544
v -0.564362 0.004836 1.170867
v -0.562024 0.000475 1.224738
v -0.561265 0.000473 1.176643
v -0.548950 0.000475 1.185261
v -0.539180 0.035455 1.204728
v -0.540184 0.004251 1.208292
v -0.553379 0.004350 1.175017
v -0.551252 0.035455 1.176145
v -0.548520 0.004757 1.178657
v -0.599189 0.035455 1.202197
v -0.594300 0.004325 1.184453
v -0.597106 0.004757 1.189891
v -0.597542 0.035455 1.190539
v -0.565949 0.035455 1.230438
v -0.550495 0.004777 1.224135
v -0.552204 0.035455 1.225436
v -0.556760 0.004251 1.227768
v -0.584649 0.035455 1.226192
v -0.586269 0.004837 1.225151
v -0.594069 0.000623 1.208137
v -0.547017 0.000499 1.213293
v -0.539227 0.004372 1.202933
v -0.575946 0.000569 1.175754
v -0.582639 0.004816 1.173698
v -0.596799 0.035455 1.212174
v -0.595633 0.004376 1.214418
v -0.544975 0.035455 1.182564
v -0.577669 0.001857 1.227523
v -0.570868 0.004361 1.230385
v -0.553179 0.001015 1.178704
v -0.570143 0.004722 1.170553
v -0.595815 0.000930 1.200894
v -0.598508 0.003901 1.195760
v -0.599035 0.004779 1.201440
v -0.541341 0.035455 1.188783
v -0.541034 0.004892 1.189585
v -0.541669 0.001508 1.195753
v -0.548780 0.001250 1.218970
v -0.553234 0.001224 1.222857
v -0.542866 0.004776 1.215231
v -0.541882 0.035455 1.213289
v -0.585915 0.035455 1.175577
v -0.581791 0.001609 1.175615
v -0.580699 0.003094 1.173507
v -0.575834 0.001619 1.173416
v -0.568631 0.001835 1.172207
v -0.572868 0.003206 1.171327
v -0.542990 0.003225 1.186692
v -0.543318 0.001211 1.191134
v -0.552501 0.002590 1.176589
v -0.547448 0.002758 1.180867
v -0.588855 0.001636 1.220351
v -0.585477 0.002709 1.224648
v -0.593761 0.001903 1.214509
v -0.596637 0.002879 1.210299
v -0.570626 0.002195 1.229101
v -0.563979 0.002668 1.229230
v -0.542885 0.000973 1.206136
v -0.542729 0.000724 1.200039
v -0.542466 0.003241 1.213163
v -0.598147 0.002669 1.199486
v -0.596240 0.003166 1.189117
v -0.591425 0.002286 1.182406
v -0.539367 0.035456 1.195992
v -0.539320 0.004770 1.196653
v -0.559003 0.035455 1.172207
v -0.558480 0.004251 1.172533
v -0.560793 0.002257 1.172967
v -0.556758 0.002325 1.226494
v -0.582058 0.000659 1.223230
v -0.576585 0.003967 1.229390
v -0.576183 0.035455 1.229831
v -0.563030 0.000927 1.174380
v -0.591320 0.004172 1.180572
v -0.592417 0.035455 1.181526
v -0.588786 0.004771 1.177920
v -0.545694 0.035455 1.219470
v -0.545558 0.003760 1.218780
v -0.593682 0.000568 1.193422
v -0.595314 0.001516 1.191120
v -0.598277 0.004778 1.207270
v -0.550508 0.003139 1.223392
v -0.540779 0.002193 1.205498
v -0.539646 0.003238 1.199109
v -0.591528 0.035456 1.220608
v -0.591540 0.003903 1.220117
v -0.572083 0.000772 1.226661
v -0.562480 0.000947 1.226602
v -0.590035 0.000632 1.185044
v -0.586052 0.001190 1.179106
v -0.586526 0.003256 1.176785
v -0.544466 0.001533 1.213644
v -0.597986 0.002778 1.204585
v -0.558879 0.035455 1.228762
v -0.563218 0.004469 1.229937
v -0.544654 0.004779 1.183078
v -0.575970 0.004314 1.171393
v -0.576598 0.035455 1.171287
v -0.588067 0.000813 1.219004
v -0.540489 0.003241 1.193376
v -0.545975 0.001199 1.185838
v -0.565924 0.003349 1.171125
v -0.581681 0.004159 1.227565
v 0.630712 0.035455 -0.570689
v 0.630665 0.004350 -0.568554
v 0.576464 0.000475 -0.562334
v 0.624559 0.000473 -0.561575
v 0.615941 0.000475 -0.549260
v 0.592116 0.035455 -0.540525
v 0.626739 0.004489 -0.554480
v 0.625057 0.035455 -0.551562
v 0.622544 0.004757 -0.548829
v 0.604916 0.035455 -0.599250
v 0.602427 0.035455 -0.539241
v 0.616749 0.004325 -0.594610
v 0.610049 0.004816 -0.597929
v 0.613477 0.035455 -0.596547
v 0.570701 0.035455 -0.567825
v 0.576290 0.004779 -0.551940
v 0.573434 0.004251 -0.557070
v 0.576349 0.035455 -0.587203
v 0.576050 0.004837 -0.586579
v 0.593064 0.000622 -0.594378
v 0.587908 0.000498 -0.547327
v 0.597067 0.004534 -0.539578
v 0.625447 0.000568 -0.576256
v 0.627503 0.004816 -0.582949
v 0.626470 0.035455 -0.585062
v 0.583840 0.035455 -0.594299
v 0.585741 0.004778 -0.595365
v 0.576611 0.035455 -0.551427
v 0.618638 0.035455 -0.545286
v 0.573679 0.001857 -0.577979
v 0.570817 0.004361 -0.571179
v 0.593160 0.035455 -0.598590
v 0.591100 0.004778 -0.597783
v 0.622498 0.001015 -0.553489
v 0.600308 0.000930 -0.596125
v 0.602703 0.004779 -0.599292
v 0.612419 0.035455 -0.541651
v 0.611616 0.004892 -0.541343
v 0.605449 0.001508 -0.541979
v 0.582231 0.001250 -0.549090
v 0.578344 0.001224 -0.553544
v 0.590086 0.004779 -0.541319
v 0.584818 0.004778 -0.543927
v 0.625587 0.001608 -0.582101
v 0.627695 0.003094 -0.581009
v 0.627785 0.001619 -0.576144
v 0.628994 0.001835 -0.568940
v 0.629874 0.003206 -0.573177
v 0.614509 0.003225 -0.543300
v 0.610068 0.001211 -0.543628
v 0.624613 0.002590 -0.552811
v 0.620335 0.002758 -0.547758
v 0.580851 0.001636 -0.589165
v 0.576553 0.002709 -0.585787
v 0.587887 0.001565 -0.594139
v 0.585451 0.002878 -0.594350
v 0.590902 0.002878 -0.596947
v 0.572100 0.002195 -0.570935
v 0.571971 0.002668 -0.564290
v 0.595066 0.000972 -0.543194
v 0.601163 0.000724 -0.543039
v 0.588039 0.003241 -0.542777
v 0.583137 0.003247 -0.545723
v 0.601717 0.002669 -0.598457
v 0.605147 0.003246 -0.598482
v 0.612085 0.003166 -0.596550
v 0.618795 0.002286 -0.591736
v 0.604549 0.004770 -0.539630
v 0.629893 0.035455 -0.561858
v 0.628768 0.002271 -0.563583
v 0.628181 0.002803 -0.559440
v 0.574708 0.002325 -0.557067
v 0.577972 0.000658 -0.582368
v 0.571812 0.003967 -0.576895
v 0.571370 0.035455 -0.576493
v 0.626821 0.000927 -0.563340
v 0.620630 0.004172 -0.591629
v 0.619676 0.035455 -0.592726
v 0.623281 0.004770 -0.589096
v 0.596774 0.004283 -0.599026
v 0.582887 0.035455 -0.545008
v 0.580160 0.004779 -0.547513
v 0.593593 0.002808 -0.541016
v 0.607779 0.000568 -0.593992
v 0.610082 0.001516 -0.595624
v 0.577810 0.003139 -0.550818
v 0.598652 0.002222 -0.540801
v 0.602092 0.003238 -0.539956
v 0.581084 0.003903 -0.591849
v 0.574540 0.000772 -0.572392
v 0.574600 0.000946 -0.562790
v 0.616158 0.000632 -0.590345
v 0.622096 0.001189 -0.586361
v 0.624417 0.003256 -0.586836
v 0.587557 0.001533 -0.544776
v 0.596635 0.002274 -0.597781
v 0.572353 0.035455 -0.559007
v 0.571265 0.004468 -0.563528
v 0.618125 0.004779 -0.544965
v 0.629808 0.004314 -0.576280
v 0.629813 0.035455 -0.576729
v 0.582197 0.000813 -0.588376
v 0.607825 0.003240 -0.540799
v 0.615363 0.001199 -0.546285
v 0.629689 0.004382 -0.561884
v 0.573637 0.004159 -0.581991
v 0.630658 0.035455 -1.204563
v 0.630665 0.004350 -1.206554
v 0.576464 0.000475 -1.200334
v 0.624559 0.000473 -1.199574
v 0.615941 0.000475 -1.187260
v 0.589331 0.035455 -1.179505
v 0.626739 0.004489 -1.192480
v 0.622544 0.004757 -1.186829
v 0.597582 0.035455 -1.237301
v 0.599423 0.035455 -1.177220
v 0.616749 0.004325 -1.232610
v 0.611309 0.004756 -1.235417
v 0.616279 0.035455 -1.233057
v 0.570701 0.035455 -1.205825
v 0.576290 0.004779 -1.189940
v 0.573434 0.004251 -1.195071
v 0.575010 0.035455 -1.222958
v 0.576050 0.004837 -1.224578
v 0.593064 0.000622 -1.232378
v 0.607824 0.035455 -1.236692
v 0.587909 0.000498 -1.185327
v 0.597067 0.004533 -1.177578
v 0.625447 0.000568 -1.214256
v 0.627503 0.004816 -1.220949
v 0.587604 0.035455 -1.234559
v 0.585740 0.004778 -1.233365
v 0.576611 0.035455 -1.189426
v 0.620911 0.035455 -1.185159
v 0.573679 0.001857 -1.215979
v 0.570817 0.004361 -1.209179
v 0.591100 0.004778 -1.235783
v 0.622498 0.001015 -1.191489
v 0.600308 0.000930 -1.234125
v 0.605441 0.003900 -1.236818
v 0.597984 0.004401 -1.237246
v 0.615896 0.035455 -1.181449
v 0.611617 0.004892 -1.179344
v 0.605449 0.001508 -1.179979
v 0.582231 0.001250 -1.187090
v 0.578345 0.001224 -1.191544
v 0.590086 0.004779 -1.179319
v 0.584818 0.004778 -1.181927
v 0.626422 0.035455 -1.222865
v 0.625587 0.001608 -1.220101
v 0.627695 0.003093 -1.219008
v 0.627785 0.001619 -1.214144
v 0.628994 0.001835 -1.206940
v 0.629874 0.003206 -1.211177
v 0.614509 0.003225 -1.181300
v 0.610068 0.001211 -1.181628
v 0.624613 0.002590 -1.190811
v 0.620335 0.002758 -1.185758
v 0.580851 0.001636 -1.227165
v 0.576553 0.002709 -1.223787
v 0.587887 0.001565 -1.232139
v 0.585451 0.002878 -1.232350
v 0.590903 0.002878 -1.234947
v 0.572100 0.002194 -1.208935
v 0.571971 0.002668 -1.202290
v 0.595066 0.000972 -1.181194
v 0.601163 0.000724 -1.181039
v 0.588038 0.003241 -1.180777
v 0.583136 0.003247 -1.183723
v 0.601716 0.002668 -1.236457
v 0.612084 0.003166 -1.234550
v 0.618795 0.002286 -1.229735
v 0.609037 0.035455 -1.178474
v 0.604549 0.004770 -1.177630
v 0.628994 0.035455 -1.197313
v 0.628768 0.002271 -1.201583
v 0.628181 0.002803 -1.197440
v 0.574708 0.002325 -1.195067
v 0.577972 0.000658 -1.220368
v 0.571812 0.003967 -1.214895
v 0.571370 0.035455 -1.214493
v 0.626821 0.000927 -1.201340
v 0.620631 0.004172 -1.229629
v 0.622083 0.035455 -1.228511
v 0.623281 0.004770 -1.227096
v 0.581731 0.035455 -1.184004
v 0.580160 0.004779 -1.185513
v 0.625807 0.035455 -1.190788
v 0.593593 0.002808 -1.179016
v 0.607779 0.000568 -1.231992
v 0.610082 0.001516 -1.233624
v 0.577810 0.003139 -1.188818
v 0.598651 0.002222 -1.178801
v 0.602092 0.003237 -1.177956
v 0.579553 0.035455 -1.228758
v 0.581084 0.003903 -1.229849
v 0.574540 0.000772 -1.210392
v 0.574600 0.000946 -1.200790
v 0.616158 0.000632 -1.228345
v 0.622096 0.001189 -1.224361
v 0.624417 0.003256 -1.224836
v 0.587557 0.001533 -1.182776
v 0.596635 0.002274 -1.235781
v 0.572353 0.035455 -1.197007
v 0.571265 0.004468 -1.201528
v 0.618125 0.004778 -1.182965
v 0.629808 0.004314 -1.214280
v 0.629914 0.035455 -1.214909
v 0.582197 0.000813 -1.226377
v 0.607825 0.003240 -1.178799
v 0.615363 0.001199 -1.184285
v 0.629689 0.004382 -1.199884
v 0.573637 0.004159 -1.219991
v 1.230712 0.035455 -0.570689
v 1.230665 0.004350 -0.568554
v 1.176464 0.000475 -0.562334
v 1.224559 0.000473 -0.561574
v 1.215941 0.000475 -0.549260
v 1.190726 0.035455 -0.540887
v 1.226739 0.004489 -0.554480
v 1.222544 0.004757 -0.548829
v 1.202104 0.035455 -0.599370
v 1.202428 0.035455 -0.539241
v 1.216749 0.004325 -0.594610
v 1.210049 0.004816 -0.597929
v 1.210663 0.035455 -0.597852
v 1.170701 0.035455 -0.567825
v 1.176290 0.004778 -0.551940
v 1.173434 0.004251 -0.557070
v 1.174218 0.035455 -0.583716
v 1.176050 0.004837 -0.586579
v 1.193064 0.000622 -0.594378
v 1.187909 0.000498 -0.547327
v 1.197067 0.004534 -0.539578
v 1.225447 0.000568 -0.576256
v 1.227504 0.004816 -0.582949
v 1.229036 0.035455 -0.579733
v 1.186364 0.035455 -0.595831
v 1.185741 0.004778 -0.595365
v 1.219911 0.035455 -0.546211
v 1.173679 0.001857 -0.577979
v 1.170817 0.004361 -0.571178
v 1.191100 0.004778 -0.597783
v 1.222498 0.001015 -0.553489
v 1.200308 0.000930 -0.596125
v 1.202703 0.004779 -0.599292
v 1.212419 0.035455 -0.541651
v 1.211617 0.004892 -0.541343
v 1.205449 0.001508 -0.541979
v 1.182231 0.001250 -0.549089
v 1.178344 0.001224 -0.553544
v 1.188608 0.004776 -0.541859
v 1.225587 0.001608 -0.582101
v 1.227695 0.003094 -0.581009
v 1.227785 0.001619 -0.576143
v 1.228994 0.001835 -0.568940
v 1.229874 0.003207 -0.573177
v 1.171147 0.035455 -0.575073
v 1.214509 0.003225 -0.543300
v 1.210068 0.001211 -0.543628
v 1.224613 0.002590 -0.552811
v 1.220335 0.002758 -0.547758
v 1.180851 0.001636 -0.589165
v 1.176554 0.002709 -0.585787
v 1.187887 0.001564 -0.594139
v 1.185451 0.002878 -0.594350
v 1.190902 0.002878 -0.596947
v 1.172100 0.002194 -0.570935
v 1.171971 0.002668 -0.564289
v 1.195066 0.000973 -0.543194
v 1.201163 0.000724 -0.543039
v 1.188039 0.003241 -0.542777
v 1.183136 0.003247 -0.545723
v 1.201717 0.002669 -0.598457
v 1.205147 0.003246 -0.598482
v 1.212085 0.003166 -0.596550
v 1.218795 0.002286 -0.591735
v 1.204549 0.004770 -0.539630
v 1.226685 0.035455 -0.554035
v 1.228768 0.002271 -0.563583
v 1.228181 0.002803 -0.559440
v 1.174708 0.002326 -0.557067
v 1.177972 0.000658 -0.582368
v 1.171812 0.003967 -0.576895
v 1.226821 0.000927 -0.563340
v 1.220631 0.004172 -0.591629
v 1.219676 0.035455 -0.592726
v 1.223281 0.004770 -0.589096
v 1.194663 0.035455 -0.598852
v 1.196774 0.004283 -0.599026
v 1.182857 0.035455 -0.545208
v 1.177537 0.035455 -0.550152
v 1.181143 0.004776 -0.546552
v 1.193593 0.002808 -0.541016
v 1.207779 0.000568 -0.593992
v 1.210082 0.001516 -0.595624
v 1.177810 0.003139 -0.550818
v 1.198652 0.002222 -0.540801
v 1.202092 0.003238 -0.539956
v 1.179553 0.035455 -0.590757
v 1.181085 0.003903 -0.591850
v 1.174540 0.000772 -0.572392
v 1.174600 0.000946 -0.562790
v 1.216158 0.000632 -0.590345
v 1.222096 0.001189 -0.586362
v 1.224417 0.003256 -0.586835
v 1.187557 0.001533 -0.544776
v 1.196635 0.002274 -0.597781
v 1.172353 0.035455 -0.559007
v 1.171265 0.004468 -0.563528
v 1.218125 0.004779 -0.544965
v 1.229809 0.004314 -0.576279
v 1.182197 0.000813 -0.588376
v 1.207825 0.003240 -0.540799
v 1.215363 0.001199 -0.546285
v 1.229689 0.004382 -0.561884
v 1.224779 0.035455 -0.587313
v 1.230155 0.035455 -0.563326
v 1.173637 0.004159 -0.581992
v 1.230712 0.035455 -1.208689
v 1.230665 0.004350 -1.206554
v 1.176464 0.000475 -1.200334
v 1.224559 0.000473 -1.199574
v 1.215941 0.000475 -1.187260
v 1.189331 0.035455 -1.179505
v 1.226739 0.004489 -1.192480
v 1.222544 0.004757 -1.186829
v 1.196060 0.035455 -1.237188
v 1.199423 0.035455 -1.177220
v 1.216749 0.004325 -1.232610
v 1.211309 0.004756 -1.235417
v 1.216279 0.035455 -1.233057
v 1.170701 0.035455 -1.205825
v 1.176290 0.004778 -1.189940
v 1.173433 0.004251 -1.195071
v 1.174218 0.035455 -1.221716
v 1.176050 0.004837 -1.224579
v 1.193064 0.000622 -1.232378
v 1.207824 0.035455 -1.236692
v 1.187909 0.000498 -1.185327
v 1.197067 0.004533 -1.177578
v 1.225447 0.000568 -1.214256
v 1.227504 0.004816 -1.220949
v 1.229036 0.035455 -1.217733
v 1.186364 0.035455 -1.233831
v 1.185740 0.004778 -1.233365
v 1.176611 0.035455 -1.189426
v 1.220911 0.035455 -1.185159
v 1.173679 0.001857 -1.215979
v 1.170817 0.004361 -1.209178
v 1.192236 0.004376 -1.236147
v 1.222498 0.001015 -1.191489
v 1.200308 0.000930 -1.234125
v 1.205441 0.003900 -1.236818
v 1.199762 0.004779 -1.237345
v 1.215897 0.035455 -1.181449
v 1.211617 0.004892 -1.179344
v 1.205449 0.001508 -1.179979
v 1.182231 0.001250 -1.187089
v 1.178344 0.001224 -1.191544
v 1.188608 0.004776 -1.179859
v 1.225586 0.001608 -1.220101
v 1.227695 0.003094 -1.219009
v 1.227785 0.001619 -1.214143
v 1.228994 0.001835 -1.206940
v 1.229874 0.003207 -1.211177
v 1.171147 0.035455 -1.213073
v 1.214509 0.003225 -1.181300
v 1.210068 0.001211 -1.181628
v 1.224613 0.002590 -1.190811
v 1.220335 0.002758 -1.185758
v 1.180851 0.001636 -1.227165
v 1.176553 0.002709 -1.223787
v 1.189637 0.001799 -1.233458
v 1.185451 0.002878 -1.232350
v 1.172100 0.002194 -1.208935
v 1.171971 0.002668 -1.202289
v 1.195065 0.000972 -1.181194
v 1.201163 0.000724 -1.181039
v 1.188038 0.003241 -1.180777
v 1.183136 0.003247 -1.183724
v 1.201716 0.002668 -1.236457
v 1.212084 0.003166 -1.234550
v 1.218795 0.002286 -1.229735
v 1.209036 0.035455 -1.178474
v 1.204549 0.004770 -1.177630
v 1.229893 0.035455 -1.199859
v 1.228768 0.002271 -1.201583
v 1.228181 0.002803 -1.197440
v 1.174708 0.002325 -1.195067
v 1.177971 0.000658 -1.220368
v 1.171812 0.003967 -1.214895
v 1.226821 0.000927 -1.201340
v 1.220631 0.004172 -1.229628
v 1.223163 0.035455 -1.227471
v 1.223281 0.004770 -1.227096
v 1.181731 0.035455 -1.184004
v 1.181143 0.004776 -1.184552
v 1.225807 0.035455 -1.190787
v 1.193593 0.002808 -1.179016
v 1.207779 0.000568 -1.231992
v 1.210082 0.001516 -1.233624
v 1.177810 0.003139 -1.188818
v 1.198651 0.002222 -1.178801
v 1.202092 0.003237 -1.177956
v 1.179553 0.035455 -1.228757
v 1.181084 0.003903 -1.229849
v 1.174540 0.000772 -1.210392
v 1.174600 0.000946 -1.200789
v 1.216158 0.000632 -1.228345
v 1.222096 0.001189 -1.224362
v 1.224418 0.003256 -1.224835
v 1.187557 0.001533 -1.182776
v 1.196616 0.002778 -1.236296
v 1.172353 0.035455 -1.197007
v 1.171265 0.004468 -1.201527
v 1.218125 0.004778 -1.182965
v 1.229809 0.004314 -1.214279
v 1.182197 0.000813 -1.226377
v 1.207824 0.003240 -1.178799
v 1.215363 0.001199 -1.184285
v 1.229689 0.004382 -1.199884
v 1.173637 0.004159 -1.219991
vn -0.7325 0.6802 0.0281
vn -0.9703 -0.1699 -0.1723
vn 0.1490 -0.9873 -0.0548
vn -0.1549 -0.9861 -0.0608
vn -0.1204 -0.9815 -0.1491
vn 0.1138 0.6710 -0.7327
vn -0.8353 -0.2401 -0.4946
vn -0.6044 0.6710 -0.4295
vn -0.7197 -0.1990 -0.6652
vn -0.0220 0.6703 0.7418
vn -0.5143 -0.2701 0.8140
vn -0.3373 -0.1564 0.9283
vn -0.3839 0.6827 0.6217
vn 0.7317 0.6805 -0.0392
vn 0.8488 -0.1921 -0.4925
vn 0.6287 0.6790 0.3791
vn 0.7976 -0.1789 0.5761
vn 0.0911 -0.9471 0.3078
vn -0.2333 0.6819 0.6932
vn 0.1080 -0.9767 -0.1857
vn 0.1121 -0.2363 -0.9652
vn -0.2272 -0.9719 0.0623
vn -0.8727 -0.1850 0.4518
vn -0.7017 0.6796 0.2140
vn 0.2537 0.6692 0.6985
vn 0.4580 -0.2597 0.8502
vn 0.5672 0.6746 -0.4724
vn -0.4426 0.6817 -0.5826
vn 0.6211 -0.7575 0.2010
vn 0.9667 -0.2448 0.0751
vn 0.9732 -0.1913 -0.1274
vn -0.3418 -0.9065 -0.2477
vn -0.9805 -0.1931 0.0363
vn 0.0040 -0.9116 0.4110
vn -0.1647 -0.3448 0.9241
vn 0.0287 -0.1859 0.9821
vn -0.2850 0.6794 -0.6762
vn -0.3536 -0.1902 -0.9159
vn -0.0983 -0.8098 -0.5784
vn 0.3486 -0.8599 -0.3728
vn 0.3862 -0.8823 -0.2690
vn 0.3427 -0.1806 -0.9219
vn 0.3733 0.6701 -0.6415
vn -0.6245 0.6839 0.3772
vn -0.5087 -0.8175 0.2700
vn -0.7880 -0.5245 0.3224
vn -0.5909 -0.7942 0.1419
vn -0.6200 -0.7846 0.0022
vn -0.8475 -0.5190 0.1113
vn -0.4087 -0.4973 -0.7653
vn -0.1711 -0.8678 -0.4666
vn -0.6439 -0.6230 -0.4441
vn -0.5358 -0.6037 -0.5902
vn 0.4604 -0.7730 0.4365
vn 0.6443 -0.6238 0.4424
vn 0.3343 -0.7534 0.5662
vn 0.2643 -0.5763 0.7733
vn 0.7693 -0.6387 -0.0162
vn 0.0951 -0.9095 -0.4048
vn -0.0039 -0.9478 -0.3189
vn 0.3794 -0.4854 -0.7877
vn 0.5273 -0.5282 -0.6656
vn -0.0353 -0.6248 0.7800
vn -0.3432 -0.5219 0.7809
vn -0.4484 -0.6918 0.5660
vn -0.1050 0.6810 -0.7247
vn -0.1257 -0.1764 -0.9763
vn -0.7145 0.6721 -0.1944
vn -0.8935 -0.2786 -0.3521
vn -0.6985 -0.6798 -0.2235
vn 0.7281 -0.5941 -0.3419
vn 0.2723 -0.9489 0.1593
vn 0.9197 -0.3172 0.2313
vn 0.7182 0.6728 0.1774
vn -0.4034 -0.9112 -0.0829
vn -0.6397 -0.2814 0.7152
vn -0.5201 0.6803 0.5165
vn -0.7464 -0.1814 0.6403
vn 0.5645 -0.1799 -0.8056
vn 0.2049 -0.5822 -0.7868
vn -0.0531 -0.9752 0.2148
vn -0.1872 -0.8113 0.5538
vn 0.2282 -0.1854 0.9558
vn 0.7246 -0.1734 -0.6670
vn 0.6583 -0.5274 -0.5371
vn 0.0546 -0.7001 -0.7120
vn -0.0381 -0.4963 -0.8673
vn 0.4863 0.6724 0.5580
vn 0.6159 -0.3331 0.7140
vn 0.3428 -0.9386 0.0378
vn 0.4449 -0.8888 -0.1103
vn -0.1716 -0.9552 0.2410
vn -0.3787 -0.8756 0.2998
vn -0.7008 -0.4990 0.5097
vn 0.2744 -0.8102 -0.5179
vn 0.1171 -0.6018 0.7900
vn 0.6934 0.6728 -0.2581
vn 0.9292 -0.1907 -0.3165
vn 0.7967 -0.5731 -0.1920
vn -0.5686 -0.1958 -0.7990
vn -0.9356 -0.2659 0.2323
vn 0.2186 -0.9497 0.2243
vn -0.2159 -0.4954 -0.8414
vn -0.2763 -0.8573 -0.4344
vn -0.8731 -0.4785 -0.0935
vn 0.8710 -0.2972 0.3913
vn 0.2360 0.6700 -0.7039
vn 0.2639 -0.2826 -0.9222
vn -0.8353 -0.2400 -0.4946
vn 0.0460 0.6692 0.7417
vn -0.0373 0.6692 -0.7421
vn -0.3384 -0.1578 0.9277
vn -0.3796 0.6813 0.6259
vn 0.7324 0.6796 -0.0403
vn 0.8016 -0.3347 -0.4954
vn 0.6305 0.6806 0.3731
vn 0.7976 -0.1792 0.5760
vn 0.0907 -0.9492 0.3012
vn -0.1994 0.6761 0.7093
vn 0.0819 -0.2503 -0.9647
vn 0.3176 0.6693 0.6717
vn 0.4915 -0.1749 0.8532
vn 0.5740 0.6754 -0.4630
vn -0.4426 0.6816 -0.5826
vn 0.6208 -0.7574 0.2025
vn 0.9628 -0.2619 0.0664
vn 0.9453 -0.3026 -0.1221
vn 0.3037 -0.1800 0.9356
vn -0.0029 -0.9140 0.4056
vn -0.1559 -0.3403 0.9273
vn 0.0883 -0.2486 0.9646
vn -0.2758 0.6764 -0.6830
vn -0.3525 -0.1886 -0.9166
vn -0.0945 -0.8096 -0.5793
vn 0.3625 -0.8485 -0.3854
vn 0.4057 -0.8643 -0.2972
vn 0.4114 -0.3430 -0.8445
vn -0.4086 -0.4974 -0.7653
vn -0.5358 -0.6038 -0.5902
vn 0.4602 -0.7738 0.4353
vn 0.2577 -0.8305 0.4939
vn 0.4360 -0.5700 0.6964
vn 0.2635 -0.5855 0.7667
vn 0.7038 -0.7103 0.0105
vn 0.0931 -0.9199 -0.3809
vn -0.0027 -0.9415 -0.3370
vn -0.0389 -0.6240 0.7805
vn -0.1319 -0.1777 -0.9752
vn -0.8935 -0.2787 -0.3521
vn 0.6552 -0.6906 -0.3063
vn 0.2722 -0.9489 0.1593
vn 0.9199 -0.3169 0.2311
vn -0.4035 -0.9112 -0.0829
vn 0.4307 0.6795 -0.5940
vn 0.5694 -0.3532 -0.7423
vn 0.6976 -0.3585 -0.6204
vn 0.1258 -0.6863 -0.7164
vn -0.0325 -0.5279 -0.8487
vn 0.5086 0.6774 0.5315
vn 0.6260 -0.3264 0.7082
vn 0.3242 -0.9451 0.0403
vn 0.4296 -0.8970 -0.1043
vn 0.2818 -0.7949 -0.5373
vn 0.1188 -0.6921 0.7120
vn 0.6947 0.6711 -0.2587
vn 0.9122 -0.2624 -0.3146
vn 0.7263 -0.6647 -0.1753
vn 0.2191 -0.9494 0.2250
vn -0.2159 -0.4955 -0.8414
vn 0.8710 -0.2971 0.3913
vn -0.7348 0.6741 0.0747
vn -0.9705 -0.1681 -0.1727
vn 0.1150 0.6703 -0.7331
vn 0.2679 -0.2819 -0.9213
vn -0.8338 -0.2417 -0.4963
vn -0.5689 0.6798 -0.4629
vn -0.7201 -0.1984 -0.6649
vn 0.0438 0.6815 0.7305
vn -0.5155 -0.2700 0.8133
vn -0.3377 -0.1586 0.9278
vn -0.3516 0.6754 0.6482
vn 0.7302 0.6818 -0.0445
vn 0.8488 -0.1920 -0.4926
vn 0.6625 0.6826 0.3083
vn 0.5680 0.6794 0.4646
vn 0.7974 -0.1789 0.5763
vn 0.0782 -0.2513 -0.9648
vn -0.2272 -0.9718 0.0623
vn -0.8729 -0.1834 0.4522
vn -0.6693 0.6707 0.3196
vn 0.2522 0.6740 0.6943
vn 0.4575 -0.2605 0.8502
vn 0.5670 0.6741 -0.4734
vn -0.4373 0.6830 -0.5851
vn 0.9666 -0.2449 0.0752
vn 0.9732 -0.1913 -0.1273
vn -0.9805 -0.1936 0.0347
vn -0.1630 -0.3451 0.9243
vn 0.0263 -0.1858 0.9822
vn 0.3518 -0.8527 -0.3862
vn 0.4087 -0.3425 -0.8460
vn 0.3738 0.6684 -0.6430
vn 0.7206 0.6788 0.1414
vn -0.5358 -0.6037 -0.5903
vn 0.0931 -0.9199 -0.3810
vn -0.1287 -0.1769 -0.9758
vn -0.6610 0.6831 -0.3105
vn -0.8940 -0.2802 -0.3497
vn -0.6986 -0.6797 -0.2235
vn 0.7281 -0.5941 -0.3420
vn 0.9200 -0.3160 0.2319
vn -0.6394 -0.2805 0.7159
vn -0.5266 0.6760 0.5156
vn -0.7471 -0.1801 0.6398
vn 0.5653 -0.3561 -0.7440
vn 0.2292 -0.1871 0.9552
vn 0.7319 -0.1571 -0.6631
vn 0.6599 -0.5294 -0.5332
vn 0.4348 0.6813 0.5889
vn 0.6163 -0.3329 0.7137
vn -0.7008 -0.4991 0.5097
vn 0.2819 -0.7949 -0.5373
vn 0.7966 -0.5731 -0.1920
vn -0.9353 -0.2659 0.2336
vn 0.2186 -0.9497 0.2242
vn -0.1456 0.6780 0.7205
vn -0.7204 0.6790 -0.1412
vn 0.8713 -0.2969 0.3907
vn 0.1070 0.6687 -0.7358
vn -0.8334 -0.2419 -0.4969
vn -0.7208 -0.1982 -0.6642
vn 0.0508 0.6701 0.7405
vn -0.3375 -0.1586 0.9279
vn -0.3563 0.6768 0.6442
vn 0.8488 -0.1921 -0.4926
vn 0.0782 -0.2513 -0.9647
vn 0.4915 -0.1750 0.8531
vn -0.4999 0.6830 -0.5324
vn 0.3036 -0.1800 0.9356
vn -0.3418 -0.9065 -0.2478
vn -0.1559 -0.3404 0.9272
vn -0.3605 0.6825 -0.6358
vn -0.3540 -0.1923 -0.9153
vn 0.6443 -0.6239 0.4424
vn 0.4359 -0.5701 0.6964
vn -0.1603 0.6736 -0.7215
vn -0.1276 -0.1780 -0.9757
vn -0.6394 0.6724 -0.3730
vn -0.8941 -0.2802 -0.3494
vn -0.5265 0.6760 0.5156
vn -0.7471 -0.1802 0.6398
vn 0.5653 -0.3561 -0.7441
vn -0.1873 -0.8113 0.5538
vn 0.7319 -0.1572 -0.6631
vn -0.5686 -0.1973 -0.7986
vn 0.2190 -0.9494 0.2250
vn -0.1691 0.6809 0.7126
vn -0.7205 0.6766 -0.1517
vn 0.7311 0.6814 -0.0334
vn 0.9703 -0.1689 0.1733
vn -0.1490 -0.9873 0.0548
vn 0.1549 -0.9861 0.0608
vn 0.1204 -0.9815 0.1491
vn 0.8334 -0.2410 0.4974
vn 0.5426 0.6819 0.4904
vn 0.7207 -0.1964 0.6649
vn -0.0337 0.6722 -0.7396
vn -0.0407 0.6703 0.7410
vn 0.5143 -0.2701 -0.8140
vn 0.3384 -0.1578 -0.9277
vn 0.3796 0.6813 -0.6259
vn -0.7350 0.6692 0.1097
vn -0.8770 -0.1861 0.4429
vn -0.6518 0.6750 0.3459
vn -0.6027 0.6690 -0.4351
vn -0.7979 -0.1774 -0.5761
vn -0.0911 -0.9471 -0.3078
vn 0.1994 0.6761 -0.7093
vn -0.1080 -0.9767 0.1857
vn -0.1156 -0.2352 0.9650
vn 0.2272 -0.9718 -0.0623
vn 0.8727 -0.1850 -0.4518
vn 0.7017 0.6796 -0.2140
vn -0.4223 0.6765 -0.6033
vn -0.4567 -0.2601 -0.8508
vn -0.6195 -0.7578 -0.2048
vn -0.9653 -0.2557 -0.0536
vn -0.2439 0.6823 -0.6892
vn 0.3418 -0.9065 0.2477
vn 0.9805 -0.1931 -0.0363
vn -0.0040 -0.9116 -0.4110
vn 0.1627 -0.3439 -0.9248
vn -0.0248 -0.1864 -0.9822
vn 0.4000 0.6769 0.6179
vn 0.3535 -0.1917 0.9156
vn 0.0983 -0.8098 0.5785
vn -0.3485 -0.8600 0.3728
vn -0.3862 -0.8823 0.2690
vn -0.3408 -0.1787 0.9230
vn -0.3063 0.6700 0.6762
vn 0.6245 0.6839 -0.3772
vn 0.5087 -0.8175 -0.2700
vn 0.7880 -0.5245 -0.3224
vn 0.5909 -0.7942 -0.1419
vn 0.6201 -0.7845 -0.0022
vn 0.8475 -0.5190 -0.1113
vn 0.4086 -0.4974 0.7653
vn 0.1711 -0.8678 0.4666
vn 0.6439 -0.6230 0.4441
vn 0.5358 -0.6038 0.5902
vn -0.4604 -0.7730 -0.4365
vn -0.6443 -0.6239 -0.4424
vn -0.3343 -0.7534 -0.5663
vn -0.2643 -0.5763 -0.7733
vn -0.7092 -0.7043 -0.0309
vn -0.7734 -0.6216 0.1243
vn -0.0951 -0.9095 0.4048
vn 0.0039 -0.9478 0.3189
vn -0.3794 -0.4854 0.7877
vn -0.5273 -0.5282 0.6655
vn 0.0353 -0.6248 -0.7800
vn 0.3432 -0.5219 -0.7809
vn 0.4484 -0.6918 -0.5660
vn 0.2011 0.6781 0.7069
vn 0.1266 -0.1791 0.9757
vn 0.6518 0.6780 0.3398
vn 0.8940 -0.2804 0.3494
vn 0.6986 -0.6797 0.2235
vn -0.7257 -0.6043 0.3289
vn -0.2722 -0.9489 -0.1593
vn -0.9204 -0.3126 -0.2349
vn -0.7227 0.6683 -0.1763
vn 0.4035 -0.9112 0.0829
vn 0.6397 -0.2814 -0.7152
vn 0.5201 0.6803 -0.5165
vn 0.7464 -0.1814 -0.6403
vn -0.5147 0.6762 0.5271
vn -0.5632 -0.1815 0.8061
vn -0.2049 -0.5821 0.7868
vn 0.0531 -0.9752 -0.2148
vn 0.1872 -0.8113 -0.5538
vn -0.2308 -0.1872 -0.9548
vn -0.7307 -0.1730 0.6604
vn -0.6641 -0.5218 0.5355
vn -0.0546 -0.7001 0.7120
vn 0.0381 -0.4963 0.8673
vn -0.6169 -0.3324 -0.7134
vn -0.3228 -0.9457 -0.0367
vn -0.4442 -0.8884 0.1160
vn 0.1716 -0.9552 -0.2410
vn 0.3787 -0.8756 -0.2998
vn 0.7008 -0.4991 -0.5097
vn -0.2744 -0.8102 0.5179
vn -0.1171 -0.6018 -0.7900
vn -0.9565 -0.2143 0.1980
vn 0.5696 -0.1960 0.7982
vn 0.9356 -0.2659 -0.2323
vn -0.2186 -0.9497 -0.2242
vn 0.2159 -0.4954 0.8414
vn 0.2763 -0.8573 0.4344
vn 0.8731 -0.4785 0.0935
vn 0.7180 0.6794 0.1517
vn -0.8711 -0.2959 -0.3920
vn 0.7315 0.6815 -0.0221
vn 0.9703 -0.1699 0.1724
vn 0.8346 -0.2402 0.4958
vn 0.7205 -0.1987 0.6643
vn 0.1054 0.6713 -0.7337
vn -0.0350 0.6717 0.7400
vn 0.5155 -0.2700 -0.8133
vn 0.3375 -0.1582 -0.9279
vn 0.3471 0.6740 -0.6521
vn -0.7350 0.6682 0.1150
vn -0.8067 -0.1767 0.5639
vn -0.6377 0.6689 0.3820
vn -0.8818 -0.2677 0.3883
vn -0.6287 0.6790 -0.3790
vn -0.7976 -0.1790 -0.5761
vn -0.1082 -0.2378 0.9653
vn 0.8733 -0.1835 -0.4514
vn 0.6444 0.6782 -0.3533
vn -0.3185 0.6802 -0.6602
vn -0.4564 -0.2574 -0.8518
vn 0.4945 0.6846 0.5355
vn -0.1390 0.6763 -0.7234
vn 0.3418 -0.9065 0.2478
vn 0.1638 -0.3463 -0.9237
vn -0.0272 -0.1873 -0.9819
vn 0.3652 0.6840 0.6315
vn 0.3535 -0.1919 0.9155
vn 0.0945 -0.8096 0.5793
vn -0.3837 -0.8828 0.2710
vn -0.4094 -0.3397 0.8468
vn -0.2744 0.6743 0.6856
vn -0.6442 -0.6239 -0.4424
vn -0.2642 -0.5763 -0.7733
vn -0.7737 -0.6214 0.1234
vn -0.0931 -0.9199 0.3809
vn 0.0027 -0.9415 0.3370
vn -0.5031 -0.5193 0.6908
vn 0.1955 0.6795 0.7071
vn 0.7148 0.6734 0.1888
vn 0.8935 -0.2797 0.3513
vn 0.6986 -0.6797 0.2236
vn -0.6556 -0.6884 0.3104
vn -0.7232 0.6703 -0.1666
vn 0.6394 -0.2805 -0.7159
vn 0.5217 0.6774 -0.5186
vn 0.7467 -0.1809 -0.6401
vn -0.4693 0.6741 0.5704
vn -0.6410 -0.1909 0.7434
vn 0.6198 0.6769 0.3969
vn -0.2321 -0.1848 -0.9550
vn -0.6578 -0.5170 0.5477
vn -0.1238 -0.6906 0.7126
vn 0.0267 -0.5169 0.8556
vn -0.4925 0.6744 -0.5502
vn -0.6159 -0.3331 -0.7140
vn -0.4415 -0.8904 0.1109
vn -0.2725 -0.7988 0.5363
vn -0.9571 -0.2140 0.1952
vn 0.5686 -0.1973 0.7986
vn 0.9357 -0.2650 -0.2331
vn 0.7065 0.6834 -0.1839
vn -0.2186 -0.9497 -0.2243
vn 0.2159 -0.4955 0.8414
vn -0.8710 -0.2972 -0.3913
vn -0.2803 -0.3029 0.9109
vn 0.7301 0.6828 -0.0275
vn -0.0454 0.6697 -0.7412
vn -0.7332 0.6703 0.1145
vn -0.8105 -0.1801 0.5574
vn -0.6517 0.6754 0.3452
vn -0.8817 -0.2676 0.3886
vn -0.6499 0.6755 -0.3483
vn -0.7970 -0.1800 -0.5765
vn 0.8732 -0.1836 -0.4514
vn -0.3180 0.6694 -0.6714
vn -0.4589 -0.2578 -0.8503
vn -0.9652 -0.2558 -0.0537
vn -0.3349 -0.1809 0.9247
vn -0.3072 0.6696 0.6762
vn -0.5197 -0.1799 0.8352
vn -0.7257 0.6743 -0.1367
vn -0.6443 -0.6238 -0.4424
vn -0.3720 -0.4974 0.7838
vn -0.5176 -0.5158 0.6827
vn -0.2723 -0.9489 -0.1593
vn -0.9207 -0.3106 -0.2362
vn 0.5247 0.6789 -0.5136
vn -0.5138 0.6761 0.5281
vn -0.6709 -0.1962 0.7151
vn -0.2308 -0.1866 -0.9549
vn -0.6570 -0.5238 0.5423
vn -0.5132 0.6762 -0.5286
vn -0.6153 -0.3312 -0.7153
vn -0.2744 -0.8103 0.5179
vn 0.9357 -0.2649 -0.2331
vn -0.8719 -0.2965 -0.3896
vn -0.7317 0.6805 0.0389
vn -0.8116 -0.1777 0.5565
vn -0.8800 -0.2688 0.3917
vn -0.5900 0.6813 0.4333
vn -0.9651 -0.2562 -0.0536
vn -0.0039 -0.9116 -0.4110
vn -0.4824 -0.1854 0.8561
vn -0.2717 0.6759 0.6851
vn 0.5358 -0.6037 0.5902
vn -0.3491 -0.5094 0.7865
vn -0.5205 -0.5032 0.6899
vn 0.1265 -0.1791 0.9757
vn -0.7183 0.6728 -0.1774
vn -0.4594 0.6789 0.5728
vn -0.6688 -0.1953 0.7173
vn -0.1213 -0.6908 0.7128
vn -0.2729 -0.8096 0.5197
vn -0.6944 0.6734 0.2539
vn -0.9570 -0.2166 0.1928
vn 0.5685 -0.1973 0.7986
vn -0.2752 -0.2921 0.9160
vn 0.0691 0.6796 -0.7303
vn 0.0295 -0.2711 -0.9621
vn 0.0548 -0.9873 0.1490
vn 0.0608 -0.9861 -0.1549
vn 0.1491 -0.9815 -0.1204
vn 0.9262 -0.2920 0.2386
vn 0.4724 -0.2340 -0.8498
vn 0.4435 0.6724 -0.5927
vn 0.6643 -0.1976 -0.7209
vn -0.7396 0.6721 0.0360
vn 0.7402 0.6715 0.0353
vn -0.8170 -0.2678 -0.5107
vn -0.9360 -0.1867 -0.2985
vn -0.6244 0.6797 -0.3848
vn 0.1128 0.6715 0.7324
vn 0.4930 -0.1910 0.8488
vn 0.3521 0.6749 0.6484
vn -0.3083 0.6826 0.6625
vn -0.4691 0.6782 0.5657
vn -0.5764 -0.1789 0.7974
vn -0.3013 -0.9492 0.0907
vn -0.7085 0.6766 -0.2006
vn 0.1857 -0.9767 0.1080
vn 0.9647 -0.2503 0.0816
vn -0.0623 -0.9719 -0.2272
vn -0.4521 -0.1839 -0.8728
vn -0.2937 0.6772 -0.6747
vn -0.6059 0.6778 0.4165
vn -0.8550 -0.1771 0.4875
vn -0.2010 -0.7575 0.6211
vn -0.0748 -0.2439 0.9669
vn 0.1261 -0.1920 0.9733
vn -0.6904 0.6813 0.2434
vn -0.9341 -0.1758 0.3106
vn 0.2468 -0.9063 -0.3431
vn -0.4056 -0.9140 -0.0029
vn -0.9824 -0.1754 -0.0640
vn 0.6135 0.6746 -0.4104
vn 0.9156 -0.1917 -0.3535
vn 0.5793 -0.8096 -0.0945
vn 0.3862 -0.8527 0.3518
vn 0.2690 -0.8823 0.3862
vn 0.9002 -0.1734 0.3994
vn 0.6847 0.6733 0.2791
vn -0.2700 -0.8175 -0.5087
vn -0.3224 -0.5245 -0.7880
vn -0.1419 -0.7942 -0.5909
vn 0.0091 -0.7736 -0.6337
vn -0.1102 -0.5041 -0.8566
vn -0.1301 0.6760 0.7253
vn 0.7653 -0.4974 -0.4086
vn 0.4666 -0.8678 -0.1711
vn 0.4498 -0.6147 -0.6479
vn 0.5903 -0.6037 -0.5358
vn -0.4353 -0.7738 0.4602
vn -0.4424 -0.6238 0.6443
vn -0.4939 -0.8305 0.2577
vn -0.6964 -0.5701 0.4359
vn -0.7646 -0.5869 0.2665
vn 0.0162 -0.6387 0.7693
vn 0.3809 -0.9199 0.0931
vn 0.3370 -0.9415 -0.0027
vn 0.7656 -0.5280 0.3676
vn -0.7828 -0.6216 -0.0291
vn -0.8496 -0.5052 -0.1514
vn -0.7872 -0.5051 -0.3537
vn -0.5659 -0.6918 -0.4484
vn 0.7069 0.6781 -0.2011
vn 0.9751 -0.1797 -0.1298
vn 0.2488 0.6819 -0.6879
vn 0.1380 -0.6692 -0.7302
vn 0.2928 -0.6003 -0.7443
vn 0.3420 -0.5941 0.7281
vn -0.1593 -0.9489 0.2723
vn -0.2319 -0.3160 0.9200
vn 0.0953 -0.9093 -0.4052
vn -0.7153 -0.2812 -0.6398
vn -0.4905 0.6732 -0.5533
vn -0.6400 -0.1810 -0.7467
vn -0.9565 -0.2613 0.1296
vn 0.5538 0.6704 0.4939
vn 0.7450 -0.3572 0.5634
vn -0.2148 -0.9752 -0.0531
vn -0.5471 -0.8152 -0.1903
vn 0.6602 -0.1590 0.7341
vn 0.5332 -0.5294 0.6599
vn 0.7127 -0.6910 0.1209
vn 0.8487 -0.5279 -0.0325
vn -0.7061 -0.3287 0.6272
vn -0.0378 -0.9386 0.3428
vn 0.1103 -0.8888 0.4449
vn -0.2410 -0.9552 -0.1716
vn -0.2998 -0.8756 -0.3787
vn -0.5097 -0.4991 -0.7008
vn 0.5221 -0.8043 0.2837
vn -0.7064 -0.6989 0.1118
vn 0.3176 -0.1903 0.9289
vn 0.1920 -0.5731 0.7967
vn 0.7982 -0.1959 -0.5696
vn -0.2250 -0.2623 -0.9384
vn -0.1100 0.6828 -0.7223
vn -0.2250 -0.9494 0.2191
vn 0.8414 -0.4954 -0.2159
vn 0.4344 -0.8573 -0.2763
vn 0.2356 -0.2417 -0.9413
vn -0.3907 -0.2969 0.8713
vn -0.0337 0.6789 -0.7334
vn 0.1723 -0.1699 -0.9703
vn 0.7174 0.6714 0.1861
vn 0.9247 -0.2758 0.2625
vn 0.4946 -0.2400 -0.8353
vn 0.4359 0.6694 -0.6015
vn 0.6658 -0.1980 -0.7194
vn 0.7301 0.6827 -0.0304
vn -0.8170 -0.2677 -0.5107
vn -0.9360 -0.1867 -0.2986
vn 0.0384 0.6834 0.7291
vn 0.5508 -0.1865 0.8135
vn 0.4176 0.6758 0.6074
vn 0.3676 -0.2552 0.8943
vn 0.9645 -0.2521 0.0794
vn -0.4528 -0.1846 -0.8723
vn -0.2616 0.6713 -0.6935
vn -0.0752 -0.2448 0.9666
vn 0.1349 -0.1888 0.9727
vn -0.9341 -0.1758 0.3107
vn 0.2478 -0.9065 -0.3418
vn -0.0363 -0.1931 -0.9805
vn -0.9824 -0.1755 -0.0640
vn 0.3728 -0.8600 0.3485
vn 0.2710 -0.8828 0.3837
vn 0.8571 -0.1847 0.4809
vn -0.3225 -0.5245 -0.7880
vn -0.0022 -0.7846 -0.6200
vn -0.1113 -0.5190 -0.8475
vn -0.1413 0.6788 0.7206
vn 0.7653 -0.4974 -0.4087
vn 0.4441 -0.6230 -0.6439
vn -0.4425 -0.6238 0.6443
vn -0.4939 -0.8304 0.2577
vn 0.7889 -0.5066 0.3478
vn 0.6899 -0.5032 0.5205
vn -0.7872 -0.5051 -0.3538
vn -0.5660 -0.6918 -0.4485
vn 0.7020 0.6805 -0.2102
vn 0.9753 -0.1792 -0.1292
vn 0.1944 0.6721 -0.7145
vn 0.3521 -0.2786 -0.8935
vn 0.2236 -0.6797 -0.6986
vn 0.3267 -0.6799 0.6565
vn 0.0829 -0.9112 -0.4035
vn -0.4874 0.6723 -0.5572
vn 0.6020 0.6703 0.4338
vn 0.7167 -0.1951 0.6696
vn 0.5408 -0.5234 0.6585
vn 0.7165 -0.6866 0.1234
vn -0.7061 -0.3286 0.6272
vn 0.1057 -0.8900 0.4436
vn 0.5197 -0.8095 0.2730
vn -0.7064 -0.6989 0.1117
vn 0.2222 0.6785 0.7002
vn 0.1914 -0.5644 0.8030
vn -0.2318 -0.2664 -0.9356
vn 0.0935 -0.4785 -0.8731
vn 0.9189 -0.2710 0.2868
vn 0.4434 0.6724 -0.5927
vn 0.6642 -0.1976 -0.7209
vn 0.7399 0.6718 0.0348
vn 0.4973 -0.1887 0.8468
vn 0.3526 0.6746 0.6485
vn 0.9642 -0.2512 0.0846
vn 0.6840 0.6746 0.2777
vn 0.8379 -0.1755 0.5168
vn 0.0091 -0.7735 -0.6337
vn -0.1301 0.6760 0.7254
vn 0.4498 -0.6148 -0.6479
vn 0.7918 -0.4891 0.3658
vn 0.6852 -0.5043 0.5255
vn -0.7873 -0.5051 -0.3538
vn -0.5660 -0.6918 -0.4484
vn 0.1380 -0.6691 -0.7302
vn -0.2318 -0.3160 0.9200
vn 0.5518 0.6714 0.4948
vn 0.6854 -0.1948 0.7016
vn 0.5339 -0.5167 0.6693
vn 0.7216 -0.6808 0.1261
vn 0.3176 -0.1902 0.9290
vn -0.0335 0.6787 -0.7337
vn 0.0297 -0.2702 -0.9624
vn 0.4720 -0.2330 -0.8503
vn 0.4362 0.6699 -0.6008
vn -0.4528 -0.1847 -0.8723
vn 0.9156 -0.1918 -0.3535
vn 0.3728 -0.8600 0.3486
vn 0.8571 -0.1848 0.4809
vn -0.1102 -0.5040 -0.8566
vn 0.1936 0.6721 -0.7147
vn 0.2928 -0.6003 -0.7442
vn 0.3267 -0.6800 0.6565
vn -0.7153 -0.2812 -0.6397
vn -0.5097 -0.4992 -0.7007
vn 0.5198 -0.8095 0.2730
vn -0.2241 -0.2629 -0.9384
vn -0.2250 -0.9494 0.2190
vn 0.2358 -0.2407 -0.9415
vn -0.0695 0.6758 -0.7338
vn 0.0302 -0.2714 -0.9620
vn 0.7358 0.6687 0.1071
vn 0.4729 -0.2329 -0.8497
vn 0.4946 0.6736 -0.5493
vn 0.6632 -0.1982 -0.7217
vn -0.7357 0.6773 -0.0064
vn -0.8148 -0.2706 -0.5128
vn -0.9254 -0.1694 -0.3389
vn -0.6992 0.6713 -0.2461
vn 0.0383 0.6833 0.7292
vn 0.5607 -0.1780 0.8086
vn 0.4494 0.6703 0.5906
vn 0.3910 -0.2683 0.8804
vn -0.4737 0.6770 0.5632
vn -0.5763 -0.1789 0.7974
vn -0.3078 -0.9471 0.0911
vn 0.9655 -0.2386 0.1046
vn -0.4514 -0.1849 -0.8729
vn -0.2776 0.6786 -0.6800
vn -0.6307 0.6713 0.3892
vn -0.8514 -0.2591 0.4560
vn -0.2048 -0.7579 0.6194
vn -0.0537 -0.2562 0.9651
vn -0.7083 0.6808 0.1865
vn 0.2467 -0.9063 -0.3431
vn -0.4110 -0.9116 0.0040
vn -0.9697 -0.1743 -0.1709
vn -0.9814 -0.1897 0.0307
vn 0.6321 0.6794 -0.3726
vn 0.9153 -0.1923 -0.3539
vn 0.3728 -0.8599 0.3486
vn 0.8480 -0.3398 0.4067
vn 0.6414 0.6686 0.3763
vn 0.0091 -0.7736 -0.6336
vn -0.4365 -0.7730 0.4604
vn -0.5662 -0.7534 0.3343
vn -0.7733 -0.5763 0.2643
vn -0.0309 -0.7044 0.7092
vn 0.1234 -0.6214 0.7737
vn 0.6907 -0.5194 0.5031
vn -0.7859 -0.6172 -0.0372
vn -0.8362 -0.5310 -0.1368
vn -0.7823 -0.5200 -0.3429
vn 0.7215 0.6736 -0.1603
vn 0.9762 -0.1776 -0.1245
vn 0.3154 0.6818 -0.6601
vn 0.3104 -0.6883 0.6556
vn -0.2354 -0.3115 0.9206
vn -0.7141 -0.2826 -0.6405
vn -0.5787 0.6767 -0.4552
vn -0.6408 -0.1810 -0.7461
vn 0.7429 -0.1952 0.6403
vn -0.5470 -0.8152 -0.1903
vn -0.9554 -0.1845 0.2307
vn 0.5477 -0.5170 0.6578
vn 0.7125 -0.6906 0.1238
vn 0.8556 -0.5169 -0.0267
vn -0.7135 -0.3329 0.6165
vn -0.0367 -0.9458 0.3228
vn 0.1109 -0.8904 0.4415
vn 0.5363 -0.7988 0.2725
vn -0.7900 -0.6018 0.1171
vn 0.2286 0.6770 0.6996
vn 0.1932 -0.2162 0.9570
vn 0.7985 -0.1964 -0.5690
vn -0.2254 -0.2628 -0.9382
vn -0.2242 -0.9497 0.2186
vn 0.2357 -0.2413 -0.9414
vn -0.4369 0.6837 -0.5845
vn 0.1421 0.6793 -0.7200
vn 0.9100 -0.3026 0.2835
vn 0.7353 0.6694 0.1057
vn 0.4725 -0.2320 -0.8503
vn 0.6627 -0.1979 -0.7223
vn -0.7404 0.6710 0.0397
vn -0.8140 -0.2701 -0.5143
vn -0.9277 -0.1578 -0.3384
vn -0.6240 0.6800 -0.3850
vn 0.4908 -0.1916 0.8499
vn 0.4513 0.6697 0.5898
vn -0.4646 0.6794 0.5680
vn -0.5763 -0.1790 0.7974
vn -0.7093 0.6761 -0.1994
vn 0.9652 -0.2363 0.1121
vn -0.2887 0.6758 -0.6782
vn -0.6821 0.6777 0.2748
vn -0.8506 -0.2600 0.4571
vn 0.5324 0.6830 -0.5000
vn -0.0752 -0.2448 0.9667
vn 0.1270 -0.1918 0.9732
vn -0.9248 -0.3439 -0.1627
vn -0.9822 -0.1864 0.0248
vn 0.6358 0.6825 -0.3605
vn 0.5785 -0.8098 -0.0983
vn 0.9219 -0.1806 0.3427
vn 0.6398 0.6688 0.3787
vn 0.7653 -0.4973 -0.4086
vn 0.4666 -0.8677 -0.1711
vn 0.4048 -0.9095 0.0951
vn 0.3189 -0.9478 -0.0039
vn 0.7877 -0.4854 0.3794
vn 0.6655 -0.5283 0.5273
vn -0.7800 -0.6248 -0.0353
vn -0.7810 -0.5219 -0.3432
vn 0.3725 0.6718 -0.6403
vn -0.6400 -0.1811 -0.7467
vn 0.8053 -0.1788 0.5652
vn 0.7868 -0.5822 0.2049
vn -0.5538 -0.8113 -0.1872
vn -0.9549 -0.1871 0.2306
vn 0.6682 -0.1733 0.7235
vn 0.5371 -0.5274 0.6583
vn 0.7119 -0.7001 0.0546
vn 0.8673 -0.4962 -0.0381
vn -0.5848 0.6825 0.4383
vn -0.7137 -0.3328 0.6163
vn -0.5097 -0.4991 -0.7007
vn 0.5179 -0.8102 0.2744
vn 0.2280 0.6773 0.6995
vn 0.3181 -0.1893 0.9290
vn 0.7986 -0.1972 -0.5686
vn -0.2254 -0.2627 -0.9382
vn 0.2366 -0.2401 -0.9415
vn 0.1534 0.6764 -0.7204
vn 0.0577 0.6771 -0.7336
vn 0.1743 -0.1699 -0.9699
vn 0.7351 0.6710 0.0964
vn 0.4958 -0.2403 -0.8346
vn 0.4042 0.6791 -0.6128
vn 0.6643 -0.1987 -0.7206
vn -0.7427 0.6691 -0.0272
vn -0.8143 -0.2714 -0.5130
vn -0.9287 -0.1555 -0.3366
vn -0.6859 0.6747 -0.2724
vn 0.0645 0.6774 0.7327
vn 0.5576 -0.1785 0.8107
vn 0.4158 0.6779 0.6063
vn 0.3903 -0.2688 0.8806
vn -0.3791 0.6790 0.6287
vn -0.5761 -0.1789 0.7976
vn -0.4512 -0.1854 -0.8730
vn -0.6985 0.6692 0.2537
vn -0.8502 -0.2597 0.4580
vn 0.5355 0.6846 -0.4945
vn -0.0538 -0.2562 0.9651
vn 0.2477 -0.9065 -0.3418
vn -0.0366 -0.1945 -0.9802
vn -0.4110 -0.9116 0.0039
vn -0.9243 -0.3440 -0.1653
vn -0.9821 -0.1859 0.0287
vn 0.8566 -0.1846 0.4817
vn 0.6656 0.6817 0.3038
vn -0.4081 0.6767 -0.6128
vn -0.0023 -0.7846 -0.6201
vn -0.7734 -0.5763 0.2643
vn 0.7865 -0.5094 0.3491
vn -0.7809 -0.5219 -0.3432
vn 0.9762 -0.1775 -0.1245
vn 0.2450 0.6824 -0.6887
vn 0.3507 -0.2789 -0.8940
vn -0.2349 -0.3127 0.9204
vn -0.1719 0.6715 0.7208
vn -0.7140 -0.2827 -0.6405
vn -0.5717 0.6770 -0.4635
vn -0.6410 -0.1815 -0.7457
vn 0.5657 0.6789 0.4681
vn 0.7171 -0.1946 0.6692
vn -0.9558 -0.1853 0.2282
vn 0.5423 -0.5237 0.6570
vn 0.7127 -0.6909 0.1213
vn 0.8557 -0.5169 -0.0267
vn -0.5580 0.6724 0.4863
vn -0.7140 -0.3331 0.6159
vn -0.0367 -0.9457 0.3228
vn 0.2494 0.6831 0.6865
vn 0.1937 -0.2161 0.9570
vn 0.7987 -0.1972 -0.5686
vn -0.2326 -0.2669 -0.9352
vn -0.1840 0.6717 -0.7176
vn 0.8414 -0.4953 -0.2159
vn -0.3913 -0.2972 0.8710
vn 0.9149 -0.2934 0.2772
vn 0.7325 0.6728 0.1042
vn 0.9247 -0.2759 0.2625
vn 0.4363 0.6729 -0.5974
vn 0.6652 -0.1989 -0.7197
vn -0.7416 0.6699 0.0346
vn -0.8147 -0.2706 -0.5128
vn -0.9276 -0.1572 -0.3388
vn -0.7033 0.6691 -0.2401
vn 0.0644 0.6774 0.7327
vn 0.6071 -0.1658 0.7772
vn 0.4153 0.6782 0.6063
vn 0.3942 -0.2669 0.8794
vn -0.5761 -0.1790 0.7976
vn 0.9647 -0.2513 0.0782
vn -0.0623 -0.9718 -0.2272
vn -0.6802 0.6750 0.2858
vn -0.8506 -0.2592 0.4575
vn 0.5826 0.6817 -0.4426
vn -0.9249 -0.3435 -0.1628
vn 0.6762 0.6794 -0.2850
vn 0.9159 -0.1902 -0.3536
vn 0.3818 -0.8555 0.3497
vn 0.8575 -0.1834 0.4807
vn 0.6654 0.6818 0.3039
vn 0.7867 -0.5080 0.3509
vn -0.7810 -0.5218 -0.3432
vn 0.7247 0.6810 -0.1050
vn 0.9758 -0.1768 -0.1287
vn 0.2508 0.6808 -0.6882
vn 0.3514 -0.2780 -0.8940
vn 0.2235 -0.6797 -0.6986
vn 0.3104 -0.6884 0.6556
vn -0.7141 -0.2827 -0.6405
vn -0.5764 0.6756 -0.4597
vn -0.6411 -0.1815 -0.7457
vn 0.5660 0.6788 0.4678
vn 0.7223 -0.3742 0.5816
vn -0.5538 -0.8114 -0.1872
vn 0.5344 -0.5421 0.6485
vn -0.5540 0.6734 0.4895
vn 0.5220 -0.8049 0.2822
vn 0.1937 -0.2160 0.9570
vn 0.7990 -0.1958 -0.5686
vn 0.7317 0.6813 -0.0219
vn 0.9623 -0.2702 0.0298
vn -0.2108 0.6746 0.7075
vn 0.8503 -0.2329 0.4720
vn 0.6037 0.6715 0.4298
vn 0.7212 -0.1986 0.6637
vn 0.0919 0.6712 -0.7355
vn 0.0434 0.6709 0.7403
vn 0.5097 -0.2698 -0.8169
vn 0.2990 -0.1886 -0.9354
vn 0.3057 0.6821 -0.6643
vn -0.0907 -0.9492 -0.3012
vn -0.1133 -0.2378 0.9647
vn 0.2272 -0.9719 -0.0623
vn 0.8735 -0.1849 -0.4503
vn 0.6299 0.6727 -0.3881
vn -0.4146 0.6736 -0.6118
vn -0.4867 -0.1754 -0.8558
vn -0.5876 0.6800 0.4386
vn 0.4426 0.6817 0.5826
vn -0.6195 -0.7579 -0.2048
vn -0.1797 0.6694 -0.7209
vn -0.3137 -0.1771 -0.9329
vn 0.3431 -0.9063 0.2468
vn 0.0029 -0.9140 -0.4056
vn 0.0597 -0.1735 -0.9830
vn 0.2758 0.6764 0.6830
vn 0.3525 -0.1886 0.9166
vn -0.3393 -0.1809 0.9231
vn -0.5164 -0.1794 0.8373
vn 0.7880 -0.5245 -0.3225
vn 0.6337 -0.7736 0.0091
vn 0.8566 -0.5041 -0.1102
vn 0.4086 -0.4973 0.7653
vn 0.6479 -0.6147 0.4498
vn 0.5358 -0.6037 0.5903
vn -0.4602 -0.7738 -0.4353
vn -0.2577 -0.8305 -0.4939
vn -0.4359 -0.5701 -0.6964
vn -0.2665 -0.5869 -0.7645
vn -0.7092 -0.7044 -0.0309
vn -0.3719 -0.4974 0.7837
vn -0.5176 -0.5158 0.6826
vn 0.0291 -0.6216 -0.7828
vn 0.1514 -0.5052 -0.8496
vn 0.3538 -0.5051 -0.7872
vn 0.1285 -0.1769 0.9758
vn 0.7147 0.6721 0.1936
vn 0.7302 -0.6691 0.1380
vn 0.7443 -0.6003 0.2928
vn -0.6556 -0.6883 0.3105
vn -0.9204 -0.3127 -0.2349
vn -0.7177 0.6708 -0.1870
vn 0.4052 -0.9093 0.0953
vn 0.6405 -0.2827 -0.7141
vn 0.4720 0.6773 -0.5643
vn 0.7456 -0.1815 -0.6412
vn -0.1255 -0.2599 -0.9574
vn -0.4326 0.6723 0.6007
vn -0.6722 -0.1975 0.7135
vn -0.2049 -0.5822 0.7868
vn 0.1903 -0.8152 -0.5471
vn -0.6570 -0.5237 0.5423
vn -0.0546 -0.7001 0.7119
vn -0.6276 -0.3280 -0.7060
vn -0.3228 -0.9458 -0.0367
vn -0.1118 -0.6989 -0.7064
vn -0.6944 0.6733 0.2539
vn 0.5686 -0.1958 0.7990
vn 0.9385 -0.2615 -0.2253
vn 0.7062 0.6821 -0.1895
vn -0.2191 -0.9494 -0.2250
vn 0.9415 -0.2407 0.2358
vn 0.7344 0.6763 0.0570
vn 0.9625 -0.2699 0.0287
vn -0.2722 0.6756 0.6852
vn 0.8496 -0.2333 0.4730
vn 0.7220 -0.1984 0.6628
vn -0.0749 0.6732 -0.7357
vn 0.3391 -0.1586 -0.9273
vn 0.3754 0.6800 -0.6298
vn -0.6305 0.6806 -0.3731
vn -0.7976 -0.1792 -0.5760
vn -0.0907 -0.9492 -0.3013
vn 0.1693 0.6709 -0.7220
vn -0.1148 -0.2363 0.9649
vn 0.8728 -0.1848 -0.4518
vn -0.3220 0.6706 -0.6683
vn -0.4915 -0.1749 -0.8531
vn -0.6194 -0.7579 -0.2048
vn -0.3041 -0.1809 -0.9353
vn 0.3431 -0.9063 0.2467
vn 0.1539 -0.3396 -0.9279
vn -0.0860 -0.2470 -0.9652
vn -0.3365 -0.1811 0.9241
vn -0.5180 -0.1805 0.8361
vn 0.6285 0.6825 -0.3732
vn 0.4087 -0.4973 0.7653
vn 0.1711 -0.8677 0.4666
vn -0.2577 -0.8304 -0.4939
vn -0.4360 -0.5701 -0.6964
vn -0.2635 -0.5854 -0.7667
vn -0.3720 -0.4974 0.7837
vn 0.0389 -0.6240 -0.7804
vn 0.3432 -0.5218 -0.7810
vn 0.1266 -0.1790 0.9757
vn 0.6886 0.6830 0.2436
vn 0.7302 -0.6692 0.1380
vn 0.5201 0.6803 -0.5164
vn -0.4592 0.6786 0.5732
vn -0.6719 -0.1972 0.7139
vn 0.6115 0.6799 0.4047
vn 0.0381 -0.4962 0.8673
vn -0.5086 0.6774 -0.5315
vn -0.6260 -0.3264 -0.7082
vn -0.1188 -0.6920 -0.7120
vn 0.9387 -0.2620 -0.2240
vn 0.7188 0.6722 -0.1774
vn -0.2190 -0.9494 -0.2250
vn 0.9413 -0.2417 0.2356
vn 0.7320 0.6802 -0.0394
vn 0.9622 -0.2706 0.0295
vn -0.2355 0.6713 0.7027
vn 0.8503 -0.2319 0.4725
vn 0.7224 -0.1981 0.6625
vn 0.0388 0.6809 -0.7314
vn 0.0382 0.6698 0.7415
vn 0.5095 -0.2689 -0.8174
vn 0.2979 -0.1863 -0.9362
vn 0.2504 0.6716 -0.6973
vn -0.7301 0.6819 0.0441
vn -0.8092 -0.1769 0.5603
vn -0.6500 0.6755 -0.3483
vn -0.7970 -0.1800 -0.5766
vn -0.1189 -0.2356 0.9646
vn 0.8724 -0.1858 -0.4521
vn 0.6951 0.6738 -0.2508
vn -0.3512 0.6767 -0.6471
vn -0.4897 -0.1753 -0.8541
vn 0.4750 0.6760 0.5633
vn -0.9651 -0.2562 -0.0537
vn -0.3118 -0.1783 -0.9333
vn 0.0629 -0.1731 -0.9829
vn 0.2815 0.6752 0.6818
vn -0.3908 -0.1775 0.9032
vn 0.6336 -0.7736 0.0091
vn 0.8567 -0.5040 -0.1102
vn -0.7208 0.6772 -0.1480
vn -0.7091 -0.7044 -0.0309
vn -0.3785 -0.5147 0.7693
vn -0.5012 -0.5051 0.7026
vn 0.6386 0.6708 0.3771
vn 0.7443 -0.6002 0.2928
vn 0.6405 -0.2827 -0.7140
vn 0.4553 0.6767 -0.5787
vn 0.7461 -0.1810 -0.6408
vn -0.1513 0.6782 -0.7192
vn -0.1270 -0.2615 -0.9568
vn -0.4281 0.6821 0.5929
vn -0.5739 0.6775 0.4601
vn -0.6390 -0.1958 0.7439
vn -0.2111 -0.5694 0.7945
vn -0.5162 0.6777 -0.5237
vn -0.6263 -0.3274 -0.7075
vn -0.6933 0.6723 0.2595
vn 0.5679 -0.1967 0.7993
vn 0.9385 -0.2628 -0.2241
vn 0.9415 -0.2401 0.2366
vn 0.5885 0.6825 -0.4335
vn 0.7182 0.6776 0.1583
vn -0.8719 -0.2966 -0.3896
vn 0.7337 0.6787 -0.0335
vn -0.1491 -0.9873 0.0548
vn -0.2735 0.6748 0.6855
vn 0.8501 -0.2323 0.4726
vn 0.7220 -0.1983 0.6628
vn -0.1080 0.6702 -0.7343
vn 0.3808 0.6788 -0.6279
vn -0.7302 0.6819 0.0441
vn -0.8088 -0.1759 0.5612
vn -0.8800 -0.2687 0.3917
vn -0.7970 -0.1799 -0.5766
vn -0.0759 -0.9541 -0.2896
vn 0.1656 0.6708 -0.7229
vn -0.1201 -0.2346 0.9646
vn 0.8723 -0.1846 -0.4527
vn 0.6935 0.6713 -0.2616
vn -0.3470 0.6753 -0.6508
vn -0.4825 -0.1762 -0.8580
vn -0.5900 0.6809 0.4338
vn -0.2766 -0.2734 -0.9213
vn 0.1621 -0.3452 -0.9244
vn -0.0324 -0.1828 -0.9826
vn -0.3901 -0.1753 0.9039
vn 0.6479 -0.6148 0.4498
vn -0.4565 -0.7751 -0.4370
vn -0.2650 -0.7457 -0.6113
vn -0.4257 -0.5868 -0.6888
vn -0.3786 -0.5147 0.7693
vn 0.4484 -0.6918 -0.5659
vn 0.7152 0.6730 0.1886
vn 0.6398 -0.2812 -0.7153
vn 0.5572 0.6723 -0.4874
vn 0.7467 -0.1810 -0.6400
vn -0.4593 0.6775 0.5745
vn -0.6395 -0.1943 0.7438
vn 0.6197 0.6771 0.3970
vn -0.6578 -0.5171 0.5477
vn 0.0381 -0.4962 0.8674
vn -0.1182 -0.5945 -0.7954
vn 0.5686 -0.1972 0.7986
vn 0.9385 -0.2628 -0.2240
vn -0.2176 -0.9481 -0.2317
s 1
usemtl SEAT-LEG
f 3945//3546 4012//3613 3946//3547
f 3947//3548 3948//3549 3949//3550
f 3951//3552 3952//3553 3953//3554
f 3945//3546 3954//3555 3950//3551
f 3955//3556 3956//3557 3957//3558
f 3958//3559 3950//3551 3954//3555
f 3948//3549 3947//3548 3962//3563
f 3963//3564 3957//3558 3956//3557
f 3947//3548 3949//3550 3964//3565
f 3971//3572 4041//3642 3959//3560
f 3952//3553 3972//3573 3953//3554
f 3952//3553 3945//3546 3972//3573
f 3958//3559 3974//3575 3975//3576
f 3945//3546 3946//3547 3977//3578
f 3979//3580 3980//3581 3954//3555
f 3986//3587 3987//3588 4023//3624
f 3963//3564 3945//3546 3957//3558
f 3988//3589 3968//3569 3967//3568
f 3989//3590 3990//3591 3991//3592
f 3958//3559 4018//3619 3974//3575
f 4048//3649 3994//3595 3995//3596
f 3964//3565 3985//3586 3947//3548
f 4003//3604 3964//3565 4004//3605
f 3947//3548 4016//3617 3962//3563
f 3974//3575 4017//3618 4002//3603
f 4020//3621 4021//3622 4022//3623
f 3987//3588 3971//3572 4023//3624
f 3987//3588 3958//3559 3971//3572
f 4036//3637 3948//3549 4025//3626
f 4028//3629 4023//3624 3971//3572
f 4030//3631 3983//3584 4031//3632
f 3945//3546 4021//3622 3957//3558
f 3957//3558 4021//3622 4020//3621
f 4037//3638 4038//3639 3989//3590
f 3964//3565 3984//3585 3985//3586
f 4041//3642 3971//3572 3958//3559
f 3993//3594 3991//3592 3990//3591
f 3979//3580 4008//3609 4026//3627
f 3956//3557 3979//3580 3963//3564
f 3964//3565 3949//3550 4004//3605
f 4048//3649 3995//3596 3949//3550
f 4049//3650 4013//3614 4014//3615
f 3946//3547 4049//3650 3977//3578
f 3989//3590 3991//3592 3966//3567
f 4019//3620 3966//3567 3992//3593
f 3988//3589 3945//3546 3968//3569
f 3968//3569 3945//3546 4045//3646
f 4009//3610 4020//3621 4038//3639
f 4022//3623 3988//3589 3967//3568
f 4026//3627 4036//3637 4025//3626
f 4015//3616 4029//3630 3959//3560
f 3994//3595 4048//3649 3997//3598
f 3973//3574 4017//3618 4050//3651
f 4018//3619 4050//3651 4017//3618
f 3965//3566 3950//3551 3986//3587
f 3962//3563 4046//3647 4000//3601
f 4021//3622 3988//3589 4022//3623
f 3945//3546 3988//3589 4021//3622
f 3978//3579 4026//3627 4025//3626
f 4026//3627 4007//3608 3979//3580
f 4035//3636 4015//3616 4043//3644
f 3961//3562 4032//3633 4033//3634
f 3989//3590 3966//3567 4037//3638
f 4030//3631 4024//3625 4003//3604
f 4040//3641 4001//3602 4027//3628
f 3996//3597 4014//3615 4013//3614
f 4014//3615 3996//3597 3976//3577
f 3999//3600 3973//3574 4050//3651
f 3973//3574 3999//3600 4016//3617
f 4006//3607 4039//3640 4005//3606
f 4002//3603 4034//3635 4035//3636
f 4002//3603 4017//3618 3973//3574
f 3955//3556 4008//3609 3956//3557
f 3956//3557 4008//3609 3979//3580
f 4032//3633 3969//3570 3970//3571
f 3958//3559 3969//3570 4032//3633
f 4034//3635 4016//3617 3947//3548
f 3993//3594 3977//3578 4049//3650
f 3975//3576 4042//3643 4041//3642
f 4004//3605 3949//3550 3995//3596
f 3957//3558 4020//3621 3955//3556
f 4022//3623 3967//3568 4038//3639
f 3946//3547 4012//3613 4013//3614
f 3946//3547 4013//3614 4049//3650
f 4044//3645 3953//3554 3972//3573
f 3997//3598 3996//3597 3953//3554
f 3976//3577 3949//3550 3948//3549
f 3992//3593 3993//3594 4049//3650
f 3985//3586 4035//3636 3947//3548
f 4015//3616 4035//3636 3985//3586
f 3985//3586 3984//3585 4029//3630
f 4033//3634 3999//3600 3961//3562
f 4009//3610 4037//3638 4036//3637
f 4009//3610 4038//3639 4037//3638
f 4034//3635 3973//3574 4016//3617
f 3969//3570 4027//3628 3970//3571
f 3970//3571 4027//3628 4001//3602
f 3959//3560 4028//3629 3971//3572
f 4029//3630 4028//3629 3959//3560
f 4002//3603 4043//3644 3975//3576
f 4002//3603 3975//3576 3974//3575
f 4045//3646 3977//3578 3993//3594
f 3977//3578 4045//3646 3945//3546
f 3978//3579 3962//3563 4040//3641
f 3976//3577 3997//3598 4048//3649
f 3992//3593 3966//3567 3991//3592
f 3991//3592 3993//3594 3992//3593
f 3983//3584 4047//3648 4031//3632
f 4039//3640 3984//3585 3964//3565
f 4009//3610 4026//3627 4008//3609
f 3953//3554 3996//3597 3951//3552
f 3945//3546 3963//3564 3954//3555
f 3954//3555 3963//3564 3979//3580
f 3973//3574 4034//3635 4002//3603
f 4019//3620 3976//3577 3948//3549
f 4019//3620 4014//3615 3976//3577
f 3980//3581 3979//3580 4007//3608
f 4001//3602 4000//3601 3970//3571
f 4033//3634 3970//3571 4000//3601
f 4049//3650 4014//3615 3992//3593
f 3990//3591 3989//3590 4038//3639
f 4038//3639 3967//3568 3990//3591
f 3999//3600 4050//3651 3961//3562
f 4043//3644 4015//3616 4042//3643
f 4007//3608 4040//3641 3980//3581
f 4005//3606 3986//3587 4023//3624
f 3947//3548 4035//3636 4034//3635
f 3985//3586 4029//3630 4015//3616
f 4036//3637 3966//3567 3948//3549
f 3966//3567 4019//3620 3948//3549
f 4006//3607 4029//3630 3984//3585
f 4006//3607 3984//3585 4039//3640
f 3995//3596 3983//3584 4004//3605
f 4010//3611 3981//3582 3945//3546
f 4010//3611 3982//3583 3981//3582
f 4028//3629 4029//3630 4023//3624
f 4042//3643 3975//3576 4043//3644
f 4036//3637 4037//3638 3966//3567
f 4024//3625 3986//3587 4005//3606
f 4024//3625 3965//3566 3986//3587
f 3953//3554 4044//3645 3997//3598
f 3994//3595 3997//3598 4044//3645
f 3995//3596 3994//3595 4047//3648
f 3983//3584 3995//3596 4047//3648
f 3982//3583 4010//3611 4011//3612
f 3982//3583 4011//3612 4047//3648
f 4030//3631 4003//3604 4004//3605
f 4004//3605 3983//3584 4030//3631
f 4007//3608 3978//3579 4040//3641
f 4007//3608 4026//3627 3978//3579
f 3962//3563 4016//3617 4046//3647
f 3990//3591 4045//3646 3993//3594
f 4050//3651 3960//3561 3961//3562
f 4044//3645 3982//3583 3994//3595
f 4044//3645 3981//3582 3982//3583
f 4018//3619 4017//3618 3974//3575
f 3952//3553 3951//3552 4013//3614
f 4042//3643 3959//3560 4041//3642
f 3959//3560 4042//3643 4015//3616
f 4045//3646 3967//3568 3968//3569
f 3970//3571 4033//3634 4032//3633
f 4027//3628 3954//3555 3980//3581
f 4027//3628 3980//3581 4040//3641
f 3965//3566 4011//3612 3950//3551
f 3965//3566 4031//3632 4011//3612
f 3999//3600 4033//3634 3998//3599
f 3998//3599 4033//3634 4000//3601
f 4039//3640 4024//3625 4005//3606
f 3976//3577 4048//3649 3949//3550
f 4025//3626 3948//3549 3962//3563
f 3962//3563 3978//3579 4025//3626
f 3999//3600 3998//3599 4046//3647
f 3994//3595 3982//3583 4047//3648
f 4020//3621 4009//3610 3955//3556
f 3972//3573 3945//3546 3981//3582
f 3972//3573 3981//3582 4044//3645
f 3969//3570 3954//3555 4027//3628
f 3969//3570 3958//3559 3954//3555
f 3987//3588 3950//3551 3958//3559
f 3950//3551 3987//3588 3986//3587
f 4012//3613 3945//3546 3952//3553
f 4012//3613 3952//3553 4013//3614
f 4018//3619 3960//3561 4050//3651
f 4018//3619 3958//3559 3960//3561
f 4041//3642 3958//3559 3975//3576
f 3950//3551 4011//3612 4010//3611
f 4010//3611 3945//3546 3950//3551
f 3962//3563 4001//3602 4040//3641
f 3962//3563 4000//3601 4001//3602
f 4026//3627 4009//3610 4036//3637
f 3997//3598 3976//3577 3996//3597
f 4043//3644 4002//3603 4035//3636
f 3992//3593 4014//3615 4019//3620
f 4024//3625 4039//3640 4003//3604
f 4003//3604 4039//3640 3964//3565
f 3999//3600 4046//3647 4016//3617
f 3958//3559 4032//3633 3960//3561
f 3961//3562 3960//3561 4032//3633
f 4046//3647 3998//3599 4000//3601
f 4013//3614 3951//3552 3996//3597
f 3990//3591 3967//3568 4045//3646
f 4029//3630 4006//3607 4023//3624
f 4031//3632 4047//3648 4011//3612
f 4020//3621 4022//3623 4038//3639
f 4005//3606 4023//3624 4006//3607
f 4031//3632 3965//3566 4030//3631
f 4024//3625 4030//3631 3965//3566
f 4008//3609 3955//3556 4009//3610
f 4051//3546 4118//3613 4052//3547
f 4053//3548 4054//3549 4055//3550
f 4058//3654 4059//3553 4060//3554
f 4051//3546 4061//3655 4062//3656
f 4063//3556 4064//3657 4065//3658
f 4066//3659 4062//3656 4061//3655
f 4054//3549 4053//3548 4070//3663
f 4071//3664 4065//3658 4064//3657
f 4053//3548 4055//3550 4072//3565
f 4079//3668 4145//3710 4067//3660
f 4059//3553 4080//3669 4060//3554
f 4059//3553 4051//3546 4080//3669
f 4066//3659 4082//3671 4083//3672
f 4051//3546 4052//3547 4086//3578
f 4088//3675 4089//3676 4061//3655
f 4071//3664 4051//3546 4065//3658
f 4096//3589 4076//3569 4075//3568
f 4097//3590 4098//3591 4099//3592
f 4066//3659 4124//3619 4082//3671
f 4152//3649 4102//3683 4103//3596
f 4108//3686 4109//3687 4110//3688
f 4072//3565 4094//3681 4053//3548
f 4111//3689 4083//3672 4082//3671
f 4112//3690 4072//3565 4113//3691
f 4053//3548 4122//3696 4070//3663
f 4082//3671 4123//3697 4111//3689
f 4126//3621 4127//3622 4128//3623
f 4129//3699 4079//3668 4130//3700
f 4129//3699 4066//3659 4079//3668
f 4073//3665 4057//3653 4134//3702
f 4140//3637 4054//3549 4131//3626
f 4084//3673 4061//3655 4089//3676
f 4133//3701 4130//3700 4079//3668
f 4134//3702 4092//3679 4135//3703
f 4051//3546 4127//3622 4065//3658
f 4065//3658 4127//3622 4126//3621
f 4141//3638 4142//3639 4097//3590
f 4072//3565 4093//3680 4094//3681
f 4110//3688 4089//3676 4144//3709
f 4145//3710 4079//3668 4066//3659
f 4101//3594 4099//3592 4098//3591
f 4147//3712 4121//3695 4146//3711
f 4088//3675 4115//3609 4132//3627
f 4064//3657 4088//3675 4071//3664
f 4072//3565 4055//3550 4113//3691
f 4152//3649 4103//3596 4055//3550
f 4153//3650 4119//3694 4120//3615
f 4052//3547 4153//3650 4086//3578
f 4097//3590 4099//3592 4074//3567
f 4125//3698 4074//3567 4100//3593
f 4096//3589 4051//3546 4076//3569
f 4076//3569 4051//3546 4149//3646
f 4116//3610 4126//3621 4142//3639
f 4128//3623 4096//3589 4075//3568
f 4061//3655 4071//3664 4088//3675
f 4071//3664 4061//3655 4051//3546
f 4132//3627 4140//3637 4131//3626
f 4102//3683 4152//3649 4105//3684
f 4081//3670 4123//3697 4154//3715
f 4124//3619 4154//3715 4123//3697
f 4070//3663 4150//3713 4108//3686
f 4127//3622 4096//3589 4128//3623
f 4051//3546 4096//3589 4127//3622
f 4087//3674 4132//3627 4131//3626
f 4132//3627 4114//3692 4088//3675
f 4139//3707 4121//3695 4147//3712
f 4069//3662 4136//3704 4137//3705
f 4097//3590 4074//3567 4141//3638
f 4089//3676 4110//3688 4084//3673
f 4110//3688 4109//3687 4078//3667
f 4104//3597 4120//3615 4119//3694
f 4120//3615 4104//3597 4085//3577
f 4107//3600 4081//3670 4154//3715
f 4081//3670 4107//3600 4122//3696
f 4130//3700 4143//3708 4095//3682
f 4114//3692 4144//3709 4089//3676
f 4111//3689 4138//3706 4139//3707
f 4111//3689 4123//3697 4081//3670
f 4108//3686 4106//3685 4109//3687
f 4063//3556 4115//3609 4064//3657
f 4064//3657 4115//3609 4088//3675
f 4138//3706 4122//3696 4053//3548
f 4101//3594 4086//3578 4153//3650
f 4083//3672 4146//3711 4145//3710
f 4113//3691 4055//3550 4103//3596
f 4065//3658 4126//3621 4063//3556
f 4128//3623 4075//3568 4142//3639
f 4057//3653 4095//3682 4134//3702
f 4052//3547 4118//3613 4119//3694
f 4052//3547 4119//3694 4153//3650
f 4148//3645 4060//3554 4080//3669
f 4105//3684 4104//3597 4060//3554
f 4085//3577 4055//3550 4054//3549
f 4100//3593 4101//3594 4153//3650
f 4094//3681 4139//3707 4053//3548
f 4121//3695 4139//3707 4094//3681
f 4095//3682 4057//3653 4056//3652
f 4111//3689 4147//3712 4083//3672
f 4094//3681 4093//3680 4133//3701
f 4137//3705 4107//3600 4069//3662
f 4116//3610 4141//3638 4140//3637
f 4116//3610 4142//3639 4141//3638
f 4138//3706 4081//3670 4122//3696
f 4067//3660 4133//3701 4079//3668
f 4149//3646 4086//3578 4101//3594
f 4086//3578 4149//3646 4051//3546
f 4087//3674 4070//3663 4144//3709
f 4085//3577 4105//3684 4152//3649
f 4100//3593 4074//3567 4099//3592
f 4099//3592 4101//3594 4100//3593
f 4092//3679 4151//3714 4135//3703
f 4143//3708 4093//3680 4072//3565
f 4116//3610 4132//3627 4115//3609
f 4060//3554 4104//3597 4058//3654
f 4066//3659 4061//3655 4077//3666
f 4077//3666 4061//3655 4084//3673
f 4081//3670 4138//3706 4111//3689
f 4125//3698 4085//3577 4054//3549
f 4125//3698 4120//3615 4085//3577
f 4089//3676 4088//3675 4114//3692
f 4153//3650 4120//3615 4100//3593
f 4098//3591 4097//3590 4142//3639
f 4142//3639 4075//3568 4098//3591
f 4107//3600 4154//3715 4069//3662
f 4053//3548 4139//3707 4138//3706
f 4094//3681 4067//3660 4121//3695
f 4094//3681 4133//3701 4067//3660
f 4140//3637 4074//3567 4054//3549
f 4074//3567 4125//3698 4054//3549
f 4130//3700 4133//3701 4093//3680
f 4130//3700 4093//3680 4143//3708
f 4103//3596 4092//3679 4113//3691
f 4062//3656 4090//3677 4051//3546
f 4062//3656 4091//3678 4090//3677
f 4140//3637 4141//3638 4074//3567
f 4060//3554 4148//3645 4105//3684
f 4102//3683 4105//3684 4148//3645
f 4103//3596 4102//3683 4151//3714
f 4092//3679 4103//3596 4151//3714
f 4091//3678 4062//3656 4117//3693
f 4091//3678 4117//3693 4151//3714
f 4134//3702 4112//3690 4113//3691
f 4113//3691 4092//3679 4134//3702
f 4114//3692 4087//3674 4144//3709
f 4114//3692 4132//3627 4087//3674
f 4070//3663 4122//3696 4150//3713
f 4098//3591 4149//3646 4101//3594
f 4154//3715 4068//3661 4069//3662
f 4148//3645 4091//3678 4102//3683
f 4148//3645 4090//3677 4091//3678
f 4124//3619 4123//3697 4082//3671
f 4059//3553 4058//3654 4119//3694
f 4057//3653 4073//3665 4056//3652
f 4146//3711 4067//3660 4145//3710
f 4130//3700 4095//3682 4129//3699
f 4149//3646 4075//3568 4076//3569
f 4078//3667 4137//3705 4077//3666
f 4137//3705 4078//3667 4109//3687
f 4073//3665 4117//3693 4062//3656
f 4073//3665 4135//3703 4117//3693
f 4078//3667 4084//3673 4110//3688
f 4078//3667 4077//3666 4084//3673
f 4107//3600 4137//3705 4106//3685
f 4106//3685 4137//3705 4109//3687
f 4143//3708 4134//3702 4095//3682
f 4085//3577 4152//3649 4055//3550
f 4131//3626 4054//3549 4070//3663
f 4070//3663 4087//3674 4131//3626
f 4107//3600 4106//3685 4150//3713
f 4102//3683 4091//3678 4151//3714
f 4126//3621 4116//3610 4063//3556
f 4062//3656 4056//3652 4073//3665
f 4062//3656 4066//3659 4056//3652
f 4080//3669 4051//3546 4090//3677
f 4080//3669 4090//3677 4148//3645
f 4056//3652 4066//3659 4129//3699
f 4056//3652 4129//3699 4095//3682
f 4136//3704 4077//3666 4137//3705
f 4066//3659 4077//3666 4136//3704
f 4118//3613 4051//3546 4059//3553
f 4118//3613 4059//3553 4119//3694
f 4124//3619 4068//3661 4154//3715
f 4124//3619 4066//3659 4068//3661
f 4145//3710 4066//3659 4083//3672
f 4070//3663 4110//3688 4144//3709
f 4070//3663 4108//3686 4110//3688
f 4132//3627 4116//3610 4140//3637
f 4105//3684 4085//3577 4104//3597
f 4147//3712 4111//3689 4139//3707
f 4100//3593 4120//3615 4125//3698
f 4134//3702 4143//3708 4112//3690
f 4112//3690 4143//3708 4072//3565
f 4107//3600 4150//3713 4122//3696
f 4066//3659 4136//3704 4068//3661
f 4069//3662 4068//3661 4136//3704
f 4150//3713 4106//3685 4108//3686
f 4119//3694 4058//3654 4104//3597
f 4098//3591 4075//3568 4149//3646
f 4146//3711 4083//3672 4147//3712
f 4146//3711 4121//3695 4067//3660
f 4135//3703 4151//3714 4117//3693
f 4126//3621 4128//3623 4142//3639
f 4135//3703 4073//3665 4134//3702
f 4115//3609 4063//3556 4116//3610
f 4155//3716 4258//3772 4156//3717
f 4157//3548 4158//3549 4159//3550
f 4162//3720 4163//3721 4164//3722
f 4155//3716 4165//3723 4160//3718
f 4166//3724 4167//3725 4168//3726
f 4169//3727 4160//3718 4165//3723
f 4171//3729 4172//3730 4173//3731
f 4158//3549 4157//3548 4174//3563
f 4157//3548 4159//3550 4175//3565
f 4182//3738 4248//3642 4170//3728
f 4163//3721 4183//3739 4164//3722
f 4163//3721 4155//3716 4183//3739
f 4169//3727 4185//3740 4186//3741
f 4155//3716 4156//3717 4188//3742
f 4190//3743 4191//3744 4254//3771
f 4199//3590 4200//3591 4201//3592
f 4172//3730 4171//3729 4169//3727
f 4169//3727 4204//3748 4185//3740
f 4256//3649 4205//3595 4206//3596
f 4175//3565 4196//3586 4157//3548
f 4214//3750 4175//3565 4215//3691
f 4157//3548 4225//3617 4174//3563
f 4185//3740 4226//3756 4213//3603
f 4228//3757 4229//3758 4230//3759
f 4198//3747 4182//3738 4231//3760
f 4198//3747 4169//3727 4182//3738
f 4221//3752 4163//3721 4162//3720
f 4221//3752 4155//3716 4163//3721
f 4176//3732 4161//3719 4237//3702
f 4243//3637 4158//3549 4232//3626
f 4235//3762 4231//3760 4182//3738
f 4237//3702 4194//3679 4238//3703
f 4169//3727 4239//3764 4172//3730
f 4172//3730 4239//3764 4240//3765
f 4155//3716 4229//3758 4168//3726
f 4168//3726 4229//3758 4228//3757
f 4244//3638 4245//3766 4199//3590
f 4175//3565 4195//3745 4196//3586
f 4248//3642 4182//3738 4169//3727
f 4203//3594 4201//3592 4200//3591
f 4190//3743 4217//3609 4233//3627
f 4167//3725 4190//3743 4254//3771
f 4175//3565 4159//3550 4215//3691
f 4256//3649 4206//3596 4159//3550
f 4257//3650 4222//3753 4223//3754
f 4156//3717 4257//3650 4188//3742
f 4199//3590 4201//3592 4177//3733
f 4227//3698 4177//3733 4202//3593
f 4218//3610 4228//3757 4245//3766
f 4230//3759 4179//3735 4178//3734
f 4233//3627 4243//3637 4232//3626
f 4258//3772 4221//3752 4222//3753
f 4155//3716 4221//3752 4258//3772
f 4224//3755 4236//3763 4170//3728
f 4205//3595 4256//3649 4208//3749
f 4184//3574 4226//3756 4259//3773
f 4171//3729 4259//3773 4226//3756
f 4174//3563 4253//3770 4211//3601
f 4229//3758 4179//3735 4230//3759
f 4155//3716 4179//3735 4229//3758
f 4189//3579 4233//3627 4232//3626
f 4233//3627 4216//3608 4190//3743
f 4242//3636 4224//3755 4250//3768
f 4173//3731 4172//3730 4240//3765
f 4199//3590 4177//3733 4244//3638
f 4247//3641 4212//3602 4234//3761
f 4207//3597 4223//3754 4222//3753
f 4223//3754 4207//3597 4187//3577
f 4210//3600 4184//3574 4259//3773
f 4184//3574 4210//3600 4225//3617
f 4231//3760 4246//3767 4197//3746
f 4213//3603 4241//3635 4242//3636
f 4213//3603 4226//3756 4184//3574
f 4166//3724 4217//3609 4167//3725
f 4167//3725 4217//3609 4190//3743
f 4239//3764 4180//3736 4181//3737
f 4169//3727 4180//3736 4239//3764
f 4241//3635 4225//3617 4157//3548
f 4203//3594 4188//3742 4257//3650
f 4186//3741 4249//3643 4248//3642
f 4215//3691 4159//3550 4206//3596
f 4168//3726 4228//3757 4166//3724
f 4230//3759 4178//3734 4245//3766
f 4161//3719 4197//3746 4237//3702
f 4156//3717 4258//3772 4222//3753
f 4156//3717 4222//3753 4257//3650
f 4251//3645 4164//3722 4183//3739
f 4208//3749 4207//3597 4164//3722
f 4187//3577 4159//3550 4158//3549
f 4202//3593 4203//3594 4257//3650
f 4196//3586 4242//3636 4157//3548
f 4224//3755 4242//3636 4196//3586
f 4197//3746 4161//3719 4198//3747
f 4196//3586 4195//3745 4236//3763
f 4240//3765 4210//3600 4173//3731
f 4218//3610 4244//3638 4243//3637
f 4218//3610 4245//3766 4244//3638
f 4241//3635 4184//3574 4225//3617
f 4180//3736 4234//3761 4181//3737
f 4181//3737 4234//3761 4212//3602
f 4170//3728 4235//3762 4182//3738
f 4236//3763 4235//3762 4170//3728
f 4213//3603 4250//3768 4186//3741
f 4213//3603 4186//3741 4185//3740
f 4252//3769 4188//3742 4203//3594
f 4188//3742 4252//3769 4155//3716
f 4189//3579 4174//3563 4247//3641
f 4187//3577 4208//3749 4256//3649
f 4202//3593 4177//3733 4201//3592
f 4201//3592 4203//3594 4202//3593
f 4194//3679 4255//3648 4238//3703
f 4246//3767 4195//3745 4175//3565
f 4218//3610 4233//3627 4217//3609
f 4164//3722 4207//3597 4162//3720
f 4204//3748 4169//3727 4171//3729
f 4204//3748 4171//3729 4226//3756
f 4184//3574 4241//3635 4213//3603
f 4227//3698 4187//3577 4158//3549
f 4227//3698 4223//3754 4187//3577
f 4191//3744 4190//3743 4216//3608
f 4212//3602 4211//3601 4181//3737
f 4240//3765 4181//3737 4211//3601
f 4257//3650 4223//3754 4202//3593
f 4200//3591 4199//3590 4245//3766
f 4245//3766 4178//3734 4200//3591
f 4210//3600 4259//3773 4173//3731
f 4250//3768 4224//3755 4249//3643
f 4216//3608 4247//3641 4191//3744
f 4157//3548 4242//3636 4241//3635
f 4196//3586 4236//3763 4224//3755
f 4243//3637 4177//3733 4158//3549
f 4177//3733 4227//3698 4158//3549
f 4231//3760 4236//3763 4195//3745
f 4231//3760 4195//3745 4246//3767
f 4206//3596 4194//3679 4215//3691
f 4219//3611 4192//3582 4155//3716
f 4219//3611 4193//3583 4192//3582
f 4235//3762 4236//3763 4231//3760
f 4249//3643 4186//3741 4250//3768
f 4243//3637 4244//3638 4177//3733
f 4164//3722 4251//3645 4208//3749
f 4205//3595 4208//3749 4251//3645
f 4206//3596 4205//3595 4255//3648
f 4194//3679 4206//3596 4255//3648
f 4193//3583 4219//3611 4220//3751
f 4193//3583 4220//3751 4255//3648
f 4237//3702 4214//3750 4215//3691
f 4215//3691 4194//3679 4237//3702
f 4216//3608 4189//3579 4247//3641
f 4216//3608 4233//3627 4189//3579
f 4174//3563 4225//3617 4253//3770
f 4200//3591 4252//3769 4203//3594
f 4259//3773 4171//3729 4173//3731
f 4251//3645 4193//3583 4205//3595
f 4251//3645 4192//3582 4193//3583
f 4204//3748 4226//3756 4185//3740
f 4221//3752 4162//3720 4222//3753
f 4161//3719 4176//3732 4160//3718
f 4249//3643 4170//3728 4248//3642
f 4170//3728 4249//3643 4224//3755
f 4231//3760 4197//3746 4198//3747
f 4252//3769 4178//3734 4179//3735
f 4181//3737 4240//3765 4239//3764
f 4234//3761 4165//3723 4191//3744
f 4234//3761 4191//3744 4247//3641
f 4176//3732 4220//3751 4160//3718
f 4176//3732 4238//3703 4220//3751
f 4210//3600 4240//3765 4209//3599
f 4209//3599 4240//3765 4211//3601
f 4246//3767 4237//3702 4197//3746
f 4187//3577 4256//3649 4159//3550
f 4232//3626 4158//3549 4174//3563
f 4174//3563 4189//3579 4232//3626
f 4210//3600 4209//3599 4253//3770
f 4205//3595 4193//3583 4255//3648
f 4228//3757 4218//3610 4166//3724
f 4183//3739 4155//3716 4192//3582
f 4183//3739 4192//3582 4251//3645
f 4180//3736 4165//3723 4234//3761
f 4180//3736 4169//3727 4165//3723
f 4179//3735 4155//3716 4252//3769
f 4198//3747 4160//3718 4169//3727
f 4160//3718 4198//3747 4161//3719
f 4254//3771 4168//3726 4167//3725
f 4254//3771 4155//3716 4168//3726
f 4248//3642 4169//3727 4186//3741
f 4160//3718 4220//3751 4219//3611
f 4219//3611 4155//3716 4160//3718
f 4165//3723 4155//3716 4254//3771
f 4254//3771 4191//3744 4165//3723
f 4174//3563 4212//3602 4247//3641
f 4174//3563 4211//3601 4212//3602
f 4233//3627 4218//3610 4243//3637
f 4208//3749 4187//3577 4207//3597
f 4250//3768 4213//3603 4242//3636
f 4202//3593 4223//3754 4227//3698
f 4237//3702 4246//3767 4214//3750
f 4214//3750 4246//3767 4175//3565
f 4210//3600 4253//3770 4225//3617
f 4253//3770 4209//3599 4211//3601
f 4222//3753 4162//3720 4207//3597
f 4200//3591 4178//3734 4252//3769
f 4238//3703 4255//3648 4220//3751
f 4228//3757 4230//3759 4245//3766
f 4238//3703 4176//3732 4237//3702
f 4217//3609 4166//3724 4218//3610
f 4260//3716 4362//3803 4261//3717
f 4262//3548 4263//3549 4264//3550
f 4267//3775 4325//3793 4268//3776
f 4260//3716 4269//3777 4265//3774
f 4270//3724 4271//3778 4272//3779
f 4273//3559 4265//3774 4269//3777
f 4263//3549 4262//3548 4277//3663
f 4262//3548 4264//3550 4278//3565
f 4285//3738 4352//3642 4274//3780
f 4273//3559 4288//3575 4289//3741
f 4260//3716 4261//3717 4292//3742
f 4294//3786 4295//3676 4269//3777
f 4303//3590 4304//3591 4305//3592
f 4273//3559 4331//3619 4288//3575
f 4360//3649 4308//3683 4309//3596
f 4314//3686 4315//3790 4316//3688
f 4278//3565 4300//3586 4262//3548
f 4318//3690 4278//3565 4319//3691
f 4262//3548 4329//3617 4277//3663
f 4288//3575 4330//3618 4317//3603
f 4333//3757 4334//3795 4335//3796
f 4302//3747 4285//3738 4336//3797
f 4302//3747 4273//3559 4285//3738
f 4279//3781 4266//3719 4341//3702
f 4347//3637 4263//3549 4337//3626
f 4290//3784 4269//3777 4295//3676
f 4339//3799 4336//3797 4285//3738
f 4341//3702 4298//3679 4342//3703
f 4260//3716 4334//3795 4272//3779
f 4272//3779 4334//3795 4333//3757
f 4348//3638 4349//3766 4303//3590
f 4278//3565 4299//3745 4300//3586
f 4316//3688 4295//3676 4351//3709
f 4352//3642 4285//3738 4273//3559
f 4307//3594 4305//3592 4304//3591
f 4296//3787 4260//3716 4323//3791
f 4297//3788 4296//3787 4323//3791
f 4294//3786 4321//3609 4338//3798
f 4271//3778 4294//3786 4358//3802
f 4278//3565 4264//3550 4319//3691
f 4360//3649 4309//3596 4264//3550
f 4361//3650 4326//3794 4327//3754
f 4261//3717 4361//3650 4292//3742
f 4303//3590 4305//3592 4280//3733
f 4332//3698 4280//3733 4306//3593
f 4322//3610 4333//3757 4349//3766
f 4335//3796 4282//3735 4281//3734
f 4269//3777 4358//3802 4294//3786
f 4358//3802 4269//3777 4260//3716
f 4338//3798 4347//3637 4337//3626
f 4362//3803 4325//3793 4326//3794
f 4260//3716 4325//3793 4362//3803
f 4328//3755 4340//3763 4274//3780
f 4308//3683 4360//3649 4311//3749
f 4287//3574 4330//3618 4363//3651
f 4331//3619 4363//3651 4330//3618
f 4277//3663 4357//3801 4314//3686
f 4334//3795 4282//3735 4335//3796
f 4260//3716 4282//3735 4334//3795
f 4293//3674 4338//3798 4337//3626
f 4338//3798 4320//3692 4294//3786
f 4346//3636 4328//3755 4354//3768
f 4276//3662 4343//3704 4344//3705
f 4303//3590 4280//3733 4348//3638
f 4295//3676 4316//3688 4290//3784
f 4316//3688 4315//3790 4284//3782
f 4310//3597 4327//3754 4326//3794
f 4327//3754 4310//3597 4291//3785
f 4313//3789 4287//3574 4363//3651
f 4287//3574 4313//3789 4329//3617
f 4336//3797 4350//3708 4301//3746
f 4320//3692 4351//3709 4295//3676
f 4317//3603 4345//3635 4346//3636
f 4317//3603 4330//3618 4287//3574
f 4314//3686 4312//3685 4315//3790
f 4270//3724 4321//3609 4271//3778
f 4271//3778 4321//3609 4294//3786
f 4345//3635 4329//3617 4262//3548
f 4307//3594 4292//3742 4361//3650
f 4289//3741 4353//3643 4352//3642
f 4319//3691 4264//3550 4309//3596
f 4272//3779 4333//3757 4270//3724
f 4335//3796 4281//3734 4349//3766
f 4266//3719 4301//3746 4341//3702
f 4261//3717 4362//3803 4326//3794
f 4261//3717 4326//3794 4361//3650
f 4355//3800 4268//3776 4286//3783
f 4311//3749 4310//3597 4268//3776
f 4291//3785 4264//3550 4263//3549
f 4306//3593 4307//3594 4361//3650
f 4300//3586 4346//3636 4262//3548
f 4328//3755 4346//3636 4300//3586
f 4301//3746 4266//3719 4302//3747
f 4300//3586 4299//3745 4340//3763
f 4344//3705 4313//3789 4276//3662
f 4322//3610 4348//3638 4347//3637
f 4322//3610 4349//3766 4348//3638
f 4345//3635 4287//3574 4329//3617
f 4274//3780 4339//3799 4285//3738
f 4340//3763 4339//3799 4274//3780
f 4317//3603 4354//3768 4289//3741
f 4317//3603 4289//3741 4288//3575
f 4356//3769 4292//3742 4307//3594
f 4292//3742 4356//3769 4260//3716
f 4293//3674 4277//3663 4351//3709
f 4291//3785 4311//3749 4360//3649
f 4306//3593 4280//3733 4305//3592
f 4305//3592 4307//3594 4306//3593
f 4298//3679 4359//3714 4342//3703
f 4350//3708 4299//3745 4278//3565
f 4322//3610 4338//3798 4321//3609
f 4268//3776 4310//3597 4267//3775
f 4286//3783 4296//3787 4355//3800
f 4296//3787 4286//3783 4260//3716
f 4273//3559 4269//3777 4283//3666
f 4283//3666 4269//3777 4290//3784
f 4287//3574 4345//3635 4317//3603
f 4332//3698 4291//3785 4263//3549
f 4332//3698 4327//3754 4291//3785
f 4295//3676 4294//3786 4320//3692
f 4361//3650 4327//3754 4306//3593
f 4304//3591 4303//3590 4349//3766
f 4349//3766 4281//3734 4304//3591
f 4313//3789 4363//3651 4276//3662
f 4354//3768 4328//3755 4353//3643
f 4262//3548 4346//3636 4345//3635
f 4300//3586 4340//3763 4328//3755
f 4347//3637 4280//3733 4263//3549
f 4280//3733 4332//3698 4263//3549
f 4336//3797 4340//3763 4299//3745
f 4336//3797 4299//3745 4350//3708
f 4309//3596 4298//3679 4319//3691
f 4339//3799 4340//3763 4336//3797
f 4353//3643 4289//3741 4354//3768
f 4347//3637 4348//3638 4280//3733
f 4268//3776 4355//3800 4311//3749
f 4308//3683 4311//3749 4355//3800
f 4309//3596 4308//3683 4359//3714
f 4298//3679 4309//3596 4359//3714
f 4297//3788 4323//3791 4324//3792
f 4297//3788 4324//3792 4359//3714
f 4341//3702 4318//3690 4319//3691
f 4319//3691 4298//3679 4341//3702
f 4320//3692 4293//3674 4351//3709
f 4320//3692 4338//3798 4293//3674
f 4277//3663 4329//3617 4357//3801
f 4304//3591 4356//3769 4307//3594
f 4363//3651 4275//3661 4276//3662
f 4355//3800 4297//3788 4308//3683
f 4355//3800 4296//3787 4297//3788
f 4331//3619 4330//3618 4288//3575
f 4325//3793 4267//3775 4326//3794
f 4266//3719 4279//3781 4265//3774
f 4353//3643 4274//3780 4352//3642
f 4274//3780 4353//3643 4328//3755
f 4336//3797 4301//3746 4302//3747
f 4356//3769 4281//3734 4282//3735
f 4284//3782 4344//3705 4283//3666
f 4344//3705 4284//3782 4315//3790
f 4279//3781 4324//3792 4265//3774
f 4279//3781 4342//3703 4324//3792
f 4284//3782 4290//3784 4316//3688
f 4284//3782 4283//3666 4290//3784
f 4313//3789 4344//3705 4312//3685
f 4312//3685 4344//3705 4315//3790
f 4350//3708 4341//3702 4301//3746
f 4291//3785 4360//3649 4264//3550
f 4337//3626 4263//3549 4277//3663
f 4277//3663 4293//3674 4337//3626
f 4313//3789 4312//3685 4357//3801
f 4308//3683 4297//3788 4359//3714
f 4333//3757 4322//3610 4270//3724
f 4343//3704 4283//3666 4344//3705
f 4273//3559 4283//3666 4343//3704
f 4282//3735 4260//3716 4356//3769
f 4302//3747 4265//3774 4273//3559
f 4265//3774 4302//3747 4266//3719
f 4358//3802 4272//3779 4271//3778
f 4358//3802 4260//3716 4272//3779
f 4331//3619 4275//3661 4363//3651
f 4331//3619 4273//3559 4275//3661
f 4352//3642 4273//3559 4289//3741
f 4265//3774 4324//3792 4323//3791
f 4323//3791 4260//3716 4265//3774
f 4325//3793 4286//3783 4268//3776
f 4260//3716 4286//3783 4325//3793
f 4277//3663 4316//3688 4351//3709
f 4277//3663 4314//3686 4316//3688
f 4338//3798 4322//3610 4347//3637
f 4311//3749 4291//3785 4310//3597
f 4354//3768 4317//3603 4346//3636
f 4306//3593 4327//3754 4332//3698
f 4341//3702 4350//3708 4318//3690
f 4318//3690 4350//3708 4278//3565
f 4313//3789 4357//3801 4329//3617
f 4273//3559 4343//3704 4275//3661
f 4276//3662 4275//3661 4343//3704
f 4357//3801 4312//3685 4314//3686
f 4326//3794 4267//3775 4310//3597
f 4304//3591 4281//3734 4356//3769
f 4342//3703 4359//3714 4324//3792
f 4333//3757 4335//3796 4349//3766
f 4342//3703 4279//3781 4341//3702
f 4321//3609 4270//3724 4322//3610
f 4364//3804 4467//3907 4365//3805
f 4366//3806 4367//3807 4368//3808
f 4373//3813 4405//3845 4385//3825
f 4369//3809 4370//3810 4371//3811
f 4364//3804 4372//3812 4373//3813
f 4374//3814 4375//3815 4376//3816
f 4377//3817 4373//3813 4372//3812
f 4367//3807 4366//3806 4382//3822
f 4383//3823 4376//3816 4375//3815
f 4366//3806 4368//3808 4384//3824
f 4405//3845 4373//3813 4377//3817
f 4370//3810 4399//3839 4371//3811
f 4370//3810 4364//3804 4399//3839
f 4377//3817 4392//3832 4460//3900
f 4364//3804 4365//3805 4395//3835
f 4397//3837 4398//3838 4372//3812
f 4404//3844 4405//3845 4443//3883
f 4383//3823 4364//3804 4376//3816
f 4406//3846 4388//3828 4387//3827
f 4407//3847 4408//3848 4409//3849
f 4377//3817 4437//3877 4392//3832
f 4465//3905 4412//3852 4413//3853
f 4384//3824 4403//3843 4366//3806
f 4420//3860 4421//3861 4392//3832
f 4422//3862 4384//3824 4423//3863
f 4373//3813 4429//3869 4364//3804
f 4430//3870 4429//3869 4373//3813
f 4366//3806 4435//3875 4382//3822
f 4392//3832 4436//3876 4420//3860
f 4439//3879 4440//3880 4441//3881
f 4455//3895 4367//3807 4445//3885
f 4448//3888 4443//3883 4442//3882
f 4450//3890 4401//3841 4451//3891
f 4377//3817 4389//3829 4380//3820
f 4380//3820 4389//3829 4452//3892
f 4364//3804 4440//3880 4376//3816
f 4376//3816 4440//3880 4439//3879
f 4456//3896 4457//3897 4407//3847
f 4384//3824 4402//3842 4403//3843
f 4378//3818 4377//3817 4460//3900
f 4421//3861 4434//3874 4460//3900
f 4411//3851 4409//3849 4408//3848
f 4399//3839 4364//3804 4429//3869
f 4400//3840 4399//3839 4429//3869
f 4397//3837 4427//3867 4446//3886
f 4375//3815 4397//3837 4383//3823
f 4384//3824 4368//3808 4423//3863
f 4465//3905 4413//3853 4368//3808
f 4466//3906 4432//3872 4433//3873
f 4365//3805 4466//3906 4395//3835
f 4407//3847 4409//3849 4386//3826
f 4438//3878 4386//3826 4410//3850
f 4406//3846 4364//3804 4388//3828
f 4388//3828 4364//3804 4462//3902
f 4428//3868 4439//3879 4457//3897
f 4441//3881 4406//3846 4387//3827
f 4372//3812 4383//3823 4397//3837
f 4383//3823 4372//3812 4364//3804
f 4446//3886 4455//3895 4445//3885
f 4467//3907 4431//3871 4432//3872
f 4364//3804 4431//3871 4467//3907
f 4434//3874 4449//3889 4378//3818
f 4412//3852 4465//3905 4415//3855
f 4391//3831 4436//3876 4468//3908
f 4437//3877 4468//3908 4436//3876
f 4385//3825 4405//3845 4404//3844
f 4382//3822 4463//3903 4418//3858
f 4440//3880 4406//3846 4441//3881
f 4364//3804 4406//3846 4440//3880
f 4396//3836 4446//3886 4445//3885
f 4446//3886 4426//3866 4397//3837
f 4454//3894 4434//3874 4421//3861
f 4381//3821 4380//3820 4452//3892
f 4407//3847 4386//3826 4456//3896
f 4450//3890 4444//3884 4422//3862
f 4459//3899 4419//3859 4447//3887
f 4414//3854 4433//3873 4432//3872
f 4433//3873 4414//3854 4394//3834
f 4417//3857 4391//3831 4468//3908
f 4391//3831 4417//3857 4435//3875
f 4425//3865 4458//3898 4424//3864
f 4420//3860 4453//3893 4454//3894
f 4420//3860 4436//3876 4391//3831
f 4374//3814 4427//3867 4375//3815
f 4375//3815 4427//3867 4397//3837
f 4453//3893 4435//3875 4366//3806
f 4411//3851 4395//3835 4466//3906
f 4423//3863 4368//3808 4413//3853
f 4376//3816 4439//3879 4374//3814
f 4441//3881 4387//3827 4457//3897
f 4365//3805 4467//3907 4432//3872
f 4365//3805 4432//3872 4466//3906
f 4461//3901 4371//3811 4399//3839
f 4415//3855 4414//3854 4371//3811
f 4394//3834 4368//3808 4367//3807
f 4410//3850 4411//3851 4466//3906
f 4403//3843 4454//3894 4366//3806
f 4434//3874 4454//3894 4403//3843
f 4403//3843 4402//3842 4449//3889
f 4452//3892 4417//3857 4381//3821
f 4428//3868 4456//3896 4455//3895
f 4428//3868 4457//3897 4456//3896
f 4453//3893 4391//3831 4435//3875
f 4393//3833 4447//3887 4390//3830
f 4390//3830 4447//3887 4419//3859
f 4378//3818 4448//3888 4379//3819
f 4449//3889 4448//3888 4378//3818
f 4421//3861 4460//3900 4392//3832
f 4462//3902 4395//3835 4411//3851
f 4395//3835 4462//3902 4364//3804
f 4396//3836 4382//3822 4459//3899
f 4394//3834 4415//3855 4465//3905
f 4410//3850 4386//3826 4409//3849
f 4409//3849 4411//3851 4410//3850
f 4401//3841 4464//3904 4451//3891
f 4458//3898 4402//3842 4384//3824
f 4428//3868 4446//3886 4427//3867
f 4371//3811 4414//3854 4369//3809
f 4377//3817 4372//3812 4393//3833
f 4393//3833 4372//3812 4447//3887
f 4379//3819 4377//3817 4378//3818
f 4377//3817 4442//3882 4405//3845
f 4405//3845 4442//3882 4443//3883
f 4364//3804 4370//3810 4431//3871
f 4431//3871 4370//3810 4369//3809
f 4442//3882 4379//3819 4448//3888
f 4377//3817 4379//3819 4442//3882
f 4391//3831 4453//3893 4420//3860
f 4438//3878 4394//3834 4367//3807
f 4438//3878 4433//3873 4394//3834
f 4398//3838 4397//3837 4426//3866
f 4419//3859 4418//3858 4390//3830
f 4452//3892 4390//3830 4418//3858
f 4466//3906 4433//3873 4410//3850
f 4408//3848 4407//3847 4457//3897
f 4457//3897 4387//3827 4408//3848
f 4417//3857 4468//3908 4381//3821
f 4460//3900 4434//3874 4378//3818
f 4426//3866 4459//3899 4398//3838
f 4424//3864 4404//3844 4443//3883
f 4366//3806 4454//3894 4453//3893
f 4403//3843 4449//3889 4434//3874
f 4455//3895 4386//3826 4367//3807
f 4386//3826 4438//3878 4367//3807
f 4425//3865 4449//3889 4402//3842
f 4425//3865 4402//3842 4458//3898
f 4413//3853 4401//3841 4423//3863
f 4448//3888 4449//3889 4443//3883
f 4455//3895 4456//3896 4386//3826
f 4444//3884 4404//3844 4424//3864
f 4444//3884 4385//3825 4404//3844
f 4371//3811 4461//3901 4415//3855
f 4412//3852 4415//3855 4461//3901
f 4413//3853 4412//3852 4464//3904
f 4401//3841 4413//3853 4464//3904
f 4400//3840 4429//3869 4430//3870
f 4400//3840 4430//3870 4464//3904
f 4450//3890 4422//3862 4423//3863
f 4423//3863 4401//3841 4450//3890
f 4426//3866 4396//3836 4459//3899
f 4426//3866 4446//3886 4396//3836
f 4382//3822 4435//3875 4463//3903
f 4408//3848 4462//3902 4411//3851
f 4468//3908 4380//3820 4381//3821
f 4461//3901 4400//3840 4412//3852
f 4461//3901 4399//3839 4400//3840
f 4437//3877 4436//3876 4392//3832
f 4431//3871 4369//3809 4432//3872
f 4462//3902 4387//3827 4388//3828
f 4390//3830 4452//3892 4389//3829
f 4447//3887 4372//3812 4398//3838
f 4447//3887 4398//3838 4459//3899
f 4385//3825 4430//3870 4373//3813
f 4385//3825 4451//3891 4430//3870
f 4417//3857 4452//3892 4416//3856
f 4416//3856 4452//3892 4418//3858
f 4458//3898 4444//3884 4424//3864
f 4394//3834 4465//3905 4368//3808
f 4445//3885 4367//3807 4382//3822
f 4382//3822 4396//3836 4445//3885
f 4417//3857 4416//3856 4463//3903
f 4412//3852 4400//3840 4464//3904
f 4439//3879 4428//3868 4374//3814
f 4389//3829 4377//3817 4393//3833
f 4389//3829 4393//3833 4390//3830
f 4437//3877 4380//3820 4468//3908
f 4437//3877 4377//3817 4380//3820
f 4382//3822 4419//3859 4459//3899
f 4382//3822 4418//3858 4419//3859
f 4446//3886 4428//3868 4455//3895
f 4415//3855 4394//3834 4414//3854
f 4454//3894 4421//3861 4420//3860
f 4410//3850 4433//3873 4438//3878
f 4444//3884 4458//3898 4422//3862
f 4422//3862 4458//3898 4384//3824
f 4417//3857 4463//3903 4435//3875
f 4463//3903 4416//3856 4418//3858
f 4432//3872 4369//3809 4414//3854
f 4408//3848 4387//3827 4462//3902
f 4449//3889 4425//3865 4443//3883
f 4451//3891 4464//3904 4430//3870
f 4439//3879 4441//3881 4457//3897
f 4424//3864 4443//3883 4425//3865
f 4451//3891 4385//3825 4450//3890
f 4444//3884 4450//3890 4385//3825
f 4427//3867 4374//3814 4428//3868
f 4469//3909 4534//3947 4470//3910
f 4471//3806 4472//3807 4473//3808
f 4477//3914 4510//3939 4489//3924
f 4474//3911 4547//3957 4475//3912
f 4469//3909 4476//3913 4477//3914
f 4478//3915 4479//3916 4480//3917
f 4481//3918 4477//3914 4476//3913
f 4482//3919 4483//3920 4484//3921
f 4472//3807 4471//3806 4487//3822
f 4471//3806 4473//3808 4488//3824
f 4510//3939 4477//3914 4481//3918
f 4481//3918 4497//3832 4563//3966
f 4493//3927 4498//3930 4494//3928
f 4498//3930 4493//3927 4481//3918
f 4469//3909 4470//3910 4500//3835
f 4502//3932 4503//3933 4476//3913
f 4511//3847 4512//3848 4513//3849
f 4481//3918 4540//3951 4497//3832
f 4569//3905 4516//3852 4517//3853
f 4488//3824 4508//3937 4471//3806
f 4524//3860 4525//3942 4497//3832
f 4526//3943 4488//3824 4527//3944
f 4477//3914 4532//3946 4469//3909
f 4533//3870 4532//3946 4477//3914
f 4551//3959 4484//3921 4537//3950
f 4471//3806 4538//3875 4487//3822
f 4497//3832 4539//3876 4524//3860
f 4542//3952 4543//3953 4544//3954
f 4481//3918 4476//3913 4498//3930
f 4503//3933 4498//3930 4476//3913
f 4489//3924 4572//3973 4552//3960
f 4558//3895 4472//3807 4548//3885
f 4552//3960 4506//3936 4553//3961
f 4469//3909 4543//3953 4480//3917
f 4480//3917 4543//3953 4542//3952
f 4559//3896 4560//3897 4511//3847
f 4488//3824 4507//3842 4508//3937
f 4484//3921 4481//3918 4563//3966
f 4525//3942 4484//3921 4563//3966
f 4515//3851 4513//3849 4512//3848
f 4525//3942 4537//3950 4484//3921
f 4504//3934 4469//3909 4532//3946
f 4505//3935 4504//3934 4532//3946
f 4502//3932 4530//3867 4549//3886
f 4479//3916 4502//3932 4476//3913
f 4488//3824 4473//3808 4527//3944
f 4569//3905 4517//3853 4473//3808
f 4570//3906 4535//3948 4536//3949
f 4470//3910 4570//3906 4500//3835
f 4511//3847 4513//3849 4490//3826
f 4541//3878 4490//3826 4514//3850
f 4566//3969 4469//3909 4565//3968
f 4531//3868 4542//3952 4560//3897
f 4544//3954 4492//3926 4491//3925
f 4549//3886 4558//3895 4548//3885
f 4484//3921 4551//3959 4482//3919
f 4516//3852 4569//3905 4519//3855
f 4496//3831 4539//3876 4571//3972
f 4540//3951 4571//3972 4539//3876
f 4489//3924 4510//3939 4572//3973
f 4487//3822 4567//3970 4522//3858
f 4543//3953 4492//3926 4544//3954
f 4469//3909 4492//3926 4543//3953
f 4501//3836 4549//3886 4548//3885
f 4549//3886 4529//3866 4502//3932
f 4557//3964 4537//3950 4525//3942
f 4486//3923 4554//3962 4555//3963
f 4511//3847 4490//3826 4559//3896
f 4562//3899 4523//3941 4550//3958
f 4518//3854 4536//3949 4535//3948
f 4536//3949 4518//3854 4499//3931
f 4521//3940 4496//3831 4571//3972
f 4496//3831 4521//3940 4538//3875
f 4528//3945 4561//3965 4509//3938
f 4524//3860 4556//3893 4557//3964
f 4524//3860 4539//3876 4496//3831
f 4478//3915 4530//3867 4479//3916
f 4479//3916 4530//3867 4502//3932
f 4554//3962 4493//3927 4494//3928
f 4481//3918 4493//3927 4554//3962
f 4556//3893 4538//3875 4471//3806
f 4515//3851 4500//3835 4570//3906
f 4527//3944 4473//3808 4517//3853
f 4480//3917 4542//3952 4478//3915
f 4544//3954 4491//3925 4560//3897
f 4572//3973 4509//3938 4552//3960
f 4470//3910 4534//3947 4535//3948
f 4470//3910 4535//3948 4570//3906
f 4564//3967 4475//3912 4495//3929
f 4519//3855 4518//3854 4475//3912
f 4499//3931 4473//3808 4472//3807
f 4514//3850 4515//3851 4570//3906
f 4508//3937 4557//3964 4471//3806
f 4537//3950 4557//3964 4508//3937
f 4509//3938 4572//3973 4510//3939
f 4508//3937 4507//3842 4551//3959
f 4555//3963 4521//3940 4486//3923
f 4531//3868 4559//3896 4558//3895
f 4531//3868 4560//3897 4559//3896
f 4556//3893 4496//3831 4538//3875
f 4498//3930 4550//3958 4494//3928
f 4494//3928 4550//3958 4523//3941
f 4525//3942 4563//3966 4497//3832
f 4565//3968 4500//3835 4515//3851
f 4500//3835 4565//3968 4469//3909
f 4501//3836 4487//3822 4562//3899
f 4499//3931 4519//3855 4569//3905
f 4514//3850 4490//3826 4513//3849
f 4513//3849 4515//3851 4514//3850
f 4506//3936 4568//3971 4553//3961
f 4561//3965 4507//3842 4488//3824
f 4531//3868 4549//3886 4530//3867
f 4475//3912 4518//3854 4474//3911
f 4495//3929 4504//3934 4564//3967
f 4504//3934 4495//3929 4469//3909
f 4566//3969 4492//3926 4469//3909
f 4492//3926 4566//3969 4491//3925
f 4483//3920 4481//3918 4484//3921
f 4496//3831 4556//3893 4524//3860
f 4541//3878 4499//3931 4472//3807
f 4541//3878 4536//3949 4499//3931
f 4503//3933 4502//3932 4529//3866
f 4523//3941 4522//3858 4494//3928
f 4555//3963 4494//3928 4522//3858
f 4570//3906 4536//3949 4514//3850
f 4512//3848 4511//3847 4560//3897
f 4560//3897 4491//3925 4512//3848
f 4521//3940 4571//3972 4486//3923
f 4529//3866 4562//3899 4503//3933
f 4471//3806 4557//3964 4556//3893
f 4508//3937 4551//3959 4537//3950
f 4558//3895 4490//3826 4472//3807
f 4490//3826 4541//3878 4472//3807
f 4528//3945 4551//3959 4507//3842
f 4528//3945 4507//3842 4561//3965
f 4517//3853 4506//3936 4527//3944
f 4558//3895 4559//3896 4490//3826
f 4475//3912 4564//3967 4519//3855
f 4516//3852 4519//3855 4564//3967
f 4517//3853 4516//3852 4568//3971
f 4506//3936 4517//3853 4568//3971
f 4505//3935 4532//3946 4533//3870
f 4505//3935 4533//3870 4568//3971
f 4552//3960 4526//3943 4527//3944
f 4527//3944 4506//3936 4552//3960
f 4529//3866 4501//3836 4562//3899
f 4529//3866 4549//3886 4501//3836
f 4487//3822 4538//3875 4567//3970
f 4512//3848 4565//3968 4515//3851
f 4571//3972 4485//3922 4486//3923
f 4564//3967 4505//3935 4516//3852
f 4564//3967 4504//3934 4505//3935
f 4540//3951 4539//3876 4497//3832
f 4547//3957 4474//3911 4535//3948
f 4528//3945 4509//3938 4546//3956
f 4546//3956 4509//3938 4545//3955
f 4565//3968 4491//3925 4566//3969
f 4494//3928 4555//3963 4554//3962
f 4550//3958 4498//3930 4503//3933
f 4550//3958 4503//3933 4562//3899
f 4551//3959 4546//3956 4482//3919
f 4546//3956 4483//3920 4482//3919
f 4489//3924 4533//3870 4477//3914
f 4489//3924 4553//3961 4533//3870
f 4521//3940 4555//3963 4520//3856
f 4520//3856 4555//3963 4522//3858
f 4561//3965 4552//3960 4509//3938
f 4499//3931 4569//3905 4473//3808
f 4548//3885 4472//3807 4487//3822
f 4487//3822 4501//3836 4548//3885
f 4521//3940 4520//3856 4567//3970
f 4516//3852 4505//3935 4568//3971
f 4542//3952 4531//3868 4478//3915
f 4481//3918 4483//3920 4545//3955
f 4545//3955 4483//3920 4546//3956
f 4510//3939 4481//3918 4545//3955
f 4510//3939 4545//3955 4509//3938
f 4476//3913 4480//3917 4479//3916
f 4476//3913 4469//3909 4480//3917
f 4534//3947 4469//3909 4547//3957
f 4534//3947 4547//3957 4535//3948
f 4540//3951 4485//3922 4571//3972
f 4540//3951 4481//3918 4485//3922
f 4547//3957 4495//3929 4475//3912
f 4469//3909 4495//3929 4547//3957
f 4487//3822 4523//3941 4562//3899
f 4487//3822 4522//3858 4523//3941
f 4549//3886 4531//3868 4558//3895
f 4519//3855 4499//3931 4518//3854
f 4557//3964 4525//3942 4524//3860
f 4514//3850 4536//3949 4541//3878
f 4552//3960 4561//3965 4526//3943
f 4526//3943 4561//3965 4488//3824
f 4521//3940 4567//3970 4538//3875
f 4481//3918 4554//3962 4485//3922
f 4486//3923 4485//3922 4554//3962
f 4567//3970 4520//3856 4522//3858
f 4535//3948 4474//3911 4518//3854
f 4512//3848 4491//3925 4565//3968
f 4551//3959 4528//3945 4546//3956
f 4553//3961 4568//3971 4533//3870
f 4542//3952 4544//3954 4560//3897
f 4553//3961 4489//3924 4552//3960
f 4530//3867 4478//3915 4531//3868
f 4573//3974 4677//3907 4574//3805
f 4575//3806 4576//3807 4577//3808
f 4582//3813 4614//3987 4595//3825
f 4578//3809 4579//3810 4580//3811
f 4573//3974 4581//3975 4582//3813
f 4583//3814 4584//3815 4585//3816
f 4586//3976 4582//3813 4581//3975
f 4587//3977 4588//3978 4589//3979
f 4576//3807 4575//3806 4592//3822
f 4593//3823 4585//3816 4584//3815
f 4575//3806 4577//3808 4594//3824
f 4614//3987 4582//3813 4586//3976
f 4579//3810 4608//3839 4580//3811
f 4579//3810 4573//3974 4608//3839
f 4586//3976 4602//3985 4669//3966
f 4573//3974 4574//3805 4604//3835
f 4606//3837 4607//3838 4581//3975
f 4613//3986 4614//3987 4615//3988
f 4593//3823 4573//3974 4585//3816
f 4616//3847 4617//3848 4618//3849
f 4586//3976 4621//3989 4602//3985
f 4675//3905 4622//3852 4623//3853
f 4594//3824 4612//3937 4575//3806
f 4630//3860 4631//3942 4602//3985
f 4632//3862 4594//3824 4633//3863
f 4582//3813 4639//3869 4573//3974
f 4640//3870 4639//3869 4582//3813
f 4657//3999 4589//3979 4644//3950
f 4575//3806 4645//3993 4592//3822
f 4602//3985 4646//3994 4630//3860
f 4648//3879 4649//3995 4650//3954
f 4664//3895 4576//3807 4654//3885
f 4658//3890 4610//3841 4659//3891
f 4573//3974 4649//3995 4585//3816
f 4585//3816 4649//3995 4648//3879
f 4665//3896 4666//3897 4616//3847
f 4594//3824 4611//3842 4612//3937
f 4589//3979 4586//3976 4669//3966
f 4631//3942 4589//3979 4669//3966
f 4620//3851 4618//3849 4617//3848
f 4631//3942 4644//3950 4589//3979
f 4608//3839 4573//3974 4639//3869
f 4609//3840 4608//3839 4639//3869
f 4606//3837 4637//3867 4655//3886
f 4584//3815 4606//3837 4593//3823
f 4594//3824 4577//3808 4633//3863
f 4675//3905 4623//3853 4577//3808
f 4676//3906 4642//3872 4643//3873
f 4574//3805 4676//3906 4604//3835
f 4616//3847 4618//3849 4596//3826
f 4647//3878 4596//3826 4619//3850
f 4672//3969 4573//3974 4671//4003
f 4638//3868 4648//3879 4666//3897
f 4650//3954 4598//3926 4597//3982
f 4581//3975 4593//3823 4606//3837
f 4593//3823 4581//3975 4573//3974
f 4655//3886 4664//3895 4654//3885
f 4677//3907 4641//3871 4642//3872
f 4573//3974 4641//3871 4677//3907
f 4589//3979 4657//3999 4587//3977
f 4622//3852 4675//3905 4625//3855
f 4601//3831 4646//3994 4678//4004
f 4590//3980 4678//4004 4646//3994
f 4595//3825 4614//3987 4613//3986
f 4592//3822 4673//3903 4628//3858
f 4649//3995 4598//3926 4650//3954
f 4573//3974 4598//3926 4649//3995
f 4605//3836 4655//3886 4654//3885
f 4655//3886 4636//3866 4606//3837
f 4663//3964 4644//3950 4631//3942
f 4591//3981 4660//4000 4661//4001
f 4616//3847 4596//3826 4665//3896
f 4615//3988 4651//3996 4652//3997
f 4658//3890 4653//3884 4632//3862
f 4668//3899 4629//3859 4656//3998
f 4624//3854 4643//3873 4642//3872
f 4643//3873 4624//3854 4603//3834
f 4627//3990 4601//3831 4678//4004
f 4601//3831 4627//3990 4645//3993
f 4635//3992 4667//4002 4634//3991
f 4630//3860 4662//3893 4663//3964
f 4630//3860 4646//3994 4601//3831
f 4583//3814 4637//3867 4584//3815
f 4584//3815 4637//3867 4606//3837
f 4662//3893 4645//3993 4575//3806
f 4620//3851 4604//3835 4676//3906
f 4633//3863 4577//3808 4623//3853
f 4585//3816 4648//3879 4583//3814
f 4650//3954 4597//3982 4666//3897
f 4574//3805 4677//3907 4642//3872
f 4574//3805 4642//3872 4676//3906
f 4670//3901 4580//3811 4608//3839
f 4625//3855 4624//3854 4580//3811
f 4603//3834 4577//3808 4576//3807
f 4619//3850 4620//3851 4676//3906
f 4612//3937 4663//3964 4575//3806
f 4644//3950 4663//3964 4612//3937
f 4612//3937 4611//3842 4657//3999
f 4661//4001 4627//3990 4591//3981
f 4638//3868 4665//3896 4664//3895
f 4638//3868 4666//3897 4665//3896
f 4662//3893 4601//3831 4645//3993
f 4599//3983 4656//3998 4600//3984
f 4600//3984 4656//3998 4629//3859
f 4631//3942 4669//3966 4602//3985
f 4671//4003 4604//3835 4620//3851
f 4604//3835 4671//4003 4573//3974
f 4605//3836 4592//3822 4668//3899
f 4603//3834 4625//3855 4675//3905
f 4619//3850 4596//3826 4618//3849
f 4618//3849 4620//3851 4619//3850
f 4610//3841 4674//3904 4659//3891
f 4667//4002 4611//3842 4594//3824
f 4638//3868 4655//3886 4637//3867
f 4580//3811 4624//3854 4578//3809
f 4586//3976 4581//3975 4599//3983
f 4599//3983 4581//3975 4656//3998
f 4672//3969 4598//3926 4573//3974
f 4598//3926 4672//3969 4597//3982
f 4588//3978 4586//3976 4589//3979
f 4586//3976 4651//3996 4614//3987
f 4614//3987 4651//3996 4615//3988
f 4573//3974 4579//3810 4641//3871
f 4641//3871 4579//3810 4578//3809
f 4621//3989 4586//3976 4590//3980
f 4621//3989 4590//3980 4646//3994
f 4651//3996 4588//3978 4587//3977
f 4586//3976 4588//3978 4651//3996
f 4601//3831 4662//3893 4630//3860
f 4647//3878 4603//3834 4576//3807
f 4647//3878 4643//3873 4603//3834
f 4607//3838 4606//3837 4636//3866
f 4629//3859 4628//3858 4600//3984
f 4661//4001 4600//3984 4628//3858
f 4676//3906 4643//3873 4619//3850
f 4617//3848 4616//3847 4666//3897
f 4666//3897 4597//3982 4617//3848
f 4627//3990 4678//4004 4591//3981
f 4636//3866 4668//3899 4607//3838
f 4634//3991 4613//3986 4615//3988
f 4575//3806 4663//3964 4662//3893
f 4612//3937 4657//3999 4644//3950
f 4664//3895 4596//3826 4576//3807
f 4596//3826 4647//3878 4576//3807
f 4635//3992 4657//3999 4611//3842
f 4635//3992 4611//3842 4667//4002
f 4623//3853 4610//3841 4633//3863
f 4635//3992 4615//3988 4652//3997
f 4664//3895 4665//3896 4596//3826
f 4653//3884 4613//3986 4634//3991
f 4653//3884 4595//3825 4613//3986
f 4580//3811 4670//3901 4625//3855
f 4622//3852 4625//3855 4670//3901
f 4623//3853 4622//3852 4674//3904
f 4610//3841 4623//3853 4674//3904
f 4609//3840 4639//3869 4640//3870
f 4609//3840 4640//3870 4674//3904
f 4658//3890 4632//3862 4633//3863
f 4633//3863 4610//3841 4658//3890
f 4636//3866 4605//3836 4668//3899
f 4636//3866 4655//3886 4605//3836
f 4592//3822 4645//3993 4673//3903
f 4617//3848 4671//4003 4620//3851
f 4678//4004 4590//3980 4591//3981
f 4670//3901 4609//3840 4622//3852
f 4670//3901 4608//3839 4609//3840
f 4621//3989 4646//3994 4602//3985
f 4641//3871 4578//3809 4642//3872
f 4671//4003 4597//3982 4672//3969
f 4600//3984 4661//4001 4599//3983
f 4656//3998 4581//3975 4607//3838
f 4656//3998 4607//3838 4668//3899
f 4657//3999 4652//3997 4587//3977
f 4652//3997 4651//3996 4587//3977
f 4595//3825 4640//3870 4582//3813
f 4595//3825 4659//3891 4640//3870
f 4627//3990 4661//4001 4626//3856
f 4626//3856 4661//4001 4628//3858
f 4667//4002 4653//3884 4634//3991
f 4603//3834 4675//3905 4577//3808
f 4654//3885 4576//3807 4592//3822
f 4592//3822 4605//3836 4654//3885
f 4627//3990 4626//3856 4673//3903
f 4622//3852 4609//3840 4674//3904
f 4648//3879 4638//3868 4583//3814
f 4660//4000 4599//3983 4661//4001
f 4586//3976 4599//3983 4660//4000
f 4592//3822 4629//3859 4668//3899
f 4592//3822 4628//3858 4629//3859
f 4655//3886 4638//3868 4664//3895
f 4625//3855 4603//3834 4624//3854
f 4663//3964 4631//3942 4630//3860
f 4619//3850 4643//3873 4647//3878
f 4653//3884 4667//4002 4632//3862
f 4632//3862 4667//4002 4594//3824
f 4627//3990 4673//3903 4645//3993
f 4586//3976 4660//4000 4590//3980
f 4591//3981 4590//3980 4660//4000
f 4673//3903 4626//3856 4628//3858
f 4642//3872 4578//3809 4624//3854
f 4617//3848 4597//3982 4671//4003
f 4657//3999 4635//3992 4652//3997
f 4659//3891 4674//3904 4640//3870
f 4648//3879 4650//3954 4666//3897
f 4634//3991 4615//3988 4635//3992
f 4659//3891 4595//3825 4658//3890
f 4653//3884 4658//3890 4595//3825
f 4637//3867 4583//3814 4638//3868
f 4679//3909 4745//3947 4680//3910
f 4681//3806 4682//3807 4683//3808
f 4687//3914 4720//4012 4698//3924
f 4684//3911 4758//3957 4685//3912
f 4679//3909 4686//3913 4687//3914
f 4688//3915 4689//3916 4690//3917
f 4691//4005 4687//3914 4686//3913
f 4692//4006 4774//4022 4693//4007
f 4682//3807 4681//3806 4696//3822
f 4681//3806 4683//3808 4697//3824
f 4720//4012 4687//3914 4691//4005
f 4704//4008 4774//4022 4692//4006
f 4691//4005 4707//4009 4775//4023
f 4702//3927 4708//3930 4703//3928
f 4708//3930 4702//3927 4691//4005
f 4679//3909 4680//3910 4710//3835
f 4712//3932 4713//3933 4686//3913
f 4721//3847 4722//3848 4723//3849
f 4691//4005 4751//4017 4707//4009
f 4781//3905 4726//3852 4727//3853
f 4697//3824 4718//3937 4681//3806
f 4734//3860 4735//3942 4707//4009
f 4736//3943 4697//3824 4737//3944
f 4687//3914 4743//3946 4679//3909
f 4744//4016 4743//3946 4687//3914
f 4762//3999 4693//4007 4748//3950
f 4681//3806 4749//3875 4696//3822
f 4707//4009 4750//3876 4734//3860
f 4753//3952 4754//3953 4755//3954
f 4691//4005 4686//3913 4708//3930
f 4713//3933 4708//3930 4686//3913
f 4698//3924 4784//4025 4763//4020
f 4769//3895 4682//3807 4759//3885
f 4763//4020 4716//3936 4764//3961
f 4679//3909 4754//3953 4690//3917
f 4690//3917 4754//3953 4753//3952
f 4770//3896 4771//3897 4721//3847
f 4697//3824 4717//3842 4718//3937
f 4774//4022 4704//4008 4691//4005
f 4693//4007 4774//4022 4775//4023
f 4735//3942 4693//4007 4775//4023
f 4725//3851 4723//3849 4722//3848
f 4735//3942 4748//3950 4693//4007
f 4714//3934 4679//3909 4743//3946
f 4715//3935 4714//3934 4743//3946
f 4712//3932 4741//3867 4760//3886
f 4689//3916 4712//3932 4686//3913
f 4697//3824 4683//3808 4737//3944
f 4781//3905 4727//3853 4683//3808
f 4782//3906 4746//3948 4747//3949
f 4680//3910 4782//3906 4710//3835
f 4721//3847 4723//3849 4699//3826
f 4752//3878 4699//3826 4724//3850
f 4778//3969 4679//3909 4777//3968
f 4742//3868 4753//3952 4771//3897
f 4755//3954 4701//3926 4700//3925
f 4760//3886 4769//3895 4759//3885
f 4693//4007 4762//3999 4692//4006
f 4726//3852 4781//3905 4729//4013
f 4706//3831 4750//3876 4783//3972
f 4751//4017 4783//3972 4750//3876
f 4698//3924 4720//4012 4784//4025
f 4696//3822 4779//3970 4732//3858
f 4754//3953 4701//3926 4755//3954
f 4679//3909 4701//3926 4754//3953
f 4711//4010 4760//3886 4759//3885
f 4760//3886 4740//3866 4712//3932
f 4768//3964 4748//3950 4735//3942
f 4695//3923 4765//3962 4766//3963
f 4721//3847 4699//3826 4770//3896
f 4719//4011 4756//4018 4757//4019
f 4773//3899 4733//3859 4761//3958
f 4728//3854 4747//3949 4746//3948
f 4747//3949 4728//3854 4709//3834
f 4731//3857 4706//3831 4783//3972
f 4706//3831 4731//3857 4749//3875
f 4739//4015 4772//4021 4738//4014
f 4734//3860 4767//3893 4768//3964
f 4734//3860 4750//3876 4706//3831
f 4688//3915 4741//3867 4689//3916
f 4689//3916 4741//3867 4712//3932
f 4765//3962 4702//3927 4703//3928
f 4691//4005 4702//3927 4765//3962
f 4767//3893 4749//3875 4681//3806
f 4725//3851 4710//3835 4782//3906
f 4737//3944 4683//3808 4727//3853
f 4690//3917 4753//3952 4688//3915
f 4755//3954 4700//3925 4771//3897
f 4784//4025 4738//4014 4763//4020
f 4680//3910 4745//3947 4746//3948
f 4680//3910 4746//3948 4782//3906
f 4776//4024 4685//3912 4705//3929
f 4729//4013 4728//3854 4685//3912
f 4709//3834 4683//3808 4682//3807
f 4724//3850 4725//3851 4782//3906
f 4718//3937 4768//3964 4681//3806
f 4748//3950 4768//3964 4718//3937
f 4719//4011 4784//4025 4720//4012
f 4718//3937 4717//3842 4762//3999
f 4766//3963 4731//3857 4695//3923
f 4742//3868 4770//3896 4769//3895
f 4742//3868 4771//3897 4770//3896
f 4767//3893 4706//3831 4749//3875
f 4708//3930 4761//3958 4703//3928
f 4703//3928 4761//3958 4733//3859
f 4735//3942 4775//4023 4707//4009
f 4777//3968 4710//3835 4725//3851
f 4710//3835 4777//3968 4679//3909
f 4711//4010 4696//3822 4773//3899
f 4709//3834 4729//4013 4781//3905
f 4724//3850 4699//3826 4723//3849
f 4723//3849 4725//3851 4724//3850
f 4716//3936 4780//3904 4764//3961
f 4772//4021 4717//3842 4697//3824
f 4742//3868 4760//3886 4741//3867
f 4685//3912 4728//3854 4684//3911
f 4705//3929 4714//3934 4776//4024
f 4714//3934 4705//3929 4679//3909
f 4778//3969 4701//3926 4679//3909
f 4701//3926 4778//3969 4700//3925
f 4706//3831 4767//3893 4734//3860
f 4752//3878 4709//3834 4682//3807
f 4752//3878 4747//3949 4709//3834
f 4713//3933 4712//3932 4740//3866
f 4733//3859 4732//3858 4703//3928
f 4766//3963 4703//3928 4732//3858
f 4782//3906 4747//3949 4724//3850
f 4722//3848 4721//3847 4771//3897
f 4771//3897 4700//3925 4722//3848
f 4731//3857 4783//3972 4695//3923
f 4740//3866 4773//3899 4713//3933
f 4681//3806 4768//3964 4767//3893
f 4718//3937 4762//3999 4748//3950
f 4769//3895 4699//3826 4682//3807
f 4699//3826 4752//3878 4682//3807
f 4739//4015 4762//3999 4717//3842
f 4739//4015 4717//3842 4772//4021
f 4727//3853 4716//3936 4737//3944
f 4739//4015 4719//4011 4757//4019
f 4769//3895 4770//3896 4699//3826
f 4685//3912 4776//4024 4729//4013
f 4726//3852 4729//4013 4776//4024
f 4727//3853 4726//3852 4780//3904
f 4716//3936 4727//3853 4780//3904
f 4715//3935 4743//3946 4744//4016
f 4715//3935 4744//4016 4780//3904
f 4763//4020 4736//3943 4737//3944
f 4737//3944 4716//3936 4763//4020
f 4740//3866 4711//4010 4773//3899
f 4740//3866 4760//3886 4711//4010
f 4696//3822 4749//3875 4779//3970
f 4722//3848 4777//3968 4725//3851
f 4783//3972 4694//3922 4695//3923
f 4776//4024 4715//3935 4726//3852
f 4776//4024 4714//3934 4715//3935
f 4751//4017 4750//3876 4707//4009
f 4758//3957 4684//3911 4746//3948
f 4777//3968 4700//3925 4778//3969
f 4703//3928 4766//3963 4765//3962
f 4761//3958 4708//3930 4713//3933
f 4761//3958 4713//3933 4773//3899
f 4762//3999 4757//4019 4692//4006
f 4757//4019 4704//4008 4692//4006
f 4698//3924 4744//4016 4687//3914
f 4698//3924 4764//3961 4744//4016
f 4731//3857 4766//3963 4730//3856
f 4730//3856 4766//3963 4732//3858
f 4772//4021 4763//4020 4738//4014
f 4709//3834 4781//3905 4683//3808
f 4759//3885 4682//3807 4696//3822
f 4696//3822 4711//4010 4759//3885
f 4731//3857 4730//3856 4779//3970
f 4726//3852 4715//3935 4780//3904
f 4753//3952 4742//3868 4688//3915
f 4738//4014 4784//4025 4719//4011
f 4691//4005 4704//4008 4756//4018
f 4756//4018 4704//4008 4757//4019
f 4720//4012 4691//4005 4756//4018
f 4720//4012 4756//4018 4719//4011
f 4686//3913 4690//3917 4689//3916
f 4686//3913 4679//3909 4690//3917
f 4745//3947 4679//3909 4758//3957
f 4745//3947 4758//3957 4746//3948
f 4751//4017 4694//3922 4783//3972
f 4751//4017 4691//4005 4694//3922
f 4774//4022 4691//4005 4775//4023
f 4758//3957 4705//3929 4685//3912
f 4679//3909 4705//3929 4758//3957
f 4696//3822 4733//3859 4773//3899
f 4696//3822 4732//3858 4733//3859
f 4760//3886 4742//3868 4769//3895
f 4729//4013 4709//3834 4728//3854
f 4768//3964 4735//3942 4734//3860
f 4724//3850 4747//3949 4752//3878
f 4763//4020 4772//4021 4736//3943
f 4736//3943 4772//4021 4697//3824
f 4731//3857 4779//3970 4749//3875
f 4691//4005 4765//3962 4694//3922
f 4695//3923 4694//3922 4765//3962
f 4779//3970 4730//3856 4732//3858
f 4746//3948 4684//3911 4728//3854
f 4722//3848 4700//3925 4777//3968
f 4762//3999 4739//4015 4757//4019
f 4764//3961 4780//3904 4744//4016
f 4753//3952 4755//3954 4771//3897
f 4738//4014 4719//4011 4739//4015
f 4764//3961 4698//3924 4763//4020
f 4741//3867 4688//3915 4742//3868
f 4787//4028 4788//4029 4789//4030
f 4795//4036 4828//4069 4790//4031
f 4791//4032 4792//4033 4793//4034
f 4785//4026 4794//4035 4795//4036
f 4796//4037 4797//4038 4798//4039
f 4799//4040 4795//4036 4794//4035
f 4802//4043 4803//4044 4804//4045
f 4788//4029 4787//4028 4805//4046
f 4806//4047 4798//4039 4797//4038
f 4787//4028 4789//4030 4807//4048
f 4828//4069 4795//4036 4799//4040
f 4792//4033 4822//4063 4793//4034
f 4792//4033 4785//4026 4822//4063
f 4799//4040 4815//4056 4816//4057
f 4806//4047 4785//4026 4798//4039
f 4829//4070 4830//4071 4831//4072
f 4803//4044 4802//4043 4799//4040
f 4799//4040 4834//4075 4815//4056
f 4888//4129 4835//4076 4836//4077
f 4841//4082 4842//4083 4843//4084
f 4807//4048 4826//4067 4787//4028
f 4845//4086 4807//4048 4846//4087
f 4795//4036 4852//4093 4785//4026
f 4853//4094 4852//4093 4795//4036
f 4854//4095 4791//4032 4889//4130
f 4787//4028 4858//4099 4805//4046
f 4815//4056 4859//4100 4844//4085
f 4861//4102 4862//4103 4863//4104
f 4808//4049 4790//4031 4871//4112
f 4876//4117 4788//4029 4867//4108
f 4818//4059 4794//4035 4864//4105
f 4869//4110 4866//4107 4865//4106
f 4871//4112 4824//4065 4872//4113
f 4799//4040 4812//4053 4803//4044
f 4803//4044 4812//4053 4873//4114
f 4785//4026 4862//4103 4798//4039
f 4798//4039 4862//4103 4861//4102
f 4877//4118 4878//4119 4829//4070
f 4807//4048 4825//4066 4826//4067
f 4843//4084 4864//4105 4880//4121
f 4833//4074 4831//4072 4830//4071
f 4822//4063 4785//4026 4852//4093
f 4823//4064 4822//4063 4852//4093
f 4849//4090 4850//4091 4868//4109
f 4807//4048 4789//4030 4846//4087
f 4888//4129 4836//4077 4789//4030
f 4829//4070 4831//4072 4809//4050
f 4860//4101 4809//4050 4832//4073
f 4851//4092 4861//4102 4878//4119
f 4863//4104 4862//4103 4810//4051
f 4794//4035 4806//4047 4821//4062
f 4806//4047 4794//4035 4785//4026
f 4868//4109 4876//4117 4867//4108
f 4857//4098 4870//4111 4800//4041
f 4855//4096 4856//4097 4860//4101
f 4835//4076 4888//4129 4838//4079
f 4814//4055 4859//4100 4890//4131
f 4802//4043 4890//4131 4859//4100
f 4790//4031 4828//4069 4827//4068
f 4805//4046 4886//4127 4841//4082
f 4820//4061 4868//4109 4867//4108
f 4868//4109 4848//4089 4849//4090
f 4875//4116 4857//4098 4882//4123
f 4804//4045 4803//4044 4873//4114
f 4829//4070 4809//4050 4877//4118
f 4864//4105 4843//4084 4818//4059
f 4843//4084 4842//4083 4813//4054
f 4856//4097 4837//4078 4819//4060
f 4840//4081 4814//4055 4890//4131
f 4814//4055 4840//4081 4858//4099
f 4866//4107 4879//4120 4847//4088
f 4794//4035 4821//4062 4864//4105
f 4848//4089 4880//4121 4864//4105
f 4844//4085 4874//4115 4875//4116
f 4844//4085 4859//4100 4814//4055
f 4841//4082 4839//4080 4842//4083
f 4796//4037 4850//4091 4797//4038
f 4874//4115 4858//4099 4787//4028
f 4816//4057 4881//4122 4799//4040
f 4846//4087 4789//4030 4836//4077
f 4798//4039 4861//4102 4796//4037
f 4863//4104 4810//4051 4878//4119
f 4790//4031 4847//4088 4871//4112
f 4797//4038 4850//4091 4849//4090
f 4883//4124 4793//4034 4822//4063
f 4838//4079 4837//4078 4793//4034
f 4819//4060 4789//4030 4788//4029
f 4832//4073 4833//4074 4786//4027
f 4826//4067 4875//4116 4787//4028
f 4857//4098 4875//4116 4826//4067
f 4826//4067 4825//4066 4870//4111
f 4873//4114 4840//4081 4804//4045
f 4851//4092 4877//4118 4876//4117
f 4851//4092 4878//4119 4877//4118
f 4874//4115 4814//4055 4858//4099
f 4800//4041 4869//4110 4801//4042
f 4870//4111 4869//4110 4800//4041
f 4844//4085 4882//4123 4816//4057
f 4844//4085 4816//4057 4815//4056
f 4884//4125 4786//4027 4833//4074
f 4786//4027 4884//4125 4885//4126
f 4820//4061 4805//4046 4880//4121
f 4819//4060 4838//4079 4888//4129
f 4832//4073 4809//4050 4831//4072
f 4831//4072 4833//4074 4832//4073
f 4824//4065 4887//4128 4872//4113
f 4879//4120 4825//4066 4807//4048
f 4851//4092 4868//4109 4850//4091
f 4793//4034 4837//4078 4791//4032
f 4799//4040 4794//4035 4817//4058
f 4817//4058 4794//4035 4818//4059
f 4801//4042 4799//4040 4881//4122
f 4834//4075 4799//4040 4802//4043
f 4834//4075 4802//4043 4859//4100
f 4865//4106 4801//4042 4869//4110
f 4799//4040 4801//4042 4865//4106
f 4785//4026 4854//4095 4889//4130
f 4814//4055 4874//4115 4844//4085
f 4860//4101 4819//4060 4788//4029
f 4860//4101 4856//4097 4819//4060
f 4821//4062 4848//4089 4864//4105
f 4821//4062 4849//4090 4848//4089
f 4786//4027 4855//4096 4832//4073
f 4830//4071 4829//4070 4878//4119
f 4878//4119 4810//4051 4830//4071
f 4840//4081 4890//4131 4804//4045
f 4791//4032 4856//4097 4889//4130
f 4882//4123 4857//4098 4881//4122
f 4787//4028 4875//4116 4874//4115
f 4826//4067 4870//4111 4857//4098
f 4876//4117 4809//4050 4788//4029
f 4809//4050 4860//4101 4788//4029
f 4866//4107 4870//4111 4825//4066
f 4866//4107 4825//4066 4879//4120
f 4836//4077 4824//4065 4846//4087
f 4869//4110 4870//4111 4866//4107
f 4881//4122 4816//4057 4882//4123
f 4876//4117 4877//4118 4809//4050
f 4790//4031 4827//4068 4847//4088
f 4793//4034 4883//4124 4838//4079
f 4835//4076 4838//4079 4883//4124
f 4836//4077 4835//4076 4887//4128
f 4824//4065 4836//4077 4887//4128
f 4823//4064 4852//4093 4853//4094
f 4823//4064 4853//4094 4887//4128
f 4871//4112 4845//4086 4846//4087
f 4846//4087 4824//4065 4871//4112
f 4848//4089 4820//4061 4880//4121
f 4848//4089 4868//4109 4820//4061
f 4805//4046 4858//4099 4886//4127
f 4830//4071 4884//4125 4833//4074
f 4785//4026 4889//4130 4786//4027
f 4890//4131 4802//4043 4804//4045
f 4883//4124 4823//4064 4835//4076
f 4883//4124 4822//4063 4823//4064
f 4834//4075 4859//4100 4815//4056
f 4790//4031 4808//4049 4795//4036
f 4881//4122 4800//4041 4801//4042
f 4800//4041 4881//4122 4857//4098
f 4821//4062 4806//4047 4797//4038
f 4797//4038 4849//4090 4821//4062
f 4866//4107 4827//4068 4865//4106
f 4884//4125 4810//4051 4811//4052
f 4813//4054 4873//4114 4812//4053
f 4873//4114 4813//4054 4842//4083
f 4808//4049 4853//4094 4795//4036
f 4808//4049 4872//4113 4853//4094
f 4813//4054 4818//4059 4843//4084
f 4813//4054 4817//4058 4818//4059
f 4840//4081 4873//4114 4839//4080
f 4839//4080 4873//4114 4842//4083
f 4879//4120 4871//4112 4847//4088
f 4819//4060 4888//4129 4789//4030
f 4867//4108 4788//4029 4805//4046
f 4805//4046 4820//4061 4867//4108
f 4840//4081 4839//4080 4886//4127
f 4835//4076 4823//4064 4887//4128
f 4861//4102 4851//4092 4796//4037
f 4885//4126 4785//4026 4786//4027
f 4828//4069 4799//4040 4865//4106
f 4828//4069 4865//4106 4827//4068
f 4812//4053 4799//4040 4817//4058
f 4812//4053 4817//4058 4813//4054
f 4811//4052 4885//4126 4884//4125
f 4785//4026 4885//4126 4811//4052
f 4854//4095 4785//4026 4792//4033
f 4854//4095 4792//4033 4791//4032
f 4785//4026 4811//4052 4862//4103
f 4862//4103 4811//4052 4810//4051
f 4805//4046 4843//4084 4880//4121
f 4805//4046 4841//4082 4843//4084
f 4868//4109 4851//4092 4876//4117
f 4838//4079 4819//4060 4837//4078
f 4882//4123 4844//4085 4875//4116
f 4832//4073 4855//4096 4860//4101
f 4871//4112 4879//4120 4845//4086
f 4845//4086 4879//4120 4807//4048
f 4840//4081 4886//4127 4858//4099
f 4886//4127 4839//4080 4841//4082
f 4856//4097 4791//4032 4837//4078
f 4830//4071 4810//4051 4884//4125
f 4872//4113 4887//4128 4853//4094
f 4861//4102 4863//4104 4878//4119
f 4847//4088 4827//4068 4866//4107
f 4872//4113 4808//4049 4871//4112
f 4889//4130 4856//4097 4855//4096
f 4786//4027 4889//4130 4855//4096
f 4850//4091 4796//4037 4851//4092
f 4891//4132 4963//4172 4892//4133
f 4893//4028 4894//4029 4895//4030
f 4898//4136 4899//4137 4900//4138
f 4891//4132 4901//4035 4902//4139
f 4903//4140 4904//4141 4905//4039
f 4906//4142 4902//4139 4901//4035
f 4907//4143 4908//4144 4909//4145
f 4910//4043 4911//4044 4912//4045
f 4894//4029 4893//4028 4913//4046
f 4914//4047 4905//4039 4904//4141
f 4893//4028 4895//4030 4915//4048
f 4899//4137 4931//4063 4900//4138
f 4899//4137 4891//4132 4931//4063
f 4906//4142 4923//4149 4924//4150
f 4891//4132 4892//4133 4928//4153
f 4914//4047 4891//4132 4905//4039
f 4937//4070 4938//4158 4939//4072
f 4911//4044 4910//4043 4906//4142
f 4906//4142 4942//4161 4923//4149
f 4995//4129 4943//4162 4944//4077
f 4949//4165 4950//4083 4951//4084
f 4915//4048 4935//4156 4893//4028
f 4953//4086 4915//4048 4954//4087
f 4902//4139 4961//4170 4891//4132
f 4962//4171 4961//4170 4902//4139
f 4978//4180 4909//4145 4966//4175
f 4893//4028 4967//4099 4913//4046
f 4923//4149 4968//4100 4952//4085
f 4970//4102 4971//4177 4972//4104
f 4916//4146 4897//4135 4979//4181
f 4984//4117 4894//4029 4976//4108
f 4926//4151 4901//4035 4973//4105
f 4979//4181 4933//4065 4980//4113
f 4906//4142 4920//4053 4911//4044
f 4911//4044 4920//4053 4981//4182
f 4891//4132 4971//4177 4905//4039
f 4905//4039 4971//4177 4970//4102
f 4985//4118 4986//4119 4937//4070
f 4915//4048 4934//4155 4935//4156
f 4951//4084 4973//4105 4988//4185
f 4941//4160 4939//4072 4938//4158
f 4990//4187 4966//4175 4909//4145
f 4931//4063 4891//4132 4961//4170
f 4932//4064 4931//4063 4961//4170
f 4958//4090 4959//4168 4977//4109
f 4915//4048 4895//4030 4954//4087
f 4995//4129 4944//4077 4895//4030
f 4996//4189 4964//4173 4965//4174
f 4892//4133 4996//4189 4928//4153
f 4937//4070 4939//4072 4917//4050
f 4969//4176 4917//4050 4940//4159
f 4919//4148 4891//4132 4992//4188
f 4960//4169 4970//4102 4986//4119
f 4972//4104 4971//4177 4918//4147
f 4896//4134 4974//4178 4936//4157
f 4896//4134 4906//4142 4974//4178
f 4901//4035 4914//4047 4930//4154
f 4914//4047 4901//4035 4891//4132
f 4977//4109 4984//4117 4976//4108
f 4909//4145 4978//4180 4907//4143
f 4943//4162 4995//4129 4946//4079
f 4922//4055 4968//4100 4997//4131
f 4910//4043 4997//4131 4968//4100
f 4913//4046 4993//4127 4949//4165
f 4929//4061 4977//4109 4976//4108
f 4977//4109 4957//4089 4958//4090
f 4983//4183 4966//4175 4990//4187
f 4912//4045 4911//4044 4981//4182
f 4937//4070 4917//4050 4985//4118
f 4936//4157 4974//4178 4975//4179
f 4973//4105 4951//4084 4926//4151
f 4951//4084 4950//4083 4921//4054
f 4945//4163 4965//4174 4964//4173
f 4965//4174 4945//4163 4927//4152
f 4948//4164 4922//4055 4997//4131
f 4922//4055 4948//4164 4967//4099
f 4956//4167 4987//4184 4955//4166
f 4901//4035 4930//4154 4973//4105
f 4957//4089 4988//4185 4973//4105
f 4952//4085 4982//4115 4983//4183
f 4952//4085 4968//4100 4922//4055
f 4949//4165 4947//4080 4950//4083
f 4903//4140 4959//4168 4904//4141
f 4902//4139 4896//4134 4916//4146
f 4902//4139 4906//4142 4896//4134
f 4982//4115 4967//4099 4893//4028
f 4941//4160 4928//4153 4996//4189
f 4924//4150 4909//4145 4989//4186
f 4954//4087 4895//4030 4944//4077
f 4905//4039 4970//4102 4903//4140
f 4972//4104 4918//4147 4986//4119
f 4897//4135 4955//4166 4979//4181
f 4892//4133 4963//4172 4964//4173
f 4892//4133 4964//4173 4996//4189
f 4904//4141 4959//4168 4958//4090
f 4991//4124 4900//4138 4931//4063
f 4946//4079 4945//4163 4900//4138
f 4927//4152 4895//4030 4894//4029
f 4940//4159 4941//4160 4996//4189
f 4935//4156 4983//4183 4893//4028
f 4966//4175 4983//4183 4935//4156
f 4936//4157 4897//4135 4896//4134
f 4935//4156 4934//4155 4978//4180
f 4981//4182 4948//4164 4912//4045
f 4960//4169 4985//4118 4984//4117
f 4960//4169 4986//4119 4985//4118
f 4982//4115 4922//4055 4967//4099
f 4952//4085 4990//4187 4924//4150
f 4952//4085 4924//4150 4923//4149
f 4992//4188 4928//4153 4941//4160
f 4928//4153 4992//4188 4891//4132
f 4929//4061 4913//4046 4988//4185
f 4927//4152 4946//4079 4995//4129
f 4940//4159 4917//4050 4939//4072
f 4939//4072 4941//4160 4940//4159
f 4933//4065 4994//4128 4980//4113
f 4987//4184 4934//4155 4915//4048
f 4960//4169 4977//4109 4959//4168
f 4900//4138 4945//4163 4898//4136
f 4906//4142 4901//4035 4925//4058
f 4925//4058 4901//4035 4926//4151
f 4942//4161 4906//4142 4910//4043
f 4942//4161 4910//4043 4968//4100
f 4922//4055 4982//4115 4952//4085
f 4969//4176 4927//4152 4894//4029
f 4969//4176 4965//4174 4927//4152
f 4930//4154 4957//4089 4973//4105
f 4930//4154 4958//4090 4957//4089
f 4996//4189 4965//4174 4940//4159
f 4938//4158 4937//4070 4986//4119
f 4986//4119 4918//4147 4938//4158
f 4948//4164 4997//4131 4912//4045
f 4893//4028 4983//4183 4982//4115
f 4935//4156 4978//4180 4966//4175
f 4984//4117 4917//4050 4894//4029
f 4917//4050 4969//4176 4894//4029
f 4956//4167 4978//4180 4934//4155
f 4956//4167 4934//4155 4987//4184
f 4944//4077 4933//4065 4954//4087
f 4956//4167 4936//4157 4975//4179
f 4909//4145 4924//4150 4990//4187
f 4984//4117 4985//4118 4917//4050
f 4900//4138 4991//4124 4946//4079
f 4943//4162 4946//4079 4991//4124
f 4944//4077 4943//4162 4994//4128
f 4933//4065 4944//4077 4994//4128
f 4932//4064 4961//4170 4962//4171
f 4932//4064 4962//4171 4994//4128
f 4979//4181 4953//4086 4954//4087
f 4954//4087 4933//4065 4979//4181
f 4957//4089 4929//4061 4988//4185
f 4957//4089 4977//4109 4929//4061
f 4913//4046 4967//4099 4993//4127
f 4938//4158 4992//4188 4941//4160
f 4997//4131 4910//4043 4912//4045
f 4991//4124 4932//4064 4943//4162
f 4991//4124 4931//4063 4932//4064
f 4942//4161 4968//4100 4923//4149
f 4899//4137 4898//4136 4964//4173
f 4897//4135 4916//4146 4896//4134
f 4930//4154 4914//4047 4904//4141
f 4904//4141 4958//4090 4930//4154
f 4992//4188 4918//4147 4919//4148
f 4921//4054 4981//4182 4920//4053
f 4981//4182 4921//4054 4950//4083
f 4978//4180 4975//4179 4907//4143
f 4975//4179 4908//4144 4907//4143
f 4916//4146 4962//4171 4902//4139
f 4916//4146 4980//4113 4962//4171
f 4921//4054 4926//4151 4951//4084
f 4921//4054 4925//4058 4926//4151
f 4948//4164 4981//4182 4947//4080
f 4947//4080 4981//4182 4950//4083
f 4987//4184 4979//4181 4955//4166
f 4927//4152 4995//4129 4895//4030
f 4976//4108 4894//4029 4913//4046
f 4913//4046 4929//4061 4976//4108
f 4948//4164 4947//4080 4993//4127
f 4943//4162 4932//4064 4994//4128
f 4970//4102 4960//4169 4903//4140
f 4955//4166 4897//4135 4936//4157
f 4906//4142 4908//4144 4974//4178
f 4974//4178 4908//4144 4975//4179
f 4920//4053 4906//4142 4925//4058
f 4920//4053 4925//4058 4921//4054
f 4906//4142 4989//4186 4908//4144
f 4908//4144 4989//4186 4909//4145
f 4963//4172 4891//4132 4899//4137
f 4963//4172 4899//4137 4964//4173
f 4989//4186 4906//4142 4924//4150
f 4891//4132 4919//4148 4971//4177
f 4971//4177 4919//4148 4918//4147
f 4913//4046 4951//4084 4988//4185
f 4913//4046 4949//4165 4951//4084
f 4977//4109 4960//4169 4984//4117
f 4946//4079 4927//4152 4945//4163
f 4990//4187 4952//4085 4983//4183
f 4940//4159 4965//4174 4969//4176
f 4979//4181 4987//4184 4953//4086
f 4953//4086 4987//4184 4915//4048
f 4948//4164 4993//4127 4967//4099
f 4993//4127 4947//4080 4949//4165
f 4964//4173 4898//4136 4945//4163
f 4938//4158 4918//4147 4992//4188
f 4978//4180 4956//4167 4975//4179
f 4980//4113 4994//4128 4962//4171
f 4970//4102 4972//4104 4986//4119
f 4955//4166 4936//4157 4956//4167
f 4980//4113 4916//4146 4979//4181
f 4959//4168 4903//4140 4960//4169
f 5000//4028 5001//4029 5002//4030
f 5008//4193 5040//4197 5003//4190
f 5004//4032 5005//4191 5006//4192
f 4998//4026 5007//4035 5008//4193
f 5009//4037 5010//4038 5011//4039
f 5012//4040 5008//4193 5007//4035
f 5015//4043 5016//4044 5017//4045
f 5001//4029 5000//4028 5018//4046
f 5019//4047 5011//4039 5010//4038
f 5000//4028 5002//4030 5020//4048
f 5040//4197 5008//4193 5012//4040
f 5005//4191 5035//4063 5006//4192
f 5005//4191 4998//4026 5035//4063
f 5012//4040 5028//4056 5029//4057
f 5003//4190 5040//4197 5041//4198
f 5019//4047 4998//4026 5011//4039
f 5042//4070 5043//4158 5044//4072
f 5016//4044 5015//4043 5012//4040
f 5012//4040 5047//4200 5028//4056
f 5101//4129 5048//4076 5049//4077
f 5054//4082 5055//4083 5056//4084
f 5020//4048 5039//4067 5000//4028
f 5058//4086 5020//4048 5059//4087
f 5008//4193 5066//4093 4998//4026
f 5067//4094 5066//4093 5008//4193
f 5068//4095 5004//4032 5102//4130
f 5000//4028 5072//4099 5018//4046
f 5028//4056 5073//4207 5057//4085
f 5075//4102 5076//4103 5077//4104
f 5021//4196 5003//4190 5084//4211
f 5089//4117 5001//4029 5081//4108
f 5031//4059 5007//4035 5078//4105
f 5084//4211 5037//4065 5085//4113
f 5012//4040 5025//4053 5016//4044
f 5016//4044 5025//4053 5086//4114
f 4998//4026 5076//4103 5011//4039
f 5011//4039 5076//4103 5075//4102
f 5090//4118 5091//4119 5042//4070
f 5020//4048 5038//4155 5039//4067
f 5056//4084 5078//4105 5093//4121
f 5046//4074 5044//4072 5043//4158
f 5035//4063 4998//4026 5066//4093
f 5036//4064 5035//4063 5066//4093
f 5063//4090 5064//4204 5082//4109
f 5020//4048 5002//4030 5059//4087
f 5101//4129 5049//4077 5002//4030
f 5042//4070 5044//4072 5022//4050
f 5074//4101 5022//4050 5045//4199
f 5065//4205 5075//4102 5091//4119
f 5077//4104 5076//4103 5023//4051
f 5007//4035 5019//4047 5034//4062
f 5019//4047 5007//4035 4998//4026
f 5082//4109 5089//4117 5081//4108
f 5071//4098 5083//4210 5013//4194
f 5069//4206 5070//4097 5074//4101
f 5048//4076 5101//4129 5051//4079
f 5027//4055 5073//4207 5103//4131
f 5015//4043 5103//4131 5073//4207
f 5018//4046 5099//4127 5054//4082
f 5033//4061 5082//4109 5081//4108
f 5082//4109 5062//4089 5063//4090
f 5088//4116 5071//4098 5095//4123
f 5017//4045 5016//4044 5086//4114
f 5042//4070 5022//4050 5090//4118
f 5041//4198 5079//4208 5080//4209
f 5078//4105 5056//4084 5031//4059
f 5056//4084 5055//4083 5026//4054
f 5070//4097 5050//4201 5032//4060
f 5053//4081 5027//4055 5103//4131
f 5027//4055 5053//4081 5072//4099
f 5061//4203 5092//4184 5060//4202
f 5007//4035 5034//4062 5078//4105
f 5062//4089 5093//4121 5078//4105
f 5057//4085 5087//4115 5088//4116
f 5057//4085 5073//4207 5027//4055
f 5054//4082 5052//4080 5055//4083
f 5009//4037 5064//4204 5010//4038
f 5087//4115 5072//4099 5000//4028
f 5029//4057 5094//4212 5012//4040
f 5059//4087 5002//4030 5049//4077
f 5011//4039 5075//4102 5009//4037
f 5077//4104 5023//4051 5091//4119
f 5003//4190 5060//4202 5084//4211
f 5010//4038 5064//4204 5063//4090
f 5096//4124 5006//4192 5035//4063
f 5051//4079 5050//4201 5006//4192
f 5032//4060 5002//4030 5001//4029
f 5045//4199 5046//4074 4999//4027
f 5039//4067 5088//4116 5000//4028
f 5071//4098 5088//4116 5039//4067
f 5039//4067 5038//4155 5083//4210
f 5086//4114 5053//4081 5017//4045
f 5065//4205 5090//4118 5089//4117
f 5065//4205 5091//4119 5090//4118
f 5087//4115 5027//4055 5072//4099
f 5013//4194 5080//4209 5014//4195
f 5083//4210 5080//4209 5013//4194
f 5057//4085 5095//4123 5029//4057
f 5057//4085 5029//4057 5028//4056
f 5097//4125 4999//4027 5046//4074
f 4999//4027 5097//4125 5098//4126
f 5033//4061 5018//4046 5093//4121
f 5032//4060 5051//4079 5101//4129
f 5045//4199 5022//4050 5044//4072
f 5044//4072 5046//4074 5045//4199
f 5037//4065 5100//4128 5085//4113
f 5092//4184 5038//4155 5020//4048
f 5065//4205 5082//4109 5064//4204
f 5006//4192 5050//4201 5004//4032
f 5012//4040 5007//4035 5030//4058
f 5030//4058 5007//4035 5031//4059
f 5014//4195 5012//4040 5094//4212
f 5047//4200 5012//4040 5015//4043
f 5047//4200 5015//4043 5073//4207
f 5079//4208 5014//4195 5080//4209
f 5012//4040 5014//4195 5079//4208
f 4998//4026 5068//4095 5102//4130
f 5027//4055 5087//4115 5057//4085
f 5074//4101 5032//4060 5001//4029
f 5074//4101 5070//4097 5032//4060
f 5034//4062 5062//4089 5078//4105
f 5034//4062 5063//4090 5062//4089
f 4999//4027 5069//4206 5045//4199
f 5043//4158 5042//4070 5091//4119
f 5091//4119 5023//4051 5043//4158
f 5053//4081 5103//4131 5017//4045
f 5004//4032 5070//4097 5102//4130
f 5095//4123 5071//4098 5094//4212
f 5060//4202 5003//4190 5041//4198
f 5000//4028 5088//4116 5087//4115
f 5039//4067 5083//4210 5071//4098
f 5089//4117 5022//4050 5001//4029
f 5022//4050 5074//4101 5001//4029
f 5061//4203 5083//4210 5038//4155
f 5061//4203 5038//4155 5092//4184
f 5049//4077 5037//4065 5059//4087
f 5061//4203 5041//4198 5080//4209
f 5094//4212 5029//4057 5095//4123
f 5089//4117 5090//4118 5022//4050
f 5006//4192 5096//4124 5051//4079
f 5048//4076 5051//4079 5096//4124
f 5049//4077 5048//4076 5100//4128
f 5037//4065 5049//4077 5100//4128
f 5036//4064 5066//4093 5067//4094
f 5036//4064 5067//4094 5100//4128
f 5084//4211 5058//4086 5059//4087
f 5059//4087 5037//4065 5084//4211
f 5062//4089 5033//4061 5093//4121
f 5062//4089 5082//4109 5033//4061
f 5018//4046 5072//4099 5099//4127
f 5043//4158 5097//4125 5046//4074
f 4998//4026 5102//4130 4999//4027
f 5103//4131 5015//4043 5017//4045
f 5096//4124 5036//4064 5048//4076
f 5096//4124 5035//4063 5036//4064
f 5047//4200 5073//4207 5028//4056
f 5003//4190 5021//4196 5008//4193
f 5094//4212 5013//4194 5014//4195
f 5013//4194 5094//4212 5071//4098
f 5034//4062 5019//4047 5010//4038
f 5010//4038 5063//4090 5034//4062
f 5097//4125 5023//4051 5024//4052
f 5026//4054 5086//4114 5025//4053
f 5086//4114 5026//4054 5055//4083
f 5021//4196 5067//4094 5008//4193
f 5021//4196 5085//4113 5067//4094
f 5026//4054 5031//4059 5056//4084
f 5026//4054 5030//4058 5031//4059
f 5053//4081 5086//4114 5052//4080
f 5052//4080 5086//4114 5055//4083
f 5092//4184 5084//4211 5060//4202
f 5032//4060 5101//4129 5002//4030
f 5081//4108 5001//4029 5018//4046
f 5018//4046 5033//4061 5081//4108
f 5053//4081 5052//4080 5099//4127
f 5048//4076 5036//4064 5100//4128
f 5075//4102 5065//4205 5009//4037
f 5098//4126 4998//4026 4999//4027
f 5040//4197 5012//4040 5079//4208
f 5040//4197 5079//4208 5041//4198
f 5025//4053 5012//4040 5030//4058
f 5025//4053 5030//4058 5026//4054
f 5024//4052 5098//4126 5097//4125
f 4998//4026 5098//4126 5024//4052
f 5068//4095 4998//4026 5005//4191
f 5068//4095 5005//4191 5004//4032
f 4998//4026 5024//4052 5076//4103
f 5076//4103 5024//4052 5023//4051
f 5018//4046 5056//4084 5093//4121
f 5018//4046 5054//4082 5056//4084
f 5082//4109 5065//4205 5089//4117
f 5051//4079 5032//4060 5050//4201
f 5095//4123 5057//4085 5088//4116
f 5045//4199 5069//4206 5074//4101
f 5084//4211 5092//4184 5058//4086
f 5058//4086 5092//4184 5020//4048
f 5053//4081 5099//4127 5072//4099
f 5099//4127 5052//4080 5054//4082
f 5070//4097 5004//4032 5050//4201
f 5043//4158 5023//4051 5097//4125
f 5083//4210 5061//4203 5080//4209
f 5085//4113 5100//4128 5067//4094
f 5075//4102 5077//4104 5091//4119
f 5060//4202 5041//4198 5061//4203
f 5085//4113 5021//4196 5084//4211
f 5102//4130 5070//4097 5069//4206
f 4999//4027 5102//4130 5069//4206
f 5064//4204 5009//4037 5065//4205
f 5104//4213 5175//4222 5105//4214
f 5106//4028 5107//4029 5108//4030
f 5111//4215 5112//4216 5113//4034
f 5104//4213 5114//4035 5115//4139
f 5116//4140 5117//4141 5118//4039
f 5119//4142 5115//4139 5114//4035
f 5120//4143 5121//4144 5122//4145
f 5123//4043 5124//4044 5125//4045
f 5107//4029 5106//4028 5126//4046
f 5127//4047 5118//4039 5117//4141
f 5106//4028 5108//4030 5128//4048
f 5112//4216 5143//4063 5113//4034
f 5112//4216 5104//4213 5143//4063
f 5119//4142 5136//4149 5137//4150
f 5127//4047 5104//4213 5118//4039
f 5149//4070 5150//4158 5151//4072
f 5124//4044 5123//4043 5119//4142
f 5119//4142 5154//4161 5136//4149
f 5207//4129 5155//4076 5156//4077
f 5161//4165 5162//4083 5163//4084
f 5128//4048 5147//4156 5106//4028
f 5165//4086 5128//4048 5166//4087
f 5115//4139 5173//4170 5104//4213
f 5174//4171 5173//4170 5115//4139
f 5175//4222 5111//4215 5208//4230
f 5190//4180 5122//4145 5178//4224
f 5106//4028 5179//4099 5126//4046
f 5136//4149 5180//4100 5164//4085
f 5182//4225 5183//4177 5184//4104
f 5129//4146 5110//4135 5191//4181
f 5196//4117 5107//4029 5188//4108
f 5139//4151 5114//4035 5185//4105
f 5191//4181 5145//4065 5192//4113
f 5119//4142 5133//4053 5124//4044
f 5124//4044 5133//4053 5193//4182
f 5104//4213 5183//4177 5118//4039
f 5118//4039 5183//4177 5182//4225
f 5197//4118 5198//4226 5149//4070
f 5128//4048 5146//4219 5147//4156
f 5163//4084 5185//4105 5200//4185
f 5153//4221 5151//4072 5150//4158
f 5202//4187 5178//4224 5122//4145
f 5143//4063 5104//4213 5173//4170
f 5144//4218 5143//4063 5173//4170
f 5170//4090 5171//4168 5189//4109
f 5128//4048 5108//4030 5166//4087
f 5207//4129 5156//4077 5108//4030
f 5149//4070 5151//4072 5130//4050
f 5181//4101 5130//4050 5152//4199
f 5132//4148 5104//4213 5204//4228
f 5172//4205 5182//4225 5198//4226
f 5184//4104 5183//4177 5131//4217
f 5109//4134 5186//4178 5148//4220
f 5109//4134 5119//4142 5186//4178
f 5114//4035 5127//4047 5142//4154
f 5127//4047 5114//4035 5104//4213
f 5189//4109 5196//4117 5188//4108
f 5122//4145 5190//4180 5120//4143
f 5176//4206 5177//4223 5181//4101
f 5155//4076 5207//4129 5158//4079
f 5135//4055 5180//4100 5209//4131
f 5123//4043 5209//4131 5180//4100
f 5126//4046 5205//4229 5161//4165
f 5141//4061 5189//4109 5188//4108
f 5189//4109 5169//4089 5170//4090
f 5195//4183 5178//4224 5202//4187
f 5125//4045 5124//4044 5193//4182
f 5149//4070 5130//4050 5197//4118
f 5148//4220 5186//4178 5187//4179
f 5185//4105 5163//4084 5139//4151
f 5163//4084 5162//4083 5134//4054
f 5177//4223 5157//4201 5140//4060
f 5160//4164 5135//4055 5209//4131
f 5135//4055 5160//4164 5179//4099
f 5168//4167 5199//4227 5167//4166
f 5114//4035 5142//4154 5185//4105
f 5169//4089 5200//4185 5185//4105
f 5164//4085 5194//4115 5195//4183
f 5164//4085 5180//4100 5135//4055
f 5161//4165 5159//4080 5162//4083
f 5116//4140 5171//4168 5117//4141
f 5115//4139 5109//4134 5129//4146
f 5115//4139 5119//4142 5109//4134
f 5194//4115 5179//4099 5106//4028
f 5137//4150 5122//4145 5201//4186
f 5166//4087 5108//4030 5156//4077
f 5118//4039 5182//4225 5116//4140
f 5184//4104 5131//4217 5198//4226
f 5110//4135 5167//4166 5191//4181
f 5117//4141 5171//4168 5170//4090
f 5203//4124 5113//4034 5143//4063
f 5158//4079 5157//4201 5113//4034
f 5140//4060 5108//4030 5107//4029
f 5152//4199 5153//4221 5105//4214
f 5147//4156 5195//4183 5106//4028
f 5178//4224 5195//4183 5147//4156
f 5148//4220 5110//4135 5109//4134
f 5147//4156 5146//4219 5190//4180
f 5193//4182 5160//4164 5125//4045
f 5172//4205 5197//4118 5196//4117
f 5172//4205 5198//4226 5197//4118
f 5194//4115 5135//4055 5179//4099
f 5164//4085 5202//4187 5137//4150
f 5164//4085 5137//4150 5136//4149
f 5204//4228 5105//4214 5153//4221
f 5105//4214 5204//4228 5104//4213
f 5141//4061 5126//4046 5200//4185
f 5140//4060 5158//4079 5207//4129
f 5152//4199 5130//4050 5151//4072
f 5151//4072 5153//4221 5152//4199
f 5145//4065 5206//4128 5192//4113
f 5199//4227 5146//4219 5128//4048
f 5172//4205 5189//4109 5171//4168
f 5113//4034 5157//4201 5111//4215
f 5119//4142 5114//4035 5138//4058
f 5138//4058 5114//4035 5139//4151
f 5154//4161 5119//4142 5123//4043
f 5154//4161 5123//4043 5180//4100
f 5135//4055 5194//4115 5164//4085
f 5181//4101 5140//4060 5107//4029
f 5181//4101 5177//4223 5140//4060
f 5142//4154 5169//4089 5185//4105
f 5142//4154 5170//4090 5169//4089
f 5105//4214 5176//4206 5152//4199
f 5150//4158 5149//4070 5198//4226
f 5198//4226 5131//4217 5150//4158
f 5160//4164 5209//4131 5125//4045
f 5111//4215 5177//4223 5208//4230
f 5106//4028 5195//4183 5194//4115
f 5147//4156 5190//4180 5178//4224
f 5196//4117 5130//4050 5107//4029
f 5130//4050 5181//4101 5107//4029
f 5168//4167 5190//4180 5146//4219
f 5168//4167 5146//4219 5199//4227
f 5156//4077 5145//4065 5166//4087
f 5168//4167 5148//4220 5187//4179
f 5122//4145 5137//4150 5202//4187
f 5196//4117 5197//4118 5130//4050
f 5113//4034 5203//4124 5158//4079
f 5155//4076 5158//4079 5203//4124
f 5156//4077 5155//4076 5206//4128
f 5145//4065 5156//4077 5206//4128
f 5144//4218 5173//4170 5174//4171
f 5144//4218 5174//4171 5206//4128
f 5191//4181 5165//4086 5166//4087
f 5166//4087 5145//4065 5191//4181
f 5169//4089 5141//4061 5200//4185
f 5169//4089 5189//4109 5141//4061
f 5126//4046 5179//4099 5205//4229
f 5150//4158 5204//4228 5153//4221
f 5175//4222 5208//4230 5105//4214
f 5209//4131 5123//4043 5125//4045
f 5203//4124 5144//4218 5155//4076
f 5203//4124 5143//4063 5144//4218
f 5154//4161 5180//4100 5136//4149
f 5110//4135 5129//4146 5109//4134
f 5142//4154 5127//4047 5117//4141
f 5117//4141 5170//4090 5142//4154
f 5204//4228 5131//4217 5132//4148
f 5134//4054 5193//4182 5133//4053
f 5193//4182 5134//4054 5162//4083
f 5190//4180 5187//4179 5120//4143
f 5187//4179 5121//4144 5120//4143
f 5129//4146 5174//4171 5115//4139
f 5129//4146 5192//4113 5174//4171
f 5134//4054 5139//4151 5163//4084
f 5134//4054 5138//4058 5139//4151
f 5160//4164 5193//4182 5159//4080
f 5159//4080 5193//4182 5162//4083
f 5199//4227 5191//4181 5167//4166
f 5140//4060 5207//4129 5108//4030
f 5188//4108 5107//4029 5126//4046
f 5126//4046 5141//4061 5188//4108
f 5160//4164 5159//4080 5205//4229
f 5155//4076 5144//4218 5206//4128
f 5182//4225 5172//4205 5116//4140
f 5167//4166 5110//4135 5148//4220
f 5119//4142 5121//4144 5186//4178
f 5186//4178 5121//4144 5187//4179
f 5133//4053 5119//4142 5138//4058
f 5133//4053 5138//4058 5134//4054
f 5119//4142 5201//4186 5121//4144
f 5121//4144 5201//4186 5122//4145
f 5175//4222 5104//4213 5112//4216
f 5175//4222 5112//4216 5111//4215
f 5201//4186 5119//4142 5137//4150
f 5104//4213 5132//4148 5183//4177
f 5183//4177 5132//4148 5131//4217
f 5126//4046 5163//4084 5200//4185
f 5126//4046 5161//4165 5163//4084
f 5189//4109 5172//4205 5196//4117
f 5158//4079 5140//4060 5157//4201
f 5202//4187 5164//4085 5195//4183
f 5152//4199 5176//4206 5181//4101
f 5191//4181 5199//4227 5165//4086
f 5165//4086 5199//4227 5128//4048
f 5160//4164 5205//4229 5179//4099
f 5205//4229 5159//4080 5161//4165
f 5177//4223 5111//4215 5157//4201
f 5150//4158 5131//4217 5204//4228
f 5190//4180 5168//4167 5187//4179
f 5192//4113 5206//4128 5174//4171
f 5182//4225 5184//4104 5198//4226
f 5167//4166 5148//4220 5168//4167
f 5192//4113 5129//4146 5191//4181
f 5208//4230 5177//4223 5176//4206
f 5105//4214 5208//4230 5176//4206
f 5171//4168 5116//4140 5172//4205
f 5210//4231 5311//4301 5211//4232
f 5212//4028 5213//4029 5214//4030
f 5216//4234 5217//4235 5218//4236
f 5210//4231 5219//4237 5215//4233
f 5220//4238 5221//4239 5222//4240
f 5223//4241 5215//4233 5219//4237
f 5224//4242 5225//4243 5226//4244
f 5227//4043 5228//4245 5229//4246
f 5213//4029 5212//4028 5230//4247
f 5212//4028 5214//4030 5231//4048
f 5223//4241 5239//4254 5303//4295
f 5236//4251 5240//4255 5237//4252
f 5240//4255 5236//4251 5223//4241
f 5243//4258 5244//4259 5219//4237
f 5252//4070 5253//4071 5254//4072
f 5228//4245 5227//4043 5223//4241
f 5223//4241 5257//4161 5239//4254
f 5308//4129 5258//4076 5259//4077
f 5231//4048 5249//4156 5212//4028
f 5266//4269 5267//4270 5239//4254
f 5268//4086 5231//4048 5269//4087
f 5277//4277 5216//4234 5309//4299
f 5291//4286 5226//4244 5280//4278
f 5212//4028 5281//4099 5230//4247
f 5239//4254 5282//4279 5266//4269
f 5284//4280 5285//4281 5286//4282
f 5251//4264 5225//4243 5287//4283
f 5251//4264 5223//4241 5225//4243
f 5277//4277 5217//4235 5216//4234
f 5277//4277 5210//4231 5217//4235
f 5232//4248 5313//4302 5292//4287
f 5297//4117 5213//4029 5288//4108
f 5292//4287 5247//4065 5293//4288
f 5223//4241 5236//4251 5228//4245
f 5228//4245 5236//4251 5294//4289
f 5298//4118 5299//4119 5252//4070
f 5231//4048 5248//4262 5249//4156
f 5226//4244 5302//4294 5303//4295
f 5267//4270 5226//4244 5303//4295
f 5256//4074 5254//4072 5253//4071
f 5267//4270 5280//4278 5226//4244
f 5245//4260 5210//4231 5275//4275
f 5246//4261 5245//4260 5275//4275
f 5272//4273 5273//4274 5289//4284
f 5221//4239 5243//4258 5222//4240
f 5231//4048 5214//4030 5269//4087
f 5308//4129 5259//4077 5214//4030
f 5252//4070 5254//4072 5233//4050
f 5283//4101 5233//4050 5255//4265
f 5274//4205 5284//4280 5299//4119
f 5286//4282 5310//4300 5234//4249
f 5219//4237 5222//4240 5243//4258
f 5222//4240 5219//4237 5210//4231
f 5289//4284 5297//4117 5288//4108
f 5311//4301 5277//4277 5309//4299
f 5210//4231 5277//4277 5311//4301
f 5226//4244 5291//4286 5224//4242
f 5278//4096 5279//4097 5283//4101
f 5258//4076 5308//4129 5261//4079
f 5238//4253 5282//4279 5312//4131
f 5227//4043 5312//4131 5282//4279
f 5232//4248 5215//4233 5313//4302
f 5230//4247 5306//4298 5264//4267
f 5242//4257 5289//4284 5288//4108
f 5289//4284 5271//4272 5272//4273
f 5296//4291 5280//4278 5267//4270
f 5229//4246 5228//4245 5294//4289
f 5252//4070 5233//4050 5298//4118
f 5301//4293 5265//4268 5290//4285
f 5279//4097 5260//4078 5241//4256
f 5263//4081 5238//4253 5312//4131
f 5238//4253 5263//4081 5281//4099
f 5270//4271 5300//4292 5250//4263
f 5266//4269 5295//4290 5296//4291
f 5266//4269 5282//4279 5238//4253
f 5220//4238 5273//4274 5221//4239
f 5221//4239 5273//4274 5243//4258
f 5295//4290 5281//4099 5212//4028
f 5269//4087 5214//4030 5259//4077
f 5285//4281 5284//4280 5220//4238
f 5286//4282 5234//4249 5299//4119
f 5313//4302 5250//4263 5292//4287
f 5272//4273 5244//4259 5243//4258
f 5243//4258 5273//4274 5272//4273
f 5304//4296 5218//4236 5217//4235
f 5261//4079 5260//4078 5218//4236
f 5241//4256 5214//4030 5213//4029
f 5255//4265 5256//4074 5211//4232
f 5249//4156 5296//4291 5212//4028
f 5280//4278 5296//4291 5249//4156
f 5250//4263 5313//4302 5251//4264
f 5249//4156 5248//4262 5291//4286
f 5294//4289 5263//4081 5229//4246
f 5274//4205 5298//4118 5297//4117
f 5274//4205 5299//4119 5298//4118
f 5295//4290 5238//4253 5281//4099
f 5240//4255 5290//4285 5237//4252
f 5237//4252 5290//4285 5265//4268
f 5267//4270 5303//4295 5239//4254
f 5305//4297 5211//4232 5256//4074
f 5211//4232 5305//4297 5210//4231
f 5242//4257 5230//4247 5301//4293
f 5241//4256 5261//4079 5308//4129
f 5255//4265 5233//4050 5254//4072
f 5254//4072 5256//4074 5255//4265
f 5247//4065 5307//4128 5293//4288
f 5300//4292 5248//4262 5231//4048
f 5274//4205 5289//4284 5273//4274
f 5218//4236 5260//4078 5216//4234
f 5217//4235 5245//4260 5304//4296
f 5245//4260 5217//4235 5210//4231
f 5257//4161 5223//4241 5227//4043
f 5257//4161 5227//4043 5282//4279
f 5238//4253 5295//4290 5266//4269
f 5283//4101 5241//4256 5213//4029
f 5283//4101 5279//4097 5241//4256
f 5244//4259 5272//4273 5271//4272
f 5265//4268 5264//4267 5237//4252
f 5294//4289 5237//4252 5264//4267
f 5211//4232 5278//4096 5255//4265
f 5253//4071 5252//4070 5299//4119
f 5299//4119 5234//4249 5253//4071
f 5263//4081 5312//4131 5229//4246
f 5216//4234 5279//4097 5309//4299
f 5271//4272 5301//4293 5244//4259
f 5212//4028 5296//4291 5295//4290
f 5249//4156 5291//4286 5280//4278
f 5297//4117 5233//4050 5213//4029
f 5233//4050 5283//4101 5213//4029
f 5270//4271 5291//4286 5248//4262
f 5270//4271 5248//4262 5300//4292
f 5210//4231 5310//4300 5285//4281
f 5285//4281 5310//4300 5286//4282
f 5259//4077 5247//4065 5269//4087
f 5297//4117 5298//4118 5233//4050
f 5218//4236 5304//4296 5261//4079
f 5258//4076 5261//4079 5304//4296
f 5259//4077 5258//4076 5307//4128
f 5247//4065 5259//4077 5307//4128
f 5246//4261 5275//4275 5276//4276
f 5246//4261 5276//4276 5307//4128
f 5292//4287 5268//4086 5269//4087
f 5269//4087 5247//4065 5292//4287
f 5271//4272 5242//4257 5301//4293
f 5271//4272 5289//4284 5242//4257
f 5230//4247 5281//4099 5306//4298
f 5253//4071 5305//4297 5256//4074
f 5311//4301 5309//4299 5211//4232
f 5312//4131 5227//4043 5229//4246
f 5304//4296 5246//4261 5258//4076
f 5304//4296 5245//4260 5246//4261
f 5257//4161 5282//4279 5239//4254
f 5270//4271 5250//4263 5287//4283
f 5287//4283 5250//4263 5251//4264
f 5305//4297 5234//4249 5235//4250
f 5237//4252 5294//4289 5236//4251
f 5290//4285 5219//4237 5244//4259
f 5290//4285 5244//4259 5301//4293
f 5291//4286 5287//4283 5224//4242
f 5287//4283 5225//4243 5224//4242
f 5232//4248 5276//4276 5215//4233
f 5232//4248 5293//4288 5276//4276
f 5263//4081 5294//4289 5262//4266
f 5262//4266 5294//4289 5264//4267
f 5300//4292 5292//4287 5250//4263
f 5241//4256 5308//4129 5214//4030
f 5288//4108 5213//4029 5230//4247
f 5230//4247 5242//4257 5288//4108
f 5263//4081 5262//4266 5306//4298
f 5258//4076 5246//4261 5307//4128
f 5284//4280 5274//4205 5220//4238
f 5222//4240 5285//4281 5220//4238
f 5285//4281 5222//4240 5210//4231
f 5240//4255 5219//4237 5290//4285
f 5240//4255 5223//4241 5219//4237
f 5235//4250 5210//4231 5305//4297
f 5223//4241 5302//4294 5225//4243
f 5225//4243 5302//4294 5226//4244
f 5251//4264 5215//4233 5223//4241
f 5215//4233 5251//4264 5313//4302
f 5302//4294 5223//4241 5303//4295
f 5210//4231 5235//4250 5310//4300
f 5310//4300 5235//4250 5234//4249
f 5215//4233 5276//4276 5275//4275
f 5275//4275 5210//4231 5215//4233
f 5230//4247 5265//4268 5301//4293
f 5230//4247 5264//4267 5265//4268
f 5289//4284 5274//4205 5297//4117
f 5261//4079 5241//4256 5260//4078
f 5296//4291 5267//4270 5266//4269
f 5255//4265 5278//4096 5283//4101
f 5292//4287 5300//4292 5268//4086
f 5268//4086 5300//4292 5231//4048
f 5263//4081 5306//4298 5281//4099
f 5306//4298 5262//4266 5264//4267
f 5279//4097 5216//4234 5260//4078
f 5253//4071 5234//4249 5305//4297
f 5291//4286 5270//4271 5287//4283
f 5293//4288 5307//4128 5276//4276
f 5284//4280 5286//4282 5299//4119
f 5293//4288 5232//4248 5292//4287
f 5309//4299 5279//4097 5278//4096
f 5211//4232 5309//4299 5278//4096
f 5273//4274 5220//4238 5274//4205
f 5314//4231 5417//4355 5315//4232
f 5316//4028 5317//4029 5318//4030
f 5320//4304 5380//4336 5321//4305
f 5314//4231 5322//4306 5319//4303
f 5323//4307 5324//4308 5325//4309
f 5326//4142 5319//4303 5322//4306
f 5329//4043 5330//4312 5331//4313
f 5317//4029 5316//4028 5332//4247
f 5333//4314 5325//4309 5324//4308
f 5316//4028 5318//4030 5334//4048
f 5326//4142 5343//4320 5344//4321
f 5347//4322 5348//4323 5322//4306
f 5354//4326 5355//4327 5390//4338
f 5333//4314 5314//4231 5325//4309
f 5356//4070 5357//4071 5358//4072
f 5330//4312 5329//4043 5326//4142
f 5326//4142 5361//4161 5343//4320
f 5415//4129 5362//4328 5363//4329
f 5334//4048 5353//4067 5316//4028
f 5371//4330 5334//4048 5372//4331
f 5380//4336 5320//4304 5416//4354
f 5316//4028 5384//4099 5332//4247
f 5343//4320 5385//4207 5370//4085
f 5387//4102 5388//4103 5389//4337
f 5355//4327 5328//4311 5390//4338
f 5355//4327 5326//4142 5328//4311
f 5403//4117 5317//4029 5392//4108
f 5395//4342 5390//4338 5328//4311
f 5397//4344 5351//4325 5398//4345
f 5326//4142 5399//4346 5330//4312
f 5330//4312 5399//4346 5400//4347
f 5314//4231 5388//4103 5325//4309
f 5325//4309 5388//4103 5387//4102
f 5404//4118 5405//4348 5356//4070
f 5334//4048 5352//4155 5353//4067
f 5360//4074 5358//4072 5357//4071
f 5349//4324 5314//4231 5378//4275
f 5350//4261 5349//4324 5378//4275
f 5347//4322 5376//4335 5393//4340
f 5324//4308 5347//4322 5333//4314
f 5334//4048 5318//4030 5372//4331
f 5415//4129 5363//4329 5318//4030
f 5356//4070 5358//4072 5336//4050
f 5386//4101 5336//4050 5359//4265
f 5377//4205 5387//4102 5405//4348
f 5389//4337 5388//4103 5337//4051
f 5322//4306 5333//4314 5347//4322
f 5333//4314 5322//4306 5314//4231
f 5393//4340 5403//4117 5392//4108
f 5417//4355 5380//4336 5416//4354
f 5314//4231 5380//4336 5417//4355
f 5383//4098 5396//4343 5327//4310
f 5381//4096 5382//4097 5386//4101
f 5362//4328 5415//4129 5365//4079
f 5342//4055 5385//4207 5418//4131
f 5329//4043 5418//4131 5385//4207
f 5335//4315 5319//4303 5354//4326
f 5332//4247 5413//4298 5368//4267
f 5346//4257 5393//4340 5392//4108
f 5393//4340 5375//4334 5347//4322
f 5402//4116 5383//4098 5410//4123
f 5331//4313 5330//4312 5400//4347
f 5356//4070 5336//4050 5404//4118
f 5397//4344 5391//4339 5371//4330
f 5407//4293 5369//4268 5394//4341
f 5382//4097 5364//4201 5345//4060
f 5367//4081 5342//4055 5418//4131
f 5342//4055 5367//4081 5384//4099
f 5374//4333 5406//4349 5373//4332
f 5370//4085 5401//4115 5402//4116
f 5370//4085 5385//4207 5342//4055
f 5323//4307 5376//4335 5324//4308
f 5324//4308 5376//4335 5347//4322
f 5399//4346 5339//4317 5340//4318
f 5326//4142 5339//4317 5399//4346
f 5401//4115 5384//4099 5316//4028
f 5344//4321 5409//4351 5408//4350
f 5372//4331 5318//4030 5363//4329
f 5325//4309 5387//4102 5323//4307
f 5389//4337 5337//4051 5405//4348
f 5411//4352 5321//4305 5341//4319
f 5365//4079 5364//4201 5321//4305
f 5345//4060 5318//4030 5317//4029
f 5359//4265 5360//4074 5315//4232
f 5353//4067 5402//4116 5316//4028
f 5383//4098 5402//4116 5353//4067
f 5353//4067 5352//4155 5396//4343
f 5400//4347 5367//4081 5331//4313
f 5377//4205 5404//4118 5403//4117
f 5377//4205 5405//4348 5404//4118
f 5401//4115 5342//4055 5384//4099
f 5339//4317 5394//4341 5340//4318
f 5340//4318 5394//4341 5369//4268
f 5327//4310 5395//4342 5328//4311
f 5396//4343 5395//4342 5327//4310
f 5370//4085 5410//4123 5344//4321
f 5370//4085 5344//4321 5343//4320
f 5412//4353 5315//4232 5360//4074
f 5315//4232 5412//4353 5314//4231
f 5346//4257 5332//4247 5407//4293
f 5345//4060 5365//4079 5415//4129
f 5359//4265 5336//4050 5358//4072
f 5358//4072 5360//4074 5359//4265
f 5351//4325 5414//4128 5398//4345
f 5406//4349 5352//4155 5334//4048
f 5377//4205 5393//4340 5376//4335
f 5321//4305 5364//4201 5320//4304
f 5341//4319 5349//4324 5411//4352
f 5349//4324 5341//4319 5314//4231
f 5326//4142 5322//4306 5339//4317
f 5339//4317 5322//4306 5394//4341
f 5361//4161 5326//4142 5329//4043
f 5361//4161 5329//4043 5385//4207
f 5342//4055 5401//4115 5370//4085
f 5386//4101 5345//4060 5317//4029
f 5386//4101 5382//4097 5345//4060
f 5348//4323 5347//4322 5375//4334
f 5369//4268 5368//4267 5340//4318
f 5400//4347 5340//4318 5368//4267
f 5315//4232 5381//4096 5359//4265
f 5357//4071 5356//4070 5405//4348
f 5405//4348 5337//4051 5357//4071
f 5367//4081 5418//4131 5331//4313
f 5320//4304 5382//4097 5416//4354
f 5410//4123 5383//4098 5409//4351
f 5375//4334 5407//4293 5348//4323
f 5373//4332 5354//4326 5390//4338
f 5316//4028 5402//4116 5401//4115
f 5353//4067 5396//4343 5383//4098
f 5403//4117 5336//4050 5317//4029
f 5336//4050 5386//4101 5317//4029
f 5374//4333 5396//4343 5352//4155
f 5374//4333 5352//4155 5406//4349
f 5363//4329 5351//4325 5372//4331
f 5395//4342 5396//4343 5390//4338
f 5409//4351 5344//4321 5410//4123
f 5403//4117 5404//4118 5336//4050
f 5391//4339 5354//4326 5373//4332
f 5391//4339 5335//4315 5354//4326
f 5321//4305 5411//4352 5365//4079
f 5362//4328 5365//4079 5411//4352
f 5363//4329 5362//4328 5414//4128
f 5351//4325 5363//4329 5414//4128
f 5350//4261 5378//4275 5379//4276
f 5350//4261 5379//4276 5414//4128
f 5397//4344 5371//4330 5372//4331
f 5372//4331 5351//4325 5397//4344
f 5375//4334 5346//4257 5407//4293
f 5375//4334 5393//4340 5346//4257
f 5332//4247 5384//4099 5413//4298
f 5357//4071 5412//4353 5360//4074
f 5417//4355 5416//4354 5315//4232
f 5418//4131 5329//4043 5331//4313
f 5411//4352 5350//4261 5362//4328
f 5411//4352 5349//4324 5350//4261
f 5361//4161 5385//4207 5343//4320
f 5409//4351 5327//4310 5408//4350
f 5327//4310 5409//4351 5383//4098
f 5412//4353 5337//4051 5338//4316
f 5340//4318 5400//4347 5399//4346
f 5394//4341 5322//4306 5348//4323
f 5394//4341 5348//4323 5407//4293
f 5335//4315 5379//4276 5319//4303
f 5335//4315 5398//4345 5379//4276
f 5367//4081 5400//4347 5366//4266
f 5366//4266 5400//4347 5368//4267
f 5406//4349 5391//4339 5373//4332
f 5345//4060 5415//4129 5318//4030
f 5392//4108 5317//4029 5332//4247
f 5332//4247 5346//4257 5392//4108
f 5367//4081 5366//4266 5413//4298
f 5362//4328 5350//4261 5414//4128
f 5387//4102 5377//4205 5323//4307
f 5338//4316 5314//4231 5412//4353
f 5326//4142 5408//4350 5328//4311
f 5328//4311 5408//4350 5327//4310
f 5355//4327 5319//4303 5326//4142
f 5319//4303 5355//4327 5354//4326
f 5408//4350 5326//4142 5344//4321
f 5314//4231 5338//4316 5388//4103
f 5388//4103 5338//4316 5337//4051
f 5319//4303 5379//4276 5378//4275
f 5378//4275 5314//4231 5319//4303
f 5380//4336 5341//4319 5321//4305
f 5314//4231 5341//4319 5380//4336
f 5332//4247 5369//4268 5407//4293
f 5332//4247 5368//4267 5369//4268
f 5393//4340 5377//4205 5403//4117
f 5365//4079 5345//4060 5364//4201
f 5410//4123 5370//4085 5402//4116
f 5359//4265 5381//4096 5386//4101
f 5391//4339 5406//4349 5371//4330
f 5371//4330 5406//4349 5334//4048
f 5367//4081 5413//4298 5384//4099
f 5413//4298 5366//4266 5368//4267
f 5382//4097 5320//4304 5364//4201
f 5357//4071 5337//4051 5412//4353
f 5396//4343 5374//4333 5390//4338
f 5398//4345 5414//4128 5379//4276
f 5387//4102 5389//4337 5405//4348
f 5373//4332 5390//4338 5374//4333
f 5398//4345 5335//4315 5397//4344
f 5391//4339 5397//4344 5335//4315
f 5416//4354 5382//4097 5381//4096
f 5315//4232 5416//4354 5381//4096
f 5376//4335 5323//4307 5377//4205
f 5421//4028 5422//4029 5423//4030
f 5425//4359 5426//4360 5427//4361
f 5419//4356 5428//4362 5424//4358
f 5429//4363 5430//4364 5431//4365
f 5432//4366 5424//4358 5428//4362
f 5433//4367 5434//4368 5435//4369
f 5422//4029 5421//4028 5438//4247
f 5421//4028 5423//4030 5439//4048
f 5432//4366 5447//4376 5514//4407
f 5419//4356 5420//4357 5449//4378
f 5451//4380 5452//4381 5428//4362
f 5460//4384 5517//4410 5442//4372
f 5461//4070 5462//4071 5463//4072
f 5432//4366 5491//4393 5447//4376
f 5520//4129 5466//4076 5467//4329
f 5439//4048 5457//4156 5421//4028
f 5474//4269 5475//4270 5447//4376
f 5476//4086 5439//4048 5477//4087
f 5501//4400 5435//4369 5488//4278
f 5421//4028 5489//4099 5438//4247
f 5447//4376 5490//4392 5474//4269
f 5493//4394 5494//4395 5495//4396
f 5440//4248 5523//4413 5502//4401
f 5508//4117 5422//4029 5498//4108
f 5502//4401 5455//4065 5503//4402
f 5509//4118 5510//4226 5461//4070
f 5439//4048 5456//4262 5457//4156
f 5513//4406 5432//4366 5514//4407
f 5435//4369 5513//4406 5514//4407
f 5475//4270 5435//4369 5514//4407
f 5465//4160 5463//4072 5462//4071
f 5475//4270 5488//4278 5435//4369
f 5453//4324 5419//4356 5483//4275
f 5454//4261 5453//4324 5483//4275
f 5451//4380 5481//4388 5499//4340
f 5430//4364 5451//4380 5431//4365
f 5439//4048 5423//4030 5477//4087
f 5520//4129 5467//4329 5423//4030
f 5521//4189 5486//4391 5487//4174
f 5420//4357 5521//4189 5449//4378
f 5461//4070 5463//4072 5441//4050
f 5492//4176 5441//4050 5464//4385
f 5460//4384 5419//4356 5517//4410
f 5482//4205 5493//4394 5510//4226
f 5495//4396 5460//4384 5442//4372
f 5499//4340 5508//4117 5498//4108
f 5435//4369 5501//4400 5433//4367
f 5466//4076 5520//4129 5469//4079
f 5446//4253 5490//4392 5522//4412
f 5491//4393 5522//4412 5490//4392
f 5440//4248 5424//4358 5523//4413
f 5438//4247 5518//4298 5472//4267
f 5450//4379 5499//4340 5498//4108
f 5499//4340 5480//4334 5451//4380
f 5507//4291 5488//4278 5475//4270
f 5437//4371 5504//4403 5505//4404
f 5461//4070 5441//4050 5509//4118
f 5458//4382 5496//4397 5497//4398
f 5512//4293 5473//4386 5500//4399
f 5468//4163 5487//4174 5486//4391
f 5487//4174 5468//4163 5448//4377
f 5471//4164 5446//4253 5522//4412
f 5446//4253 5471//4164 5489//4099
f 5479//4167 5511//4227 5478//4387
f 5474//4269 5506//4405 5507//4291
f 5474//4269 5490//4392 5446//4253
f 5429//4363 5481//4388 5430//4364
f 5430//4364 5481//4388 5451//4380
f 5504//4403 5443//4373 5444//4374
f 5432//4366 5443//4373 5504//4403
f 5506//4405 5489//4099 5421//4028
f 5465//4160 5449//4378 5521//4189
f 5477//4087 5423//4030 5467//4329
f 5494//4395 5493//4394 5429//4363
f 5495//4396 5442//4372 5510//4226
f 5523//4413 5478//4387 5502//4401
f 5420//4357 5485//4390 5486//4391
f 5420//4357 5486//4391 5521//4189
f 5515//4408 5427//4361 5445//4375
f 5469//4079 5468//4163 5427//4361
f 5448//4377 5423//4030 5422//4029
f 5464//4385 5465//4160 5521//4189
f 5457//4156 5507//4291 5421//4028
f 5488//4278 5507//4291 5457//4156
f 5458//4382 5523//4413 5459//4383
f 5457//4156 5456//4262 5501//4400
f 5505//4404 5471//4164 5437//4371
f 5482//4205 5509//4118 5508//4117
f 5482//4205 5510//4226 5509//4118
f 5506//4405 5446//4253 5489//4099
f 5443//4373 5500//4399 5444//4374
f 5444//4374 5500//4399 5473//4386
f 5475//4270 5514//4407 5447//4376
f 5516//4409 5449//4378 5465//4160
f 5449//4378 5516//4409 5517//4410
f 5450//4379 5438//4247 5512//4293
f 5448//4377 5469//4079 5520//4129
f 5464//4385 5441//4050 5463//4072
f 5463//4072 5465//4160 5464//4385
f 5455//4065 5519//4411 5503//4402
f 5511//4227 5456//4262 5439//4048
f 5482//4205 5499//4340 5481//4388
f 5427//4361 5468//4163 5425//4359
f 5445//4375 5453//4324 5515//4408
f 5453//4324 5445//4375 5419//4356
f 5419//4356 5431//4365 5428//4362
f 5428//4362 5431//4365 5451//4380
f 5419//4356 5485//4390 5420//4357
f 5446//4253 5506//4405 5474//4269
f 5492//4176 5448//4377 5422//4029
f 5492//4176 5487//4174 5448//4377
f 5452//4381 5451//4380 5480//4334
f 5473//4386 5472//4267 5444//4374
f 5505//4404 5444//4374 5472//4267
f 5521//4189 5487//4174 5464//4385
f 5462//4071 5461//4070 5510//4226
f 5510//4226 5442//4372 5462//4071
f 5471//4164 5522//4412 5437//4371
f 5480//4334 5512//4293 5452//4381
f 5421//4028 5507//4291 5506//4405
f 5457//4156 5501//4400 5488//4278
f 5508//4117 5441//4050 5422//4029
f 5441//4050 5492//4176 5422//4029
f 5479//4167 5501//4400 5456//4262
f 5479//4167 5456//4262 5511//4227
f 5419//4356 5460//4384 5494//4395
f 5494//4395 5460//4384 5495//4396
f 5467//4329 5455//4065 5477//4087
f 5479//4167 5458//4382 5497//4398
f 5508//4117 5509//4118 5441//4050
f 5427//4361 5515//4408 5469//4079
f 5466//4076 5469//4079 5515//4408
f 5467//4329 5466//4076 5519//4411
f 5455//4065 5467//4329 5519//4411
f 5454//4261 5483//4275 5484//4389
f 5454//4261 5484//4389 5519//4411
f 5502//4401 5476//4086 5477//4087
f 5477//4087 5455//4065 5502//4401
f 5480//4334 5450//4379 5512//4293
f 5480//4334 5499//4340 5450//4379
f 5438//4247 5489//4099 5518//4298
f 5462//4071 5516//4409 5465//4160
f 5522//4412 5436//4370 5437//4371
f 5515//4408 5454//4261 5466//4076
f 5515//4408 5453//4324 5454//4261
f 5491//4393 5490//4392 5447//4376
f 5426//4360 5425//4359 5486//4391
f 5516//4409 5442//4372 5517//4410
f 5444//4374 5505//4404 5504//4403
f 5500//4399 5428//4362 5452//4381
f 5500//4399 5452//4381 5512//4293
f 5501//4400 5497//4398 5433//4367
f 5497//4398 5434//4368 5433//4367
f 5440//4248 5484//4389 5424//4358
f 5440//4248 5503//4402 5484//4389
f 5471//4164 5505//4404 5470//4266
f 5470//4266 5505//4404 5472//4267
f 5511//4227 5502//4401 5478//4387
f 5448//4377 5520//4129 5423//4030
f 5498//4108 5422//4029 5438//4247
f 5438//4247 5450//4379 5498//4108
f 5471//4164 5470//4266 5518//4298
f 5466//4076 5454//4261 5519//4411
f 5493//4394 5482//4205 5429//4363
f 5517//4410 5419//4356 5449//4378
f 5478//4387 5523//4413 5458//4382
f 5431//4365 5494//4395 5429//4363
f 5494//4395 5431//4365 5419//4356
f 5432//4366 5434//4368 5496//4397
f 5496//4397 5434//4368 5497//4398
f 5459//4383 5432//4366 5496//4397
f 5459//4383 5496//4397 5458//4382
f 5443//4373 5428//4362 5500//4399
f 5443//4373 5432//4366 5428//4362
f 5432//4366 5513//4406 5434//4368
f 5434//4368 5513//4406 5435//4369
f 5459//4383 5424//4358 5432//4366
f 5424//4358 5459//4383 5523//4413
f 5485//4390 5419//4356 5426//4360
f 5485//4390 5426//4360 5486//4391
f 5491//4393 5436//4370 5522//4412
f 5491//4393 5432//4366 5436//4370
f 5424//4358 5484//4389 5483//4275
f 5483//4275 5419//4356 5424//4358
f 5426//4360 5445//4375 5427//4361
f 5419//4356 5445//4375 5426//4360
f 5438//4247 5473//4386 5512//4293
f 5438//4247 5472//4267 5473//4386
f 5499//4340 5482//4205 5508//4117
f 5469//4079 5448//4377 5468//4163
f 5507//4291 5475//4270 5474//4269
f 5464//4385 5487//4174 5492//4176
f 5502//4401 5511//4227 5476//4086
f 5476//4086 5511//4227 5439//4048
f 5471//4164 5518//4298 5489//4099
f 5432//4366 5504//4403 5436//4370
f 5437//4371 5436//4370 5504//4403
f 5518//4298 5470//4266 5472//4267
f 5486//4391 5425//4359 5468//4163
f 5462//4071 5442//4372 5516//4409
f 5501//4400 5479//4167 5497//4398
f 5503//4402 5519//4411 5484//4389
f 5493//4394 5495//4396 5510//4226
f 5478//4387 5458//4382 5479//4167
f 5503//4402 5440//4248 5502//4401
f 5481//4388 5429//4363 5482//4205
f 5526//4028 5527//4029 5528//4030
f 5531//4136 5532//4416 5533//4417
f 5524//4356 5534//4418 5529//4414
f 5535//4419 5536//4420 5537//4421
f 5538//4422 5529//4414 5534//4418
f 5539//4423 5540//4424 5541//4425
f 5527//4029 5526//4028 5544//4247
f 5526//4028 5528//4030 5545//4048
f 5532//4416 5551//4431 5533//4417
f 5532//4416 5524//4356 5551//4431
f 5538//4422 5553//4254 5619//4455
f 5524//4356 5525//4357 5555//4378
f 5557//4432 5558//4323 5534//4418
f 5566//4384 5622//4410 5548//4372
f 5567//4070 5568//4071 5569//4072
f 5538//4422 5596//4393 5553//4254
f 5625//4129 5572//4076 5573//4077
f 5545//4048 5563//4156 5526//4028
f 5580//4269 5581//4270 5553//4254
f 5582//4086 5545//4048 5583//4087
f 5606//4452 5541//4425 5593//4445
f 5526//4028 5594//4099 5544//4247
f 5553//4254 5595//4392 5580//4269
f 5598//4446 5599//4447 5600//4448
f 5546//4427 5530//4415 5607//4181
f 5613//4117 5527//4029 5603//4108
f 5539//4423 5602//4450 5601//4449
f 5607//4181 5561//4065 5608//4113
f 5614//4118 5615//4348 5567//4070
f 5545//4048 5562//4435 5563//4156
f 5618//4406 5538//4422 5619//4455
f 5541//4425 5618//4406 5619//4455
f 5581//4270 5541//4425 5619//4455
f 5571//4160 5569//4072 5568//4071
f 5581//4270 5593//4445 5541//4425
f 5557//4432 5586//4439 5604//4451
f 5536//4420 5557//4432 5537//4421
f 5545//4048 5528//4030 5583//4087
f 5625//4129 5573//4077 5528//4030
f 5626//4189 5591//4443 5592//4444
f 5525//4357 5626//4189 5555//4378
f 5567//4070 5569//4072 5547//4428
f 5597//4176 5547//4428 5570//4385
f 5566//4384 5524//4356 5622//4410
f 5587//4205 5598//4446 5615//4348
f 5600//4448 5566//4384 5548//4372
f 5534//4418 5537//4421 5557//4432
f 5537//4421 5534//4418 5524//4356
f 5604//4451 5613//4117 5603//4108
f 5541//4425 5606//4452 5539//4423
f 5572//4076 5625//4129 5575//4079
f 5552//4253 5595//4392 5627//4412
f 5596//4393 5627//4412 5595//4392
f 5544//4247 5623//4298 5578//4267
f 5556//4257 5604//4451 5603//4108
f 5604//4451 5585//4334 5557//4432
f 5612//4291 5593//4445 5581//4270
f 5543//4426 5609//4453 5610//4404
f 5567//4070 5547//4428 5614//4118
f 5564//4436 5601//4449 5602//4450
f 5617//4293 5579//4268 5605//4341
f 5574//4163 5592//4444 5591//4443
f 5592//4444 5574//4163 5554//4377
f 5577//4081 5552//4253 5627//4412
f 5552//4253 5577//4081 5594//4099
f 5602//4450 5616//4454 5584//4438
f 5580//4269 5611//4290 5612//4291
f 5580//4269 5595//4392 5552//4253
f 5535//4419 5586//4439 5536//4420
f 5536//4420 5586//4439 5557//4432
f 5609//4453 5549//4429 5550//4430
f 5538//4422 5549//4429 5609//4453
f 5611//4290 5594//4099 5526//4028
f 5571//4160 5555//4378 5626//4189
f 5583//4087 5528//4030 5573//4077
f 5599//4447 5598//4446 5535//4419
f 5600//4448 5548//4372 5615//4348
f 5530//4415 5584//4438 5607//4181
f 5525//4357 5590//4442 5591//4443
f 5525//4357 5591//4443 5626//4189
f 5620//4456 5533//4417 5551//4431
f 5575//4079 5574//4163 5533//4417
f 5554//4377 5528//4030 5527//4029
f 5570//4385 5571//4160 5626//4189
f 5563//4156 5612//4291 5526//4028
f 5593//4445 5612//4291 5563//4156
f 5564//4436 5530//4415 5565//4437
f 5563//4156 5562//4435 5606//4452
f 5610//4404 5577//4081 5543//4426
f 5587//4205 5614//4118 5613//4117
f 5587//4205 5615//4348 5614//4118
f 5611//4290 5552//4253 5594//4099
f 5549//4429 5605//4341 5550//4430
f 5550//4430 5605//4341 5579//4268
f 5581//4270 5619//4455 5553//4254
f 5621//4409 5555//4378 5571//4160
f 5555//4378 5621//4409 5622//4410
f 5556//4257 5544//4247 5617//4293
f 5554//4377 5575//4079 5625//4129
f 5570//4385 5547//4428 5569//4072
f 5569//4072 5571//4160 5570//4385
f 5561//4065 5624//4128 5608//4113
f 5616//4454 5562//4435 5545//4048
f 5587//4205 5604//4451 5586//4439
f 5533//4417 5574//4163 5531//4136
f 5538//4422 5534//4418 5549//4429
f 5549//4429 5534//4418 5605//4341
f 5524//4356 5590//4442 5525//4357
f 5552//4253 5611//4290 5580//4269
f 5597//4176 5554//4377 5527//4029
f 5597//4176 5592//4444 5554//4377
f 5558//4323 5557//4432 5585//4334
f 5579//4268 5578//4267 5550//4430
f 5610//4404 5550//4430 5578//4267
f 5626//4189 5592//4444 5570//4385
f 5568//4071 5567//4070 5615//4348
f 5615//4348 5548//4372 5568//4071
f 5577//4081 5627//4412 5543//4426
f 5585//4334 5617//4293 5558//4323
f 5526//4028 5612//4291 5611//4290
f 5563//4156 5606//4452 5593//4445
f 5613//4117 5547//4428 5527//4029
f 5547//4428 5597//4176 5527//4029
f 5602//4450 5606//4452 5562//4435
f 5602//4450 5562//4435 5616//4454
f 5524//4356 5566//4384 5599//4447
f 5599//4447 5566//4384 5600//4448
f 5573//4077 5561//4065 5583//4087
f 5588//4440 5559//4433 5524//4356
f 5588//4440 5560//4434 5559//4433
f 5539//4423 5606//4452 5602//4450
f 5613//4117 5614//4118 5547//4428
f 5533//4417 5620//4456 5575//4079
f 5572//4076 5575//4079 5620//4456
f 5573//4077 5572//4076 5624//4128
f 5561//4065 5573//4077 5624//4128
f 5560//4434 5588//4440 5589//4441
f 5560//4434 5589//4441 5624//4128
f 5607//4181 5582//4086 5583//4087
f 5583//4087 5561//4065 5607//4181
f 5585//4334 5556//4257 5617//4293
f 5585//4334 5604//4451 5556//4257
f 5544//4247 5594//4099 5623//4298
f 5568//4071 5621//4409 5571//4160
f 5627//4412 5542//4370 5543//4426
f 5620//4456 5560//4434 5572//4076
f 5620//4456 5559//4433 5560//4434
f 5596//4393 5595//4392 5553//4254
f 5532//4416 5531//4136 5591//4443
f 5530//4415 5546//4427 5529//4414
f 5621//4409 5548//4372 5622//4410
f 5550//4430 5610//4404 5609//4453
f 5605//4341 5534//4418 5558//4323
f 5605//4341 5558//4323 5617//4293
f 5546//4427 5589//4441 5529//4414
f 5546//4427 5608//4113 5589//4441
f 5577//4081 5610//4404 5576//4266
f 5576//4266 5610//4404 5578//4267
f 5616//4454 5607//4181 5584//4438
f 5554//4377 5625//4129 5528//4030
f 5603//4108 5527//4029 5544//4247
f 5544//4247 5556//4257 5603//4108
f 5577//4081 5576//4266 5623//4298
f 5572//4076 5560//4434 5624//4128
f 5598//4446 5587//4205 5535//4419
f 5622//4410 5524//4356 5555//4378
f 5584//4438 5530//4415 5564//4436
f 5551//4431 5524//4356 5559//4433
f 5551//4431 5559//4433 5620//4456
f 5537//4421 5599//4447 5535//4419
f 5599//4447 5537//4421 5524//4356
f 5538//4422 5540//4424 5601//4449
f 5601//4449 5540//4424 5539//4423
f 5565//4437 5538//4422 5601//4449
f 5565//4437 5601//4449 5564//4436
f 5538//4422 5618//4406 5540//4424
f 5540//4424 5618//4406 5541//4425
f 5565//4437 5529//4414 5538//4422
f 5529//4414 5565//4437 5530//4415
f 5590//4442 5524//4356 5532//4416
f 5590//4442 5532//4416 5591//4443
f 5596//4393 5542//4370 5627//4412
f 5596//4393 5538//4422 5542//4370
f 5529//4414 5589//4441 5588//4440
f 5588//4440 5524//4356 5529//4414
f 5544//4247 5579//4268 5617//4293
f 5544//4247 5578//4267 5579//4268
f 5604//4451 5587//4205 5613//4117
f 5575//4079 5554//4377 5574//4163
f 5612//4291 5581//4270 5580//4269
f 5570//4385 5592//4444 5597//4176
f 5607//4181 5616//4454 5582//4086
f 5582//4086 5616//4454 5545//4048
f 5577//4081 5623//4298 5594//4099
f 5538//4422 5609//4453 5542//4370
f 5543//4426 5542//4370 5609//4453
f 5623//4298 5576//4266 5578//4267
f 5591//4443 5531//4136 5574//4163
f 5568//4071 5548//4372 5621//4409
f 5608//4113 5624//4128 5589//4441
f 5598//4446 5600//4448 5615//4348
f 5584//4438 5564//4436 5602//4450
f 5608//4113 5546//4427 5607//4181
f 5586//4439 5535//4419 5587//4205
f 5628//4457 5696//4504 5629//4458
f 5630//3806 5631//3807 5632//3808
f 5634//4460 5635//4461 5636//4462
f 5628//4457 5637//4463 5638//4464
f 5639//4465 5640//4466 5641//4467
f 5642//4005 5638//4464 5637//4463
f 5643//4006 5724//4524 5644//4007
f 5631//3807 5630//3806 5647//4468
f 5630//3806 5632//3808 5648//3824
f 5655//4475 5724//4524 5643//4006
f 5635//4461 5656//4476 5636//4462
f 5635//4461 5628//4457 5656//4476
f 5642//4005 5658//4009 5725//4023
f 5669//4485 5708//4515 5670//4486
f 5671//3847 5672//4487 5673//3849
f 5642//4005 5702//4509 5658//4009
f 5731//3905 5676//4490 5677//3853
f 5682//4494 5683//4495 5684//4496
f 5648//3824 5668//3937 5630//3806
f 5685//4497 5686//3942 5658//4009
f 5687//3862 5648//3824 5688//3863
f 5696//4504 5634//4460 5732//4529
f 5713//4519 5644//4007 5699//4507
f 5630//3806 5700//3993 5647//4468
f 5658//4009 5701//4508 5685//4497
f 5704//4511 5705//4512 5706//4513
f 5642//4005 5637//4463 5659//4478
f 5707//4514 5659//4478 5637//4463
f 5719//3895 5631//3807 5711//3885
f 5660//4479 5659//4478 5707//4514
f 5714//4520 5666//3841 5715//3891
f 5642//4005 5653//4473 5645//3820
f 5645//3820 5653//4473 5716//4521
f 5720//3896 5721//3897 5671//3847
f 5648//3824 5667//3842 5668//3937
f 5684//4496 5707//4514 5723//4523
f 5724//4524 5655//4475 5642//4005
f 5644//4007 5724//4524 5725//4023
f 5686//3942 5644//4007 5725//4023
f 5675//4489 5673//3849 5672//4487
f 5686//3942 5699//4507 5644//4007
f 5692//4501 5693//4502 5712//4518
f 5648//3824 5632//3808 5688//3863
f 5731//3905 5677//3853 5632//3808
f 5671//3847 5673//3849 5650//4470
f 5703//4510 5650//4470 5674//4488
f 5728//4527 5628//4457 5727//4526
f 5694//3868 5704//4511 5721//3897
f 5706//4513 5652//4472 5651//4471
f 5633//4459 5708//4515 5669//4485
f 5633//4459 5642//4005 5708//4515
f 5712//4518 5719//3895 5711//3885
f 5644//4007 5713//4519 5643//4006
f 5697//4505 5698//4506 5703//4510
f 5676//4490 5731//3905 5679//4492
f 5657//4477 5701//4508 5733//3908
f 5702//4509 5733//3908 5701//4508
f 5649//4469 5633//4459 5669//4485
f 5647//4468 5729//4528 5682//4494
f 5662//4481 5712//4518 5711//3885
f 5712//4518 5691//4500 5692//4501
f 5718//3964 5699//4507 5686//3942
f 5646//3821 5645//3820 5716//4521
f 5671//3847 5650//4470 5720//3896
f 5670//4486 5708//4515 5709//4516
f 5714//4520 5710//4517 5687//3862
f 5707//4514 5684//4496 5660//4479
f 5684//4496 5683//4495 5654//4474
f 5698//4506 5678//4491 5661//4480
f 5681//3990 5657//4477 5733//3908
f 5657//4477 5681//3990 5700//3993
f 5690//4499 5722//4002 5689//4498
f 5637//4463 5663//4482 5707//4514
f 5691//4500 5723//4523 5707//4514
f 5685//4497 5717//4522 5718//3964
f 5685//4497 5701//4508 5657//4477
f 5682//4494 5680//4493 5683//4495
f 5639//4465 5693//4502 5640//4466
f 5717//4522 5700//3993 5630//3806
f 5688//3863 5632//3808 5677//3853
f 5705//4512 5704//4511 5639//4465
f 5706//4513 5651//4471 5721//3897
f 5640//4466 5693//4502 5692//4501
f 5726//4525 5636//4462 5656//4476
f 5679//4492 5678//4491 5636//4462
f 5661//4480 5632//3808 5631//3807
f 5674//4488 5675//4489 5629//4458
f 5668//3937 5718//3964 5630//3806
f 5699//4507 5718//3964 5668//3937
f 5668//3937 5667//3842 5713//4519
f 5716//4521 5681//3990 5646//3821
f 5694//3868 5720//3896 5719//3895
f 5694//3868 5721//3897 5720//3896
f 5717//4522 5657//4477 5700//3993
f 5686//3942 5725//4023 5658//4009
f 5727//4526 5629//4458 5675//4489
f 5629//4458 5727//4526 5628//4457
f 5662//4481 5647//4468 5723//4523
f 5661//4480 5679//4492 5731//3905
f 5674//4488 5650//4470 5673//3849
f 5673//3849 5675//4489 5674//4488
f 5666//3841 5730//3904 5715//3891
f 5722//4002 5667//3842 5648//3824
f 5694//3868 5712//4518 5693//4502
f 5636//4462 5678//4491 5634//4460
f 5728//4527 5652//4472 5628//4457
f 5652//4472 5728//4527 5651//4471
f 5657//4477 5717//4522 5685//4497
f 5703//4510 5661//4480 5631//3807
f 5703//4510 5698//4506 5661//4480
f 5663//4482 5691//4500 5707//4514
f 5663//4482 5692//4501 5691//4500
f 5629//4458 5697//4505 5674//4488
f 5672//4487 5671//3847 5721//3897
f 5721//3897 5651//4471 5672//4487
f 5681//3990 5733//3908 5646//3821
f 5634//4460 5698//4506 5732//4529
f 5689//4498 5669//4485 5670//4486
f 5630//3806 5718//3964 5717//4522
f 5668//3937 5713//4519 5699//4507
f 5719//3895 5650//4470 5631//3807
f 5650//4470 5703//4510 5631//3807
f 5690//4499 5713//4519 5667//3842
f 5690//4499 5667//3842 5722//4002
f 5628//4457 5652//4472 5705//4512
f 5705//4512 5652//4472 5706//4513
f 5677//3853 5666//3841 5688//3863
f 5638//4464 5664//4483 5628//4457
f 5638//4464 5665//4484 5664//4483
f 5690//4499 5670//4486 5709//4516
f 5719//3895 5720//3896 5650//4470
f 5710//4517 5669//4485 5689//4498
f 5710//4517 5649//4469 5669//4485
f 5636//4462 5726//4525 5679//4492
f 5676//4490 5679//4492 5726//4525
f 5677//3853 5676//4490 5730//3904
f 5666//3841 5677//3853 5730//3904
f 5665//4484 5638//4464 5695//4503
f 5665//4484 5695//4503 5730//3904
f 5714//4520 5687//3862 5688//3863
f 5688//3863 5666//3841 5714//4520
f 5691//4500 5662//4481 5723//4523
f 5691//4500 5712//4518 5662//4481
f 5647//4468 5700//3993 5729//4528
f 5672//4487 5727//4526 5675//4489
f 5696//4504 5732//4529 5629//4458
f 5733//3908 5645//3820 5646//3821
f 5726//4525 5665//4484 5676//4490
f 5726//4525 5664//4483 5665//4484
f 5702//4509 5701//4508 5658//4009
f 5663//4482 5637//4463 5640//4466
f 5640//4466 5692//4501 5663//4482
f 5727//4526 5651//4471 5728//4527
f 5654//4474 5716//4521 5653//4473
f 5716//4521 5654//4474 5683//4495
f 5713//4519 5709//4516 5643//4006
f 5709//4516 5655//4475 5643//4006
f 5649//4469 5695//4503 5638//4464
f 5649//4469 5715//3891 5695//4503
f 5654//4474 5660//4479 5684//4496
f 5654//4474 5659//4478 5660//4479
f 5681//3990 5716//4521 5680//4493
f 5680//4493 5716//4521 5683//4495
f 5722//4002 5710//4517 5689//4498
f 5661//4480 5731//3905 5632//3808
f 5711//3885 5631//3807 5647//4468
f 5647//4468 5662//4481 5711//3885
f 5681//3990 5680//4493 5729//4528
f 5676//4490 5665//4484 5730//3904
f 5704//4511 5694//3868 5639//4465
f 5638//4464 5633//4459 5649//4469
f 5638//4464 5642//4005 5633//4459
f 5656//4476 5628//4457 5664//4483
f 5656//4476 5664//4483 5726//4525
f 5641//4467 5705//4512 5639//4465
f 5705//4512 5641//4467 5628//4457
f 5642//4005 5655//4475 5708//4515
f 5708//4515 5655//4475 5709//4516
f 5653//4473 5642//4005 5659//4478
f 5653//4473 5659//4478 5654//4474
f 5637//4463 5641//4467 5640//4466
f 5637//4463 5628//4457 5641//4467
f 5696//4504 5628//4457 5635//4461
f 5696//4504 5635//4461 5634//4460
f 5702//4509 5645//3820 5733//3908
f 5702//4509 5642//4005 5645//3820
f 5724//4524 5642//4005 5725//4023
f 5647//4468 5684//4496 5723//4523
f 5647//4468 5682//4494 5684//4496
f 5712//4518 5694//3868 5719//3895
f 5679//4492 5661//4480 5678//4491
f 5718//3964 5686//3942 5685//4497
f 5674//4488 5697//4505 5703//4510
f 5710//4517 5722//4002 5687//3862
f 5687//3862 5722//4002 5648//3824
f 5681//3990 5729//4528 5700//3993
f 5729//4528 5680//4493 5682//4494
f 5698//4506 5634//4460 5678//4491
f 5672//4487 5651//4471 5727//4526
f 5713//4519 5690//4499 5709//4516
f 5715//3891 5730//3904 5695//4503
f 5704//4511 5706//4513 5721//3897
f 5689//4498 5670//4486 5690//4499
f 5715//3891 5649//4469 5714//4520
f 5710//4517 5714//4520 5649//4469
f 5732//4529 5698//4506 5697//4505
f 5629//4458 5732//4529 5697//4505
f 5693//4502 5639//4465 5694//3868
f 5736//3806 5737//3807 5738//3808
f 5743//3914 5739//4532 5755//4542
f 5740//4533 5815//4568 5741//4534
f 5734//4530 5742//4535 5743//3914
f 5744//3814 5745//4536 5746//4537
f 5747//4005 5743//3914 5742//4535
f 5748//4006 5831//4524 5749//4007
f 5737//3807 5736//3806 5752//4540
f 5753//4541 5746//4537 5745//4536
f 5736//3806 5738//3808 5754//3824
f 5739//4532 5743//3914 5747//4005
f 5760//4008 5831//4524 5748//4006
f 5747//4005 5763//4009 5832//4023
f 5767//4549 5768//4550 5753//4541
f 5774//4551 5739//4532 5775//4552
f 5753//4541 5734//4530 5746//4537
f 5776//4553 5835//4574 5757//4543
f 5777//3847 5778//3848 5779//3849
f 5747//4005 5808//4017 5763//4009
f 5838//3905 5782//4554 5783//4555
f 5788//4556 5789//4557 5790//4558
f 5754//3824 5773//3937 5736//3806
f 5791//4497 5792//3942 5763//4009
f 5793//3862 5754//3824 5794//3863
f 5743//3914 5800//3946 5734//4530
f 5801//4562 5800//3946 5743//3914
f 5802//4563 5740//4533 5839//4576
f 5819//3999 5749//4007 5805//4507
f 5736//3806 5806//3875 5752//4540
f 5763//4009 5807//4508 5791//4497
f 5810//3879 5811//4565 5812//3881
f 5826//3895 5737//3807 5817//3885
f 5764//4547 5742//4535 5768//4550
f 5820//3890 5771//3841 5821//4569
f 5734//4530 5811//4565 5746//4537
f 5746//4537 5811//4565 5810//3879
f 5827//3896 5828//3897 5777//3847
f 5754//3824 5772//3842 5773//3937
f 5790//4558 5768//4550 5830//4572
f 5831//4524 5760//4008 5747//4005
f 5749//4007 5831//4524 5832//4023
f 5792//3942 5749//4007 5832//4023
f 5781//4489 5779//3849 5778//3848
f 5792//3942 5805//4507 5749//4007
f 5769//3934 5734//4530 5800//3946
f 5770//3935 5769//3934 5800//3946
f 5767//4549 5798//4561 5818//3886
f 5745//4536 5767//4549 5753//4541
f 5754//3824 5738//3808 5794//3863
f 5838//3905 5783//4555 5738//3808
f 5777//3847 5779//3849 5756//4470
f 5809//4510 5756//4470 5780//4488
f 5776//4553 5734//4530 5835//4574
f 5799//3868 5810//3879 5828//3897
f 5812//3881 5776//4553 5757//4543
f 5818//3886 5826//3895 5817//3885
f 5749//4007 5819//3999 5748//4006
f 5803//4564 5804//4506 5809//4510
f 5782//4554 5838//3905 5785//4492
f 5762//4546 5807//4508 5840//3972
f 5808//4017 5840//3972 5807//4508
f 5755//4542 5739//4532 5774//4551
f 5752//4540 5836//4575 5788//4556
f 5811//4565 5776//4553 5812//3881
f 5734//4530 5776//4553 5811//4565
f 5766//4481 5818//3886 5817//3885
f 5818//3886 5797//4560 5767//4549
f 5825//3964 5805//4507 5792//3942
f 5751//4539 5822//4570 5823//4571
f 5777//3847 5756//4470 5827//3896
f 5775//4552 5813//4566 5814//4567
f 5820//3890 5816//3884 5793//3862
f 5768//4550 5790//4558 5764//4547
f 5790//4558 5789//4557 5759//4545
f 5804//4506 5784//4491 5765//4548
f 5787//3990 5762//4546 5840//3972
f 5762//4546 5787//3990 5806//3875
f 5796//4499 5829//3898 5795//4559
f 5797//4560 5830//4572 5768//4550
f 5791//4497 5824//4522 5825//3964
f 5791//4497 5807//4508 5762//4546
f 5788//4556 5786//4493 5789//4557
f 5744//3814 5798//4561 5745//4536
f 5745//4536 5798//4561 5767//4549
f 5824//4522 5806//3875 5736//3806
f 5794//3863 5738//3808 5783//4555
f 5746//4537 5810//3879 5744//3814
f 5812//3881 5757//4543 5828//3897
f 5833//3967 5741//4534 5761//3929
f 5785//4492 5784//4491 5741//4534
f 5765//4548 5738//3808 5737//3807
f 5780//4488 5781//4489 5735//4531
f 5773//3937 5825//3964 5736//3806
f 5805//4507 5825//3964 5773//3937
f 5773//3937 5772//3842 5819//3999
f 5823//4571 5787//3990 5751//4539
f 5799//3868 5827//3896 5826//3895
f 5799//3868 5828//3897 5827//3896
f 5824//4522 5762//4546 5806//3875
f 5792//3942 5832//4023 5763//4009
f 5834//4573 5735//4531 5781//4489
f 5735//4531 5834//4573 5835//4574
f 5766//4481 5752//4540 5830//4572
f 5765//4548 5785//4492 5838//3905
f 5780//4488 5756//4470 5779//3849
f 5779//3849 5781//4489 5780//4488
f 5771//3841 5837//3904 5821//4569
f 5829//3898 5772//3842 5754//3824
f 5799//3868 5818//3886 5798//4561
f 5741//4534 5784//4491 5740//4533
f 5761//3929 5769//3934 5833//3967
f 5769//3934 5761//3929 5734//4530
f 5747//4005 5742//4535 5758//4544
f 5758//4544 5742//4535 5764//4547
f 5734//4530 5802//4563 5839//4576
f 5762//4546 5824//4522 5791//4497
f 5809//4510 5765//4548 5737//3807
f 5809//4510 5804//4506 5765//4548
f 5768//4550 5767//4549 5797//4560
f 5735//4531 5803//4564 5780//4488
f 5778//3848 5777//3847 5828//3897
f 5828//3897 5757//4543 5778//3848
f 5787//3990 5840//3972 5751//4539
f 5740//4533 5804//4506 5839//4576
f 5795//4559 5774//4551 5775//4552
f 5736//3806 5825//3964 5824//4522
f 5773//3937 5819//3999 5805//4507
f 5826//3895 5756//4470 5737//3807
f 5756//4470 5809//4510 5737//3807
f 5796//4499 5819//3999 5772//3842
f 5796//4499 5772//3842 5829//3898
f 5783//4555 5771//3841 5794//3863
f 5796//4499 5775//4552 5814//4567
f 5826//3895 5827//3896 5756//4470
f 5816//3884 5774//4551 5795//4559
f 5816//3884 5755//4542 5774//4551
f 5741//4534 5833//3967 5785//4492
f 5782//4554 5785//4492 5833//3967
f 5783//4555 5782//4554 5837//3904
f 5771//3841 5783//4555 5837//3904
f 5770//3935 5800//3946 5801//4562
f 5770//3935 5801//4562 5837//3904
f 5820//3890 5793//3862 5794//3863
f 5794//3863 5771//3841 5820//3890
f 5797//4560 5766//4481 5830//4572
f 5797//4560 5818//3886 5766//4481
f 5752//4540 5806//3875 5836//4575
f 5778//3848 5834//4573 5781//4489
f 5734//4530 5839//4576 5735//4531
f 5840//3972 5750//4538 5751//4539
f 5833//3967 5770//3935 5782//4554
f 5833//3967 5769//3934 5770//3935
f 5808//4017 5807//4508 5763//4009
f 5834//4573 5757//4543 5835//4574
f 5759//4545 5823//4571 5758//4544
f 5823//4571 5759//4545 5789//4557
f 5819//3999 5814//4567 5748//4006
f 5814//4567 5760//4008 5748//4006
f 5755//4542 5801//4562 5743//3914
f 5755//4542 5821//4569 5801//4562
f 5759//4545 5764//4547 5790//4558
f 5759//4545 5758//4544 5764//4547
f 5787//3990 5823//4571 5786//4493
f 5786//4493 5823//4571 5789//4557
f 5829//3898 5816//3884 5795//4559
f 5765//4548 5838//3905 5738//3808
f 5817//3885 5737//3807 5752//4540
f 5752//4540 5766//4481 5817//3885
f 5787//3990 5786//4493 5836//4575
f 5782//4554 5770//3935 5837//3904
f 5810//3879 5799//3868 5744//3814
f 5835//4574 5734//4530 5735//4531
f 5747//4005 5760//4008 5813//4566
f 5813//4566 5760//4008 5814//4567
f 5739//4532 5747//4005 5813//4566
f 5739//4532 5813//4566 5775//4552
f 5822//4570 5758//4544 5823//4571
f 5747//4005 5758//4544 5822//4570
f 5802//4563 5734//4530 5815//4568
f 5802//4563 5815//4568 5740//4533
f 5808//4017 5750//4538 5840//3972
f 5808//4017 5747//4005 5750//4538
f 5831//4524 5747//4005 5832//4023
f 5742//4535 5734//4530 5753//4541
f 5753//4541 5768//4550 5742//4535
f 5815//4568 5761//3929 5741//4534
f 5734//4530 5761//3929 5815//4568
f 5752//4540 5790//4558 5830//4572
f 5752//4540 5788//4556 5790//4558
f 5818//3886 5799//3868 5826//3895
f 5785//4492 5765//4548 5784//4491
f 5825//3964 5792//3942 5791//4497
f 5780//4488 5803//4564 5809//4510
f 5816//3884 5829//3898 5793//3862
f 5793//3862 5829//3898 5754//3824
f 5787//3990 5836//4575 5806//3875
f 5747//4005 5822//4570 5750//4538
f 5751//4539 5750//4538 5822//4570
f 5836//4575 5786//4493 5788//4556
f 5804//4506 5740//4533 5784//4491
f 5778//3848 5757//4543 5834//4573
f 5819//3999 5796//4499 5814//4567
f 5821//4569 5837//3904 5801//4562
f 5810//3879 5812//3881 5828//3897
f 5795//4559 5775//4552 5796//4499
f 5821//4569 5755//4542 5820//3890
f 5816//3884 5820//3890 5755//4542
f 5839//4576 5804//4506 5803//4564
f 5735//4531 5839//4576 5803//4564
f 5798//4561 5744//3814 5799//3868
f 5841//4577 5945//4626 5842//4578
f 5843//3806 5844//3807 5845//3808
f 5847//4580 5906//4608 5848//4581
f 5841//4577 5849//4582 5850//4583
f 5851//4584 5852//4585 5853//4586
f 5854//4587 5850//4583 5849//4582
f 5855//4588 5936//4621 5856//4007
f 5844//3807 5843//3806 5859//4468
f 5843//3806 5845//3808 5860//3824
f 5919//4616 5936//4621 5855//4588
f 5854//4587 5869//4597 5937//4023
f 5865//4594 5916//4613 5870//4598
f 5916//4613 5865//4594 5854//4587
f 5880//3847 5881//4487 5882//3849
f 5854//4587 5885//4604 5869//4597
f 5942//3905 5886//3852 5887//3853
f 5892//4494 5893//4557 5894//4496
f 5860//3824 5878//3937 5843//3806
f 5895//4605 5896//3942 5869//4597
f 5897//3862 5860//3824 5898//3863
f 5906//4608 5847//4580 5943//4624
f 5924//3959 5856//4007 5909//4507
f 5843//3806 5910//3993 5859//4468
f 5869//4597 5911//3994 5895//4605
f 5913//4610 5914//4611 5915//4612
f 5854//4587 5849//4582 5916//4613
f 5917//4614 5916//4613 5849//4582
f 5918//4615 5919//4616 5920//4617
f 5918//4615 5854//4587 5919//4616
f 5931//3895 5844//3807 5922//3885
f 5870//4598 5916//4613 5917//4614
f 5925//4520 5876//3841 5926//3891
f 5932//3896 5933//3897 5880//3847
f 5860//3824 5877//3842 5878//3937
f 5894//4496 5917//4614 5935//4523
f 5936//4621 5919//4616 5854//4587
f 5856//4007 5936//4621 5937//4023
f 5896//3942 5856//4007 5937//4023
f 5884//4603 5882//3849 5881//4487
f 5896//3942 5909//4507 5856//4007
f 5902//4501 5903//4502 5923//4518
f 5860//3824 5845//3808 5898//3863
f 5942//3905 5887//3853 5845//3808
f 5880//3847 5882//3849 5862//4470
f 5912//4510 5862//4470 5883//4602
f 5864//4593 5841//4577 5939//4623
f 5904//3868 5913//4610 5933//3897
f 5915//4612 5944//4625 5863//4592
f 5849//4582 5853//4586 5873//4599
f 5853//4586 5849//4582 5841//4577
f 5923//4518 5931//3895 5922//3885
f 5945//4626 5906//4608 5943//4624
f 5841//4577 5906//4608 5945//4626
f 5856//4007 5924//3959 5855//4588
f 5907//4505 5908//4609 5912//4510
f 5886//3852 5942//3905 5889//4492
f 5868//4477 5911//3994 5946//4627
f 5857//4589 5946//4627 5911//3994
f 5861//4591 5846//4579 5879//4601
f 5859//4468 5940//4528 5892//4494
f 5872//4481 5923//4518 5922//3885
f 5923//4518 5901//4500 5902//4501
f 5930//3964 5909//4507 5896//3942
f 5858//4590 5927//4619 5928//4620
f 5880//3847 5862//4470 5932//3896
f 5925//4520 5921//4618 5897//3862
f 5917//4614 5894//4496 5870//4598
f 5894//4496 5893//4557 5866//4595
f 5908//4609 5888//4491 5871//4480
f 5891//3990 5868//4477 5946//4627
f 5868//4477 5891//3990 5910//3993
f 5900//4607 5934//4002 5899//4606
f 5849//4582 5873//4599 5917//4614
f 5901//4500 5935//4523 5917//4614
f 5895//4605 5929//3893 5930//3964
f 5895//4605 5911//3994 5868//4477
f 5892//4494 5890//4493 5893//4557
f 5851//4584 5903//4502 5852//4585
f 5929//3893 5910//3993 5843//3806
f 5898//3863 5845//3808 5887//3853
f 5914//4611 5913//4610 5851//4584
f 5915//4612 5863//4592 5933//3897
f 5852//4585 5903//4502 5902//4501
f 5938//4622 5848//4581 5867//4596
f 5889//4492 5888//4491 5848//4581
f 5871//4480 5845//3808 5844//3807
f 5883//4602 5884//4603 5842//4578
f 5878//3937 5930//3964 5843//3806
f 5909//4507 5930//3964 5878//3937
f 5878//3937 5877//3842 5924//3959
f 5928//4620 5891//3990 5858//4590
f 5904//3868 5932//3896 5931//3895
f 5904//3868 5933//3897 5932//3896
f 5929//3893 5868//4477 5910//3993
f 5896//3942 5937//4023 5869//4597
f 5939//4623 5842//4578 5884//4603
f 5842//4578 5939//4623 5841//4577
f 5872//4481 5859//4468 5935//4523
f 5871//4480 5889//4492 5942//3905
f 5883//4602 5862//4470 5882//3849
f 5882//3849 5884//4603 5883//4602
f 5876//3841 5941//3904 5926//3891
f 5934//4002 5877//3842 5860//3824
f 5904//3868 5923//4518 5903//4502
f 5848//4581 5888//4491 5847//4580
f 5885//4604 5854//4587 5857//4589
f 5885//4604 5857//4589 5911//3994
f 5868//4477 5929//3893 5895//4605
f 5912//4510 5871//4480 5844//3807
f 5912//4510 5908//4609 5871//4480
f 5873//4599 5901//4500 5917//4614
f 5873//4599 5902//4501 5901//4500
f 5842//4578 5907//4505 5883//4602
f 5881//4487 5880//3847 5933//3897
f 5933//3897 5863//4592 5881//4487
f 5891//3990 5946//4627 5858//4590
f 5847//4580 5908//4609 5943//4624
f 5843//3806 5930//3964 5929//3893
f 5878//3937 5924//3959 5909//4507
f 5931//3895 5862//4470 5844//3807
f 5862//4470 5912//4510 5844//3807
f 5900//4607 5924//3959 5877//3842
f 5900//4607 5877//3842 5934//4002
f 5841//4577 5944//4625 5914//4611
f 5914//4611 5944//4625 5915//4612
f 5887//3853 5876//3841 5898//3863
f 5850//4583 5874//4600 5841//4577
f 5850//4583 5875//4484 5874//4600
f 5931//3895 5932//3896 5862//4470
f 5921//4618 5879//4601 5899//4606
f 5921//4618 5861//4591 5879//4601
f 5848//4581 5938//4622 5889//4492
f 5886//3852 5889//4492 5938//4622
f 5887//3853 5886//3852 5941//3904
f 5876//3841 5887//3853 5941//3904
f 5875//4484 5850//4583 5905//4503
f 5875//4484 5905//4503 5941//3904
f 5925//4520 5897//3862 5898//3863
f 5898//3863 5876//3841 5925//4520
f 5901//4500 5872//4481 5935//4523
f 5901//4500 5923//4518 5872//4481
f 5859//4468 5910//3993 5940//4528
f 5881//4487 5939//4623 5884//4603
f 5945//4626 5943//4624 5842//4578
f 5946//4627 5857//4589 5858//4590
f 5938//4622 5875//4484 5886//3852
f 5938//4622 5874//4600 5875//4484
f 5885//4604 5911//3994 5869//4597
f 5873//4599 5853//4586 5852//4585
f 5852//4585 5902//4501 5873//4599
f 5900//4607 5879//4601 5920//4617
f 5920//4617 5879//4601 5918//4615
f 5939//4623 5863//4592 5864//4593
f 5866//4595 5928//4620 5865//4594
f 5928//4620 5866//4595 5893//4557
f 5924//3959 5920//4617 5855//4588
f 5920//4617 5919//4616 5855//4588
f 5861//4591 5905//4503 5850//4583
f 5861//4591 5926//3891 5905//4503
f 5866//4595 5870//4598 5894//4496
f 5866//4595 5865//4594 5870//4598
f 5891//3990 5928//4620 5890//4493
f 5890//4493 5928//4620 5893//4557
f 5934//4002 5921//4618 5899//4606
f 5871//4480 5942//3905 5845//3808
f 5922//3885 5844//3807 5859//4468
f 5859//4468 5872//4481 5922//3885
f 5891//3990 5890//4493 5940//4528
f 5886//3852 5875//4484 5941//3904
f 5913//4610 5904//3868 5851//4584
f 5850//4583 5846//4579 5861//4591
f 5850//4583 5854//4587 5846//4579
f 5867//4596 5841//4577 5874//4600
f 5867//4596 5874//4600 5938//4622
f 5853//4586 5914//4611 5851//4584
f 5914//4611 5853//4586 5841//4577
f 5846//4579 5854//4587 5918//4615
f 5846//4579 5918//4615 5879//4601
f 5927//4619 5865//4594 5928//4620
f 5854//4587 5865//4594 5927//4619
f 5936//4621 5854//4587 5937//4023
f 5841//4577 5864//4593 5944//4625
f 5944//4625 5864//4593 5863//4592
f 5906//4608 5867//4596 5848//4581
f 5841//4577 5867//4596 5906//4608
f 5859//4468 5894//4496 5935//4523
f 5859//4468 5892//4494 5894//4496
f 5923//4518 5904//3868 5931//3895
f 5889//4492 5871//4480 5888//4491
f 5930//3964 5896//3942 5895//4605
f 5883//4602 5907//4505 5912//4510
f 5921//4618 5934//4002 5897//3862
f 5897//3862 5934//4002 5860//3824
f 5891//3990 5940//4528 5910//3993
f 5854//4587 5927//4619 5857//4589
f 5858//4590 5857//4589 5927//4619
f 5940//4528 5890//4493 5892//4494
f 5908//4609 5847//4580 5888//4491
f 5881//4487 5863//4592 5939//4623
f 5924//3959 5900//4607 5920//4617
f 5926//3891 5941//3904 5905//4503
f 5913//4610 5915//4612 5933//3897
f 5899//4606 5879//4601 5900//4607
f 5926//3891 5861//4591 5925//4520
f 5921//4618 5925//4520 5861//4591
f 5943//4624 5908//4609 5907//4505
f 5842//4578 5943//4624 5907//4505
f 5903//4502 5851//4584 5904//3868
f 5947//4628 6014//4657 5948//4458
f 5949//4629 5950//3807 5951//3808
f 5956//3914 5952//4630 5968//4641
f 5953//4631 6026//4663 5954//4632
f 5947//4628 5955//4633 5956//3914
f 5957//3814 5958//4536 5959//4634
f 5960//4635 5956//3914 5955//4633
f 5961//4636 6042//4524 5962//4637
f 5950//3807 5949//4629 5965//4639
f 5966//4640 5959//4634 5958//4536
f 5949//4629 5951//3808 5967//3824
f 5952//4630 5956//3914 5960//4635
f 5974//4646 6042//4524 5961//4636
f 5960//4635 5977//4597 6043//4023
f 5972//4644 5955//4633 5978//4647
f 5955//4633 5972//4644 5960//4635
f 5981//4648 5982//4649 5966//4640
f 5966//4640 5947//4628 5959//4634
f 5989//3847 5990//3848 5991//3849
f 5960//4635 5994//4604 5977//4597
f 6048//3905 5995//4554 5996//4555
f 5967//3824 5987//3937 5949//4629
f 6003//4497 6004//3942 5977//4597
f 6005//3862 5967//3824 6006//3863
f 5956//3914 6012//3946 5947//4628
f 6013//4562 6012//3946 5956//3914
f 6014//4657 5953//4631 6049//4529
f 6030//4664 5962//4637 6017//4507
f 5949//4629 6018//3993 5965//4639
f 5977//4597 6019//3994 6003//4497
f 6021//4658 6022//4659 6023//4660
f 6037//3895 5950//3807 6028//3885
f 6031//3890 5985//3841 6032//4665
f 5947//4628 6022//4659 5959//4634
f 5959//4634 6022//4659 6021//4658
f 6038//3896 6039//3897 5989//3847
f 5967//3824 5986//3842 5987//3937
f 6042//4524 5974//4646 5960//4635
f 5962//4637 6042//4524 6043//4023
f 6004//3942 5962//4637 6043//4023
f 5993//4603 5991//3849 5990//3848
f 6004//3942 6017//4507 5962//4637
f 5983//3934 5947//4628 6012//3946
f 5984//3935 5983//3934 6012//3946
f 5981//4648 6010//4561 6029//3886
f 5958//4536 5981//4648 5966//4640
f 5967//3824 5951//3808 6006//3863
f 6048//3905 5996//4555 5951//3808
f 5989//3847 5991//3849 5969//4470
f 6020//4510 5969//4470 5992//4602
f 5971//4643 5947//4628 6045//4668
f 6011//4656 6021//4658 6039//3897
f 6023//4660 6022//4659 5970//4642
f 6029//3886 6037//3895 6028//3885
f 5962//4637 6030//4664 5961//4636
f 6015//4505 6016//4609 6020//4510
f 5995//4554 6048//3905 5998//4492
f 5976//4546 6019//3994 6050//4627
f 5963//4589 6050//4627 6019//3994
f 5968//4641 5952//4630 5988//4650
f 5965//4639 6046//4669 6001//4653
f 5980//3836 6029//3886 6028//3885
f 6029//3886 6009//3866 5981//4648
f 6036//3964 6017//4507 6004//3942
f 5964//4638 6033//4619 6034//4620
f 5989//3847 5969//4470 6038//3896
f 6031//3890 6027//4618 6005//3862
f 5978//4647 6002//4654 5973//4645
f 6016//4609 5997//4651 5979//4548
f 6000//3990 5976//4546 6050//4627
f 5976//4546 6000//3990 6018//3993
f 6008//4607 6040//3898 6007//4655
f 6003//4497 6035//3893 6036//3964
f 6003//4497 6019//3994 5976//4546
f 6001//4653 5999//4652 6002//4654
f 5957//3814 6010//4561 5958//4536
f 5958//4536 6010//4561 5981//4648
f 6035//3893 6018//3993 5949//4629
f 6006//3863 5951//3808 5996//4555
f 5959//4634 6021//4658 5957//3814
f 6023//4660 5970//4642 6039//3897
f 6044//4667 5954//4632 5975//3929
f 5998//4492 5997//4651 5954//4632
f 5979//4548 5951//3808 5950//3807
f 5992//4602 5993//4603 5948//4458
f 5987//3937 6036//3964 5949//4629
f 6017//4507 6036//3964 5987//3937
f 5987//3937 5986//3842 6030//4664
f 6034//4620 6000//3990 5964//4638
f 6011//4656 6038//3896 6037//3895
f 6011//4656 6039//3897 6038//3896
f 6035//3893 5976//4546 6018//3993
f 6004//3942 6043//4023 5977//4597
f 6045//4668 5948//4458 5993//4603
f 5948//4458 6045//4668 5947//4628
f 5980//3836 5965//4639 6041//4666
f 5979//4548 5998//4492 6048//3905
f 5992//4602 5969//4470 5991//3849
f 5991//3849 5993//4603 5992//4602
f 5985//3841 6047//3904 6032//4665
f 6040//3898 5986//3842 5967//3824
f 6011//4656 6029//3886 6010//4561
f 5954//4632 5997//4651 5953//4631
f 5975//3929 5983//3934 6044//4667
f 5983//3934 5975//3929 5947//4628
f 5994//4604 5960//4635 5963//4589
f 5994//4604 5963//4589 6019//3994
f 5976//4546 6035//3893 6003//4497
f 6020//4510 5979//4548 5950//3807
f 6020//4510 6016//4609 5979//4548
f 5982//4649 5981//4648 6009//3866
f 5948//4458 6015//4505 5992//4602
f 5990//3848 5989//3847 6039//3897
f 6039//3897 5970//4642 5990//3848
f 6000//3990 6050//4627 5964//4638
f 5953//4631 6016//4609 6049//4529
f 6009//3866 6041//4666 5982//4649
f 5949//4629 6036//3964 6035//3893
f 5987//3937 6030//4664 6017//4507
f 6037//3895 5969//4470 5950//3807
f 5969//4470 6020//4510 5950//3807
f 6008//4607 6030//4664 5986//3842
f 6008//4607 5986//3842 6040//3898
f 5996//4555 5985//3841 6006//3863
f 6037//3895 6038//3896 5969//4470
f 6027//4618 5988//4650 6007//4655
f 6027//4618 5968//4641 5988//4650
f 5954//4632 6044//4667 5998//4492
f 5995//4554 5998//4492 6044//4667
f 5996//4555 5995//4554 6047//3904
f 5985//3841 5996//4555 6047//3904
f 5984//3935 6012//3946 6013//4562
f 5984//3935 6013//4562 6047//3904
f 6031//3890 6005//3862 6006//3863
f 6006//3863 5985//3841 6031//3890
f 6009//3866 5980//3836 6041//4666
f 6009//3866 6029//3886 5980//3836
f 5965//4639 6018//3993 6046//4669
f 5990//3848 6045//4668 5993//4603
f 6002//4654 5978//4647 6001//4653
f 6041//4666 6001//4653 5978//4647
f 6014//4657 6049//4529 5948//4458
f 6050//4627 5963//4589 5964//4638
f 6044//4667 5984//3935 5995//4554
f 6044//4667 5983//3934 5984//3935
f 5994//4604 6019//3994 5977//4597
f 6008//4607 5988//4650 6025//4662
f 6025//4662 5988//4650 6024//4661
f 6045//4668 5970//4642 5971//4643
f 5973//4645 6034//4620 5972//4644
f 6034//4620 5973//4645 6002//4654
f 5978//4647 5955//4633 5982//4649
f 5978//4647 5982//4649 6041//4666
f 6030//4664 6025//4662 5961//4636
f 6025//4662 5974//4646 5961//4636
f 5968//4641 6013//4562 5956//3914
f 5968//4641 6032//4665 6013//4562
f 5973//4645 5972//4644 5978//4647
f 6000//3990 6034//4620 5999//4652
f 5999//4652 6034//4620 6002//4654
f 6040//3898 6027//4618 6007//4655
f 5979//4548 6048//3905 5951//3808
f 6028//3885 5950//3807 5965//4639
f 5965//4639 5980//3836 6028//3885
f 6000//3990 5999//4652 6046//4669
f 5995//4554 5984//3935 6047//3904
f 6021//4658 6011//4656 5957//3814
f 5960//4635 5974//4646 6024//4661
f 6024//4661 5974//4646 6025//4662
f 5952//4630 5960//4635 6024//4661
f 5952//4630 6024//4661 5988//4650
f 6033//4619 5972//4644 6034//4620
f 5960//4635 5972//4644 6033//4619
f 6014//4657 5947//4628 6026//4663
f 6014//4657 6026//4663 5953//4631
f 6042//4524 5960//4635 6043//4023
f 5947//4628 5971//4643 6022//4659
f 6022//4659 5971//4643 5970//4642
f 5955//4633 5947//4628 5966//4640
f 5966//4640 5982//4649 5955//4633
f 6026//4663 5975//3929 5954//4632
f 5947//4628 5975//3929 6026//4663
f 5965//4639 6001//4653 6041//4666
f 6029//3886 6011//4656 6037//3895
f 5998//4492 5979//4548 5997//4651
f 6036//3964 6004//3942 6003//4497
f 5992//4602 6015//4505 6020//4510
f 6027//4618 6040//3898 6005//3862
f 6005//3862 6040//3898 5967//3824
f 6000//3990 6046//4669 6018//3993
f 5960//4635 6033//4619 5963//4589
f 5964//4638 5963//4589 6033//4619
f 6046//4669 5999//4652 6001//4653
f 6016//4609 5953//4631 5997//4651
f 5990//3848 5970//4642 6045//4668
f 6030//4664 6008//4607 6025//4662
f 6032//4665 6047//3904 6013//4562
f 6021//4658 6023//4660 6039//3897
f 6007//4655 5988//4650 6008//4607
f 6032//4665 5968//4641 6031//3890
f 6027//4618 6031//3890 5968//4641
f 6049//4529 6016//4609 6015//4505
f 5948//4458 6049//4529 6015//4505
f 6010//4561 5957//3814 6011//4656
