# Herman Miller official CAD model, inches converted uniformly to metres.
mtllib NeviC.mtl
o TABLE-GLIDES
usemtl TABLE-GLIDES
v -0.7014560 0.0030000 0.6902105
v -0.6921590 0.0030000 0.6995075
v -0.6919580 0.0015000 0.6991595
v -0.7011080 0.0015000 0.6900095
f 1 2 3
f 1 3 4
v -0.6794590 0.0230000 0.6735417
v -0.6794590 0.0230000 0.6814792
v -0.6774746 0.0230000 0.6809475
v -0.6774746 0.0230000 0.6740735
f 5 6 7
f 5 7 8
v -0.6760220 0.0230000 0.6755261
v -0.6760220 0.0230000 0.6794949
v -0.6754903 0.0230000 0.6775105
f 9 10 11
v -0.6814434 0.0230000 0.6740735
v -0.6814434 0.0230000 0.6809475
v -0.6828960 0.0230000 0.6794949
v -0.6828960 0.0230000 0.6755261
f 12 13 14
f 12 14 15
v -0.6988580 0.0000000 0.6887105
v -0.6988580 0.0000000 0.6663105
v -0.7018590 0.0000000 0.6775105
f 16 17 18
v -0.6600600 0.0000000 0.6663105
v -0.6600600 0.0000000 0.6887105
v -0.6570590 0.0000000 0.6775105
f 19 20 21
v -0.6828960 0.0209700 0.6794949
v -0.6835770 0.0209700 0.6798880
v -0.6818365 0.0209700 0.6816285
v -0.6814434 0.0209700 0.6809475
f 22 23 24
f 22 24 25
v -0.6850015 0.0100000 0.0655724
v -0.6850015 0.0113100 0.0655724
v -0.6794590 0.0113100 0.0670575
v -0.6794590 0.0100000 0.0670575
f 26 27 28
f 26 28 29
v -0.6823365 0.0113100 0.0609565
v -0.6794590 0.0113100 0.0617275
f 28 27 30
f 28 30 31
v -0.6794590 0.0116029 0.0610204
v -0.6819829 0.0116029 0.0603441
f 30 31 32
f 30 32 33
v -0.6818365 0.0123100 0.0600905
v -0.6794590 0.0123100 0.0607275
f 32 33 34
f 32 34 35
v -0.6794590 0.0209700 0.0607275
v -0.6818365 0.0209700 0.0600905
f 34 35 36
f 34 36 37
v -0.6739165 0.0113100 0.0655724
v -0.6739165 0.0100000 0.0655724
f 29 28 38
f 29 38 39
v -0.6765815 0.0113100 0.0609565
f 38 28 31
f 38 31 40
v -0.6769351 0.0116029 0.0603441
f 31 40 41
f 31 41 32
v -0.6770815 0.0123100 0.0600905
f 41 32 35
f 41 35 42
v -0.6770815 0.0209700 0.0600905
f 35 42 43
f 35 43 36
v -0.6698591 0.0113100 0.0615150
v -0.6698591 0.0100000 0.0615150
f 39 38 44
f 39 44 45
v -0.6744750 0.0113100 0.0588500
f 44 38 40
f 44 40 46
v -0.6750874 0.0116029 0.0584964
f 40 46 47
f 40 47 41
v -0.6753410 0.0123100 0.0583500
f 47 41 42
f 47 42 48
v -0.6753410 0.0209700 0.0583500
f 42 48 49
f 42 49 43
v -0.6683740 0.0113100 0.0559725
v -0.6683740 0.0100000 0.0559725
f 45 44 50
f 45 50 51
v -0.6737040 0.0113100 0.0559725
f 50 44 46
f 50 46 52
v -0.6744111 0.0116029 0.0559725
f 46 52 53
f 46 53 47
v -0.6747040 0.0123100 0.0559725
f 53 47 48
f 53 48 54
v -0.6747040 0.0209700 0.0559725
f 48 54 55
f 48 55 49
v -0.6698591 0.0113100 0.0504300
v -0.6698591 0.0100000 0.0504300
f 51 50 56
f 51 56 57
v -0.6744750 0.0113100 0.0530950
f 56 50 52
f 56 52 58
v -0.6750874 0.0116029 0.0534486
f 52 58 59
f 52 59 53
v -0.6753410 0.0123100 0.0535950
f 59 53 54
f 59 54 60
v -0.6753410 0.0209700 0.0535950
f 54 60 61
f 54 61 55
v -0.6739165 0.0113100 0.0463726
v -0.6739165 0.0100000 0.0463726
f 57 56 62
f 57 62 63
v -0.6765815 0.0113100 0.0509885
f 62 56 58
f 62 58 64
v -0.6769351 0.0116029 0.0516009
f 58 64 65
f 58 65 59
v -0.6770815 0.0123100 0.0518545
f 65 59 60
f 65 60 66
v -0.6770815 0.0209700 0.0518545
f 60 66 67
f 60 67 61
v -0.6794590 0.0113100 0.0448875
v -0.6794590 0.0100000 0.0448875
f 63 62 68
f 63 68 69
v -0.6794590 0.0113100 0.0502175
f 68 62 64
f 68 64 70
v -0.6794590 0.0116029 0.0509246
f 64 70 71
f 64 71 65
v -0.6794590 0.0123100 0.0512175
f 71 65 66
f 71 66 72
v -0.6794590 0.0209700 0.0512175
f 66 72 73
f 66 73 67
v -0.6850015 0.0113100 0.0463726
v -0.6850015 0.0100000 0.0463726
f 69 68 74
f 69 74 75
v -0.6823365 0.0113100 0.0509885
f 74 68 70
f 74 70 76
v -0.6819829 0.0116029 0.0516009
f 70 76 77
f 70 77 71
v -0.6818365 0.0123100 0.0518545
f 77 71 72
f 77 72 78
v -0.6818365 0.0209700 0.0518545
f 72 78 79
f 72 79 73
v -0.6890589 0.0113100 0.0504300
v -0.6890589 0.0100000 0.0504300
f 75 74 80
f 75 80 81
v -0.6844430 0.0113100 0.0530950
f 80 74 76
f 80 76 82
v -0.6838306 0.0116029 0.0534486
f 76 82 83
f 76 83 77
v -0.6835770 0.0123100 0.0535950
f 83 77 78
f 83 78 84
v -0.6835770 0.0209700 0.0535950
f 78 84 85
f 78 85 79
v -0.6905440 0.0113100 0.0559725
v -0.6905440 0.0100000 0.0559725
f 81 80 86
f 81 86 87
v -0.6852140 0.0113100 0.0559725
f 86 80 82
f 86 82 88
v -0.6845069 0.0116029 0.0559725
f 82 88 89
f 82 89 83
v -0.6842140 0.0123100 0.0559725
f 89 83 84
f 89 84 90
v -0.6842140 0.0209700 0.0559725
f 84 90 91
f 84 91 85
v -0.6890589 0.0113100 0.0615150
v -0.6890589 0.0100000 0.0615150
f 87 86 92
f 87 92 93
v -0.6844430 0.0113100 0.0588500
f 92 86 88
f 92 88 94
v -0.6838306 0.0116029 0.0584964
f 88 94 95
f 88 95 89
v -0.6835770 0.0123100 0.0583500
f 95 89 90
f 95 90 96
v -0.6835770 0.0209700 0.0583500
f 90 96 97
f 90 97 91
f 93 92 27
f 93 27 26
f 27 92 94
f 27 94 30
f 94 30 33
f 94 33 95
f 33 95 96
f 33 96 34
f 96 34 37
f 96 37 97
v -0.6921590 0.0035000 0.0779695
v -0.6794590 0.0035000 0.0813725
v -0.6794590 0.0070000 0.0689725
v -0.6859590 0.0070000 0.0672308
f 98 99 100
f 98 100 101
v -0.6852090 0.0100000 0.0659318
v -0.6794590 0.0100000 0.0674725
f 100 101 102
f 100 102 103
v -0.6794590 0.0209700 0.0599412
v -0.6814434 0.0209700 0.0594095
v -0.6814434 0.0230000 0.0594095
v -0.6794590 0.0230000 0.0599412
f 104 105 106
f 104 106 107
v -0.6921590 0.0030000 0.0779695
v -0.6794590 0.0030000 0.0813725
v -0.6794590 0.0015000 0.0809706
v -0.6919580 0.0015000 0.0776215
f 108 109 110
f 108 110 111
v -0.6794590 0.0004019 0.0798725
v -0.6914090 0.0004019 0.0766705
f 111 110 112
f 111 112 113
v -0.6794590 -0.0000000 0.0783725
v -0.6906590 0.0000000 0.0753715
f 113 112 114
f 113 114 115
f 98 108 109
f 98 109 99
v -0.6667590 0.0035000 0.0779695
v -0.6729590 0.0070000 0.0672308
f 99 116 117
f 99 117 100
v -0.6737090 0.0100000 0.0659318
f 117 100 103
f 117 103 118
v -0.6774746 0.0209700 0.0594095
v -0.6774746 0.0230000 0.0594095
f 119 104 107
f 119 107 120
v -0.6667590 0.0030000 0.0779695
v -0.6669600 0.0015000 0.0776215
f 109 121 122
f 109 122 110
v -0.6675090 0.0004019 0.0766705
f 110 122 123
f 110 123 112
v -0.6682590 -0.0000000 0.0753715
f 112 123 124
f 112 124 114
f 99 109 121
f 99 121 116
v -0.6574620 0.0035000 0.0686725
v -0.6682007 0.0070000 0.0624725
f 116 125 126
f 116 126 117
v -0.6694997 0.0100000 0.0617225
f 126 117 118
f 126 118 127
v -0.6760220 0.0209700 0.0579569
v -0.6760220 0.0230000 0.0579569
f 128 119 120
f 128 120 129
v -0.6574620 0.0030000 0.0686725
v -0.6578100 0.0015000 0.0684715
f 121 130 131
f 121 131 122
v -0.6587610 0.0004019 0.0679225
f 122 131 132
f 122 132 123
v -0.6600600 -0.0000000 0.0671725
f 123 132 133
f 123 133 124
f 116 121 130
f 116 130 125
v -0.6540590 0.0035000 0.0559725
v -0.6664590 0.0070000 0.0559725
f 125 134 135
f 125 135 126
v -0.6679590 0.0100000 0.0559725
f 135 126 127
f 135 127 136
v -0.6754903 0.0209700 0.0559725
v -0.6754903 0.0230000 0.0559725
f 137 128 129
f 137 129 138
v -0.6540590 0.0030000 0.0559725
v -0.6544609 0.0015000 0.0559725
f 130 139 140
f 130 140 131
v -0.6555590 0.0004019 0.0559725
f 131 140 141
f 131 141 132
v -0.6570590 -0.0000000 0.0559725
f 132 141 142
f 132 142 133
f 125 130 139
f 125 139 134
v -0.6574620 0.0035000 0.0432725
v -0.6682007 0.0070000 0.0494725
f 134 143 144
f 134 144 135
v -0.6694997 0.0100000 0.0502225
f 144 135 136
f 144 136 145
v -0.6760220 0.0209700 0.0539881
v -0.6760220 0.0230000 0.0539881
f 146 137 138
f 146 138 147
v -0.6574620 0.0030000 0.0432725
v -0.6578100 0.0015000 0.0434735
f 139 148 149
f 139 149 140
v -0.6587610 0.0004019 0.0440225
f 140 149 150
f 140 150 141
v -0.6600600 -0.0000000 0.0447725
f 141 150 151
f 141 151 142
f 134 139 148
f 134 148 143
v -0.6667590 0.0035000 0.0339755
v -0.6729590 0.0070000 0.0447142
f 143 152 153
f 143 153 144
v -0.6737090 0.0100000 0.0460132
f 153 144 145
f 153 145 154
v -0.6774746 0.0209700 0.0525355
v -0.6774746 0.0230000 0.0525355
f 155 146 147
f 155 147 156
v -0.6667590 0.0030000 0.0339755
v -0.6669600 0.0015000 0.0343235
f 148 157 158
f 148 158 149
v -0.6675090 0.0004019 0.0352745
f 149 158 159
f 149 159 150
v -0.6682590 -0.0000000 0.0365735
f 150 159 160
f 150 160 151
f 143 148 157
f 143 157 152
v -0.6794590 0.0035000 0.0305725
v -0.6794590 0.0070000 0.0429725
f 152 161 162
f 152 162 153
v -0.6794590 0.0100000 0.0444725
f 162 153 154
f 162 154 163
v -0.6794590 0.0209700 0.0520037
v -0.6794590 0.0230000 0.0520037
f 164 155 156
f 164 156 165
v -0.6794590 0.0030000 0.0305725
v -0.6794590 0.0015000 0.0309744
f 157 166 167
f 157 167 158
v -0.6794590 0.0004019 0.0320725
f 158 167 168
f 158 168 159
v -0.6794590 -0.0000000 0.0335725
f 159 168 169
f 159 169 160
f 152 157 166
f 152 166 161
v -0.6921590 0.0035000 0.0339755
v -0.6859590 0.0070000 0.0447142
f 161 170 171
f 161 171 162
v -0.6852090 0.0100000 0.0460132
f 171 162 163
f 171 163 172
v -0.6814434 0.0209700 0.0525355
v -0.6814434 0.0230000 0.0525355
f 173 164 165
f 173 165 174
v -0.6921590 0.0030000 0.0339755
v -0.6919580 0.0015000 0.0343235
f 166 175 176
f 166 176 167
v -0.6914090 0.0004019 0.0352745
f 167 176 177
f 167 177 168
v -0.6906590 -0.0000000 0.0365735
f 168 177 178
f 168 178 169
f 161 166 175
f 161 175 170
v -0.7014560 0.0035000 0.0432725
v -0.6907173 0.0070000 0.0494725
f 170 179 180
f 170 180 171
v -0.6894183 0.0100000 0.0502225
f 180 171 172
f 180 172 181
v -0.6828960 0.0209700 0.0539881
v -0.6828960 0.0230000 0.0539881
f 182 173 174
f 182 174 183
v -0.7014560 0.0030000 0.0432725
v -0.7011080 0.0015000 0.0434735
f 175 184 185
f 175 185 176
v -0.7001570 0.0004019 0.0440225
f 176 185 186
f 176 186 177
v -0.6988580 -0.0000000 0.0447725
f 177 186 187
f 177 187 178
f 170 175 184
f 170 184 179
v -0.7048590 0.0035000 0.0559725
v -0.6924590 0.0070000 0.0559725
f 179 188 189
f 179 189 180
v -0.6909590 0.0100000 0.0559725
f 189 180 181
f 189 181 190
v -0.6834278 0.0209700 0.0559725
v -0.6834278 0.0230000 0.0559725
f 191 182 183
f 191 183 192
v -0.7048590 0.0030000 0.0559725
v -0.7044571 0.0015000 0.0559725
f 184 193 194
f 184 194 185
v -0.7033590 0.0004019 0.0559725
f 185 194 195
f 185 195 186
v -0.7018590 -0.0000000 0.0559725
f 186 195 196
f 186 196 187
f 179 184 193
f 179 193 188
v -0.7014560 0.0035000 0.0686725
v -0.6907173 0.0070000 0.0624725
f 188 197 198
f 188 198 189
v -0.6894183 0.0100000 0.0617225
f 198 189 190
f 198 190 199
v -0.6828960 0.0209700 0.0579569
v -0.6828960 0.0230000 0.0579569
f 200 191 192
f 200 192 201
v -0.7014560 0.0030000 0.0686725
v -0.7011080 0.0015000 0.0684715
f 193 202 203
f 193 203 194
v -0.7001570 0.0004019 0.0679225
f 194 203 204
f 194 204 195
v -0.6988580 -0.0000000 0.0671725
f 195 204 205
f 195 205 196
f 188 193 202
f 188 202 197
f 197 98 101
f 197 101 198
f 101 198 199
f 101 199 102
f 105 200 201
f 105 201 106
f 202 108 111
f 202 111 203
f 203 111 113
f 203 113 204
f 204 113 115
f 204 115 205
f 197 202 108
f 197 108 98
f 165 107 120
f 165 120 156
f 120 156 147
f 120 147 129
f 147 129 138
f 107 165 174
f 107 174 106
f 174 106 201
f 174 201 183
f 201 183 192
f 114 169 178
f 114 178 115
f 178 115 205
f 178 205 187
f 205 187 196
f 169 114 124
f 169 124 160
f 124 160 151
f 124 151 133
f 151 133 142
f 128 49 55
f 128 55 137
f 55 137 146
f 55 146 61
f 146 61 67
f 146 67 155
f 67 155 164
f 67 164 73
f 164 73 79
f 164 79 173
f 79 173 182
f 79 182 85
f 182 85 91
f 182 91 191
f 91 191 200
f 91 200 97
f 200 97 37
f 200 37 105
f 37 105 104
f 37 104 36
f 104 36 43
f 104 43 119
f 43 119 128
f 43 128 49
f 29 103 118
f 29 118 39
f 118 39 45
f 118 45 127
f 45 127 136
f 45 136 51
f 136 51 57
f 136 57 145
f 57 145 154
f 57 154 63
f 154 63 69
f 154 69 163
f 69 163 172
f 69 172 75
f 172 75 81
f 172 81 181
f 81 181 190
f 81 190 87
f 190 87 93
f 190 93 199
f 93 199 102
f 93 102 26
f 102 26 29
f 102 29 103
v -0.6850015 0.0100000 0.6871104
v -0.6850015 0.0113100 0.6871104
v -0.6794590 0.0113100 0.6885955
v -0.6794590 0.0100000 0.6885955
f 206 207 208
f 206 208 209
v -0.6823365 0.0113100 0.6824945
v -0.6794590 0.0113100 0.6832655
f 208 207 210
f 208 210 211
v -0.6794590 0.0116029 0.6825584
v -0.6819829 0.0116029 0.6818821
f 210 211 212
f 210 212 213
v -0.6818365 0.0123100 0.6816285
v -0.6794590 0.0123100 0.6822655
f 212 213 214
f 212 214 215
v -0.6794590 0.0209700 0.6822655
f 214 215 216
f 214 216 24
v -0.6739165 0.0113100 0.6871104
v -0.6739165 0.0100000 0.6871104
f 209 208 217
f 209 217 218
v -0.6765815 0.0113100 0.6824945
f 217 208 211
f 217 211 219
v -0.6769351 0.0116029 0.6818821
f 211 219 220
f 211 220 212
v -0.6770815 0.0123100 0.6816285
f 220 212 215
f 220 215 221
v -0.6770815 0.0209700 0.6816285
f 215 221 222
f 215 222 216
v -0.6698591 0.0113100 0.6830530
v -0.6698591 0.0100000 0.6830530
f 218 217 223
f 218 223 224
v -0.6744750 0.0113100 0.6803880
f 223 217 219
f 223 219 225
v -0.6750874 0.0116029 0.6800344
f 219 225 226
f 219 226 220
v -0.6753410 0.0123100 0.6798880
f 226 220 221
f 226 221 227
v -0.6753410 0.0209700 0.6798880
f 221 227 228
f 221 228 222
v -0.6683740 0.0113100 0.6775105
v -0.6683740 0.0100000 0.6775105
f 224 223 229
f 224 229 230
v -0.6737040 0.0113100 0.6775105
f 229 223 225
f 229 225 231
v -0.6744111 0.0116029 0.6775105
f 225 231 232
f 225 232 226
v -0.6747040 0.0123100 0.6775105
f 232 226 227
f 232 227 233
v -0.6747040 0.0209700 0.6775105
f 227 233 234
f 227 234 228
v -0.6698591 0.0113100 0.6719680
v -0.6698591 0.0100000 0.6719680
f 230 229 235
f 230 235 236
v -0.6744750 0.0113100 0.6746330
f 235 229 231
f 235 231 237
v -0.6750874 0.0116029 0.6749866
f 231 237 238
f 231 238 232
v -0.6753410 0.0123100 0.6751330
f 238 232 233
f 238 233 239
v -0.6753410 0.0209700 0.6751330
f 233 239 240
f 233 240 234
v -0.6739165 0.0113100 0.6679106
v -0.6739165 0.0100000 0.6679106
f 236 235 241
f 236 241 242
v -0.6765815 0.0113100 0.6725265
f 241 235 237
f 241 237 243
v -0.6769351 0.0116029 0.6731389
f 237 243 244
f 237 244 238
v -0.6770815 0.0123100 0.6733925
f 244 238 239
f 244 239 245
v -0.6770815 0.0209700 0.6733925
f 239 245 246
f 239 246 240
v -0.6794590 0.0113100 0.6664255
v -0.6794590 0.0100000 0.6664255
f 242 241 247
f 242 247 248
v -0.6794590 0.0113100 0.6717555
f 247 241 243
f 247 243 249
v -0.6794590 0.0116029 0.6724626
f 243 249 250
f 243 250 244
v -0.6794590 0.0123100 0.6727555
f 250 244 245
f 250 245 251
v -0.6794590 0.0209700 0.6727555
f 245 251 252
f 245 252 246
v -0.6850015 0.0113100 0.6679106
v -0.6850015 0.0100000 0.6679106
f 248 247 253
f 248 253 254
v -0.6823365 0.0113100 0.6725265
f 253 247 249
f 253 249 255
v -0.6819829 0.0116029 0.6731389
f 249 255 256
f 249 256 250
v -0.6818365 0.0123100 0.6733925
f 256 250 251
f 256 251 257
v -0.6818365 0.0209700 0.6733925
f 251 257 258
f 251 258 252
v -0.6890589 0.0113100 0.6719680
v -0.6890589 0.0100000 0.6719680
f 254 253 259
f 254 259 260
v -0.6844430 0.0113100 0.6746330
f 259 253 255
f 259 255 261
v -0.6838306 0.0116029 0.6749866
f 255 261 262
f 255 262 256
v -0.6835770 0.0123100 0.6751330
f 262 256 257
f 262 257 263
v -0.6835770 0.0209700 0.6751330
f 257 263 264
f 257 264 258
v -0.6905440 0.0113100 0.6775105
v -0.6905440 0.0100000 0.6775105
f 260 259 265
f 260 265 266
v -0.6852140 0.0113100 0.6775105
f 265 259 261
f 265 261 267
v -0.6845069 0.0116029 0.6775105
f 261 267 268
f 261 268 262
v -0.6842140 0.0123100 0.6775105
f 268 262 263
f 268 263 269
v -0.6842140 0.0209700 0.6775105
f 263 269 270
f 263 270 264
v -0.6890589 0.0113100 0.6830530
v -0.6890589 0.0100000 0.6830530
f 266 265 271
f 266 271 272
v -0.6844430 0.0113100 0.6803880
f 271 265 267
f 271 267 273
v -0.6838306 0.0116029 0.6800344
f 267 273 274
f 267 274 268
v -0.6835770 0.0123100 0.6798880
f 274 268 269
f 274 269 275
f 269 275 23
f 269 23 270
f 272 271 207
f 272 207 206
f 207 271 273
f 207 273 210
f 273 210 213
f 273 213 274
f 213 274 275
f 213 275 214
f 275 214 24
f 275 24 23
v -0.6921590 0.0035000 0.6995075
v -0.6794590 0.0035000 0.7029105
v -0.6794590 0.0070000 0.6905105
v -0.6859590 0.0070000 0.6887688
f 276 277 278
f 276 278 279
v -0.6852090 0.0100000 0.6874698
v -0.6794590 0.0100000 0.6890105
f 278 279 280
f 278 280 281
v -0.6794590 0.0209700 0.6814792
f 282 25 13
f 282 13 6
v -0.6794590 0.0030000 0.7029105
v -0.6794590 0.0015000 0.7025086
f 2 283 284
f 2 284 3
v -0.6794590 0.0004019 0.7014105
v -0.6914090 0.0004019 0.6982085
f 3 284 285
f 3 285 286
v -0.6794590 0.0000000 0.6999105
v -0.6906590 0.0000000 0.6969095
f 286 285 287
f 286 287 288
f 276 2 283
f 276 283 277
v -0.6667590 0.0035000 0.6995075
v -0.6729590 0.0070000 0.6887688
f 277 289 290
f 277 290 278
v -0.6737090 0.0100000 0.6874698
f 290 278 281
f 290 281 291
v -0.6774746 0.0209700 0.6809475
f 292 282 6
f 292 6 7
v -0.6667590 0.0030000 0.6995075
v -0.6669600 0.0015000 0.6991595
f 283 293 294
f 283 294 284
v -0.6675090 0.0004019 0.6982085
f 284 294 295
f 284 295 285
v -0.6682590 0.0000000 0.6969095
f 285 295 296
f 285 296 287
f 277 283 293
f 277 293 289
v -0.6574620 0.0035000 0.6902105
v -0.6682007 0.0070000 0.6840105
f 289 297 298
f 289 298 290
v -0.6694997 0.0100000 0.6832605
f 298 290 291
f 298 291 299
v -0.6760220 0.0209700 0.6794949
f 300 292 7
f 300 7 10
v -0.6574620 0.0030000 0.6902105
v -0.6578100 0.0015000 0.6900095
f 293 301 302
f 293 302 294
v -0.6587610 0.0004019 0.6894605
f 294 302 303
f 294 303 295
f 295 303 20
f 295 20 296
f 289 293 301
f 289 301 297
v -0.6540590 0.0035000 0.6775105
v -0.6664590 0.0070000 0.6775105
f 297 304 305
f 297 305 298
v -0.6679590 0.0100000 0.6775105
f 305 298 299
f 305 299 306
v -0.6754903 0.0209700 0.6775105
f 307 300 10
f 307 10 11
v -0.6540590 0.0030000 0.6775105
v -0.6544609 0.0015000 0.6775105
f 301 308 309
f 301 309 302
v -0.6555590 0.0004019 0.6775105
f 302 309 310
f 302 310 303
f 303 310 21
f 303 21 20
f 297 301 308
f 297 308 304
v -0.6574620 0.0035000 0.6648105
v -0.6682007 0.0070000 0.6710105
f 304 311 312
f 304 312 305
v -0.6694997 0.0100000 0.6717605
f 312 305 306
f 312 306 313
v -0.6760220 0.0209700 0.6755261
f 314 307 11
f 314 11 9
v -0.6574620 0.0030000 0.6648105
v -0.6578100 0.0015000 0.6650115
f 308 315 316
f 308 316 309
v -0.6587610 0.0004019 0.6655605
f 309 316 317
f 309 317 310
f 310 317 19
f 310 19 21
f 304 308 315
f 304 315 311
v -0.6667590 0.0035000 0.6555135
v -0.6729590 0.0070000 0.6662522
f 311 318 319
f 311 319 312
v -0.6737090 0.0100000 0.6675512
f 319 312 313
f 319 313 320
v -0.6774746 0.0209700 0.6740735
f 321 314 9
f 321 9 8
v -0.6667590 0.0030000 0.6555135
v -0.6669600 0.0015000 0.6558615
f 315 322 323
f 315 323 316
v -0.6675090 0.0004019 0.6568125
f 316 323 324
f 316 324 317
v -0.6682590 0.0000000 0.6581115
f 317 324 325
f 317 325 19
f 311 315 322
f 311 322 318
v -0.6794590 0.0035000 0.6521105
v -0.6794590 0.0070000 0.6645105
f 318 326 327
f 318 327 319
v -0.6794590 0.0100000 0.6660105
f 327 319 320
f 327 320 328
v -0.6794590 0.0209700 0.6735417
f 329 321 8
f 329 8 5
v -0.6794590 0.0030000 0.6521105
v -0.6794590 0.0015000 0.6525124
f 322 330 331
f 322 331 323
v -0.6794590 0.0004019 0.6536105
f 323 331 332
f 323 332 324
v -0.6794590 0.0000000 0.6551105
f 324 332 333
f 324 333 325
f 318 322 330
f 318 330 326
v -0.6921590 0.0035000 0.6555135
v -0.6859590 0.0070000 0.6662522
f 326 334 335
f 326 335 327
v -0.6852090 0.0100000 0.6675512
f 335 327 328
f 335 328 336
v -0.6814434 0.0209700 0.6740735
f 337 329 5
f 337 5 12
v -0.6921590 0.0030000 0.6555135
v -0.6919580 0.0015000 0.6558615
f 330 338 339
f 330 339 331
v -0.6914090 0.0004019 0.6568125
f 331 339 340
f 331 340 332
v -0.6906590 0.0000000 0.6581115
f 332 340 341
f 332 341 333
f 326 330 338
f 326 338 334
v -0.7014560 0.0035000 0.6648105
v -0.6907173 0.0070000 0.6710105
f 334 342 343
f 334 343 335
v -0.6894183 0.0100000 0.6717605
f 343 335 336
f 343 336 344
v -0.6828960 0.0209700 0.6755261
f 345 337 12
f 345 12 15
v -0.7014560 0.0030000 0.6648105
v -0.7011080 0.0015000 0.6650115
f 338 346 347
f 338 347 339
v -0.7001570 0.0004019 0.6655605
f 339 347 348
f 339 348 340
f 340 348 17
f 340 17 341
f 334 338 346
f 334 346 342
v -0.7048590 0.0035000 0.6775105
v -0.6924590 0.0070000 0.6775105
f 342 349 350
f 342 350 343
v -0.6909590 0.0100000 0.6775105
f 350 343 344
f 350 344 351
v -0.6834278 0.0209700 0.6775105
v -0.6834278 0.0230000 0.6775105
f 352 345 15
f 352 15 353
v -0.7048590 0.0030000 0.6775105
v -0.7044571 0.0015000 0.6775105
f 346 354 355
f 346 355 347
v -0.7033590 0.0004019 0.6775105
f 347 355 356
f 347 356 348
f 348 356 18
f 348 18 17
f 342 346 354
f 342 354 349
v -0.7014560 0.0035000 0.6902105
v -0.6907173 0.0070000 0.6840105
f 349 357 358
f 349 358 350
v -0.6894183 0.0100000 0.6832605
f 358 350 351
f 358 351 359
f 22 352 353
f 22 353 14
f 354 1 4
f 354 4 355
v -0.7001570 0.0004019 0.6894605
f 355 4 360
f 355 360 356
f 356 360 16
f 356 16 18
f 349 354 1
f 349 1 357
f 357 276 279
f 357 279 358
f 279 358 359
f 279 359 280
f 25 22 14
f 25 14 13
f 4 3 286
f 4 286 360
f 360 286 288
f 360 288 16
f 357 1 2
f 357 2 276
f 7 8 9
f 7 9 10
f 6 5 12
f 6 12 13
f 14 15 353
f 287 333 341
f 287 341 288
f 341 288 16
f 341 16 17
f 333 287 296
f 333 296 325
f 296 325 19
f 296 19 20
f 300 228 234
f 300 234 307
f 234 307 314
f 234 314 240
f 246 321 329
f 246 329 252
f 314 240 246
f 314 246 321
f 329 252 258
f 329 258 337
f 258 337 345
f 258 345 264
f 345 264 270
f 345 270 352
f 270 352 22
f 270 22 23
f 24 25 282
f 24 282 216
f 222 292 300
f 222 300 228
f 282 216 222
f 282 222 292
f 209 281 291
f 209 291 218
f 291 218 224
f 291 224 299
f 224 299 306
f 224 306 230
f 236 313 320
f 236 320 242
f 306 230 236
f 306 236 313
f 320 242 248
f 320 248 328
f 336 254 260
f 336 260 344
f 248 328 336
f 248 336 254
f 260 344 351
f 260 351 266
f 351 266 272
f 351 272 359
f 272 359 280
f 272 280 206
f 280 206 209
f 280 209 281
v 0.7007900 0.0015000 0.6900095
v 0.6916400 0.0015000 0.6991595
v 0.6918410 0.0030000 0.6995075
v 0.7011380 0.0030000 0.6902105
f 361 362 363
f 361 363 364
v 0.6771566 0.0230000 0.6740735
v 0.6771566 0.0230000 0.6809475
v 0.6791410 0.0230000 0.6814792
v 0.6791410 0.0230000 0.6735417
f 365 366 367
f 365 367 368
v 0.6751723 0.0230000 0.6775105
v 0.6757040 0.0230000 0.6794949
v 0.6757040 0.0230000 0.6755261
f 369 370 371
v 0.6825780 0.0230000 0.6755261
v 0.6825780 0.0230000 0.6794949
v 0.6811254 0.0230000 0.6809475
v 0.6811254 0.0230000 0.6740735
f 372 373 374
f 372 374 375
v 0.7015410 0.0000000 0.6775105
v 0.6985400 0.0000000 0.6663105
v 0.6985400 0.0000000 0.6887105
f 376 377 378
v 0.6567410 0.0000000 0.6775105
v 0.6597420 0.0000000 0.6887105
v 0.6597420 0.0000000 0.6663105
f 379 380 381
v 0.6811254 0.0209700 0.6809475
v 0.6815185 0.0209700 0.6816285
v 0.6832590 0.0209700 0.6798880
v 0.6825780 0.0209700 0.6794949
f 382 383 384
f 382 384 385
v 0.6791410 0.0100000 0.0670575
v 0.6791410 0.0113100 0.0670575
v 0.6846835 0.0113100 0.0655724
v 0.6846835 0.0100000 0.0655724
f 386 387 388
f 386 388 389
v 0.6791410 0.0113100 0.0617275
v 0.6820185 0.0113100 0.0609565
f 390 391 388
f 390 388 387
v 0.6816649 0.0116029 0.0603441
v 0.6791410 0.0116029 0.0610204
f 392 393 390
f 392 390 391
v 0.6791410 0.0123100 0.0607275
v 0.6815185 0.0123100 0.0600905
f 394 395 392
f 394 392 393
v 0.6815185 0.0209700 0.0600905
v 0.6791410 0.0209700 0.0607275
f 396 397 394
f 396 394 395
v 0.6735985 0.0100000 0.0655724
v 0.6735985 0.0113100 0.0655724
f 398 399 387
f 398 387 386
v 0.6762635 0.0113100 0.0609565
f 400 390 387
f 400 387 399
v 0.6766171 0.0116029 0.0603441
f 393 401 400
f 393 400 390
v 0.6767635 0.0123100 0.0600905
f 402 394 393
f 402 393 401
v 0.6767635 0.0209700 0.0600905
f 397 403 402
f 397 402 394
v 0.6695411 0.0100000 0.0615150
v 0.6695411 0.0113100 0.0615150
f 404 405 399
f 404 399 398
v 0.6741570 0.0113100 0.0588500
f 406 400 399
f 406 399 405
v 0.6747694 0.0116029 0.0584964
f 401 407 406
f 401 406 400
v 0.6750230 0.0123100 0.0583500
f 408 402 401
f 408 401 407
v 0.6750230 0.0209700 0.0583500
f 403 409 408
f 403 408 402
v 0.6680560 0.0100000 0.0559725
v 0.6680560 0.0113100 0.0559725
f 410 411 405
f 410 405 404
v 0.6733860 0.0113100 0.0559725
f 412 406 405
f 412 405 411
v 0.6740931 0.0116029 0.0559725
f 407 413 412
f 407 412 406
v 0.6743860 0.0123100 0.0559725
f 414 408 407
f 414 407 413
v 0.6743860 0.0209700 0.0559725
f 409 415 414
f 409 414 408
v 0.6695411 0.0100000 0.0504300
v 0.6695411 0.0113100 0.0504300
f 416 417 411
f 416 411 410
v 0.6741570 0.0113100 0.0530950
f 418 412 411
f 418 411 417
v 0.6747694 0.0116029 0.0534486
f 413 419 418
f 413 418 412
v 0.6750230 0.0123100 0.0535950
f 420 414 413
f 420 413 419
v 0.6750230 0.0209700 0.0535950
f 415 421 420
f 415 420 414
v 0.6735985 0.0100000 0.0463726
v 0.6735985 0.0113100 0.0463726
f 422 423 417
f 422 417 416
v 0.6762635 0.0113100 0.0509885
f 424 418 417
f 424 417 423
v 0.6766171 0.0116029 0.0516009
f 419 425 424
f 419 424 418
v 0.6767635 0.0123100 0.0518545
f 426 420 419
f 426 419 425
v 0.6767635 0.0209700 0.0518545
f 421 427 426
f 421 426 420
v 0.6791410 0.0100000 0.0448875
v 0.6791410 0.0113100 0.0448875
f 428 429 423
f 428 423 422
v 0.6791410 0.0113100 0.0502175
f 430 424 423
f 430 423 429
v 0.6791410 0.0116029 0.0509246
f 425 431 430
f 425 430 424
v 0.6791410 0.0123100 0.0512175
f 432 426 425
f 432 425 431
v 0.6791410 0.0209700 0.0512175
f 427 433 432
f 427 432 426
v 0.6846835 0.0100000 0.0463726
v 0.6846835 0.0113100 0.0463726
f 434 435 429
f 434 429 428
v 0.6820185 0.0113100 0.0509885
f 436 430 429
f 436 429 435
v 0.6816649 0.0116029 0.0516009
f 431 437 436
f 431 436 430
v 0.6815185 0.0123100 0.0518545
f 438 432 431
f 438 431 437
v 0.6815185 0.0209700 0.0518545
f 433 439 438
f 433 438 432
v 0.6887409 0.0100000 0.0504300
v 0.6887409 0.0113100 0.0504300
f 440 441 435
f 440 435 434
v 0.6841250 0.0113100 0.0530950
f 442 436 435
f 442 435 441
v 0.6835126 0.0116029 0.0534486
f 437 443 442
f 437 442 436
v 0.6832590 0.0123100 0.0535950
f 444 438 437
f 444 437 443
v 0.6832590 0.0209700 0.0535950
f 439 445 444
f 439 444 438
v 0.6902260 0.0100000 0.0559725
v 0.6902260 0.0113100 0.0559725
f 446 447 441
f 446 441 440
v 0.6848960 0.0113100 0.0559725
f 448 442 441
f 448 441 447
v 0.6841889 0.0116029 0.0559725
f 443 449 448
f 443 448 442
v 0.6838960 0.0123100 0.0559725
f 450 444 443
f 450 443 449
v 0.6838960 0.0209700 0.0559725
f 445 451 450
f 445 450 444
v 0.6887409 0.0100000 0.0615150
v 0.6887409 0.0113100 0.0615150
f 452 453 447
f 452 447 446
v 0.6841250 0.0113100 0.0588500
f 454 448 447
f 454 447 453
v 0.6835126 0.0116029 0.0584964
f 449 455 454
f 449 454 448
v 0.6832590 0.0123100 0.0583500
f 456 450 449
f 456 449 455
v 0.6832590 0.0209700 0.0583500
f 451 457 456
f 451 456 450
f 389 388 453
f 389 453 452
f 391 454 453
f 391 453 388
f 455 392 391
f 455 391 454
f 395 456 455
f 395 455 392
f 457 396 395
f 457 395 456
v 0.6856410 0.0070000 0.0672308
v 0.6791410 0.0070000 0.0689725
v 0.6791410 0.0035000 0.0813725
v 0.6918410 0.0035000 0.0779695
f 458 459 460
f 458 460 461
v 0.6791410 0.0100000 0.0674725
v 0.6848910 0.0100000 0.0659318
f 462 463 458
f 462 458 459
v 0.6791410 0.0230000 0.0599412
v 0.6811254 0.0230000 0.0594095
v 0.6811254 0.0209700 0.0594095
v 0.6791410 0.0209700 0.0599412
f 464 465 466
f 464 466 467
v 0.6916400 0.0015000 0.0776215
v 0.6791410 0.0015000 0.0809706
v 0.6791410 0.0030000 0.0813725
v 0.6918410 0.0030000 0.0779695
f 468 469 470
f 468 470 471
v 0.6910910 0.0004019 0.0766705
v 0.6791410 0.0004019 0.0798725
f 472 473 469
f 472 469 468
v 0.6903410 0.0000000 0.0753715
v 0.6791410 -0.0000000 0.0783725
f 474 475 473
f 474 473 472
f 460 470 471
f 460 471 461
v 0.6726410 0.0070000 0.0672308
v 0.6664410 0.0035000 0.0779695
f 459 476 477
f 459 477 460
v 0.6733910 0.0100000 0.0659318
f 478 462 459
f 478 459 476
v 0.6771566 0.0230000 0.0594095
v 0.6771566 0.0209700 0.0594095
f 479 464 467
f 479 467 480
v 0.6666420 0.0015000 0.0776215
v 0.6664410 0.0030000 0.0779695
f 469 481 482
f 469 482 470
v 0.6671910 0.0004019 0.0766705
f 473 483 481
f 473 481 469
v 0.6679410 -0.0000000 0.0753715
f 475 484 483
f 475 483 473
f 477 482 470
f 477 470 460
v 0.6678827 0.0070000 0.0624725
v 0.6571440 0.0035000 0.0686725
f 476 485 486
f 476 486 477
v 0.6691817 0.0100000 0.0617225
f 487 478 476
f 487 476 485
v 0.6757040 0.0230000 0.0579569
v 0.6757040 0.0209700 0.0579569
f 488 479 480
f 488 480 489
v 0.6574920 0.0015000 0.0684715
v 0.6571440 0.0030000 0.0686725
f 481 490 491
f 481 491 482
v 0.6584430 0.0004019 0.0679225
f 483 492 490
f 483 490 481
v 0.6597420 -0.0000000 0.0671725
f 484 493 492
f 484 492 483
f 486 491 482
f 486 482 477
v 0.6661410 0.0070000 0.0559725
v 0.6537410 0.0035000 0.0559725
f 485 494 495
f 485 495 486
v 0.6676410 0.0100000 0.0559725
f 496 487 485
f 496 485 494
v 0.6751723 0.0230000 0.0559725
v 0.6751723 0.0209700 0.0559725
f 497 488 489
f 497 489 498
v 0.6541429 0.0015000 0.0559725
v 0.6537410 0.0030000 0.0559725
f 490 499 500
f 490 500 491
v 0.6552410 0.0004019 0.0559725
f 492 501 499
f 492 499 490
v 0.6567410 -0.0000000 0.0559725
f 493 502 501
f 493 501 492
f 495 500 491
f 495 491 486
v 0.6678827 0.0070000 0.0494725
v 0.6571440 0.0035000 0.0432725
f 494 503 504
f 494 504 495
v 0.6691817 0.0100000 0.0502225
f 505 496 494
f 505 494 503
v 0.6757040 0.0230000 0.0539881
v 0.6757040 0.0209700 0.0539881
f 506 497 498
f 506 498 507
v 0.6574920 0.0015000 0.0434735
v 0.6571440 0.0030000 0.0432725
f 499 508 509
f 499 509 500
v 0.6584430 0.0004019 0.0440225
f 501 510 508
f 501 508 499
v 0.6597420 -0.0000000 0.0447725
f 502 511 510
f 502 510 501
f 504 509 500
f 504 500 495
v 0.6726410 0.0070000 0.0447142
v 0.6664410 0.0035000 0.0339755
f 503 512 513
f 503 513 504
v 0.6733910 0.0100000 0.0460132
f 514 505 503
f 514 503 512
v 0.6771566 0.0230000 0.0525355
v 0.6771566 0.0209700 0.0525355
f 515 506 507
f 515 507 516
v 0.6666420 0.0015000 0.0343235
v 0.6664410 0.0030000 0.0339755
f 508 517 518
f 508 518 509
v 0.6671910 0.0004019 0.0352745
f 510 519 517
f 510 517 508
v 0.6679410 -0.0000000 0.0365735
f 511 520 519
f 511 519 510
f 513 518 509
f 513 509 504
v 0.6791410 0.0070000 0.0429725
v 0.6791410 0.0035000 0.0305725
f 512 521 522
f 512 522 513
v 0.6791410 0.0100000 0.0444725
f 523 514 512
f 523 512 521
v 0.6791410 0.0230000 0.0520037
v 0.6791410 0.0209700 0.0520037
f 524 515 516
f 524 516 525
v 0.6791410 0.0015000 0.0309744
v 0.6791410 0.0030000 0.0305725
f 517 526 527
f 517 527 518
v 0.6791410 0.0004019 0.0320725
f 519 528 526
f 519 526 517
v 0.6791410 -0.0000000 0.0335725
f 520 529 528
f 520 528 519
f 522 527 518
f 522 518 513
v 0.6856410 0.0070000 0.0447142
v 0.6918410 0.0035000 0.0339755
f 521 530 531
f 521 531 522
v 0.6848910 0.0100000 0.0460132
f 532 523 521
f 532 521 530
v 0.6811254 0.0230000 0.0525355
v 0.6811254 0.0209700 0.0525355
f 533 524 525
f 533 525 534
v 0.6916400 0.0015000 0.0343235
v 0.6918410 0.0030000 0.0339755
f 526 535 536
f 526 536 527
v 0.6910910 0.0004019 0.0352745
f 528 537 535
f 528 535 526
v 0.6903410 -0.0000000 0.0365735
f 529 538 537
f 529 537 528
f 531 536 527
f 531 527 522
v 0.6903993 0.0070000 0.0494725
v 0.7011380 0.0035000 0.0432725
f 530 539 540
f 530 540 531
v 0.6891003 0.0100000 0.0502225
f 541 532 530
f 541 530 539
v 0.6825780 0.0230000 0.0539881
v 0.6825780 0.0209700 0.0539881
f 542 533 534
f 542 534 543
v 0.7007900 0.0015000 0.0434735
v 0.7011380 0.0030000 0.0432725
f 535 544 545
f 535 545 536
v 0.6998390 0.0004019 0.0440225
f 537 546 544
f 537 544 535
v 0.6985400 -0.0000000 0.0447725
f 538 547 546
f 538 546 537
f 540 545 536
f 540 536 531
v 0.6921410 0.0070000 0.0559725
v 0.7045410 0.0035000 0.0559725
f 539 548 549
f 539 549 540
v 0.6906410 0.0100000 0.0559725
f 550 541 539
f 550 539 548
v 0.6831098 0.0230000 0.0559725
v 0.6831098 0.0209700 0.0559725
f 551 542 543
f 551 543 552
v 0.7041391 0.0015000 0.0559725
v 0.7045410 0.0030000 0.0559725
f 544 553 554
f 544 554 545
v 0.7030410 0.0004019 0.0559725
f 546 555 553
f 546 553 544
v 0.7015410 -0.0000000 0.0559725
f 547 556 555
f 547 555 546
f 549 554 545
f 549 545 540
v 0.6903993 0.0070000 0.0624725
v 0.7011380 0.0035000 0.0686725
f 548 557 558
f 548 558 549
v 0.6891003 0.0100000 0.0617225
f 559 550 548
f 559 548 557
v 0.6825780 0.0230000 0.0579569
v 0.6825780 0.0209700 0.0579569
f 560 551 552
f 560 552 561
v 0.7007900 0.0015000 0.0684715
v 0.7011380 0.0030000 0.0686725
f 553 562 563
f 553 563 554
v 0.6998390 0.0004019 0.0679225
f 555 564 562
f 555 562 553
v 0.6985400 -0.0000000 0.0671725
f 556 565 564
f 556 564 555
f 558 563 554
f 558 554 549
f 557 458 461
f 557 461 558
f 463 559 557
f 463 557 458
f 465 560 561
f 465 561 466
f 562 468 471
f 562 471 563
f 564 472 468
f 564 468 562
f 565 474 472
f 565 472 564
f 461 471 563
f 461 563 558
f 515 479 464
f 515 464 524
f 488 506 515
f 488 515 479
f 497 488 506
f 465 533 524
f 465 524 464
f 542 560 465
f 542 465 533
f 551 542 560
f 474 538 529
f 474 529 475
f 547 565 474
f 547 474 538
f 556 547 565
f 520 484 475
f 520 475 529
f 493 511 520
f 493 520 484
f 502 493 511
f 498 415 409
f 498 409 489
f 421 507 498
f 421 498 415
f 516 427 421
f 516 421 507
f 433 525 516
f 433 516 427
f 534 439 433
f 534 433 525
f 445 543 534
f 445 534 439
f 552 451 445
f 552 445 543
f 457 561 552
f 457 552 451
f 466 396 457
f 466 457 561
f 397 467 466
f 397 466 396
f 480 403 397
f 480 397 467
f 409 489 480
f 409 480 403
f 398 478 462
f 398 462 386
f 487 404 398
f 487 398 478
f 410 496 487
f 410 487 404
f 505 416 410
f 505 410 496
f 422 514 505
f 422 505 416
f 523 428 422
f 523 422 514
f 434 532 523
f 434 523 428
f 541 440 434
f 541 434 532
f 446 550 541
f 446 541 440
f 559 452 446
f 559 446 550
f 389 463 559
f 389 559 452
f 462 386 389
f 462 389 463
v 0.6791410 0.0100000 0.6885955
v 0.6791410 0.0113100 0.6885955
v 0.6846835 0.0113100 0.6871104
v 0.6846835 0.0100000 0.6871104
f 566 567 568
f 566 568 569
v 0.6791410 0.0113100 0.6832655
v 0.6820185 0.0113100 0.6824945
f 570 571 568
f 570 568 567
v 0.6816649 0.0116029 0.6818821
v 0.6791410 0.0116029 0.6825584
f 572 573 570
f 572 570 571
v 0.6791410 0.0123100 0.6822655
v 0.6815185 0.0123100 0.6816285
f 574 575 572
f 574 572 573
v 0.6791410 0.0209700 0.6822655
f 383 576 574
f 383 574 575
v 0.6735985 0.0100000 0.6871104
v 0.6735985 0.0113100 0.6871104
f 577 578 567
f 577 567 566
v 0.6762635 0.0113100 0.6824945
f 579 570 567
f 579 567 578
v 0.6766171 0.0116029 0.6818821
f 573 580 579
f 573 579 570
v 0.6767635 0.0123100 0.6816285
f 581 574 573
f 581 573 580
v 0.6767635 0.0209700 0.6816285
f 576 582 581
f 576 581 574
v 0.6695411 0.0100000 0.6830530
v 0.6695411 0.0113100 0.6830530
f 583 584 578
f 583 578 577
v 0.6741570 0.0113100 0.6803880
f 585 579 578
f 585 578 584
v 0.6747694 0.0116029 0.6800344
f 580 586 585
f 580 585 579
v 0.6750230 0.0123100 0.6798880
f 587 581 580
f 587 580 586
v 0.6750230 0.0209700 0.6798880
f 582 588 587
f 582 587 581
v 0.6680560 0.0100000 0.6775105
v 0.6680560 0.0113100 0.6775105
f 589 590 584
f 589 584 583
v 0.6733860 0.0113100 0.6775105
f 591 585 584
f 591 584 590
v 0.6740931 0.0116029 0.6775105
f 586 592 591
f 586 591 585
v 0.6743860 0.0123100 0.6775105
f 593 587 586
f 593 586 592
v 0.6743860 0.0209700 0.6775105
f 588 594 593
f 588 593 587
v 0.6695411 0.0100000 0.6719680
v 0.6695411 0.0113100 0.6719680
f 595 596 590
f 595 590 589
v 0.6741570 0.0113100 0.6746330
f 597 591 590
f 597 590 596
v 0.6747694 0.0116029 0.6749866
f 592 598 597
f 592 597 591
v 0.6750230 0.0123100 0.6751330
f 599 593 592
f 599 592 598
v 0.6750230 0.0209700 0.6751330
f 594 600 599
f 594 599 593
v 0.6735985 0.0100000 0.6679106
v 0.6735985 0.0113100 0.6679106
f 601 602 596
f 601 596 595
v 0.6762635 0.0113100 0.6725265
f 603 597 596
f 603 596 602
v 0.6766171 0.0116029 0.6731389
f 598 604 603
f 598 603 597
v 0.6767635 0.0123100 0.6733925
f 605 599 598
f 605 598 604
v 0.6767635 0.0209700 0.6733925
f 600 606 605
f 600 605 599
v 0.6791410 0.0100000 0.6664255
v 0.6791410 0.0113100 0.6664255
f 607 608 602
f 607 602 601
v 0.6791410 0.0113100 0.6717555
f 609 603 602
f 609 602 608
v 0.6791410 0.0116029 0.6724626
f 604 610 609
f 604 609 603
v 0.6791410 0.0123100 0.6727555
f 611 605 604
f 611 604 610
v 0.6791410 0.0209700 0.6727555
f 606 612 611
f 606 611 605
v 0.6846835 0.0100000 0.6679106
v 0.6846835 0.0113100 0.6679106
f 613 614 608
f 613 608 607
v 0.6820185 0.0113100 0.6725265
f 615 609 608
f 615 608 614
v 0.6816649 0.0116029 0.6731389
f 610 616 615
f 610 615 609
v 0.6815185 0.0123100 0.6733925
f 617 611 610
f 617 610 616
v 0.6815185 0.0209700 0.6733925
f 612 618 617
f 612 617 611
v 0.6887409 0.0100000 0.6719680
v 0.6887409 0.0113100 0.6719680
f 619 620 614
f 619 614 613
v 0.6841250 0.0113100 0.6746330
f 621 615 614
f 621 614 620
v 0.6835126 0.0116029 0.6749866
f 616 622 621
f 616 621 615
v 0.6832590 0.0123100 0.6751330
f 623 617 616
f 623 616 622
v 0.6832590 0.0209700 0.6751330
f 618 624 623
f 618 623 617
v 0.6902260 0.0100000 0.6775105
v 0.6902260 0.0113100 0.6775105
f 625 626 620
f 625 620 619
v 0.6848960 0.0113100 0.6775105
f 627 621 620
f 627 620 626
v 0.6841889 0.0116029 0.6775105
f 622 628 627
f 622 627 621
v 0.6838960 0.0123100 0.6775105
f 629 623 622
f 629 622 628
v 0.6838960 0.0209700 0.6775105
f 624 630 629
f 624 629 623
v 0.6887409 0.0100000 0.6830530
v 0.6887409 0.0113100 0.6830530
f 631 632 626
f 631 626 625
v 0.6841250 0.0113100 0.6803880
f 633 627 626
f 633 626 632
v 0.6835126 0.0116029 0.6800344
f 628 634 633
f 628 633 627
v 0.6832590 0.0123100 0.6798880
f 635 629 628
f 635 628 634
f 630 384 635
f 630 635 629
f 569 568 632
f 569 632 631
f 571 633 632
f 571 632 568
f 634 572 571
f 634 571 633
f 575 635 634
f 575 634 572
f 384 383 575
f 384 575 635
v 0.6856410 0.0070000 0.6887688
v 0.6791410 0.0070000 0.6905105
v 0.6791410 0.0035000 0.7029105
v 0.6918410 0.0035000 0.6995075
f 636 637 638
f 636 638 639
v 0.6791410 0.0100000 0.6890105
v 0.6848910 0.0100000 0.6874698
f 640 641 636
f 640 636 637
v 0.6791410 0.0209700 0.6814792
f 367 374 382
f 367 382 642
v 0.6791410 0.0015000 0.7025086
v 0.6791410 0.0030000 0.7029105
f 362 643 644
f 362 644 363
v 0.6910910 0.0004019 0.6982085
v 0.6791410 0.0004019 0.7014105
f 645 646 643
f 645 643 362
v 0.6903410 0.0000000 0.6969095
v 0.6791410 0.0000000 0.6999105
f 647 648 646
f 647 646 645
f 638 644 363
f 638 363 639
v 0.6726410 0.0070000 0.6887688
v 0.6664410 0.0035000 0.6995075
f 637 649 650
f 637 650 638
v 0.6733910 0.0100000 0.6874698
f 651 640 637
f 651 637 649
v 0.6771566 0.0209700 0.6809475
f 366 367 642
f 366 642 652
v 0.6666420 0.0015000 0.6991595
v 0.6664410 0.0030000 0.6995075
f 643 653 654
f 643 654 644
v 0.6671910 0.0004019 0.6982085
f 646 655 653
f 646 653 643
v 0.6679410 0.0000000 0.6969095
f 648 656 655
f 648 655 646
f 650 654 644
f 650 644 638
v 0.6678827 0.0070000 0.6840105
v 0.6571440 0.0035000 0.6902105
f 649 657 658
f 649 658 650
v 0.6691817 0.0100000 0.6832605
f 659 651 649
f 659 649 657
v 0.6757040 0.0209700 0.6794949
f 370 366 652
f 370 652 660
v 0.6574920 0.0015000 0.6900095
v 0.6571440 0.0030000 0.6902105
f 653 661 662
f 653 662 654
v 0.6584430 0.0004019 0.6894605
f 655 663 661
f 655 661 653
f 656 380 663
f 656 663 655
f 658 662 654
f 658 654 650
v 0.6661410 0.0070000 0.6775105
v 0.6537410 0.0035000 0.6775105
f 657 664 665
f 657 665 658
v 0.6676410 0.0100000 0.6775105
f 666 659 657
f 666 657 664
v 0.6751723 0.0209700 0.6775105
f 369 370 660
f 369 660 667
v 0.6541429 0.0015000 0.6775105
v 0.6537410 0.0030000 0.6775105
f 661 668 669
f 661 669 662
v 0.6552410 0.0004019 0.6775105
f 663 670 668
f 663 668 661
f 380 379 670
f 380 670 663
f 665 669 662
f 665 662 658
v 0.6678827 0.0070000 0.6710105
v 0.6571440 0.0035000 0.6648105
f 664 671 672
f 664 672 665
v 0.6691817 0.0100000 0.6717605
f 673 666 664
f 673 664 671
v 0.6757040 0.0209700 0.6755261
f 371 369 667
f 371 667 674
v 0.6574920 0.0015000 0.6650115
v 0.6571440 0.0030000 0.6648105
f 668 675 676
f 668 676 669
v 0.6584430 0.0004019 0.6655605
f 670 677 675
f 670 675 668
f 379 381 677
f 379 677 670
f 672 676 669
f 672 669 665
v 0.6726410 0.0070000 0.6662522
v 0.6664410 0.0035000 0.6555135
f 671 678 679
f 671 679 672
v 0.6733910 0.0100000 0.6675512
f 680 673 671
f 680 671 678
v 0.6771566 0.0209700 0.6740735
f 365 371 674
f 365 674 681
v 0.6666420 0.0015000 0.6558615
v 0.6664410 0.0030000 0.6555135
f 675 682 683
f 675 683 676
v 0.6671910 0.0004019 0.6568125
f 677 684 682
f 677 682 675
v 0.6679410 0.0000000 0.6581115
f 381 685 684
f 381 684 677
f 679 683 676
f 679 676 672
v 0.6791410 0.0070000 0.6645105
v 0.6791410 0.0035000 0.6521105
f 678 686 687
f 678 687 679
v 0.6791410 0.0100000 0.6660105
f 688 680 678
f 688 678 686
v 0.6791410 0.0209700 0.6735417
f 368 365 681
f 368 681 689
v 0.6791410 0.0015000 0.6525124
v 0.6791410 0.0030000 0.6521105
f 682 690 691
f 682 691 683
v 0.6791410 0.0004019 0.6536105
f 684 692 690
f 684 690 682
v 0.6791410 0.0000000 0.6551105
f 685 693 692
f 685 692 684
f 687 691 683
f 687 683 679
v 0.6856410 0.0070000 0.6662522
v 0.6918410 0.0035000 0.6555135
f 686 694 695
f 686 695 687
v 0.6848910 0.0100000 0.6675512
f 696 688 686
f 696 686 694
v 0.6811254 0.0209700 0.6740735
f 375 368 689
f 375 689 697
v 0.6916400 0.0015000 0.6558615
v 0.6918410 0.0030000 0.6555135
f 690 698 699
f 690 699 691
v 0.6910910 0.0004019 0.6568125
f 692 700 698
f 692 698 690
v 0.6903410 0.0000000 0.6581115
f 693 701 700
f 693 700 692
f 695 699 691
f 695 691 687
v 0.6903993 0.0070000 0.6710105
v 0.7011380 0.0035000 0.6648105
f 694 702 703
f 694 703 695
v 0.6891003 0.0100000 0.6717605
f 704 696 694
f 704 694 702
v 0.6825780 0.0209700 0.6755261
f 372 375 697
f 372 697 705
v 0.7007900 0.0015000 0.6650115
v 0.7011380 0.0030000 0.6648105
f 698 706 707
f 698 707 699
v 0.6998390 0.0004019 0.6655605
f 700 708 706
f 700 706 698
f 701 377 708
f 701 708 700
f 703 707 699
f 703 699 695
v 0.6921410 0.0070000 0.6775105
v 0.7045410 0.0035000 0.6775105
f 702 709 710
f 702 710 703
v 0.6906410 0.0100000 0.6775105
f 711 704 702
f 711 702 709
v 0.6831098 0.0230000 0.6775105
v 0.6831098 0.0209700 0.6775105
f 712 372 705
f 712 705 713
v 0.7041391 0.0015000 0.6775105
v 0.7045410 0.0030000 0.6775105
f 706 714 715
f 706 715 707
v 0.7030410 0.0004019 0.6775105
f 708 716 714
f 708 714 706
f 377 376 716
f 377 716 708
f 710 715 707
f 710 707 703
v 0.6903993 0.0070000 0.6840105
v 0.7011380 0.0035000 0.6902105
f 709 717 718
f 709 718 710
v 0.6891003 0.0100000 0.6832605
f 719 711 709
f 719 709 717
f 373 712 713
f 373 713 385
f 714 361 364
f 714 364 715
v 0.6998390 0.0004019 0.6894605
f 716 720 361
f 716 361 714
f 376 378 720
f 376 720 716
f 718 364 715
f 718 715 710
f 717 636 639
f 717 639 718
f 641 719 717
f 641 717 636
f 374 373 385
f 374 385 382
f 720 645 362
f 720 362 361
f 378 647 645
f 378 645 720
f 639 363 364
f 639 364 718
f 370 371 365
f 370 365 366
f 374 375 368
f 374 368 367
f 712 372 373
f 647 701 693
f 647 693 648
f 377 378 647
f 377 647 701
f 685 656 648
f 685 648 693
f 380 381 685
f 380 685 656
f 667 594 588
f 667 588 660
f 600 674 667
f 600 667 594
f 612 689 681
f 612 681 606
f 681 606 600
f 681 600 674
f 697 618 612
f 697 612 689
f 624 705 697
f 624 697 618
f 713 630 624
f 713 624 705
f 384 385 713
f 384 713 630
f 576 642 382
f 576 382 383
f 588 660 652
f 588 652 582
f 652 582 576
f 652 576 642
f 577 651 640
f 577 640 566
f 659 583 577
f 659 577 651
f 589 666 659
f 589 659 583
f 601 680 673
f 601 673 595
f 673 595 589
f 673 589 666
f 688 607 601
f 688 601 680
f 704 619 613
f 704 613 696
f 613 696 688
f 613 688 607
f 625 711 704
f 625 704 619
f 719 631 625
f 719 625 711
f 569 641 719
f 569 719 631
f 640 566 569
f 640 569 641
o TABLE-BASE
usemtl TABLE-BASE
v -0.6605340 0.0149700 0.0369225
v -0.6605340 0.0149700 0.6965605
v -0.6610243 0.0131400 0.6965605
v -0.6610243 0.0131400 0.0369225
f 721 722 723
f 721 723 724
v -0.6623640 0.0118003 0.0369225
v -0.6623640 0.0118003 0.6965605
v -0.6641940 0.0113100 0.6965605
v -0.6641940 0.0113100 0.0369225
f 725 726 727
f 725 727 728
f 724 723 726
f 724 726 725
v -0.6631940 0.0149700 0.6965605
v -0.6631940 0.0149700 0.0369225
v -0.6633280 0.0144700 0.0369225
v -0.6633280 0.0144700 0.6965605
f 729 730 731
f 729 731 732
v -0.6636940 0.0141039 0.0369225
v -0.6636940 0.0141039 0.6965605
f 732 731 733
f 732 733 734
v -0.6641940 0.0139700 0.0369225
v -0.6641940 0.0139700 0.6965605
f 734 733 735
f 734 735 736
f 730 721 724
f 730 724 731
f 731 724 725
f 731 725 733
f 722 729 732
f 722 732 723
f 733 725 728
f 733 728 735
f 726 734 736
f 726 736 727
f 723 732 734
f 723 734 726
v -0.6605340 0.0240300 0.6965605
v -0.6605340 0.0240300 0.0369225
f 721 722 737
f 721 737 738
v -0.6631940 0.0240300 0.6965605
v -0.6631940 0.0240300 0.0369225
f 739 740 730
f 739 730 729
f 739 737 722
f 739 722 729
f 738 740 739
f 738 739 737
v -0.6947240 0.0113100 0.6965605
v -0.6947240 0.0139700 0.6965605
f 736 727 741
f 736 741 742
v -0.6947240 0.0113100 0.0369225
v -0.6947240 0.0139700 0.0369225
f 735 728 743
f 735 743 744
v -0.6983840 0.0149700 0.0369225
v -0.6983840 0.0149700 0.6965605
v -0.6978937 0.0131400 0.6965605
v -0.6978937 0.0131400 0.0369225
f 745 746 747
f 745 747 748
f 727 728 743
f 727 743 741
f 736 735 744
f 736 744 742
f 740 738 721
f 740 721 730
v -0.6965540 0.0118003 0.0369225
v -0.6965540 0.0118003 0.6965605
f 749 750 741
f 749 741 743
f 748 747 750
f 748 750 749
v -0.6955900 0.0144700 0.6965605
v -0.6955900 0.0144700 0.0369225
v -0.6952240 0.0141039 0.0369225
v -0.6952240 0.0141039 0.6965605
f 751 752 753
f 751 753 754
v -0.6957240 0.0149700 0.6965605
v -0.6957240 0.0149700 0.0369225
f 755 756 752
f 755 752 751
f 756 745 748
f 756 748 752
f 752 748 749
f 752 749 753
f 753 749 743
f 753 743 744
f 754 753 744
f 754 744 742
f 746 755 751
f 746 751 747
f 747 751 754
f 747 754 750
f 750 754 742
f 750 742 741
v -0.6983840 0.0240300 0.0369225
v -0.6983840 0.0240300 0.6965605
f 757 758 746
f 757 746 745
v -0.6957240 0.0240300 0.0369225
v -0.6957240 0.0240300 0.6965605
f 755 756 759
f 755 759 760
f 758 760 759
f 758 759 757
f 755 746 758
f 755 758 760
f 756 745 757
f 756 757 759
v -0.7084976 0.0282100 0.0124539
v -0.7084976 0.0240300 0.0124539
v -0.7062490 0.0240300 0.0115225
v -0.7062490 0.0282100 0.0115225
f 761 762 763
f 761 763 764
v -0.7094290 0.0282100 0.0147025
v -0.7094290 0.0240300 0.0147025
f 765 766 762
f 765 762 761
v -0.6494890 0.0240300 0.0147025
v -0.6494890 0.0282100 0.0147025
v -0.6504204 0.0282100 0.0124539
v -0.6504204 0.0240300 0.0124539
f 767 768 769
f 767 769 770
f 766 767 770
f 766 770 762
v -0.6526690 0.0282100 0.0115225
v -0.6526690 0.0240300 0.0115225
f 770 769 771
f 770 771 772
f 768 765 761
f 768 761 769
f 762 770 772
f 762 772 763
f 769 761 764
f 769 764 771
f 763 772 771
f 763 771 764
v -0.7084976 0.0282100 0.7210291
v -0.7084976 0.0240300 0.7210291
v -0.7062490 0.0240300 0.7219605
v -0.7062490 0.0282100 0.7219605
f 773 774 775
f 773 775 776
v -0.7094290 0.0282100 0.7187805
v -0.7094290 0.0240300 0.7187805
f 777 778 774
f 777 774 773
v -0.6494890 0.0240300 0.7187805
v -0.6504204 0.0240300 0.7210291
f 778 779 780
f 778 780 774
v -0.6526690 0.0240300 0.7219605
f 774 780 781
f 774 781 775
v -0.6494890 0.0282100 0.7187805
v -0.6504204 0.0282100 0.7210291
f 782 777 773
f 782 773 783
f 779 782 783
f 779 783 780
v -0.6526690 0.0282100 0.7219605
f 780 783 784
f 780 784 781
f 783 773 776
f 783 776 784
f 776 784 781
f 776 781 775
f 768 782 779
f 768 779 767
f 777 782 768
f 777 768 765
f 766 767 779
f 766 779 778
f 766 778 777
f 766 777 765
v -0.7069590 0.6411300 0.2280015
v -0.7069590 0.6297100 0.2280015
v -0.7062268 0.6297100 0.2262337
v -0.7062268 0.6411300 0.2262337
f 785 786 787
f 785 787 788
v -0.7044590 0.6297100 0.2255015
v -0.7044590 0.6411300 0.2255015
f 788 787 789
f 788 789 790
v -0.7054590 0.6411300 0.2280015
v -0.7051661 0.6411300 0.2272944
f 785 791 792
f 785 792 788
v -0.7044590 0.6411300 0.2270015
f 788 792 793
f 788 793 790
v -0.7054590 0.6297100 0.2280015
v -0.7051661 0.6297100 0.2272944
f 791 794 795
f 791 795 792
v -0.7044590 0.6297100 0.2270015
f 792 795 796
f 792 796 793
f 794 786 787
f 794 787 795
v -0.6544590 0.6411300 0.2255015
v -0.6544590 0.6411300 0.2270015
f 797 790 793
f 797 793 798
f 795 787 789
f 795 789 796
v -0.6544590 0.6297100 0.2255015
f 789 790 797
f 789 797 799
v -0.6544590 0.6297100 0.2270015
f 796 789 799
f 796 799 800
f 800 798 793
f 800 793 796
v -0.7069590 0.6297100 0.3080015
v -0.7069590 0.6411300 0.3080015
f 786 801 802
f 786 802 785
v -0.7054590 0.6297100 0.3080015
f 794 803 801
f 794 801 786
v -0.7054590 0.6411300 0.3080015
f 791 804 803
f 791 803 794
f 791 785 802
f 791 802 804
v -0.7062268 0.6297100 0.3097693
v -0.7062268 0.6411300 0.3097693
f 802 801 805
f 802 805 806
v -0.7051661 0.6411300 0.3087086
v -0.7044590 0.6411300 0.3090015
v -0.7044590 0.6411300 0.3105015
f 806 807 808
f 806 808 809
v -0.7044590 0.6297100 0.3105015
f 806 805 810
f 806 810 809
f 802 804 807
f 802 807 806
v -0.7051661 0.6297100 0.3087086
v -0.7044590 0.6297100 0.3090015
f 807 811 812
f 807 812 808
f 804 803 811
f 804 811 807
f 811 805 810
f 811 810 812
f 803 801 805
f 803 805 811
v -0.6544590 0.6297100 0.3090015
v -0.6544590 0.6297100 0.3105015
f 813 814 810
f 813 810 812
v -0.6544590 0.6411300 0.3105015
f 814 815 809
f 814 809 810
v -0.6544590 0.6411300 0.3090015
f 816 808 809
f 816 809 815
f 812 808 816
f 812 816 813
v -0.6519590 0.6411300 0.2280015
v -0.6519590 0.6297100 0.2280015
v -0.6526912 0.6297100 0.2262337
v -0.6526912 0.6411300 0.2262337
f 817 818 819
f 817 819 820
f 820 819 799
f 820 799 797
v -0.6537519 0.6411300 0.2272944
f 820 821 798
f 820 798 797
v -0.6534590 0.6411300 0.2280015
f 817 822 821
f 817 821 820
v -0.6537519 0.6297100 0.2272944
f 821 823 800
f 821 800 798
v -0.6534590 0.6297100 0.2280015
f 822 824 823
f 822 823 821
f 824 818 819
f 824 819 823
v -0.6519590 0.6411300 0.3080015
v -0.6519590 0.6297100 0.3080015
f 817 825 826
f 817 826 818
f 823 819 799
f 823 799 800
v -0.6534590 0.6411300 0.3080015
f 827 825 817
f 827 817 822
v -0.6534590 0.6297100 0.3080015
f 824 828 827
f 824 827 822
v -0.6526912 0.6411300 0.3097693
v -0.6526912 0.6297100 0.3097693
f 829 830 814
f 829 814 815
f 818 826 828
f 818 828 824
f 825 826 830
f 825 830 829
v -0.6537519 0.6411300 0.3087086
f 825 827 831
f 825 831 829
v -0.6537519 0.6297100 0.3087086
f 827 828 832
f 827 832 831
f 829 831 816
f 829 816 815
f 831 832 813
f 831 813 816
f 832 830 814
f 832 814 813
f 828 826 830
f 828 830 832
v -0.7049301 0.0379725 0.3063304
v -0.7049301 0.0332100 0.3063304
v -0.7070978 0.0332100 0.3030862
v -0.7070978 0.0379725 0.3030862
f 833 834 835
f 833 835 836
v -0.7078590 0.0332100 0.2992594
v -0.7078590 0.0379725 0.2992594
f 836 835 837
f 836 837 838
v -0.7027879 0.0379725 0.3084726
v -0.7027879 0.0332100 0.3084726
v -0.6995437 0.0332100 0.3106403
v -0.6995437 0.0379725 0.3106403
f 839 840 841
f 839 841 842
v -0.6957169 0.0332100 0.3114015
v -0.6957169 0.0379725 0.3114015
f 842 841 843
f 842 843 844
f 833 834 840
f 833 840 839
v -0.6632011 0.0332100 0.3114015
v -0.6632011 0.0379725 0.3114015
f 844 843 845
f 844 845 846
v -0.7049301 0.0379725 0.2296726
v -0.7049301 0.0332100 0.2296726
v -0.7070978 0.0332100 0.2329168
v -0.7070978 0.0379725 0.2329168
f 847 848 849
f 847 849 850
v -0.7078590 0.0332100 0.2367436
v -0.7078590 0.0379725 0.2367436
f 850 849 851
f 850 851 852
v -0.7027879 0.0379725 0.2275304
v -0.7027879 0.0332100 0.2275304
v -0.6995437 0.0332100 0.2253627
v -0.6995437 0.0379725 0.2253627
f 853 854 855
f 853 855 856
v -0.6957169 0.0332100 0.2246015
v -0.6957169 0.0379725 0.2246015
f 856 855 857
f 856 857 858
f 853 854 848
f 853 848 847
v -0.6632011 0.0379725 0.2246015
v -0.6632011 0.0332100 0.2246015
f 859 860 857
f 859 857 858
v -0.6539879 0.0379725 0.3063304
v -0.6539879 0.0332100 0.3063304
v -0.6518202 0.0332100 0.3030862
v -0.6518202 0.0379725 0.3030862
f 861 862 863
f 861 863 864
v -0.6510590 0.0332100 0.2992594
v -0.6510590 0.0379725 0.2992594
f 864 863 865
f 864 865 866
v -0.6561301 0.0379725 0.3084726
v -0.6561301 0.0332100 0.3084726
v -0.6593743 0.0332100 0.3106403
v -0.6593743 0.0379725 0.3106403
f 867 868 869
f 867 869 870
f 870 869 845
f 870 845 846
f 867 868 862
f 867 862 861
v -0.6539879 0.0379725 0.2296726
v -0.6539879 0.0332100 0.2296726
v -0.6518202 0.0332100 0.2329168
v -0.6518202 0.0379725 0.2329168
f 871 872 873
f 871 873 874
v -0.6510590 0.0332100 0.2367436
v -0.6510590 0.0379725 0.2367436
f 874 873 875
f 874 875 876
v -0.6561301 0.0379725 0.2275304
v -0.6561301 0.0332100 0.2275304
v -0.6593743 0.0332100 0.2253627
v -0.6593743 0.0379725 0.2253627
f 877 878 879
f 877 879 880
f 880 879 860
f 880 860 859
f 871 872 878
f 871 878 877
f 852 851 837
f 852 837 838
f 876 875 865
f 876 865 866
f 876 866 864
f 876 864 874
f 864 874 871
f 864 871 861
f 871 861 867
f 871 867 877
f 867 877 880
f 867 880 870
f 880 870 846
f 880 846 859
f 846 859 858
f 846 858 844
f 858 844 842
f 858 842 856
f 842 856 853
f 842 853 839
f 853 839 833
f 853 833 847
f 833 847 850
f 833 850 836
f 850 836 838
f 850 838 852
f 873 863 865
f 873 865 875
f 862 872 873
f 862 873 863
f 878 868 862
f 878 862 872
f 869 879 878
f 869 878 868
f 860 845 869
f 860 869 879
f 843 857 860
f 843 860 845
f 855 841 843
f 855 843 857
f 840 854 855
f 840 855 841
f 848 834 840
f 848 840 854
f 835 849 848
f 835 848 834
f 851 837 835
f 851 835 849
v -0.7069590 0.6297100 0.3115015
v -0.7069590 0.6297100 0.3130015
v -0.7087268 0.6297100 0.3122693
v -0.7076661 0.6297100 0.3112086
f 881 882 883
f 881 883 884
v -0.7094590 0.6297100 0.3105015
v -0.7079590 0.6297100 0.3105015
f 884 883 885
f 884 885 886
v -0.7069590 0.0282100 0.3130015
v -0.7087268 0.0282100 0.3122693
f 882 887 888
f 882 888 883
v -0.7094590 0.0282100 0.3105015
f 883 888 889
f 883 889 885
v -0.7069590 0.0282100 0.3115015
v -0.7076661 0.0282100 0.3112086
f 887 890 891
f 887 891 888
v -0.7079590 0.0282100 0.3105015
f 888 891 892
f 888 892 889
f 890 881 884
f 890 884 891
f 891 884 886
f 891 886 892
v -0.6519590 0.6297100 0.3130015
v -0.6519590 0.6297100 0.3115015
f 882 893 894
f 882 894 881
v -0.6519590 0.0282100 0.3115015
v -0.6519590 0.0282100 0.3130015
f 895 896 887
f 895 887 890
f 896 893 882
f 896 882 887
f 890 881 894
f 890 894 895
v -0.7094590 0.0282100 0.2255015
v -0.7094590 0.6297100 0.2255015
f 897 889 885
f 897 885 898
v -0.7079590 0.6297100 0.2255015
v -0.7079590 0.0282100 0.2255015
f 899 886 892
f 899 892 900
f 899 898 885
f 899 885 886
f 900 892 889
f 900 889 897
v -0.7076661 0.6297100 0.2247944
v -0.7087268 0.6297100 0.2237337
v -0.7069590 0.6297100 0.2230015
v -0.7069590 0.6297100 0.2245015
f 901 902 903
f 901 903 904
f 899 898 902
f 899 902 901
v -0.7087268 0.0282100 0.2237337
v -0.7069590 0.0282100 0.2230015
f 902 905 906
f 902 906 903
f 898 897 905
f 898 905 902
v -0.7076661 0.0282100 0.2247944
v -0.7069590 0.0282100 0.2245015
f 905 907 908
f 905 908 906
f 897 900 907
f 897 907 905
f 907 901 904
f 907 904 908
f 900 899 901
f 900 901 907
v -0.6519590 0.6297100 0.2245015
v -0.6519590 0.6297100 0.2230015
f 904 909 910
f 904 910 903
v -0.6519590 0.0282100 0.2230015
v -0.6519590 0.0282100 0.2245015
f 908 906 911
f 908 911 912
f 906 903 910
f 906 910 911
f 912 909 904
f 912 904 908
v -0.6512519 0.6297100 0.3112086
v -0.6501912 0.6297100 0.3122693
f 913 914 893
f 913 893 894
v -0.6509590 0.6297100 0.3105015
v -0.6494590 0.6297100 0.3105015
f 915 916 914
f 915 914 913
v -0.6501912 0.0282100 0.3122693
f 914 917 896
f 914 896 893
v -0.6494590 0.0282100 0.3105015
f 916 918 917
f 916 917 914
v -0.6512519 0.0282100 0.3112086
f 917 919 895
f 917 895 896
v -0.6509590 0.0282100 0.3105015
f 918 920 919
f 918 919 917
f 919 913 894
f 919 894 895
f 920 915 913
f 920 913 919
v -0.6494590 0.6297100 0.2255015
v -0.6494590 0.0282100 0.2255015
f 921 916 918
f 921 918 922
v -0.6509590 0.0282100 0.2255015
v -0.6509590 0.6297100 0.2255015
f 923 920 915
f 923 915 924
f 915 916 921
f 915 921 924
f 922 918 920
f 922 920 923
v -0.6501912 0.6297100 0.2237337
v -0.6512519 0.6297100 0.2247944
f 909 910 925
f 909 925 926
f 926 925 921
f 926 921 924
v -0.6501912 0.0282100 0.2237337
f 910 911 927
f 910 927 925
f 925 927 922
f 925 922 921
v -0.6512519 0.0282100 0.2247944
f 911 912 928
f 911 928 927
f 927 928 923
f 927 923 922
f 912 909 926
f 912 926 928
f 928 926 924
f 928 924 923
v -0.7224590 0.6291800 0.2010500
v -0.7197990 0.6291800 0.2010500
v -0.7197990 0.6291800 0.3349530
v -0.7224590 0.6291800 0.3349530
f 929 930 931
f 929 931 932
v -0.7224590 0.6292787 0.3360370
v -0.7197990 0.6292787 0.3360370
v -0.7197990 0.6743769 0.6577356
v -0.7224590 0.6743769 0.6577356
f 933 934 935
f 933 935 936
v -0.7224590 0.6802782 0.6626515
v -0.7197990 0.6802782 0.6626515
v -0.7197990 0.6775981 0.6620197
v -0.7224590 0.6775981 0.6620197
f 937 938 939
f 937 939 940
v -0.7197990 0.6754825 0.6602573
v -0.7224590 0.6754825 0.6602573
f 940 939 941
f 940 941 942
f 942 941 935
f 942 935 936
v -0.7197990 0.6916200 0.6626515
v -0.7224590 0.6916200 0.6626515
f 937 938 943
f 937 943 944
v -0.7187990 0.6952800 0.6626515
v -0.7187990 0.6926200 0.6626515
v -0.6994590 0.6926200 0.6626515
v -0.6994590 0.6952800 0.6626515
f 945 946 947
f 945 947 948
v -0.7206290 0.6947896 0.6626515
v -0.7192990 0.6924860 0.6626515
f 946 945 949
f 946 949 950
v -0.7219687 0.6934500 0.6626515
v -0.7196650 0.6921200 0.6626515
f 950 949 951
f 950 951 952
f 952 951 944
f 952 944 943
v -0.7187990 0.6952800 0.3194115
v -0.7206290 0.6947896 0.3194115
f 945 953 954
f 945 954 949
v -0.7219687 0.6934500 0.3194115
f 949 954 955
f 949 955 951
v -0.7224590 0.6916200 0.3194115
f 951 955 956
f 951 956 944
v -0.7187990 0.6926200 0.3194115
v -0.7192990 0.6924860 0.3194115
f 957 953 954
f 957 954 958
v -0.7196650 0.6921200 0.3194115
f 958 954 955
f 958 955 959
v -0.7197990 0.6916200 0.3194115
f 959 955 956
f 959 956 960
f 957 946 950
f 957 950 958
f 958 950 952
f 958 952 959
f 959 952 943
f 959 943 960
v -0.7187990 0.6926200 0.2165915
v -0.7187990 0.6952800 0.2165915
v -0.7206290 0.6947896 0.2165915
v -0.7192990 0.6924860 0.2165915
f 961 962 963
f 961 963 964
v -0.7219687 0.6934500 0.2165915
v -0.7196650 0.6921200 0.2165915
f 964 963 965
f 964 965 966
v -0.7224590 0.6916200 0.2165915
v -0.7197990 0.6916200 0.2165915
f 966 965 967
f 966 967 968
v -0.7187990 0.6952800 0.0712124
v -0.7206290 0.6947896 0.0712124
f 962 969 970
f 962 970 963
v -0.7219687 0.6934500 0.0712124
f 963 970 971
f 963 971 965
v -0.7224590 0.6916200 0.0712124
f 965 971 972
f 965 972 967
v -0.7187990 0.6926200 0.0712124
v -0.7192990 0.6924860 0.0712124
f 973 961 964
f 973 964 974
v -0.7196650 0.6921200 0.0712124
f 974 964 966
f 974 966 975
v -0.7197990 0.6916200 0.0712124
f 975 966 968
f 975 968 976
f 968 967 956
f 968 956 960
v -0.7167990 0.6952800 0.2165915
v -0.7167990 0.6926200 0.2165915
v -0.7167990 0.6924860 0.2170915
v -0.7167990 0.6947896 0.2184215
f 977 978 979
f 977 979 980
v -0.7167990 0.6921200 0.2174575
v -0.7167990 0.6934500 0.2197612
f 980 979 981
f 980 981 982
v -0.7167990 0.6916200 0.2175915
v -0.7167990 0.6916200 0.2202515
f 982 981 983
f 982 983 984
v -0.6494590 0.6926200 0.2165915
v -0.6494590 0.6924860 0.2170915
f 978 985 986
f 978 986 979
v -0.6494590 0.6921200 0.2174575
f 979 986 987
f 979 987 981
v -0.6494590 0.6916200 0.2175915
f 981 987 988
f 981 988 983
v -0.6494590 0.6952800 0.2165915
v -0.6494590 0.6947896 0.2184215
f 985 989 990
f 985 990 986
v -0.6494590 0.6934500 0.2197612
f 986 990 991
f 986 991 987
v -0.6494590 0.6916200 0.2202515
f 987 991 992
f 987 992 988
f 989 977 980
f 989 980 990
f 990 980 982
f 990 982 991
f 991 982 984
f 991 984 992
v -0.6954590 0.6926200 0.1470315
v -0.6494590 0.6926200 0.1490315
f 993 961 985
f 993 985 994
v -0.6500448 0.6926200 0.1476173
v -0.6514590 0.6926200 0.1470315
f 993 994 995
f 993 995 996
v -0.6954590 0.6952800 0.1470315
v -0.6494590 0.6952800 0.1490315
f 997 962 989
f 997 989 998
v -0.6500448 0.6952800 0.1476173
v -0.6514590 0.6952800 0.1470315
f 997 998 999
f 997 999 1000
f 962 961 978
f 962 978 977
f 993 997 1000
f 993 1000 996
f 996 1000 999
f 996 999 995
f 999 995 994
f 999 994 998
f 994 998 989
f 994 989 985
v -0.7147990 0.6477800 0.2202515
v -0.6514590 0.6477800 0.2202515
v -0.6500448 0.6483658 0.2202515
v -0.7162132 0.6483658 0.2202515
f 1001 1002 1003
f 1001 1003 1004
v -0.7167990 0.6497800 0.2202515
v -0.6494590 0.6497800 0.2202515
f 1003 1004 1005
f 1003 1005 1006
f 1005 1006 992
f 1005 992 984
v -0.7147990 0.6477800 0.2175915
v -0.6514590 0.6477800 0.2175915
v -0.6500448 0.6483658 0.2175915
v -0.7162132 0.6483658 0.2175915
f 1007 1008 1009
f 1007 1009 1010
v -0.7167990 0.6497800 0.2175915
v -0.6494590 0.6497800 0.2175915
f 1009 1010 1011
f 1009 1011 1012
f 1011 1012 988
f 1011 988 983
f 988 992 1006
f 988 1006 1012
f 1006 1012 1009
f 1006 1009 1003
f 1009 1003 1002
f 1009 1002 1008
f 1002 1008 1007
f 1002 1007 1001
f 1007 1001 1004
f 1007 1004 1010
f 1004 1010 1011
f 1004 1011 1005
v -0.7197990 0.6802782 0.0712124
f 976 943 938
f 976 938 1013
v -0.7197990 0.6775981 0.0718442
f 938 1013 1014
f 938 1014 939
v -0.7197990 0.6754825 0.0736066
f 1014 939 941
f 1014 941 1015
v -0.7197990 0.6743769 0.0761284
f 941 1015 1016
f 941 1016 935
v -0.7197990 0.6292787 0.1999660
f 1016 1017 934
f 1016 934 935
v -0.7167990 0.6926200 0.3194115
v -0.7167990 0.6952800 0.3194115
v -0.7167990 0.6947896 0.3175815
v -0.7167990 0.6924860 0.3189115
f 1018 1019 1020
f 1018 1020 1021
v -0.7167990 0.6934500 0.3162418
v -0.7167990 0.6921200 0.3185455
f 1021 1020 1022
f 1021 1022 1023
v -0.7167990 0.6916200 0.3157515
v -0.7167990 0.6916200 0.3184115
f 1023 1022 1024
f 1023 1024 1025
v -0.6494590 0.6952800 0.3194115
v -0.6494590 0.6947896 0.3175815
f 1019 1026 1027
f 1019 1027 1020
v -0.6494590 0.6934500 0.3162418
f 1020 1027 1028
f 1020 1028 1022
v -0.6494590 0.6916200 0.3157515
f 1022 1028 1029
f 1022 1029 1024
v -0.6494590 0.6926200 0.3194115
v -0.6494590 0.6924860 0.3189115
f 1026 1030 1031
f 1026 1031 1027
v -0.6494590 0.6921200 0.3185455
f 1027 1031 1032
f 1027 1032 1028
v -0.6494590 0.6916200 0.3184115
f 1028 1032 1033
f 1028 1033 1029
f 1030 1018 1021
f 1030 1021 1031
f 1031 1021 1023
f 1031 1023 1032
f 1032 1023 1025
f 1032 1025 1033
v -0.7167990 0.6497800 0.3157515
v -0.6494590 0.6497800 0.3157515
v -0.6500448 0.6483658 0.3157515
v -0.7162132 0.6483658 0.3157515
f 1034 1035 1036
f 1034 1036 1037
v -0.6514590 0.6477800 0.3157515
v -0.7147990 0.6477800 0.3157515
f 1037 1036 1038
f 1037 1038 1039
f 1035 1029 1024
f 1035 1024 1034
v -0.7167990 0.6497800 0.3184115
v -0.6494590 0.6497800 0.3184115
v -0.6500448 0.6483658 0.3184115
v -0.7162132 0.6483658 0.3184115
f 1040 1041 1042
f 1040 1042 1043
v -0.6514590 0.6477800 0.3184115
v -0.7147990 0.6477800 0.3184115
f 1043 1042 1044
f 1043 1044 1045
f 1041 1033 1025
f 1041 1025 1040
f 1025 1024 1034
f 1025 1034 1040
f 1034 1040 1043
f 1034 1043 1037
f 1043 1037 1039
f 1043 1039 1045
f 1039 1045 1044
f 1039 1044 1038
f 1044 1038 1036
f 1044 1036 1042
f 1036 1042 1041
f 1036 1041 1035
f 1041 1035 1029
f 1041 1029 1033
f 1019 1018 957
f 1019 957 953
v -0.6954590 0.6952800 0.3889715
v -0.6514590 0.6952800 0.3889715
f 1026 953 1046
f 1026 1046 1047
v -0.6500448 0.6952800 0.3883857
v -0.6494590 0.6952800 0.3869715
f 1026 1047 1048
f 1026 1048 1049
v -0.6968732 0.6952800 0.3895573
f 1046 953 1050
v -0.6974590 0.6952800 0.3909715
f 1050 953 1051
v -0.6974590 0.6952800 0.6606515
f 1051 953 945
f 1051 945 1052
v -0.6980448 0.6952800 0.6620657
f 1052 945 948
f 1052 948 1053
v -0.6954590 0.6926200 0.3889715
v -0.6514590 0.6926200 0.3889715
f 1030 957 1054
f 1030 1054 1055
v -0.6500448 0.6926200 0.3883857
v -0.6494590 0.6926200 0.3869715
f 1030 1055 1056
f 1030 1056 1057
v -0.6968732 0.6926200 0.3895573
f 1054 957 1058
v -0.6974590 0.6926200 0.3909715
f 1058 957 1059
v -0.6974590 0.6926200 0.6606515
f 1059 957 946
f 1059 946 1060
v -0.6980448 0.6926200 0.6620657
f 1060 946 947
f 1060 947 1061
f 948 947 1061
f 948 1061 1053
f 1061 1053 1052
f 1061 1052 1060
f 1052 1060 1059
f 1052 1059 1051
f 1051 1059 1058
f 1051 1058 1050
f 1058 1050 1046
f 1058 1046 1054
f 1046 1054 1055
f 1046 1055 1047
f 1055 1047 1048
f 1055 1048 1056
f 1048 1056 1057
f 1048 1057 1049
f 1057 1049 1026
f 1057 1026 1030
v -0.7189590 0.6475300 0.2237015
v -0.4039590 0.6475300 0.2237015
v -0.4039590 0.6475300 0.3123015
v -0.7189590 0.6475300 0.3123015
f 1062 1063 1064
f 1062 1064 1065
v -0.7189590 0.6494300 0.3123015
v -0.4039590 0.6494300 0.3123015
v -0.4039590 0.6494300 0.2237015
v -0.7189590 0.6494300 0.2237015
f 1066 1067 1068
f 1066 1068 1069
f 1068 1067 1064
f 1068 1064 1063
f 1062 1065 1066
f 1062 1066 1069
v -0.7189590 0.6924300 0.3152015
v -0.7189590 0.6504300 0.3152015
v -0.4039590 0.6504300 0.3152015
v -0.4039590 0.6924300 0.3152015
f 1070 1071 1072
f 1070 1072 1073
v -0.4039590 0.6504300 0.3133015
v -0.7189590 0.6504300 0.3133015
v -0.7189590 0.6924300 0.3133015
v -0.4039590 0.6924300 0.3133015
f 1074 1075 1076
f 1074 1076 1077
f 1075 1071 1070
f 1075 1070 1076
f 1077 1073 1072
f 1077 1072 1074
v -0.7189590 0.6934300 0.2950015
v -0.4039590 0.6934300 0.2950015
v -0.4039590 0.6934300 0.3123015
v -0.7189590 0.6934300 0.3123015
f 1078 1079 1080
f 1078 1080 1081
v -0.7189590 0.6953300 0.3123015
v -0.4039590 0.6953300 0.3123015
v -0.4039590 0.6953300 0.2950015
v -0.7189590 0.6953300 0.2950015
f 1082 1083 1084
f 1082 1084 1085
f 1085 1084 1079
f 1085 1079 1078
f 1084 1083 1080
f 1084 1080 1079
f 1078 1081 1082
f 1078 1082 1085
v -0.7189590 0.6949414 0.3137515
v -0.7189590 0.6932960 0.3128015
f 1081 1082 1086
f 1081 1086 1087
v -0.7189590 0.6938800 0.3148130
v -0.7189590 0.6929300 0.3131675
f 1087 1086 1088
f 1087 1088 1089
f 1089 1088 1070
f 1089 1070 1076
v -0.4039590 0.6932960 0.3128015
f 1081 1080 1090
f 1081 1090 1087
v -0.4039590 0.6929300 0.3131675
f 1087 1090 1091
f 1087 1091 1089
f 1089 1091 1077
f 1089 1077 1076
v -0.4039590 0.6949414 0.3137515
f 1080 1083 1092
f 1080 1092 1090
v -0.4039590 0.6938800 0.3148130
f 1090 1092 1093
f 1090 1093 1091
f 1091 1093 1073
f 1091 1073 1077
f 1083 1082 1086
f 1083 1086 1092
f 1092 1086 1088
f 1092 1088 1093
f 1093 1088 1070
f 1093 1070 1073
v -0.7185571 0.6934300 0.2935015
v -0.7185571 0.6953300 0.2935015
f 1085 1078 1094
f 1085 1094 1095
v -0.7174590 0.6934300 0.2924034
v -0.7174590 0.6953300 0.2924034
f 1095 1094 1096
f 1095 1096 1097
v -0.7159590 0.6934300 0.2920015
v -0.7159590 0.6953300 0.2920015
f 1097 1096 1098
f 1097 1098 1099
v -0.4043609 0.6953300 0.2935015
f 1085 1084 1100
f 1085 1100 1095
v -0.4054590 0.6953300 0.2924034
f 1095 1100 1101
f 1095 1101 1097
v -0.4069590 0.6953300 0.2920015
f 1097 1101 1102
f 1097 1102 1099
v -0.4043609 0.6934300 0.2935015
f 1084 1079 1103
f 1084 1103 1100
v -0.4054590 0.6934300 0.2924034
f 1100 1103 1104
f 1100 1104 1101
v -0.4069590 0.6934300 0.2920015
f 1101 1104 1105
f 1101 1105 1102
f 1079 1078 1094
f 1079 1094 1103
f 1103 1094 1096
f 1103 1096 1104
f 1104 1096 1098
f 1104 1098 1105
f 1099 1098 1105
f 1099 1105 1102
v -0.7189590 0.6479185 0.3137515
v -0.7189590 0.6495639 0.3128015
f 1066 1065 1106
f 1066 1106 1107
v -0.7189590 0.6489800 0.3148130
v -0.7189590 0.6499300 0.3131675
f 1107 1106 1108
f 1107 1108 1109
f 1109 1108 1071
f 1109 1071 1075
v -0.4039590 0.6495639 0.3128015
f 1066 1067 1110
f 1066 1110 1107
v -0.4039590 0.6499300 0.3131675
f 1107 1110 1111
f 1107 1111 1109
f 1109 1111 1074
f 1109 1074 1075
v -0.4039590 0.6479185 0.3137515
f 1067 1064 1112
f 1067 1112 1110
v -0.4039590 0.6489800 0.3148130
f 1110 1112 1113
f 1110 1113 1111
f 1111 1113 1072
f 1111 1072 1074
f 1064 1065 1106
f 1064 1106 1112
f 1112 1106 1108
f 1112 1108 1113
f 1113 1108 1071
f 1113 1071 1072
v -0.4039590 0.6924300 0.2208015
v -0.4039590 0.6504300 0.2208015
v -0.7189590 0.6504300 0.2208015
v -0.7189590 0.6924300 0.2208015
f 1114 1115 1116
f 1114 1116 1117
v -0.4039590 0.6924300 0.2227015
v -0.7189590 0.6924300 0.2227015
v -0.7189590 0.6504300 0.2227015
v -0.4039590 0.6504300 0.2227015
f 1118 1119 1120
f 1118 1120 1121
f 1119 1117 1116
f 1119 1116 1120
f 1121 1115 1114
f 1121 1114 1118
v -0.7189590 0.6934300 0.2237015
v -0.4039590 0.6934300 0.2237015
v -0.4039590 0.6934300 0.2410015
v -0.7189590 0.6934300 0.2410015
f 1122 1123 1124
f 1122 1124 1125
v -0.7189590 0.6953300 0.2410015
v -0.4039590 0.6953300 0.2410015
v -0.4039590 0.6953300 0.2237015
v -0.7189590 0.6953300 0.2237015
f 1126 1127 1128
f 1126 1128 1129
f 1125 1124 1127
f 1125 1127 1126
f 1124 1123 1128
f 1124 1128 1127
f 1126 1129 1122
f 1126 1122 1125
v -0.7189590 0.6949414 0.2222515
v -0.7189590 0.6932960 0.2232015
f 1122 1129 1130
f 1122 1130 1131
v -0.7189590 0.6938800 0.2211900
v -0.7189590 0.6929300 0.2228355
f 1131 1130 1132
f 1131 1132 1133
f 1133 1132 1117
f 1133 1117 1119
v -0.4039590 0.6932960 0.2232015
f 1122 1123 1134
f 1122 1134 1131
v -0.4039590 0.6929300 0.2228355
f 1131 1134 1135
f 1131 1135 1133
f 1133 1135 1118
f 1133 1118 1119
v -0.4039590 0.6949414 0.2222515
f 1123 1128 1136
f 1123 1136 1134
v -0.4039590 0.6938800 0.2211900
f 1134 1136 1137
f 1134 1137 1135
f 1135 1137 1114
f 1135 1114 1118
f 1128 1129 1130
f 1128 1130 1136
f 1136 1130 1132
f 1136 1132 1137
f 1137 1132 1117
f 1137 1117 1114
v -0.7185571 0.6934300 0.2425015
v -0.7185571 0.6953300 0.2425015
f 1126 1125 1138
f 1126 1138 1139
v -0.7174590 0.6934300 0.2435996
v -0.7174590 0.6953300 0.2435996
f 1139 1138 1140
f 1139 1140 1141
v -0.7159590 0.6934300 0.2440015
v -0.7159590 0.6953300 0.2440015
f 1141 1140 1142
f 1141 1142 1143
v -0.4043609 0.6953300 0.2425015
f 1126 1127 1144
f 1126 1144 1139
v -0.4054590 0.6953300 0.2435996
f 1139 1144 1145
f 1139 1145 1141
v -0.4069590 0.6953300 0.2440015
f 1141 1145 1146
f 1141 1146 1143
v -0.4043609 0.6934300 0.2425015
f 1127 1124 1147
f 1127 1147 1144
v -0.4054590 0.6934300 0.2435996
f 1144 1147 1148
f 1144 1148 1145
v -0.4069590 0.6934300 0.2440015
f 1145 1148 1149
f 1145 1149 1146
f 1124 1125 1138
f 1124 1138 1147
f 1147 1138 1140
f 1147 1140 1148
f 1148 1140 1142
f 1148 1142 1149
f 1146 1149 1142
f 1146 1142 1143
v -0.7189590 0.6479185 0.2222515
v -0.7189590 0.6495639 0.2232015
f 1069 1062 1150
f 1069 1150 1151
v -0.7189590 0.6489800 0.2211900
v -0.7189590 0.6499300 0.2228355
f 1151 1150 1152
f 1151 1152 1153
f 1153 1152 1116
f 1153 1116 1120
v -0.4039590 0.6495639 0.2232015
f 1069 1068 1154
f 1069 1154 1151
v -0.4039590 0.6499300 0.2228355
f 1151 1154 1155
f 1151 1155 1153
f 1153 1155 1121
f 1153 1121 1120
v -0.4039590 0.6479185 0.2222515
f 1068 1063 1156
f 1068 1156 1154
v -0.4039590 0.6489800 0.2211900
f 1154 1156 1157
f 1154 1157 1155
f 1155 1157 1115
f 1155 1115 1121
f 1063 1062 1150
f 1063 1150 1156
f 1156 1150 1152
f 1156 1152 1157
f 1157 1152 1116
f 1157 1116 1115
v -0.7094590 0.6913300 0.3088215
v -0.7094590 0.6913300 0.3130015
v -0.7091661 0.6920371 0.3130015
v -0.7091661 0.6920371 0.3088215
f 1158 1159 1160
f 1158 1160 1161
v -0.7084590 0.6923300 0.3088215
v -0.7084590 0.6923300 0.3130015
f 1160 1161 1162
f 1160 1162 1163
v -0.7052090 0.6923300 0.3130015
v -0.7052090 0.6923300 0.3088215
f 1162 1163 1164
f 1162 1164 1165
v -0.7048554 0.6924764 0.3088215
v -0.7048554 0.6924764 0.3130015
f 1164 1165 1166
f 1164 1166 1167
v -0.7047090 0.6928300 0.3130015
v -0.7047090 0.6928300 0.3088215
f 1166 1167 1168
f 1166 1168 1169
v -0.7047090 0.6948300 0.3088215
v -0.7047090 0.6948300 0.3130015
f 1168 1169 1170
f 1168 1170 1171
v -0.6962090 0.6948300 0.3130015
v -0.6962090 0.6948300 0.3088215
f 1170 1171 1172
f 1170 1172 1173
v -0.6962090 0.6928300 0.3088215
v -0.6962090 0.6928300 0.3130015
f 1172 1173 1174
f 1172 1174 1175
v -0.6960626 0.6924764 0.3130015
v -0.6960626 0.6924764 0.3088215
f 1174 1175 1176
f 1174 1176 1177
v -0.6957090 0.6923300 0.3088215
v -0.6957090 0.6923300 0.3130015
f 1176 1177 1178
f 1176 1178 1179
v -0.6504590 0.6923300 0.3130015
v -0.6504590 0.6923300 0.3088215
f 1178 1179 1180
f 1178 1180 1181
v -0.6497519 0.6920371 0.3088215
v -0.6497519 0.6920371 0.3130015
f 1180 1181 1182
f 1180 1182 1183
v -0.6494590 0.6913300 0.3130015
v -0.6494590 0.6913300 0.3088215
f 1182 1183 1184
f 1182 1184 1185
v -0.6494590 0.6465971 0.3088215
v -0.6494590 0.6465971 0.3130015
f 1184 1185 1186
f 1184 1186 1187
v -0.6496896 0.6463100 0.3130015
v -0.6496896 0.6463100 0.3088215
f 1186 1187 1188
f 1186 1188 1189
v -0.7094590 0.6465971 0.3088215
v -0.7094590 0.6465971 0.3130015
f 1159 1158 1190
f 1159 1190 1191
v -0.7092284 0.6463100 0.3088215
v -0.7092284 0.6463100 0.3130015
f 1190 1192 1193
f 1190 1193 1191
f 1172 1171 1168
f 1172 1168 1175
f 1168 1175 1176
f 1168 1176 1167
f 1176 1167 1164
f 1176 1164 1179
f 1163 1160 1183
f 1163 1183 1180
f 1183 1160 1159
f 1183 1159 1184
f 1159 1184 1187
f 1159 1187 1191
f 1187 1191 1193
f 1187 1193 1188
v -0.6501861 0.6460012 0.3087726
v -0.7087319 0.6460012 0.3087726
f 1192 1189 1194
f 1192 1194 1195
v -0.6504590 0.6455814 0.3085064
v -0.7084590 0.6455814 0.3085064
f 1195 1194 1196
f 1195 1196 1197
v -0.7086816 0.6453544 0.3081163
v -0.6502364 0.6453544 0.3081163
f 1196 1197 1198
f 1196 1198 1199
v -0.7091053 0.6453100 0.3078215
v -0.6498127 0.6453100 0.3078215
f 1199 1198 1200
f 1199 1200 1201
v -0.7084590 0.6425357 0.3113694
v -0.7086148 0.6414839 0.3097035
f 1197 1202 1203
f 1197 1203 1198
v -0.7091053 0.6411300 0.3078215
f 1198 1203 1204
f 1198 1204 1200
v -0.7086433 0.6442881 0.3125906
f 1202 1197 1195
f 1202 1195 1205
f 1205 1195 1192
f 1205 1192 1193
v -0.6502747 0.6442881 0.3125906
f 1193 1188 1206
f 1193 1206 1205
v -0.6504590 0.6425357 0.3113694
f 1205 1206 1207
f 1205 1207 1202
v -0.6503032 0.6414839 0.3097035
f 1207 1202 1203
f 1207 1203 1208
v -0.6498127 0.6411300 0.3078215
f 1208 1203 1204
f 1208 1204 1209
f 1189 1188 1206
f 1189 1206 1194
f 1194 1206 1207
f 1194 1207 1196
f 1196 1207 1208
f 1196 1208 1199
f 1199 1208 1209
f 1199 1209 1201
v -0.7094590 0.6453100 0.2286473
v -0.7094590 0.6411300 0.2286473
v -0.7094590 0.6411300 0.3073557
v -0.7094590 0.6453100 0.3073557
f 1210 1211 1212
f 1210 1212 1213
f 1212 1213 1200
f 1212 1200 1204
v -0.6494590 0.6453100 0.2286473
v -0.6494590 0.6411300 0.2286473
v -0.6494590 0.6411300 0.3073557
v -0.6494590 0.6453100 0.3073557
f 1214 1215 1216
f 1214 1216 1217
f 1217 1216 1209
f 1217 1209 1201
f 1173 1170 1169
f 1173 1169 1174
f 1169 1174 1177
f 1169 1177 1166
f 1177 1166 1165
f 1177 1165 1178
f 1162 1161 1182
f 1162 1182 1181
f 1182 1161 1158
f 1182 1158 1185
f 1158 1185 1186
f 1158 1186 1190
f 1186 1189 1192
f 1186 1192 1190
f 1217 1213 1200
f 1217 1200 1201
f 1213 1217 1214
f 1213 1214 1210
f 1212 1216 1215
f 1212 1215 1211
v -0.7091661 0.6920371 0.2271815
v -0.7091661 0.6920371 0.2230015
v -0.7094590 0.6913300 0.2230015
v -0.7094590 0.6913300 0.2271815
f 1218 1219 1220
f 1218 1220 1221
v -0.7084590 0.6923300 0.2230015
v -0.7084590 0.6923300 0.2271815
f 1222 1223 1218
f 1222 1218 1219
v -0.6632090 0.6923300 0.2271815
v -0.6632090 0.6923300 0.2230015
f 1224 1225 1222
f 1224 1222 1223
v -0.6628554 0.6924764 0.2230015
v -0.6628554 0.6924764 0.2271815
f 1226 1227 1224
f 1226 1224 1225
v -0.6627090 0.6928300 0.2271815
v -0.6627090 0.6928300 0.2230015
f 1228 1229 1226
f 1228 1226 1227
v -0.6627090 0.6948300 0.2230015
v -0.6627090 0.6948300 0.2271815
f 1230 1231 1228
f 1230 1228 1229
v -0.6542090 0.6948300 0.2271815
v -0.6542090 0.6948300 0.2230015
f 1232 1233 1230
f 1232 1230 1231
v -0.6542090 0.6928300 0.2230015
v -0.6542090 0.6928300 0.2271815
f 1234 1235 1232
f 1234 1232 1233
v -0.6540626 0.6924764 0.2271815
v -0.6540626 0.6924764 0.2230015
f 1236 1237 1234
f 1236 1234 1235
v -0.6537090 0.6923300 0.2230015
v -0.6537090 0.6923300 0.2271815
f 1238 1239 1236
f 1238 1236 1237
v -0.6504590 0.6923300 0.2271815
v -0.6504590 0.6923300 0.2230015
f 1240 1241 1238
f 1240 1238 1239
v -0.6497519 0.6920371 0.2230015
v -0.6497519 0.6920371 0.2271815
f 1242 1243 1240
f 1242 1240 1241
v -0.6494590 0.6913300 0.2271815
v -0.6494590 0.6913300 0.2230015
f 1244 1245 1242
f 1244 1242 1243
v -0.6494590 0.6465971 0.2230015
v -0.6494590 0.6465971 0.2271815
f 1246 1247 1244
f 1246 1244 1245
v -0.6496896 0.6463100 0.2271815
v -0.6496896 0.6463100 0.2230015
f 1248 1249 1246
f 1248 1246 1247
v -0.7094590 0.6465971 0.2230015
v -0.7094590 0.6465971 0.2271815
f 1250 1251 1221
f 1250 1221 1220
v -0.7092284 0.6463100 0.2230015
v -0.7092284 0.6463100 0.2271815
f 1250 1252 1253
f 1250 1253 1251
f 1234 1229 1230
f 1234 1230 1233
f 1226 1237 1234
f 1226 1234 1229
f 1238 1225 1226
f 1238 1226 1237
f 1241 1242 1219
f 1241 1219 1222
f 1245 1220 1219
f 1245 1219 1242
f 1250 1246 1245
f 1250 1245 1220
f 1249 1252 1250
f 1249 1250 1246
v -0.6501861 0.6460012 0.2272304
v -0.7087319 0.6460012 0.2272304
f 1253 1248 1254
f 1253 1254 1255
v -0.6504590 0.6455814 0.2274966
v -0.7084590 0.6455814 0.2274966
f 1255 1254 1256
f 1255 1256 1257
v -0.7086816 0.6453544 0.2278867
v -0.6502364 0.6453544 0.2278867
f 1256 1257 1258
f 1256 1258 1259
v -0.7091053 0.6453100 0.2281815
v -0.6498127 0.6453100 0.2281815
f 1259 1258 1260
f 1259 1260 1261
v -0.7084590 0.6425357 0.2246336
v -0.7086148 0.6414839 0.2262995
f 1257 1262 1263
f 1257 1263 1258
v -0.7091053 0.6411300 0.2281815
f 1258 1263 1264
f 1258 1264 1260
v -0.7086433 0.6442881 0.2234124
f 1262 1257 1255
f 1262 1255 1265
f 1265 1255 1253
f 1265 1253 1252
v -0.6502747 0.6442881 0.2234124
f 1252 1249 1266
f 1252 1266 1265
v -0.6504590 0.6425357 0.2246336
f 1265 1266 1267
f 1265 1267 1262
v -0.6503032 0.6414839 0.2262995
f 1267 1262 1263
f 1267 1263 1268
v -0.6498127 0.6411300 0.2281815
f 1268 1263 1264
f 1268 1264 1269
f 1248 1249 1266
f 1248 1266 1254
f 1254 1266 1267
f 1254 1267 1256
f 1256 1267 1268
f 1256 1268 1259
f 1259 1268 1269
f 1259 1269 1261
f 1264 1260 1210
f 1264 1210 1211
f 1261 1269 1215
f 1261 1215 1214
f 1235 1228 1231
f 1235 1231 1232
f 1227 1236 1235
f 1227 1235 1228
f 1239 1224 1227
f 1239 1227 1236
f 1240 1243 1218
f 1240 1218 1223
f 1244 1221 1218
f 1244 1218 1243
f 1251 1247 1244
f 1251 1244 1221
f 1251 1253 1248
f 1251 1248 1247
f 1261 1260 1210
f 1261 1210 1214
v -0.6531590 0.6197100 0.3111015
v -0.7057590 0.6197100 0.3111015
v -0.7057590 0.6197100 0.3108015
v -0.6531590 0.6197100 0.3108015
f 1270 1271 1272
f 1270 1272 1273
v -0.6513590 0.6197100 0.3093015
v -0.6516590 0.6197100 0.3093015
v -0.6516590 0.6197100 0.2267015
v -0.6513590 0.6197100 0.2267015
f 1274 1275 1276
f 1274 1276 1277
v -0.7066590 0.6197100 0.3108603
v -0.7065090 0.6197100 0.3106005
f 1272 1271 1278
f 1272 1278 1279
v -0.7073178 0.6197100 0.3102015
v -0.7070580 0.6197100 0.3100515
f 1279 1278 1280
f 1279 1280 1281
v -0.7075590 0.6197100 0.3093015
v -0.7072590 0.6197100 0.3093015
f 1281 1280 1282
f 1281 1282 1283
v -0.7057590 0.6217100 0.3113015
v -0.7067590 0.6217100 0.3110336
f 1271 1284 1285
f 1271 1285 1278
v -0.7074911 0.6217100 0.3103015
f 1278 1285 1286
f 1278 1286 1280
v -0.7077590 0.6217100 0.3093015
f 1280 1286 1287
f 1280 1287 1282
v -0.7077590 0.6297100 0.3093015
v -0.7074911 0.6297100 0.3103015
f 1287 1288 1289
f 1287 1289 1286
v -0.7067590 0.6297100 0.3110336
f 1286 1289 1290
f 1286 1290 1285
v -0.7057590 0.6297100 0.3113015
f 1285 1290 1291
f 1285 1291 1284
v -0.7089090 0.6297100 0.3099515
v -0.7085741 0.6297100 0.3112015
f 1288 1292 1293
f 1288 1293 1289
v -0.7076590 0.6297100 0.3121166
f 1289 1293 1294
f 1289 1294 1290
v -0.7064090 0.6297100 0.3124515
f 1290 1294 1295
f 1290 1295 1291
v -0.7089090 0.6307100 0.3099515
v -0.7085741 0.6307100 0.3112015
f 1292 1296 1297
f 1292 1297 1293
v -0.7076590 0.6307100 0.3121166
f 1293 1297 1298
f 1293 1298 1294
v -0.7064090 0.6307100 0.3124515
f 1294 1298 1299
f 1294 1299 1295
v -0.7079090 0.6317100 0.3099515
v -0.7077080 0.6317100 0.3107015
f 1296 1300 1301
f 1296 1301 1297
v -0.7071590 0.6317100 0.3112505
f 1297 1301 1302
f 1297 1302 1298
v -0.7064090 0.6317100 0.3114515
f 1298 1302 1303
f 1298 1303 1299
v -0.7073590 0.6317100 0.3093015
v -0.7071446 0.6317100 0.3101015
f 1300 1304 1305
f 1300 1305 1301
v -0.7065590 0.6317100 0.3106871
f 1301 1305 1306
f 1301 1306 1302
v -0.7057590 0.6317100 0.3109015
f 1302 1306 1307
f 1302 1307 1303
v -0.6522590 0.6197100 0.3108603
v -0.6524090 0.6197100 0.3106005
f 1273 1270 1308
f 1273 1308 1309
v -0.6516002 0.6197100 0.3102015
v -0.6518600 0.6197100 0.3100515
f 1309 1308 1310
f 1309 1310 1311
f 1311 1310 1274
f 1311 1274 1275
v -0.6531590 0.6217100 0.3113015
v -0.6521590 0.6217100 0.3110336
f 1270 1312 1313
f 1270 1313 1308
v -0.6514269 0.6217100 0.3103015
f 1308 1313 1314
f 1308 1314 1310
v -0.6511590 0.6217100 0.3093015
f 1310 1314 1315
f 1310 1315 1274
v -0.6511590 0.6297100 0.3093015
v -0.6514269 0.6297100 0.3103015
f 1315 1316 1317
f 1315 1317 1314
v -0.6521590 0.6297100 0.3110336
f 1314 1317 1318
f 1314 1318 1313
v -0.6531590 0.6297100 0.3113015
f 1313 1318 1319
f 1313 1319 1312
v -0.6500090 0.6297100 0.3099515
v -0.6503439 0.6297100 0.3112015
f 1316 1320 1321
f 1316 1321 1317
v -0.6512590 0.6297100 0.3121166
f 1317 1321 1322
f 1317 1322 1318
v -0.6525090 0.6297100 0.3124515
f 1318 1322 1323
f 1318 1323 1319
v -0.6500090 0.6307100 0.3099515
v -0.6503439 0.6307100 0.3112015
f 1320 1324 1325
f 1320 1325 1321
v -0.6512590 0.6307100 0.3121166
f 1321 1325 1326
f 1321 1326 1322
v -0.6525090 0.6307100 0.3124515
f 1322 1326 1327
f 1322 1327 1323
v -0.6510090 0.6317100 0.3099515
v -0.6512100 0.6317100 0.3107015
f 1324 1328 1329
f 1324 1329 1325
v -0.6517590 0.6317100 0.3112505
f 1325 1329 1330
f 1325 1330 1326
v -0.6525090 0.6317100 0.3114515
f 1326 1330 1331
f 1326 1331 1327
v -0.6515590 0.6317100 0.3093015
v -0.6517734 0.6317100 0.3101015
f 1328 1332 1333
f 1328 1333 1329
v -0.6523590 0.6317100 0.3106871
f 1329 1333 1334
f 1329 1334 1330
v -0.6531590 0.6317100 0.3109015
f 1330 1334 1335
f 1330 1335 1331
f 1307 1303 1331
f 1307 1331 1335
f 1303 1299 1327
f 1303 1327 1331
f 1323 1327 1299
f 1323 1299 1295
f 1319 1323 1295
f 1319 1295 1291
f 1291 1284 1312
f 1291 1312 1319
f 1270 1312 1284
f 1270 1284 1271
v -0.6531590 0.6197100 0.2252015
v -0.7057590 0.6197100 0.2252015
v -0.7057590 0.6197100 0.2249015
v -0.6531590 0.6197100 0.2249015
f 1336 1337 1338
f 1336 1338 1339
v -0.7066590 0.6197100 0.2251427
v -0.7065090 0.6197100 0.2254025
f 1337 1338 1340
f 1337 1340 1341
v -0.7073178 0.6197100 0.2258015
v -0.7070580 0.6197100 0.2259515
f 1341 1340 1342
f 1341 1342 1343
v -0.7075590 0.6197100 0.2267015
v -0.7072590 0.6197100 0.2267015
f 1343 1342 1344
f 1343 1344 1345
v -0.7057590 0.6217100 0.2247015
v -0.7067590 0.6217100 0.2249694
f 1338 1346 1347
f 1338 1347 1340
v -0.7074911 0.6217100 0.2257015
f 1340 1347 1348
f 1340 1348 1342
v -0.7077590 0.6217100 0.2267015
f 1342 1348 1349
f 1342 1349 1344
v -0.7077590 0.6297100 0.2267015
v -0.7074911 0.6297100 0.2257015
f 1349 1350 1351
f 1349 1351 1348
v -0.7067590 0.6297100 0.2249694
f 1348 1351 1352
f 1348 1352 1347
v -0.7057590 0.6297100 0.2247015
f 1347 1352 1353
f 1347 1353 1346
v -0.7089090 0.6297100 0.2260515
v -0.7085741 0.6297100 0.2248015
f 1350 1354 1355
f 1350 1355 1351
v -0.7076590 0.6297100 0.2238864
f 1351 1355 1356
f 1351 1356 1352
v -0.7064090 0.6297100 0.2235515
f 1352 1356 1357
f 1352 1357 1353
v -0.7089090 0.6307100 0.2260515
v -0.7085741 0.6307100 0.2248015
f 1354 1358 1359
f 1354 1359 1355
v -0.7076590 0.6307100 0.2238864
f 1355 1359 1360
f 1355 1360 1356
v -0.7064090 0.6307100 0.2235515
f 1356 1360 1361
f 1356 1361 1357
v -0.7079090 0.6317100 0.2260515
v -0.7077080 0.6317100 0.2253015
f 1358 1362 1363
f 1358 1363 1359
v -0.7071590 0.6317100 0.2247525
f 1359 1363 1364
f 1359 1364 1360
v -0.7064090 0.6317100 0.2245515
f 1360 1364 1365
f 1360 1365 1361
v -0.7073590 0.6317100 0.2267015
v -0.7071446 0.6317100 0.2259015
f 1362 1366 1367
f 1362 1367 1363
v -0.7065590 0.6317100 0.2253159
f 1363 1367 1368
f 1363 1368 1364
v -0.7057590 0.6317100 0.2251015
f 1364 1368 1369
f 1364 1369 1365
v -0.6522590 0.6197100 0.2251427
v -0.6524090 0.6197100 0.2254025
f 1336 1339 1370
f 1336 1370 1371
v -0.6516002 0.6197100 0.2258015
v -0.6518600 0.6197100 0.2259515
f 1371 1370 1372
f 1371 1372 1373
f 1373 1372 1277
f 1373 1277 1276
v -0.6531590 0.6217100 0.2247015
v -0.6521590 0.6217100 0.2249694
f 1339 1374 1375
f 1339 1375 1370
v -0.6514269 0.6217100 0.2257015
f 1370 1375 1376
f 1370 1376 1372
v -0.6511590 0.6217100 0.2267015
f 1372 1376 1377
f 1372 1377 1277
v -0.6511590 0.6297100 0.2267015
v -0.6514269 0.6297100 0.2257015
f 1377 1378 1379
f 1377 1379 1376
v -0.6521590 0.6297100 0.2249694
f 1376 1379 1380
f 1376 1380 1375
v -0.6531590 0.6297100 0.2247015
f 1375 1380 1381
f 1375 1381 1374
v -0.6500090 0.6297100 0.2260515
v -0.6503439 0.6297100 0.2248015
f 1378 1382 1383
f 1378 1383 1379
v -0.6512590 0.6297100 0.2238864
f 1379 1383 1384
f 1379 1384 1380
v -0.6525090 0.6297100 0.2235515
f 1380 1384 1385
f 1380 1385 1381
v -0.6500090 0.6307100 0.2260515
v -0.6503439 0.6307100 0.2248015
f 1382 1386 1387
f 1382 1387 1383
v -0.6512590 0.6307100 0.2238864
f 1383 1387 1388
f 1383 1388 1384
v -0.6525090 0.6307100 0.2235515
f 1384 1388 1389
f 1384 1389 1385
v -0.6510090 0.6317100 0.2260515
v -0.6512100 0.6317100 0.2253015
f 1386 1390 1391
f 1386 1391 1387
v -0.6517590 0.6317100 0.2247525
f 1387 1391 1392
f 1387 1392 1388
v -0.6525090 0.6317100 0.2245515
f 1388 1392 1393
f 1388 1393 1389
v -0.6515590 0.6317100 0.2267015
v -0.6517734 0.6317100 0.2259015
f 1390 1394 1395
f 1390 1395 1391
v -0.6523590 0.6317100 0.2253159
f 1391 1395 1396
f 1391 1396 1392
v -0.6531590 0.6317100 0.2251015
f 1392 1396 1397
f 1392 1397 1393
f 1397 1393 1365
f 1397 1365 1369
f 1393 1389 1361
f 1393 1361 1365
f 1357 1361 1389
f 1357 1389 1385
f 1353 1357 1385
f 1353 1385 1381
f 1381 1374 1346
f 1381 1346 1353
f 1338 1346 1374
f 1338 1374 1339
f 1332 1328 1390
f 1332 1390 1394
f 1390 1328 1324
f 1390 1324 1386
f 1324 1386 1382
f 1324 1382 1320
f 1382 1320 1316
f 1382 1316 1378
f 1316 1378 1377
f 1316 1377 1315
f 1377 1315 1274
f 1377 1274 1277
f 1344 1345 1283
f 1344 1283 1282
f 1366 1362 1300
f 1366 1300 1304
f 1358 1296 1300
f 1358 1300 1362
f 1292 1354 1358
f 1292 1358 1296
f 1350 1288 1292
f 1350 1292 1354
f 1287 1349 1350
f 1287 1350 1288
f 1344 1282 1287
f 1344 1287 1349
f 931 932 933
f 931 933 934
v -0.7224590 0.6743769 0.0761284
v -0.7224590 0.6292787 0.1999660
f 1398 1016 1017
f 1398 1017 1399
v -0.7224590 0.6775981 0.0718442
v -0.7224590 0.6802782 0.0712124
f 1400 1014 1013
f 1400 1013 1401
v -0.7224590 0.6754825 0.0736066
f 1402 1015 1014
f 1402 1014 1400
f 1398 1016 1015
f 1398 1015 1402
f 972 976 1013
f 972 1013 1401
v -0.6994590 0.6952800 0.0712124
v -0.6994590 0.6926200 0.0712124
f 1403 1404 973
f 1403 973 969
f 974 970 969
f 974 969 973
f 975 971 970
f 975 970 974
f 976 972 971
f 976 971 975
v -0.6968732 0.6952800 0.1464457
f 1405 962 997
v -0.6974590 0.6952800 0.1450315
f 1406 962 1405
v -0.6980448 0.6952800 0.0717982
v -0.6974590 0.6952800 0.0732124
f 1407 1403 969
f 1407 969 1408
v -0.6968732 0.6926200 0.1464457
f 1409 961 993
v -0.6974590 0.6926200 0.1450315
f 1410 961 1409
v -0.6980448 0.6926200 0.0717982
v -0.6974590 0.6926200 0.0732124
f 1411 1404 973
f 1411 973 1412
f 1407 1411 1404
f 1407 1404 1403
f 1412 1408 1407
f 1412 1407 1411
f 1406 1410 1412
f 1406 1412 1408
f 1405 1409 1410
f 1405 1410 1406
f 993 997 1405
f 993 1405 1409
f 961 1410 1412
f 961 1412 973
f 962 1406 1408
f 962 1408 969
f 1017 1399 929
f 1017 929 930
f 934 931 930
f 934 930 1017
f 1398 1399 933
f 1398 933 936
f 933 932 929
f 933 929 1399
f 942 1402 1398
f 942 1398 936
f 972 944 937
f 972 937 1401
f 937 1401 1400
f 937 1400 940
f 1400 940 942
f 1400 942 1402
v 0.6607063 0.0131400 0.0369225
v 0.6607063 0.0131400 0.6965605
v 0.6602160 0.0149700 0.6965605
v 0.6602160 0.0149700 0.0369225
f 1413 1414 1415
f 1413 1415 1416
v 0.6638760 0.0113100 0.0369225
v 0.6638760 0.0113100 0.6965605
v 0.6620460 0.0118003 0.6965605
v 0.6620460 0.0118003 0.0369225
f 1417 1418 1419
f 1417 1419 1420
f 1420 1419 1414
f 1420 1414 1413
v 0.6630100 0.0144700 0.6965605
v 0.6630100 0.0144700 0.0369225
v 0.6628760 0.0149700 0.0369225
v 0.6628760 0.0149700 0.6965605
f 1421 1422 1423
f 1421 1423 1424
v 0.6633760 0.0141039 0.6965605
v 0.6633760 0.0141039 0.0369225
f 1425 1426 1422
f 1425 1422 1421
v 0.6638760 0.0139700 0.6965605
v 0.6638760 0.0139700 0.0369225
f 1427 1428 1426
f 1427 1426 1425
f 1422 1413 1416
f 1422 1416 1423
f 1426 1420 1413
f 1426 1413 1422
f 1414 1421 1424
f 1414 1424 1415
f 1428 1417 1420
f 1428 1420 1426
f 1418 1427 1425
f 1418 1425 1419
f 1419 1425 1421
f 1419 1421 1414
v 0.6602160 0.0240300 0.0369225
v 0.6602160 0.0240300 0.6965605
f 1429 1430 1415
f 1429 1415 1416
v 0.6628760 0.0240300 0.0369225
v 0.6628760 0.0240300 0.6965605
f 1424 1423 1431
f 1424 1431 1432
f 1424 1415 1430
f 1424 1430 1432
f 1430 1432 1431
f 1430 1431 1429
v 0.6944060 0.0139700 0.6965605
v 0.6944060 0.0113100 0.6965605
f 1433 1434 1418
f 1433 1418 1427
v 0.6944060 0.0139700 0.0369225
v 0.6944060 0.0113100 0.0369225
f 1435 1436 1417
f 1435 1417 1428
v 0.6975757 0.0131400 0.0369225
v 0.6975757 0.0131400 0.6965605
v 0.6980660 0.0149700 0.6965605
v 0.6980660 0.0149700 0.0369225
f 1437 1438 1439
f 1437 1439 1440
f 1434 1436 1417
f 1434 1417 1418
f 1433 1435 1428
f 1433 1428 1427
f 1423 1416 1429
f 1423 1429 1431
v 0.6962360 0.0118003 0.6965605
v 0.6962360 0.0118003 0.0369225
f 1436 1434 1441
f 1436 1441 1442
f 1442 1441 1438
f 1442 1438 1437
v 0.6949060 0.0141039 0.6965605
v 0.6949060 0.0141039 0.0369225
v 0.6952720 0.0144700 0.0369225
v 0.6952720 0.0144700 0.6965605
f 1443 1444 1445
f 1443 1445 1446
v 0.6954060 0.0149700 0.0369225
v 0.6954060 0.0149700 0.6965605
f 1446 1445 1447
f 1446 1447 1448
f 1445 1437 1440
f 1445 1440 1447
f 1444 1442 1437
f 1444 1437 1445
f 1435 1436 1442
f 1435 1442 1444
f 1433 1435 1444
f 1433 1444 1443
f 1438 1446 1448
f 1438 1448 1439
f 1441 1443 1446
f 1441 1446 1438
f 1434 1433 1443
f 1434 1443 1441
v 0.6980660 0.0240300 0.6965605
v 0.6980660 0.0240300 0.0369225
f 1440 1439 1449
f 1440 1449 1450
v 0.6954060 0.0240300 0.6965605
v 0.6954060 0.0240300 0.0369225
f 1451 1452 1447
f 1451 1447 1448
f 1450 1452 1451
f 1450 1451 1449
f 1451 1449 1439
f 1451 1439 1448
f 1452 1450 1440
f 1452 1440 1447
v 0.7059310 0.0282100 0.0115225
v 0.7059310 0.0240300 0.0115225
v 0.7081796 0.0240300 0.0124539
v 0.7081796 0.0282100 0.0124539
f 1453 1454 1455
f 1453 1455 1456
v 0.7091110 0.0240300 0.0147025
v 0.7091110 0.0282100 0.0147025
f 1456 1455 1457
f 1456 1457 1458
v 0.6501024 0.0240300 0.0124539
v 0.6501024 0.0282100 0.0124539
v 0.6491710 0.0282100 0.0147025
v 0.6491710 0.0240300 0.0147025
f 1459 1460 1461
f 1459 1461 1462
f 1455 1459 1462
f 1455 1462 1457
v 0.6523510 0.0240300 0.0115225
v 0.6523510 0.0282100 0.0115225
f 1463 1464 1460
f 1463 1460 1459
f 1460 1456 1458
f 1460 1458 1461
f 1454 1463 1459
f 1454 1459 1455
f 1464 1453 1456
f 1464 1456 1460
f 1453 1464 1463
f 1453 1463 1454
v 0.7059310 0.0282100 0.7219605
v 0.7059310 0.0240300 0.7219605
v 0.7081796 0.0240300 0.7210291
v 0.7081796 0.0282100 0.7210291
f 1465 1466 1467
f 1465 1467 1468
v 0.7091110 0.0240300 0.7187805
v 0.7091110 0.0282100 0.7187805
f 1468 1467 1469
f 1468 1469 1470
v 0.6501024 0.0240300 0.7210291
v 0.6491710 0.0240300 0.7187805
f 1467 1471 1472
f 1467 1472 1469
v 0.6523510 0.0240300 0.7219605
f 1466 1473 1471
f 1466 1471 1467
v 0.6501024 0.0282100 0.7210291
v 0.6491710 0.0282100 0.7187805
f 1474 1468 1470
f 1474 1470 1475
f 1471 1474 1475
f 1471 1475 1472
v 0.6523510 0.0282100 0.7219605
f 1473 1476 1474
f 1473 1474 1471
f 1476 1465 1468
f 1476 1468 1474
f 1466 1473 1476
f 1466 1476 1465
f 1462 1472 1475
f 1462 1475 1461
f 1458 1461 1475
f 1458 1475 1470
f 1469 1472 1462
f 1469 1462 1457
f 1458 1470 1469
f 1458 1469 1457
v 0.7059088 0.6411300 0.2262337
v 0.7059088 0.6297100 0.2262337
v 0.7066410 0.6297100 0.2280015
v 0.7066410 0.6411300 0.2280015
f 1477 1478 1479
f 1477 1479 1480
v 0.7041410 0.6411300 0.2255015
v 0.7041410 0.6297100 0.2255015
f 1481 1482 1478
f 1481 1478 1477
v 0.7048481 0.6411300 0.2272944
v 0.7051410 0.6411300 0.2280015
f 1477 1483 1484
f 1477 1484 1480
v 0.7041410 0.6411300 0.2270015
f 1481 1485 1483
f 1481 1483 1477
v 0.7048481 0.6297100 0.2272944
v 0.7051410 0.6297100 0.2280015
f 1483 1486 1487
f 1483 1487 1484
v 0.7041410 0.6297100 0.2270015
f 1485 1488 1486
f 1485 1486 1483
f 1486 1478 1479
f 1486 1479 1487
v 0.6541410 0.6411300 0.2270015
v 0.6541410 0.6411300 0.2255015
f 1489 1485 1481
f 1489 1481 1490
f 1488 1482 1478
f 1488 1478 1486
v 0.6541410 0.6297100 0.2255015
f 1491 1490 1481
f 1491 1481 1482
v 0.6541410 0.6297100 0.2270015
f 1492 1491 1482
f 1492 1482 1488
f 1488 1485 1489
f 1488 1489 1492
v 0.7066410 0.6411300 0.3080015
v 0.7066410 0.6297100 0.3080015
f 1480 1493 1494
f 1480 1494 1479
v 0.7051410 0.6297100 0.3080015
f 1479 1494 1495
f 1479 1495 1487
v 0.7051410 0.6411300 0.3080015
f 1487 1495 1496
f 1487 1496 1484
f 1496 1493 1480
f 1496 1480 1484
v 0.7059088 0.6411300 0.3097693
v 0.7059088 0.6297100 0.3097693
f 1497 1498 1494
f 1497 1494 1493
v 0.7041410 0.6411300 0.3105015
v 0.7041410 0.6411300 0.3090015
v 0.7048481 0.6411300 0.3087086
f 1499 1500 1501
f 1499 1501 1497
v 0.7041410 0.6297100 0.3105015
f 1499 1502 1498
f 1499 1498 1497
f 1497 1501 1496
f 1497 1496 1493
v 0.7041410 0.6297100 0.3090015
v 0.7048481 0.6297100 0.3087086
f 1500 1503 1504
f 1500 1504 1501
f 1501 1504 1495
f 1501 1495 1496
f 1503 1502 1498
f 1503 1498 1504
f 1504 1498 1494
f 1504 1494 1495
v 0.6541410 0.6297100 0.3105015
v 0.6541410 0.6297100 0.3090015
f 1503 1502 1505
f 1503 1505 1506
v 0.6541410 0.6411300 0.3105015
f 1502 1499 1507
f 1502 1507 1505
v 0.6541410 0.6411300 0.3090015
f 1507 1499 1500
f 1507 1500 1508
f 1506 1508 1500
f 1506 1500 1503
v 0.6523732 0.6411300 0.2262337
v 0.6523732 0.6297100 0.2262337
v 0.6516410 0.6297100 0.2280015
v 0.6516410 0.6411300 0.2280015
f 1509 1510 1511
f 1509 1511 1512
f 1490 1491 1510
f 1490 1510 1509
v 0.6534339 0.6411300 0.2272944
f 1490 1489 1513
f 1490 1513 1509
v 0.6531410 0.6411300 0.2280015
f 1509 1513 1514
f 1509 1514 1512
v 0.6534339 0.6297100 0.2272944
f 1489 1492 1515
f 1489 1515 1513
v 0.6531410 0.6297100 0.2280015
f 1513 1515 1516
f 1513 1516 1514
f 1515 1510 1511
f 1515 1511 1516
v 0.6516410 0.6297100 0.3080015
v 0.6516410 0.6411300 0.3080015
f 1511 1517 1518
f 1511 1518 1512
f 1492 1491 1510
f 1492 1510 1515
v 0.6531410 0.6411300 0.3080015
f 1514 1512 1518
f 1514 1518 1519
v 0.6531410 0.6297100 0.3080015
f 1514 1519 1520
f 1514 1520 1516
v 0.6523732 0.6297100 0.3097693
v 0.6523732 0.6411300 0.3097693
f 1507 1505 1521
f 1507 1521 1522
f 1516 1520 1517
f 1516 1517 1511
f 1522 1521 1517
f 1522 1517 1518
v 0.6534339 0.6411300 0.3087086
f 1522 1523 1519
f 1522 1519 1518
v 0.6534339 0.6297100 0.3087086
f 1523 1524 1520
f 1523 1520 1519
f 1507 1508 1523
f 1507 1523 1522
f 1508 1506 1524
f 1508 1524 1523
f 1506 1505 1521
f 1506 1521 1524
f 1524 1521 1517
f 1524 1517 1520
v 0.7067798 0.0379725 0.3030862
v 0.7067798 0.0332100 0.3030862
v 0.7046121 0.0332100 0.3063304
v 0.7046121 0.0379725 0.3063304
f 1525 1526 1527
f 1525 1527 1528
v 0.7075410 0.0379725 0.2992594
v 0.7075410 0.0332100 0.2992594
f 1529 1530 1526
f 1529 1526 1525
v 0.6992257 0.0379725 0.3106403
v 0.6992257 0.0332100 0.3106403
v 0.7024699 0.0332100 0.3084726
v 0.7024699 0.0379725 0.3084726
f 1531 1532 1533
f 1531 1533 1534
v 0.6953989 0.0379725 0.3114015
v 0.6953989 0.0332100 0.3114015
f 1535 1536 1532
f 1535 1532 1531
f 1534 1533 1527
f 1534 1527 1528
v 0.6628831 0.0379725 0.3114015
v 0.6628831 0.0332100 0.3114015
f 1537 1538 1536
f 1537 1536 1535
v 0.7067798 0.0379725 0.2329168
v 0.7067798 0.0332100 0.2329168
v 0.7046121 0.0332100 0.2296726
v 0.7046121 0.0379725 0.2296726
f 1539 1540 1541
f 1539 1541 1542
v 0.7075410 0.0379725 0.2367436
v 0.7075410 0.0332100 0.2367436
f 1543 1544 1540
f 1543 1540 1539
v 0.6992257 0.0379725 0.2253627
v 0.6992257 0.0332100 0.2253627
v 0.7024699 0.0332100 0.2275304
v 0.7024699 0.0379725 0.2275304
f 1545 1546 1547
f 1545 1547 1548
v 0.6953989 0.0379725 0.2246015
v 0.6953989 0.0332100 0.2246015
f 1549 1550 1546
f 1549 1546 1545
f 1542 1541 1547
f 1542 1547 1548
v 0.6628831 0.0332100 0.2246015
v 0.6628831 0.0379725 0.2246015
f 1549 1550 1551
f 1549 1551 1552
v 0.6515022 0.0379725 0.3030862
v 0.6515022 0.0332100 0.3030862
v 0.6536699 0.0332100 0.3063304
v 0.6536699 0.0379725 0.3063304
f 1553 1554 1555
f 1553 1555 1556
v 0.6507410 0.0379725 0.2992594
v 0.6507410 0.0332100 0.2992594
f 1557 1558 1554
f 1557 1554 1553
v 0.6590563 0.0379725 0.3106403
v 0.6590563 0.0332100 0.3106403
v 0.6558121 0.0332100 0.3084726
v 0.6558121 0.0379725 0.3084726
f 1559 1560 1561
f 1559 1561 1562
f 1537 1538 1560
f 1537 1560 1559
f 1556 1555 1561
f 1556 1561 1562
v 0.6515022 0.0379725 0.2329168
v 0.6515022 0.0332100 0.2329168
v 0.6536699 0.0332100 0.2296726
v 0.6536699 0.0379725 0.2296726
f 1563 1564 1565
f 1563 1565 1566
v 0.6507410 0.0379725 0.2367436
v 0.6507410 0.0332100 0.2367436
f 1567 1568 1564
f 1567 1564 1563
v 0.6590563 0.0379725 0.2253627
v 0.6590563 0.0332100 0.2253627
v 0.6558121 0.0332100 0.2275304
v 0.6558121 0.0379725 0.2275304
f 1569 1570 1571
f 1569 1571 1572
f 1552 1551 1570
f 1552 1570 1569
f 1572 1571 1565
f 1572 1565 1566
f 1529 1530 1544
f 1529 1544 1543
f 1557 1558 1568
f 1557 1568 1567
f 1563 1553 1557
f 1563 1557 1567
f 1556 1566 1563
f 1556 1563 1553
f 1572 1562 1556
f 1572 1556 1566
f 1559 1569 1572
f 1559 1572 1562
f 1552 1537 1559
f 1552 1559 1569
f 1535 1549 1552
f 1535 1552 1537
f 1545 1531 1535
f 1545 1535 1549
f 1534 1548 1545
f 1534 1545 1531
f 1542 1528 1534
f 1542 1534 1548
f 1525 1539 1542
f 1525 1542 1528
f 1543 1529 1525
f 1543 1525 1539
f 1568 1558 1554
f 1568 1554 1564
f 1554 1564 1565
f 1554 1565 1555
f 1565 1555 1561
f 1565 1561 1571
f 1561 1571 1570
f 1561 1570 1560
f 1570 1560 1538
f 1570 1538 1551
f 1538 1551 1550
f 1538 1550 1536
f 1550 1536 1532
f 1550 1532 1546
f 1532 1546 1547
f 1532 1547 1533
f 1547 1533 1527
f 1547 1527 1541
f 1527 1541 1540
f 1527 1540 1526
f 1540 1526 1530
f 1540 1530 1544
v 0.7073481 0.6297100 0.3112086
v 0.7084088 0.6297100 0.3122693
v 0.7066410 0.6297100 0.3130015
v 0.7066410 0.6297100 0.3115015
f 1573 1574 1575
f 1573 1575 1576
v 0.7076410 0.6297100 0.3105015
v 0.7091410 0.6297100 0.3105015
f 1577 1578 1574
f 1577 1574 1573
v 0.7084088 0.0282100 0.3122693
v 0.7066410 0.0282100 0.3130015
f 1574 1579 1580
f 1574 1580 1575
v 0.7091410 0.0282100 0.3105015
f 1578 1581 1579
f 1578 1579 1574
v 0.7073481 0.0282100 0.3112086
v 0.7066410 0.0282100 0.3115015
f 1579 1582 1583
f 1579 1583 1580
v 0.7076410 0.0282100 0.3105015
f 1581 1584 1582
f 1581 1582 1579
f 1582 1573 1576
f 1582 1576 1583
f 1584 1577 1573
f 1584 1573 1582
v 0.6516410 0.6297100 0.3115015
v 0.6516410 0.6297100 0.3130015
f 1576 1585 1586
f 1576 1586 1575
v 0.6516410 0.0282100 0.3130015
v 0.6516410 0.0282100 0.3115015
f 1583 1580 1587
f 1583 1587 1588
f 1580 1575 1586
f 1580 1586 1587
f 1588 1585 1576
f 1588 1576 1583
v 0.7091410 0.6297100 0.2255015
v 0.7091410 0.0282100 0.2255015
f 1589 1578 1581
f 1589 1581 1590
v 0.7076410 0.0282100 0.2255015
v 0.7076410 0.6297100 0.2255015
f 1591 1584 1577
f 1591 1577 1592
f 1577 1578 1589
f 1577 1589 1592
f 1590 1581 1584
f 1590 1584 1591
v 0.7066410 0.6297100 0.2245015
v 0.7066410 0.6297100 0.2230015
v 0.7084088 0.6297100 0.2237337
v 0.7073481 0.6297100 0.2247944
f 1593 1594 1595
f 1593 1595 1596
f 1596 1595 1589
f 1596 1589 1592
v 0.7066410 0.0282100 0.2230015
v 0.7084088 0.0282100 0.2237337
f 1594 1597 1598
f 1594 1598 1595
f 1595 1598 1590
f 1595 1590 1589
v 0.7066410 0.0282100 0.2245015
v 0.7073481 0.0282100 0.2247944
f 1597 1599 1600
f 1597 1600 1598
f 1598 1600 1591
f 1598 1591 1590
f 1599 1593 1596
f 1599 1596 1600
f 1600 1596 1592
f 1600 1592 1591
v 0.6516410 0.6297100 0.2230015
v 0.6516410 0.6297100 0.2245015
f 1594 1601 1602
f 1594 1602 1593
v 0.6516410 0.0282100 0.2245015
v 0.6516410 0.0282100 0.2230015
f 1603 1604 1597
f 1603 1597 1599
f 1604 1601 1594
f 1604 1594 1597
f 1599 1593 1602
f 1599 1602 1603
v 0.6498732 0.6297100 0.3122693
v 0.6509339 0.6297100 0.3112086
f 1585 1586 1605
f 1585 1605 1606
v 0.6491410 0.6297100 0.3105015
v 0.6506410 0.6297100 0.3105015
f 1606 1605 1607
f 1606 1607 1608
v 0.6498732 0.0282100 0.3122693
f 1586 1587 1609
f 1586 1609 1605
v 0.6491410 0.0282100 0.3105015
f 1605 1609 1610
f 1605 1610 1607
v 0.6509339 0.0282100 0.3112086
f 1587 1588 1611
f 1587 1611 1609
v 0.6506410 0.0282100 0.3105015
f 1609 1611 1612
f 1609 1612 1610
f 1588 1585 1606
f 1588 1606 1611
f 1611 1606 1608
f 1611 1608 1612
v 0.6491410 0.0282100 0.2255015
v 0.6491410 0.6297100 0.2255015
f 1613 1610 1607
f 1613 1607 1614
v 0.6506410 0.6297100 0.2255015
v 0.6506410 0.0282100 0.2255015
f 1615 1608 1612
f 1615 1612 1616
f 1615 1614 1607
f 1615 1607 1608
f 1616 1612 1610
f 1616 1610 1613
v 0.6509339 0.6297100 0.2247944
v 0.6498732 0.6297100 0.2237337
f 1617 1618 1601
f 1617 1601 1602
f 1615 1614 1618
f 1615 1618 1617
v 0.6498732 0.0282100 0.2237337
f 1618 1619 1604
f 1618 1604 1601
f 1614 1613 1619
f 1614 1619 1618
v 0.6509339 0.0282100 0.2247944
f 1619 1620 1603
f 1619 1603 1604
f 1613 1616 1620
f 1613 1620 1619
f 1620 1617 1602
f 1620 1602 1603
f 1616 1615 1617
f 1616 1617 1620
v 0.7221410 0.6291800 0.3349530
v 0.7194810 0.6291800 0.3349530
v 0.7194810 0.6291800 0.2010500
v 0.7221410 0.6291800 0.2010500
f 1621 1622 1623
f 1621 1623 1624
v 0.7221410 0.6743769 0.6577356
v 0.7194810 0.6743769 0.6577356
v 0.7194810 0.6292787 0.3360370
v 0.7221410 0.6292787 0.3360370
f 1625 1626 1627
f 1625 1627 1628
v 0.7221410 0.6775981 0.6620197
v 0.7194810 0.6775981 0.6620197
v 0.7194810 0.6802782 0.6626515
v 0.7221410 0.6802782 0.6626515
f 1629 1630 1631
f 1629 1631 1632
v 0.7221410 0.6754825 0.6602573
v 0.7194810 0.6754825 0.6602573
f 1633 1634 1630
f 1633 1630 1629
f 1625 1626 1634
f 1625 1634 1633
v 0.7221410 0.6916200 0.6626515
v 0.7194810 0.6916200 0.6626515
f 1635 1636 1631
f 1635 1631 1632
v 0.6991410 0.6952800 0.6626515
v 0.6991410 0.6926200 0.6626515
v 0.7184810 0.6926200 0.6626515
v 0.7184810 0.6952800 0.6626515
f 1637 1638 1639
f 1637 1639 1640
v 0.7189810 0.6924860 0.6626515
v 0.7203110 0.6947896 0.6626515
f 1641 1642 1640
f 1641 1640 1639
v 0.7193470 0.6921200 0.6626515
v 0.7216507 0.6934500 0.6626515
f 1643 1644 1642
f 1643 1642 1641
f 1636 1635 1644
f 1636 1644 1643
v 0.7203110 0.6947896 0.3194115
v 0.7184810 0.6952800 0.3194115
f 1642 1645 1646
f 1642 1646 1640
v 0.7216507 0.6934500 0.3194115
f 1644 1647 1645
f 1644 1645 1642
v 0.7221410 0.6916200 0.3194115
f 1635 1648 1647
f 1635 1647 1644
v 0.7189810 0.6924860 0.3194115
v 0.7184810 0.6926200 0.3194115
f 1649 1645 1646
f 1649 1646 1650
v 0.7193470 0.6921200 0.3194115
f 1651 1647 1645
f 1651 1645 1649
v 0.7194810 0.6916200 0.3194115
f 1652 1648 1647
f 1652 1647 1651
f 1649 1641 1639
f 1649 1639 1650
f 1651 1643 1641
f 1651 1641 1649
f 1652 1636 1643
f 1652 1643 1651
v 0.7189810 0.6924860 0.2165915
v 0.7203110 0.6947896 0.2165915
v 0.7184810 0.6952800 0.2165915
v 0.7184810 0.6926200 0.2165915
f 1653 1654 1655
f 1653 1655 1656
v 0.7193470 0.6921200 0.2165915
v 0.7216507 0.6934500 0.2165915
f 1657 1658 1654
f 1657 1654 1653
v 0.7194810 0.6916200 0.2165915
v 0.7221410 0.6916200 0.2165915
f 1659 1660 1658
f 1659 1658 1657
v 0.7203110 0.6947896 0.0712124
v 0.7184810 0.6952800 0.0712124
f 1654 1661 1662
f 1654 1662 1655
v 0.7216507 0.6934500 0.0712124
f 1658 1663 1661
f 1658 1661 1654
v 0.7221410 0.6916200 0.0712124
f 1660 1664 1663
f 1660 1663 1658
v 0.7189810 0.6924860 0.0712124
v 0.7184810 0.6926200 0.0712124
f 1665 1653 1656
f 1665 1656 1666
v 0.7193470 0.6921200 0.0712124
f 1667 1657 1653
f 1667 1653 1665
v 0.7194810 0.6916200 0.0712124
f 1668 1659 1657
f 1668 1657 1667
f 1652 1648 1660
f 1652 1660 1659
v 0.7164810 0.6947896 0.2184215
v 0.7164810 0.6924860 0.2170915
v 0.7164810 0.6926200 0.2165915
v 0.7164810 0.6952800 0.2165915
f 1669 1670 1671
f 1669 1671 1672
v 0.7164810 0.6934500 0.2197612
v 0.7164810 0.6921200 0.2174575
f 1673 1674 1670
f 1673 1670 1669
v 0.7164810 0.6916200 0.2202515
v 0.7164810 0.6916200 0.2175915
f 1675 1676 1674
f 1675 1674 1673
v 0.6491410 0.6924860 0.2170915
v 0.6491410 0.6926200 0.2165915
f 1670 1677 1678
f 1670 1678 1671
v 0.6491410 0.6921200 0.2174575
f 1674 1679 1677
f 1674 1677 1670
v 0.6491410 0.6916200 0.2175915
f 1676 1680 1679
f 1676 1679 1674
v 0.6491410 0.6947896 0.2184215
v 0.6491410 0.6952800 0.2165915
f 1677 1681 1682
f 1677 1682 1678
v 0.6491410 0.6934500 0.2197612
f 1679 1683 1681
f 1679 1681 1677
v 0.6491410 0.6916200 0.2202515
f 1680 1684 1683
f 1680 1683 1679
f 1681 1669 1672
f 1681 1672 1682
f 1683 1673 1669
f 1683 1669 1681
f 1684 1675 1673
f 1684 1673 1683
v 0.6491410 0.6926200 0.1490315
v 0.6951410 0.6926200 0.1470315
f 1685 1678 1656
f 1685 1656 1686
v 0.6511410 0.6926200 0.1470315
v 0.6497268 0.6926200 0.1476173
f 1687 1688 1685
f 1687 1685 1686
v 0.6491410 0.6952800 0.1490315
v 0.6951410 0.6952800 0.1470315
f 1689 1682 1655
f 1689 1655 1690
v 0.6511410 0.6952800 0.1470315
v 0.6497268 0.6952800 0.1476173
f 1691 1692 1689
f 1691 1689 1690
f 1672 1671 1656
f 1672 1656 1655
f 1687 1691 1690
f 1687 1690 1686
f 1688 1692 1691
f 1688 1691 1687
f 1689 1685 1688
f 1689 1688 1692
f 1678 1682 1689
f 1678 1689 1685
v 0.7158952 0.6483658 0.2202515
v 0.6497268 0.6483658 0.2202515
v 0.6511410 0.6477800 0.2202515
v 0.7144810 0.6477800 0.2202515
f 1693 1694 1695
f 1693 1695 1696
v 0.6491410 0.6497800 0.2202515
v 0.7164810 0.6497800 0.2202515
f 1697 1698 1693
f 1697 1693 1694
f 1675 1684 1697
f 1675 1697 1698
v 0.7158952 0.6483658 0.2175915
v 0.6497268 0.6483658 0.2175915
v 0.6511410 0.6477800 0.2175915
v 0.7144810 0.6477800 0.2175915
f 1699 1700 1701
f 1699 1701 1702
v 0.6491410 0.6497800 0.2175915
v 0.7164810 0.6497800 0.2175915
f 1703 1704 1699
f 1703 1699 1700
f 1676 1680 1703
f 1676 1703 1704
f 1703 1697 1684
f 1703 1684 1680
f 1694 1700 1703
f 1694 1703 1697
f 1701 1695 1694
f 1701 1694 1700
f 1696 1702 1701
f 1696 1701 1695
f 1699 1693 1696
f 1699 1696 1702
f 1698 1704 1699
f 1698 1699 1693
v 0.7194810 0.6802782 0.0712124
f 1705 1631 1636
f 1705 1636 1668
v 0.7194810 0.6775981 0.0718442
f 1630 1706 1705
f 1630 1705 1631
v 0.7194810 0.6754825 0.0736066
f 1707 1634 1630
f 1707 1630 1706
v 0.7194810 0.6743769 0.0761284
f 1626 1708 1707
f 1626 1707 1634
v 0.7194810 0.6292787 0.1999660
f 1626 1627 1709
f 1626 1709 1708
v 0.7164810 0.6924860 0.3189115
v 0.7164810 0.6947896 0.3175815
v 0.7164810 0.6952800 0.3194115
v 0.7164810 0.6926200 0.3194115
f 1710 1711 1712
f 1710 1712 1713
v 0.7164810 0.6921200 0.3185455
v 0.7164810 0.6934500 0.3162418
f 1714 1715 1711
f 1714 1711 1710
v 0.7164810 0.6916200 0.3184115
v 0.7164810 0.6916200 0.3157515
f 1716 1717 1715
f 1716 1715 1714
v 0.6491410 0.6947896 0.3175815
v 0.6491410 0.6952800 0.3194115
f 1711 1718 1719
f 1711 1719 1712
v 0.6491410 0.6934500 0.3162418
f 1715 1720 1718
f 1715 1718 1711
v 0.6491410 0.6916200 0.3157515
f 1717 1721 1720
f 1717 1720 1715
v 0.6491410 0.6924860 0.3189115
v 0.6491410 0.6926200 0.3194115
f 1718 1722 1723
f 1718 1723 1719
v 0.6491410 0.6921200 0.3185455
f 1720 1724 1722
f 1720 1722 1718
v 0.6491410 0.6916200 0.3184115
f 1721 1725 1724
f 1721 1724 1720
f 1722 1710 1713
f 1722 1713 1723
f 1724 1714 1710
f 1724 1710 1722
f 1725 1716 1714
f 1725 1714 1724
v 0.7158952 0.6483658 0.3157515
v 0.6497268 0.6483658 0.3157515
v 0.6491410 0.6497800 0.3157515
v 0.7164810 0.6497800 0.3157515
f 1726 1727 1728
f 1726 1728 1729
v 0.7144810 0.6477800 0.3157515
v 0.6511410 0.6477800 0.3157515
f 1730 1731 1727
f 1730 1727 1726
f 1729 1717 1721
f 1729 1721 1728
v 0.7158952 0.6483658 0.3184115
v 0.6497268 0.6483658 0.3184115
v 0.6491410 0.6497800 0.3184115
v 0.7164810 0.6497800 0.3184115
f 1732 1733 1734
f 1732 1734 1735
v 0.7144810 0.6477800 0.3184115
v 0.6511410 0.6477800 0.3184115
f 1736 1737 1733
f 1736 1733 1732
f 1735 1716 1725
f 1735 1725 1734
f 1735 1729 1717
f 1735 1717 1716
f 1726 1732 1735
f 1726 1735 1729
f 1736 1730 1726
f 1736 1726 1732
f 1731 1737 1736
f 1731 1736 1730
f 1733 1727 1731
f 1733 1731 1737
f 1728 1734 1733
f 1728 1733 1727
f 1725 1721 1728
f 1725 1728 1734
f 1646 1650 1713
f 1646 1713 1712
v 0.6511410 0.6952800 0.3889715
v 0.6951410 0.6952800 0.3889715
f 1738 1739 1646
f 1738 1646 1719
v 0.6491410 0.6952800 0.3869715
v 0.6497268 0.6952800 0.3883857
f 1740 1741 1738
f 1740 1738 1719
v 0.6965552 0.6952800 0.3895573
f 1742 1646 1739
v 0.6971410 0.6952800 0.3909715
f 1743 1646 1742
v 0.6971410 0.6952800 0.6606515
f 1744 1640 1646
f 1744 1646 1743
v 0.6977268 0.6952800 0.6620657
f 1745 1637 1640
f 1745 1640 1744
v 0.6511410 0.6926200 0.3889715
v 0.6951410 0.6926200 0.3889715
f 1746 1747 1650
f 1746 1650 1723
v 0.6491410 0.6926200 0.3869715
v 0.6497268 0.6926200 0.3883857
f 1748 1749 1746
f 1748 1746 1723
v 0.6965552 0.6926200 0.3895573
f 1750 1650 1747
v 0.6971410 0.6926200 0.3909715
f 1751 1650 1750
v 0.6971410 0.6926200 0.6606515
f 1752 1639 1650
f 1752 1650 1751
v 0.6977268 0.6926200 0.6620657
f 1753 1638 1639
f 1753 1639 1752
f 1745 1753 1638
f 1745 1638 1637
f 1752 1744 1745
f 1752 1745 1753
f 1743 1751 1752
f 1743 1752 1744
f 1742 1750 1751
f 1742 1751 1743
f 1747 1739 1742
f 1747 1742 1750
f 1738 1746 1747
f 1738 1747 1739
f 1749 1741 1738
f 1749 1738 1746
f 1740 1748 1749
f 1740 1749 1741
f 1723 1719 1740
f 1723 1740 1748
v 0.7186410 0.6475300 0.3123015
v 0.4036410 0.6475300 0.3123015
v 0.4036410 0.6475300 0.2237015
v 0.7186410 0.6475300 0.2237015
f 1754 1755 1756
f 1754 1756 1757
v 0.7186410 0.6494300 0.2237015
v 0.4036410 0.6494300 0.2237015
v 0.4036410 0.6494300 0.3123015
v 0.7186410 0.6494300 0.3123015
f 1758 1759 1760
f 1758 1760 1761
f 1756 1755 1760
f 1756 1760 1759
f 1758 1761 1754
f 1758 1754 1757
v 0.4036410 0.6924300 0.3152015
v 0.4036410 0.6504300 0.3152015
v 0.7186410 0.6504300 0.3152015
v 0.7186410 0.6924300 0.3152015
f 1762 1763 1764
f 1762 1764 1765
v 0.4036410 0.6924300 0.3133015
v 0.7186410 0.6924300 0.3133015
v 0.7186410 0.6504300 0.3133015
v 0.4036410 0.6504300 0.3133015
f 1766 1767 1768
f 1766 1768 1769
f 1767 1765 1764
f 1767 1764 1768
f 1769 1763 1762
f 1769 1762 1766
v 0.7186410 0.6934300 0.3123015
v 0.4036410 0.6934300 0.3123015
v 0.4036410 0.6934300 0.2950015
v 0.7186410 0.6934300 0.2950015
f 1770 1771 1772
f 1770 1772 1773
v 0.7186410 0.6953300 0.2950015
v 0.4036410 0.6953300 0.2950015
v 0.4036410 0.6953300 0.3123015
v 0.7186410 0.6953300 0.3123015
f 1774 1775 1776
f 1774 1776 1777
f 1773 1772 1775
f 1773 1775 1774
f 1772 1771 1776
f 1772 1776 1775
f 1774 1777 1770
f 1774 1770 1773
v 0.7186410 0.6932960 0.3128015
v 0.7186410 0.6949414 0.3137515
f 1778 1779 1777
f 1778 1777 1770
v 0.7186410 0.6929300 0.3131675
v 0.7186410 0.6938800 0.3148130
f 1780 1781 1779
f 1780 1779 1778
f 1767 1765 1781
f 1767 1781 1780
v 0.4036410 0.6932960 0.3128015
f 1778 1782 1771
f 1778 1771 1770
v 0.4036410 0.6929300 0.3131675
f 1780 1783 1782
f 1780 1782 1778
f 1767 1766 1783
f 1767 1783 1780
v 0.4036410 0.6949414 0.3137515
f 1782 1784 1776
f 1782 1776 1771
v 0.4036410 0.6938800 0.3148130
f 1783 1785 1784
f 1783 1784 1782
f 1766 1762 1785
f 1766 1785 1783
f 1784 1779 1777
f 1784 1777 1776
f 1785 1781 1779
f 1785 1779 1784
f 1762 1765 1781
f 1762 1781 1785
v 0.7182391 0.6953300 0.2935015
v 0.7182391 0.6934300 0.2935015
f 1786 1787 1773
f 1786 1773 1774
v 0.7171410 0.6953300 0.2924034
v 0.7171410 0.6934300 0.2924034
f 1788 1789 1787
f 1788 1787 1786
v 0.7156410 0.6953300 0.2920015
v 0.7156410 0.6934300 0.2920015
f 1790 1791 1789
f 1790 1789 1788
v 0.4040429 0.6953300 0.2935015
f 1786 1792 1775
f 1786 1775 1774
v 0.4051410 0.6953300 0.2924034
f 1788 1793 1792
f 1788 1792 1786
v 0.4066410 0.6953300 0.2920015
f 1790 1794 1793
f 1790 1793 1788
v 0.4040429 0.6934300 0.2935015
f 1792 1795 1772
f 1792 1772 1775
v 0.4051410 0.6934300 0.2924034
f 1793 1796 1795
f 1793 1795 1792
v 0.4066410 0.6934300 0.2920015
f 1794 1797 1796
f 1794 1796 1793
f 1795 1787 1773
f 1795 1773 1772
f 1796 1789 1787
f 1796 1787 1795
f 1797 1791 1789
f 1797 1789 1796
f 1794 1797 1791
f 1794 1791 1790
v 0.7186410 0.6495639 0.3128015
v 0.7186410 0.6479185 0.3137515
f 1798 1799 1754
f 1798 1754 1761
v 0.7186410 0.6499300 0.3131675
v 0.7186410 0.6489800 0.3148130
f 1800 1801 1799
f 1800 1799 1798
f 1768 1764 1801
f 1768 1801 1800
v 0.4036410 0.6495639 0.3128015
f 1798 1802 1760
f 1798 1760 1761
v 0.4036410 0.6499300 0.3131675
f 1800 1803 1802
f 1800 1802 1798
f 1768 1769 1803
f 1768 1803 1800
v 0.4036410 0.6479185 0.3137515
f 1802 1804 1755
f 1802 1755 1760
v 0.4036410 0.6489800 0.3148130
f 1803 1805 1804
f 1803 1804 1802
f 1769 1763 1805
f 1769 1805 1803
f 1804 1799 1754
f 1804 1754 1755
f 1805 1801 1799
f 1805 1799 1804
f 1763 1764 1801
f 1763 1801 1805
v 0.7186410 0.6924300 0.2208015
v 0.7186410 0.6504300 0.2208015
v 0.4036410 0.6504300 0.2208015
v 0.4036410 0.6924300 0.2208015
f 1806 1807 1808
f 1806 1808 1809
v 0.4036410 0.6504300 0.2227015
v 0.7186410 0.6504300 0.2227015
v 0.7186410 0.6924300 0.2227015
v 0.4036410 0.6924300 0.2227015
f 1810 1811 1812
f 1810 1812 1813
f 1811 1807 1806
f 1811 1806 1812
f 1813 1809 1808
f 1813 1808 1810
v 0.7186410 0.6934300 0.2410015
v 0.4036410 0.6934300 0.2410015
v 0.4036410 0.6934300 0.2237015
v 0.7186410 0.6934300 0.2237015
f 1814 1815 1816
f 1814 1816 1817
v 0.7186410 0.6953300 0.2237015
v 0.4036410 0.6953300 0.2237015
v 0.4036410 0.6953300 0.2410015
v 0.7186410 0.6953300 0.2410015
f 1818 1819 1820
f 1818 1820 1821
f 1821 1820 1815
f 1821 1815 1814
f 1820 1819 1816
f 1820 1816 1815
f 1814 1817 1818
f 1814 1818 1821
v 0.7186410 0.6932960 0.2232015
v 0.7186410 0.6949414 0.2222515
f 1822 1823 1818
f 1822 1818 1817
v 0.7186410 0.6929300 0.2228355
v 0.7186410 0.6938800 0.2211900
f 1824 1825 1823
f 1824 1823 1822
f 1812 1806 1825
f 1812 1825 1824
v 0.4036410 0.6932960 0.2232015
f 1822 1826 1816
f 1822 1816 1817
v 0.4036410 0.6929300 0.2228355
f 1824 1827 1826
f 1824 1826 1822
f 1812 1813 1827
f 1812 1827 1824
v 0.4036410 0.6949414 0.2222515
f 1826 1828 1819
f 1826 1819 1816
v 0.4036410 0.6938800 0.2211900
f 1827 1829 1828
f 1827 1828 1826
f 1813 1809 1829
f 1813 1829 1827
f 1828 1823 1818
f 1828 1818 1819
f 1829 1825 1823
f 1829 1823 1828
f 1809 1806 1825
f 1809 1825 1829
v 0.7182391 0.6953300 0.2425015
v 0.7182391 0.6934300 0.2425015
f 1830 1831 1814
f 1830 1814 1821
v 0.7171410 0.6953300 0.2435996
v 0.7171410 0.6934300 0.2435996
f 1832 1833 1831
f 1832 1831 1830
v 0.7156410 0.6953300 0.2440015
v 0.7156410 0.6934300 0.2440015
f 1834 1835 1833
f 1834 1833 1832
v 0.4040429 0.6953300 0.2425015
f 1830 1836 1820
f 1830 1820 1821
v 0.4051410 0.6953300 0.2435996
f 1832 1837 1836
f 1832 1836 1830
v 0.4066410 0.6953300 0.2440015
f 1834 1838 1837
f 1834 1837 1832
v 0.4040429 0.6934300 0.2425015
f 1836 1839 1815
f 1836 1815 1820
v 0.4051410 0.6934300 0.2435996
f 1837 1840 1839
f 1837 1839 1836
v 0.4066410 0.6934300 0.2440015
f 1838 1841 1840
f 1838 1840 1837
f 1839 1831 1814
f 1839 1814 1815
f 1840 1833 1831
f 1840 1831 1839
f 1841 1835 1833
f 1841 1833 1840
f 1834 1835 1841
f 1834 1841 1838
v 0.7186410 0.6495639 0.2232015
v 0.7186410 0.6479185 0.2222515
f 1842 1843 1757
f 1842 1757 1758
v 0.7186410 0.6499300 0.2228355
v 0.7186410 0.6489800 0.2211900
f 1844 1845 1843
f 1844 1843 1842
f 1811 1807 1845
f 1811 1845 1844
v 0.4036410 0.6495639 0.2232015
f 1842 1846 1759
f 1842 1759 1758
v 0.4036410 0.6499300 0.2228355
f 1844 1847 1846
f 1844 1846 1842
f 1811 1810 1847
f 1811 1847 1844
v 0.4036410 0.6479185 0.2222515
f 1846 1848 1756
f 1846 1756 1759
v 0.4036410 0.6489800 0.2211900
f 1847 1849 1848
f 1847 1848 1846
f 1810 1808 1849
f 1810 1849 1847
f 1848 1843 1757
f 1848 1757 1756
f 1849 1845 1843
f 1849 1843 1848
f 1808 1807 1845
f 1808 1845 1849
v 0.7088481 0.6920371 0.3088215
v 0.7088481 0.6920371 0.3130015
v 0.7091410 0.6913300 0.3130015
v 0.7091410 0.6913300 0.3088215
f 1850 1851 1852
f 1850 1852 1853
v 0.7081410 0.6923300 0.3130015
v 0.7081410 0.6923300 0.3088215
f 1854 1855 1850
f 1854 1850 1851
v 0.7048910 0.6923300 0.3088215
v 0.7048910 0.6923300 0.3130015
f 1856 1857 1854
f 1856 1854 1855
v 0.7045374 0.6924764 0.3130015
v 0.7045374 0.6924764 0.3088215
f 1858 1859 1856
f 1858 1856 1857
v 0.7043910 0.6928300 0.3088215
v 0.7043910 0.6928300 0.3130015
f 1860 1861 1858
f 1860 1858 1859
v 0.7043910 0.6948300 0.3130015
v 0.7043910 0.6948300 0.3088215
f 1862 1863 1860
f 1862 1860 1861
v 0.6958910 0.6948300 0.3088215
v 0.6958910 0.6948300 0.3130015
f 1864 1865 1862
f 1864 1862 1863
v 0.6958910 0.6928300 0.3130015
v 0.6958910 0.6928300 0.3088215
f 1866 1867 1864
f 1866 1864 1865
v 0.6957446 0.6924764 0.3088215
v 0.6957446 0.6924764 0.3130015
f 1868 1869 1866
f 1868 1866 1867
v 0.6953910 0.6923300 0.3130015
v 0.6953910 0.6923300 0.3088215
f 1870 1871 1868
f 1870 1868 1869
v 0.6501410 0.6923300 0.3088215
v 0.6501410 0.6923300 0.3130015
f 1872 1873 1870
f 1872 1870 1871
v 0.6494339 0.6920371 0.3130015
v 0.6494339 0.6920371 0.3088215
f 1874 1875 1872
f 1874 1872 1873
v 0.6491410 0.6913300 0.3088215
v 0.6491410 0.6913300 0.3130015
f 1876 1877 1874
f 1876 1874 1875
v 0.6491410 0.6465971 0.3130015
v 0.6491410 0.6465971 0.3088215
f 1878 1879 1876
f 1878 1876 1877
v 0.6493716 0.6463100 0.3088215
v 0.6493716 0.6463100 0.3130015
f 1880 1881 1878
f 1880 1878 1879
v 0.7091410 0.6465971 0.3130015
v 0.7091410 0.6465971 0.3088215
f 1882 1883 1853
f 1882 1853 1852
v 0.7089104 0.6463100 0.3130015
v 0.7089104 0.6463100 0.3088215
f 1882 1884 1885
f 1882 1885 1883
f 1866 1861 1862
f 1866 1862 1865
f 1858 1869 1866
f 1858 1866 1861
f 1870 1857 1858
f 1870 1858 1869
f 1873 1874 1851
f 1873 1851 1854
f 1877 1852 1851
f 1877 1851 1874
f 1882 1878 1877
f 1882 1877 1852
f 1881 1884 1882
f 1881 1882 1878
v 0.7084139 0.6460012 0.3087726
v 0.6498681 0.6460012 0.3087726
f 1886 1887 1880
f 1886 1880 1885
v 0.7081410 0.6455814 0.3085064
v 0.6501410 0.6455814 0.3085064
f 1888 1889 1887
f 1888 1887 1886
v 0.6499184 0.6453544 0.3081163
v 0.7083636 0.6453544 0.3081163
f 1890 1891 1888
f 1890 1888 1889
v 0.6494947 0.6453100 0.3078215
v 0.7087873 0.6453100 0.3078215
f 1892 1893 1891
f 1892 1891 1890
v 0.7082968 0.6414839 0.3097035
v 0.7081410 0.6425357 0.3113694
f 1891 1894 1895
f 1891 1895 1888
v 0.7087873 0.6411300 0.3078215
f 1893 1896 1894
f 1893 1894 1891
v 0.7083253 0.6442881 0.3125906
f 1897 1886 1888
f 1897 1888 1895
f 1884 1885 1886
f 1884 1886 1897
v 0.6499567 0.6442881 0.3125906
f 1897 1898 1881
f 1897 1881 1884
v 0.6501410 0.6425357 0.3113694
f 1895 1899 1898
f 1895 1898 1897
v 0.6499852 0.6414839 0.3097035
f 1900 1894 1895
f 1900 1895 1899
v 0.6494947 0.6411300 0.3078215
f 1901 1896 1894
f 1901 1894 1900
f 1887 1898 1881
f 1887 1881 1880
f 1889 1899 1898
f 1889 1898 1887
f 1890 1900 1899
f 1890 1899 1889
f 1892 1901 1900
f 1892 1900 1890
v 0.7091410 0.6453100 0.3073557
v 0.7091410 0.6411300 0.3073557
v 0.7091410 0.6411300 0.2286473
v 0.7091410 0.6453100 0.2286473
f 1902 1903 1904
f 1902 1904 1905
f 1896 1893 1902
f 1896 1902 1903
v 0.6491410 0.6453100 0.3073557
v 0.6491410 0.6411300 0.3073557
v 0.6491410 0.6411300 0.2286473
v 0.6491410 0.6453100 0.2286473
f 1906 1907 1908
f 1906 1908 1909
f 1892 1901 1907
f 1892 1907 1906
f 1867 1860 1863
f 1867 1863 1864
f 1859 1868 1867
f 1859 1867 1860
f 1871 1856 1859
f 1871 1859 1868
f 1872 1875 1850
f 1872 1850 1855
f 1876 1853 1850
f 1876 1850 1875
f 1883 1879 1876
f 1883 1876 1853
f 1883 1885 1880
f 1883 1880 1879
f 1892 1893 1902
f 1892 1902 1906
f 1905 1909 1906
f 1905 1906 1902
f 1904 1908 1907
f 1904 1907 1903
v 0.7091410 0.6913300 0.2271815
v 0.7091410 0.6913300 0.2230015
v 0.7088481 0.6920371 0.2230015
v 0.7088481 0.6920371 0.2271815
f 1910 1911 1912
f 1910 1912 1913
v 0.7081410 0.6923300 0.2271815
v 0.7081410 0.6923300 0.2230015
f 1912 1913 1914
f 1912 1914 1915
v 0.6628910 0.6923300 0.2230015
v 0.6628910 0.6923300 0.2271815
f 1914 1915 1916
f 1914 1916 1917
v 0.6625374 0.6924764 0.2271815
v 0.6625374 0.6924764 0.2230015
f 1916 1917 1918
f 1916 1918 1919
v 0.6623910 0.6928300 0.2230015
v 0.6623910 0.6928300 0.2271815
f 1918 1919 1920
f 1918 1920 1921
v 0.6623910 0.6948300 0.2271815
v 0.6623910 0.6948300 0.2230015
f 1920 1921 1922
f 1920 1922 1923
v 0.6538910 0.6948300 0.2230015
v 0.6538910 0.6948300 0.2271815
f 1922 1923 1924
f 1922 1924 1925
v 0.6538910 0.6928300 0.2271815
v 0.6538910 0.6928300 0.2230015
f 1924 1925 1926
f 1924 1926 1927
v 0.6537446 0.6924764 0.2230015
v 0.6537446 0.6924764 0.2271815
f 1926 1927 1928
f 1926 1928 1929
v 0.6533910 0.6923300 0.2271815
v 0.6533910 0.6923300 0.2230015
f 1928 1929 1930
f 1928 1930 1931
v 0.6501410 0.6923300 0.2230015
v 0.6501410 0.6923300 0.2271815
f 1930 1931 1932
f 1930 1932 1933
v 0.6494339 0.6920371 0.2271815
v 0.6494339 0.6920371 0.2230015
f 1932 1933 1934
f 1932 1934 1935
v 0.6491410 0.6913300 0.2230015
v 0.6491410 0.6913300 0.2271815
f 1934 1935 1936
f 1934 1936 1937
v 0.6491410 0.6465971 0.2271815
v 0.6491410 0.6465971 0.2230015
f 1936 1937 1938
f 1936 1938 1939
v 0.6493716 0.6463100 0.2230015
v 0.6493716 0.6463100 0.2271815
f 1938 1939 1940
f 1938 1940 1941
v 0.7091410 0.6465971 0.2271815
v 0.7091410 0.6465971 0.2230015
f 1911 1910 1942
f 1911 1942 1943
v 0.7089104 0.6463100 0.2271815
v 0.7089104 0.6463100 0.2230015
f 1942 1944 1945
f 1942 1945 1943
f 1924 1923 1920
f 1924 1920 1927
f 1920 1927 1928
f 1920 1928 1919
f 1928 1919 1916
f 1928 1916 1931
f 1915 1912 1935
f 1915 1935 1932
f 1935 1912 1911
f 1935 1911 1936
f 1911 1936 1939
f 1911 1939 1943
f 1939 1943 1945
f 1939 1945 1940
v 0.7084139 0.6460012 0.2272304
v 0.6498681 0.6460012 0.2272304
f 1946 1947 1941
f 1946 1941 1944
v 0.7081410 0.6455814 0.2274966
v 0.6501410 0.6455814 0.2274966
f 1948 1949 1947
f 1948 1947 1946
v 0.6499184 0.6453544 0.2278867
v 0.7083636 0.6453544 0.2278867
f 1950 1951 1948
f 1950 1948 1949
v 0.6494947 0.6453100 0.2281815
v 0.7087873 0.6453100 0.2281815
f 1952 1953 1951
f 1952 1951 1950
v 0.7082968 0.6414839 0.2262995
v 0.7081410 0.6425357 0.2246336
f 1951 1954 1955
f 1951 1955 1948
v 0.7087873 0.6411300 0.2281815
f 1953 1956 1954
f 1953 1954 1951
v 0.7083253 0.6442881 0.2234124
f 1957 1946 1948
f 1957 1948 1955
f 1945 1944 1946
f 1945 1946 1957
v 0.6499567 0.6442881 0.2234124
f 1957 1958 1940
f 1957 1940 1945
v 0.6501410 0.6425357 0.2246336
f 1955 1959 1958
f 1955 1958 1957
v 0.6499852 0.6414839 0.2262995
f 1960 1954 1955
f 1960 1955 1959
v 0.6494947 0.6411300 0.2281815
f 1961 1956 1954
f 1961 1954 1960
f 1947 1958 1940
f 1947 1940 1941
f 1949 1959 1958
f 1949 1958 1947
f 1950 1960 1959
f 1950 1959 1949
f 1952 1961 1960
f 1952 1960 1950
f 1904 1905 1953
f 1904 1953 1956
f 1909 1908 1961
f 1909 1961 1952
f 1925 1922 1921
f 1925 1921 1926
f 1921 1926 1929
f 1921 1929 1918
f 1929 1918 1917
f 1929 1917 1930
f 1914 1913 1934
f 1914 1934 1933
f 1934 1913 1910
f 1934 1910 1937
f 1910 1937 1938
f 1910 1938 1942
f 1938 1941 1944
f 1938 1944 1942
f 1909 1905 1953
f 1909 1953 1952
v 0.6528410 0.6197100 0.3108015
v 0.7054410 0.6197100 0.3108015
v 0.7054410 0.6197100 0.3111015
v 0.6528410 0.6197100 0.3111015
f 1962 1963 1964
f 1962 1964 1965
v 0.6510410 0.6197100 0.2267015
v 0.6513410 0.6197100 0.2267015
v 0.6513410 0.6197100 0.3093015
v 0.6510410 0.6197100 0.3093015
f 1966 1967 1968
f 1966 1968 1969
v 0.7061910 0.6197100 0.3106005
v 0.7063410 0.6197100 0.3108603
f 1970 1971 1964
f 1970 1964 1963
v 0.7067400 0.6197100 0.3100515
v 0.7069998 0.6197100 0.3102015
f 1972 1973 1971
f 1972 1971 1970
v 0.7069410 0.6197100 0.3093015
v 0.7072410 0.6197100 0.3093015
f 1974 1975 1973
f 1974 1973 1972
v 0.7064410 0.6217100 0.3110336
v 0.7054410 0.6217100 0.3113015
f 1971 1976 1977
f 1971 1977 1964
v 0.7071731 0.6217100 0.3103015
f 1973 1978 1976
f 1973 1976 1971
v 0.7074410 0.6217100 0.3093015
f 1975 1979 1978
f 1975 1978 1973
v 0.7071731 0.6297100 0.3103015
v 0.7074410 0.6297100 0.3093015
f 1978 1980 1981
f 1978 1981 1979
v 0.7064410 0.6297100 0.3110336
f 1976 1982 1980
f 1976 1980 1978
v 0.7054410 0.6297100 0.3113015
f 1977 1983 1982
f 1977 1982 1976
v 0.7082561 0.6297100 0.3112015
v 0.7085910 0.6297100 0.3099515
f 1980 1984 1985
f 1980 1985 1981
v 0.7073410 0.6297100 0.3121166
f 1982 1986 1984
f 1982 1984 1980
v 0.7060910 0.6297100 0.3124515
f 1983 1987 1986
f 1983 1986 1982
v 0.7082561 0.6307100 0.3112015
v 0.7085910 0.6307100 0.3099515
f 1984 1988 1989
f 1984 1989 1985
v 0.7073410 0.6307100 0.3121166
f 1986 1990 1988
f 1986 1988 1984
v 0.7060910 0.6307100 0.3124515
f 1987 1991 1990
f 1987 1990 1986
v 0.7073900 0.6317100 0.3107015
v 0.7075910 0.6317100 0.3099515
f 1988 1992 1993
f 1988 1993 1989
v 0.7068410 0.6317100 0.3112505
f 1990 1994 1992
f 1990 1992 1988
v 0.7060910 0.6317100 0.3114515
f 1991 1995 1994
f 1991 1994 1990
v 0.7068266 0.6317100 0.3101015
v 0.7070410 0.6317100 0.3093015
f 1992 1996 1997
f 1992 1997 1993
v 0.7062410 0.6317100 0.3106871
f 1994 1998 1996
f 1994 1996 1992
v 0.7054410 0.6317100 0.3109015
f 1995 1999 1998
f 1995 1998 1994
v 0.6520910 0.6197100 0.3106005
v 0.6519410 0.6197100 0.3108603
f 2000 2001 1965
f 2000 1965 1962
v 0.6515420 0.6197100 0.3100515
v 0.6512822 0.6197100 0.3102015
f 2002 2003 2001
f 2002 2001 2000
f 1968 1969 2003
f 1968 2003 2002
v 0.6518410 0.6217100 0.3110336
v 0.6528410 0.6217100 0.3113015
f 2001 2004 2005
f 2001 2005 1965
v 0.6511089 0.6217100 0.3103015
f 2003 2006 2004
f 2003 2004 2001
v 0.6508410 0.6217100 0.3093015
f 1969 2007 2006
f 1969 2006 2003
v 0.6511089 0.6297100 0.3103015
v 0.6508410 0.6297100 0.3093015
f 2006 2008 2009
f 2006 2009 2007
v 0.6518410 0.6297100 0.3110336
f 2004 2010 2008
f 2004 2008 2006
v 0.6528410 0.6297100 0.3113015
f 2005 2011 2010
f 2005 2010 2004
v 0.6500259 0.6297100 0.3112015
v 0.6496910 0.6297100 0.3099515
f 2008 2012 2013
f 2008 2013 2009
v 0.6509410 0.6297100 0.3121166
f 2010 2014 2012
f 2010 2012 2008
v 0.6521910 0.6297100 0.3124515
f 2011 2015 2014
f 2011 2014 2010
v 0.6500259 0.6307100 0.3112015
v 0.6496910 0.6307100 0.3099515
f 2012 2016 2017
f 2012 2017 2013
v 0.6509410 0.6307100 0.3121166
f 2014 2018 2016
f 2014 2016 2012
v 0.6521910 0.6307100 0.3124515
f 2015 2019 2018
f 2015 2018 2014
v 0.6508920 0.6317100 0.3107015
v 0.6506910 0.6317100 0.3099515
f 2016 2020 2021
f 2016 2021 2017
v 0.6514410 0.6317100 0.3112505
f 2018 2022 2020
f 2018 2020 2016
v 0.6521910 0.6317100 0.3114515
f 2019 2023 2022
f 2019 2022 2018
v 0.6514554 0.6317100 0.3101015
v 0.6512410 0.6317100 0.3093015
f 2020 2024 2025
f 2020 2025 2021
v 0.6520410 0.6317100 0.3106871
f 2022 2026 2024
f 2022 2024 2020
v 0.6528410 0.6317100 0.3109015
f 2023 2027 2026
f 2023 2026 2022
f 2027 2023 1995
f 2027 1995 1999
f 2023 2019 1991
f 2023 1991 1995
f 1987 1991 2019
f 1987 2019 2015
f 1983 1987 2015
f 1983 2015 2011
f 2011 2005 1977
f 2011 1977 1983
f 1964 1977 2005
f 1964 2005 1965
v 0.6528410 0.6197100 0.2249015
v 0.7054410 0.6197100 0.2249015
v 0.7054410 0.6197100 0.2252015
v 0.6528410 0.6197100 0.2252015
f 2028 2029 2030
f 2028 2030 2031
v 0.7061910 0.6197100 0.2254025
v 0.7063410 0.6197100 0.2251427
f 2032 2033 2029
f 2032 2029 2030
v 0.7067400 0.6197100 0.2259515
v 0.7069998 0.6197100 0.2258015
f 2034 2035 2033
f 2034 2033 2032
v 0.7069410 0.6197100 0.2267015
v 0.7072410 0.6197100 0.2267015
f 2036 2037 2035
f 2036 2035 2034
v 0.7064410 0.6217100 0.2249694
v 0.7054410 0.6217100 0.2247015
f 2033 2038 2039
f 2033 2039 2029
v 0.7071731 0.6217100 0.2257015
f 2035 2040 2038
f 2035 2038 2033
v 0.7074410 0.6217100 0.2267015
f 2037 2041 2040
f 2037 2040 2035
v 0.7071731 0.6297100 0.2257015
v 0.7074410 0.6297100 0.2267015
f 2040 2042 2043
f 2040 2043 2041
v 0.7064410 0.6297100 0.2249694
f 2038 2044 2042
f 2038 2042 2040
v 0.7054410 0.6297100 0.2247015
f 2039 2045 2044
f 2039 2044 2038
v 0.7082561 0.6297100 0.2248015
v 0.7085910 0.6297100 0.2260515
f 2042 2046 2047
f 2042 2047 2043
v 0.7073410 0.6297100 0.2238864
f 2044 2048 2046
f 2044 2046 2042
v 0.7060910 0.6297100 0.2235515
f 2045 2049 2048
f 2045 2048 2044
v 0.7082561 0.6307100 0.2248015
v 0.7085910 0.6307100 0.2260515
f 2046 2050 2051
f 2046 2051 2047
v 0.7073410 0.6307100 0.2238864
f 2048 2052 2050
f 2048 2050 2046
v 0.7060910 0.6307100 0.2235515
f 2049 2053 2052
f 2049 2052 2048
v 0.7073900 0.6317100 0.2253015
v 0.7075910 0.6317100 0.2260515
f 2050 2054 2055
f 2050 2055 2051
v 0.7068410 0.6317100 0.2247525
f 2052 2056 2054
f 2052 2054 2050
v 0.7060910 0.6317100 0.2245515
f 2053 2057 2056
f 2053 2056 2052
v 0.7068266 0.6317100 0.2259015
v 0.7070410 0.6317100 0.2267015
f 2054 2058 2059
f 2054 2059 2055
v 0.7062410 0.6317100 0.2253159
f 2056 2060 2058
f 2056 2058 2054
v 0.7054410 0.6317100 0.2251015
f 2057 2061 2060
f 2057 2060 2056
v 0.6520910 0.6197100 0.2254025
v 0.6519410 0.6197100 0.2251427
f 2062 2063 2028
f 2062 2028 2031
v 0.6515420 0.6197100 0.2259515
v 0.6512822 0.6197100 0.2258015
f 2064 2065 2063
f 2064 2063 2062
f 1967 1966 2065
f 1967 2065 2064
v 0.6518410 0.6217100 0.2249694
v 0.6528410 0.6217100 0.2247015
f 2063 2066 2067
f 2063 2067 2028
v 0.6511089 0.6217100 0.2257015
f 2065 2068 2066
f 2065 2066 2063
v 0.6508410 0.6217100 0.2267015
f 1966 2069 2068
f 1966 2068 2065
v 0.6511089 0.6297100 0.2257015
v 0.6508410 0.6297100 0.2267015
f 2068 2070 2071
f 2068 2071 2069
v 0.6518410 0.6297100 0.2249694
f 2066 2072 2070
f 2066 2070 2068
v 0.6528410 0.6297100 0.2247015
f 2067 2073 2072
f 2067 2072 2066
v 0.6500259 0.6297100 0.2248015
v 0.6496910 0.6297100 0.2260515
f 2070 2074 2075
f 2070 2075 2071
v 0.6509410 0.6297100 0.2238864
f 2072 2076 2074
f 2072 2074 2070
v 0.6521910 0.6297100 0.2235515
f 2073 2077 2076
f 2073 2076 2072
v 0.6500259 0.6307100 0.2248015
v 0.6496910 0.6307100 0.2260515
f 2074 2078 2079
f 2074 2079 2075
v 0.6509410 0.6307100 0.2238864
f 2076 2080 2078
f 2076 2078 2074
v 0.6521910 0.6307100 0.2235515
f 2077 2081 2080
f 2077 2080 2076
v 0.6508920 0.6317100 0.2253015
v 0.6506910 0.6317100 0.2260515
f 2078 2082 2083
f 2078 2083 2079
v 0.6514410 0.6317100 0.2247525
f 2080 2084 2082
f 2080 2082 2078
v 0.6521910 0.6317100 0.2245515
f 2081 2085 2084
f 2081 2084 2080
v 0.6514554 0.6317100 0.2259015
v 0.6512410 0.6317100 0.2267015
f 2082 2086 2087
f 2082 2087 2083
v 0.6520410 0.6317100 0.2253159
f 2084 2088 2086
f 2084 2086 2082
v 0.6528410 0.6317100 0.2251015
f 2085 2089 2088
f 2085 2088 2084
f 2061 2057 2085
f 2061 2085 2089
f 2057 2053 2081
f 2057 2081 2085
f 2077 2081 2053
f 2077 2053 2049
f 2073 2077 2049
f 2073 2049 2045
f 2045 2039 2067
f 2045 2067 2073
f 2028 2067 2039
f 2028 2039 2029
f 2087 2083 2021
f 2087 2021 2025
f 2079 2017 2021
f 2079 2021 2083
f 2013 2075 2079
f 2013 2079 2017
f 2071 2009 2013
f 2071 2013 2075
f 2007 2069 2071
f 2007 2071 2009
f 1966 1969 2007
f 1966 2007 2069
f 1975 1974 2036
f 1975 2036 2037
f 1997 1993 2055
f 1997 2055 2059
f 2055 1993 1989
f 2055 1989 2051
f 1989 2051 2047
f 1989 2047 1985
f 2047 1985 1981
f 2047 1981 2043
f 1981 2043 2041
f 1981 2041 1979
f 2041 1979 1975
f 2041 1975 2037
f 1627 1628 1621
f 1627 1621 1622
v 0.7221410 0.6292787 0.1999660
v 0.7221410 0.6743769 0.0761284
f 2090 1709 1708
f 2090 1708 2091
v 0.7221410 0.6802782 0.0712124
v 0.7221410 0.6775981 0.0718442
f 2092 1705 1706
f 2092 1706 2093
v 0.7221410 0.6754825 0.0736066
f 2093 1706 1707
f 2093 1707 2094
f 2094 1707 1708
f 2094 1708 2091
f 2092 1705 1668
f 2092 1668 1664
v 0.6991410 0.6926200 0.0712124
v 0.6991410 0.6952800 0.0712124
f 1662 1666 2095
f 1662 2095 2096
f 1666 1662 1661
f 1666 1661 1665
f 1665 1661 1663
f 1665 1663 1667
f 1667 1663 1664
f 1667 1664 1668
v 0.6965552 0.6952800 0.1464457
f 1690 1655 2097
v 0.6971410 0.6952800 0.1450315
f 2097 1655 2098
v 0.6971410 0.6952800 0.0732124
v 0.6977268 0.6952800 0.0717982
f 2099 1662 2096
f 2099 2096 2100
v 0.6965552 0.6926200 0.1464457
f 1686 1656 2101
v 0.6971410 0.6926200 0.1450315
f 2101 1656 2102
v 0.6971410 0.6926200 0.0732124
v 0.6977268 0.6926200 0.0717982
f 2103 1666 2095
f 2103 2095 2104
f 2096 2095 2104
f 2096 2104 2100
f 2104 2100 2099
f 2104 2099 2103
f 2099 2103 2102
f 2099 2102 2098
f 2098 2102 2101
f 2098 2101 2097
f 2101 2097 1690
f 2101 1690 1686
f 1666 2103 2102
f 1666 2102 1656
f 1662 2099 2098
f 1662 2098 1655
f 1623 1624 2090
f 1623 2090 1709
f 1709 1623 1622
f 1709 1622 1627
f 1625 1628 2090
f 1625 2090 2091
f 2090 1624 1621
f 2090 1621 1628
f 1625 2091 2094
f 1625 2094 1633
f 2092 1632 1635
f 2092 1635 1664
f 1629 2093 2092
f 1629 2092 1632
f 2094 1633 1629
f 2094 1629 2093
o TABLE-TOP
usemtl TABLE-TOP
v 0.7349170 0.7252520 0.0000000
v -0.7352350 0.7252520 0.0000000
v -0.7352350 0.7252520 0.7335520
v 0.7349170 0.7252520 0.7335520
f 2105 2106 2107
f 2105 2107 2108
v 0.7349170 0.6952800 0.7335520
v -0.7352350 0.6952800 0.7335520
v -0.7352350 0.6952800 0.0000000
v 0.7349170 0.6952800 0.0000000
f 2109 2110 2111
f 2109 2111 2112
o TABLE-TOPEDGE
usemtl TABLE-TOPEDGE
v -0.7352350 0.6952800 0.0000000
v -0.7352350 0.7252520 0.0000000
v 0.7349170 0.7252520 0.0000000
v 0.7349170 0.6952800 0.0000000
f 2113 2114 2115
f 2113 2115 2116
v 0.7349170 0.7252520 0.7335520
v -0.7352350 0.7252520 0.7335520
v -0.7352350 0.6952800 0.7335520
v 0.7349170 0.6952800 0.7335520
f 2117 2118 2119
f 2117 2119 2120
f 2118 2114 2113
f 2118 2113 2119
f 2120 2116 2115
f 2120 2115 2117
